{
  "type": "FeatureCollection",
  "generator": "overpass-turbo",
  "copyright": "The data included in this document is from www.openstreetmap.org. The data is made available under ODbL.",
  "timestamp": "2026-05-29T09:36:01Z",
  "features": [
    {
      "type": "Feature",
      "properties": {
        "@id": "way/398434497",
        "area": "yes",
        "barrier": "hedge",
        "height": "1",
        "leaf_cycle": "mixed",
        "leaf_type": "mixed",
        "source": "Bing"
      },
      "geometry": {
        "type": "Polygon",
        "coordinates": [
          [
            [
              2.4890464,
              48.8941221
            ],
            [
              2.4890531,
              48.8941211
            ],
            [
              2.4890711,
              48.8941723
            ],
            [
              2.4892961,
              48.894138
            ],
            [
              2.4892498,
              48.8940062
            ],
            [
              2.4890248,
              48.8940406
            ],
            [
              2.4890467,
              48.8941029
            ],
            [
              2.4890401,
              48.8941039
            ],
            [
              2.4890166,
              48.8940372
            ],
            [
              2.489255,
              48.8940008
            ],
            [
              2.4893043,
              48.8941413
            ],
            [
              2.489066,
              48.8941777
            ],
            [
              2.4890464,
              48.8941221
            ]
          ]
        ]
      },
      "id": "way/398434497"
    },
    {
      "type": "Feature",
      "properties": {
        "@id": "way/398434499",
        "area": "yes",
        "barrier": "hedge",
        "leaf_cycle": "mixed",
        "leaf_type": "mixed",
        "source": "Bing"
      },
      "geometry": {
        "type": "Polygon",
        "coordinates": [
          [
            [
              2.4891907,
              48.8940886
            ],
            [
              2.4891891,
              48.8940941
            ],
            [
              2.4891819,
              48.894101
            ],
            [
              2.489171,
              48.8941054
            ],
            [
              2.4891584,
              48.8941065
            ],
            [
              2.4891462,
              48.8941041
            ],
            [
              2.4891365,
              48.8940986
            ],
            [
              2.4891346,
              48.8940959
            ],
            [
              2.4891346,
              48.8940948
            ],
            [
              2.4891395,
              48.8940871
            ],
            [
              2.4891487,
              48.8940813
            ],
            [
              2.4891608,
              48.8940786
            ],
            [
              2.4891734,
              48.8940793
            ],
            [
              2.4891846,
              48.8940833
            ],
            [
              2.4891907,
              48.8940886
            ]
          ]
        ]
      },
      "id": "way/398434499"
    },
    {
      "type": "Feature",
      "properties": {
        "@id": "way/398434500",
        "area": "yes",
        "barrier": "hedge",
        "height": "1",
        "leaf_cycle": "mixed",
        "leaf_type": "mixed",
        "source": "Bing"
      },
      "geometry": {
        "type": "Polygon",
        "coordinates": [
          [
            [
              2.4892149,
              48.8940777
            ],
            [
              2.4892078,
              48.8940789
            ],
            [
              2.4891968,
              48.8940694
            ],
            [
              2.4891794,
              48.8940631
            ],
            [
              2.4891597,
              48.894062
            ],
            [
              2.489141,
              48.8940663
            ],
            [
              2.4891266,
              48.8940753
            ],
            [
              2.4891189,
              48.8940873
            ],
            [
              2.4891192,
              48.8940943
            ],
            [
              2.4891124,
              48.8940955
            ],
            [
              2.4891121,
              48.8940865
            ],
            [
              2.4891208,
              48.8940727
            ],
            [
              2.4891374,
              48.8940624
            ],
            [
              2.4891588,
              48.8940575
            ],
            [
              2.4891814,
              48.8940587
            ],
            [
              2.4892013,
              48.8940659
            ],
            [
              2.4892149,
              48.8940777
            ]
          ]
        ]
      },
      "id": "way/398434500"
    },
    {
      "type": "Feature",
      "properties": {
        "@id": "way/398434502",
        "area": "yes",
        "barrier": "hedge",
        "height": "1",
        "leaf_cycle": "mixed",
        "leaf_type": "mixed",
        "source": "Bing"
      },
      "geometry": {
        "type": "Polygon",
        "coordinates": [
          [
            [
              2.4891176,
              48.8941085
            ],
            [
              2.4891243,
              48.8941073
            ],
            [
              2.4891278,
              48.8941122
            ],
            [
              2.4891428,
              48.8941207
            ],
            [
              2.4891618,
              48.8941245
            ],
            [
              2.4891814,
              48.8941228
            ],
            [
              2.4891984,
              48.894116
            ],
            [
              2.4892096,
              48.8941053
            ],
            [
              2.4892133,
              48.8940925
            ],
            [
              2.4892131,
              48.8940919
            ],
            [
              2.4892197,
              48.8940908
            ],
            [
              2.4892203,
              48.8940924
            ],
            [
              2.4892161,
              48.8941071
            ],
            [
              2.4892031,
              48.8941194
            ],
            [
              2.4891837,
              48.8941271
            ],
            [
              2.4891612,
              48.894129
            ],
            [
              2.4891395,
              48.8941247
            ],
            [
              2.4891223,
              48.894115
            ],
            [
              2.4891176,
              48.8941085
            ]
          ]
        ]
      },
      "id": "way/398434502"
    },
    {
      "type": "Feature",
      "properties": {
        "@id": "way/491948660",
        "barrier": "wall",
        "name": "Poste électrique de Bondy",
        "operator": "Enedis",
        "power": "substation",
        "ref:FR:RTE": "BONDY",
        "ref:FR:RTE_nom": "BONDY",
        "substation": "distribution",
        "voltage": "63000"
      },
      "geometry": {
        "type": "Polygon",
        "coordinates": [
          [
            [
              2.4897383,
              48.908901
            ],
            [
              2.4885555,
              48.9086647
            ],
            [
              2.4886869,
              48.9084091
            ],
            [
              2.4888907,
              48.9083404
            ],
            [
              2.489336,
              48.9084197
            ],
            [
              2.4894486,
              48.9083897
            ],
            [
              2.4895559,
              48.9081764
            ],
            [
              2.4899019,
              48.9085907
            ],
            [
              2.4897383,
              48.908901
            ]
          ]
        ]
      },
      "id": "way/491948660"
    },
    {
      "type": "Feature",
      "properties": {
        "@id": "way/963421967",
        "barrier": "fence",
        "industrial": "depot",
        "landuse": "industrial"
      },
      "geometry": {
        "type": "Polygon",
        "coordinates": [
          [
            [
              2.4734577,
              48.8889668
            ],
            [
              2.4735296,
              48.8890969
            ],
            [
              2.4731752,
              48.8901192
            ],
            [
              2.4731382,
              48.8901152
            ],
            [
              2.473128,
              48.8899581
            ],
            [
              2.4730593,
              48.8897372
            ],
            [
              2.4729112,
              48.8894187
            ],
            [
              2.472833,
              48.889321
            ],
            [
              2.4727068,
              48.8891222
            ],
            [
              2.4726426,
              48.8890061
            ],
            [
              2.4728531,
              48.8889984
            ],
            [
              2.4728829,
              48.8890079
            ],
            [
              2.4729197,
              48.8889986
            ],
            [
              2.4729613,
              48.8889881
            ],
            [
              2.4734577,
              48.8889668
            ]
          ]
        ]
      },
      "id": "way/963421967"
    },
    {
      "type": "Feature",
      "properties": {
        "@id": "way/1209062669",
        "barrier": "wall"
      },
      "geometry": {
        "type": "Polygon",
        "coordinates": [
          [
            [
              2.4893827,
              48.9165734
            ],
            [
              2.4894628,
              48.9167653
            ],
            [
              2.4890628,
              48.9168415
            ],
            [
              2.4888244,
              48.916887
            ],
            [
              2.4887322,
              48.9166967
            ],
            [
              2.4889789,
              48.9166499
            ],
            [
              2.4893827,
              48.9165734
            ]
          ]
        ]
      },
      "id": "way/1209062669"
    },
    {
      "type": "Feature",
      "properties": {
        "@id": "way/1209064958",
        "barrier": "wall"
      },
      "geometry": {
        "type": "Polygon",
        "coordinates": [
          [
            [
              2.4832467,
              48.9009751
            ],
            [
              2.4833569,
              48.9012424
            ],
            [
              2.483372,
              48.9012791
            ],
            [
              2.4832088,
              48.9013074
            ],
            [
              2.4830977,
              48.9013249
            ],
            [
              2.4831121,
              48.9012897
            ],
            [
              2.4831334,
              48.9012384
            ],
            [
              2.4831474,
              48.9012031
            ],
            [
              2.4831967,
              48.9010771
            ],
            [
              2.4832467,
              48.9009751
            ]
          ]
        ]
      },
      "id": "way/1209064958"
    },
    {
      "type": "Feature",
      "properties": {
        "@id": "way/1251064649",
        "barrier": "ditch",
        "highway": "steps"
      },
      "geometry": {
        "type": "Polygon",
        "coordinates": [
          [
            [
              2.4807805,
              48.8898184
            ],
            [
              2.4808004,
              48.8898133
            ],
            [
              2.4808217,
              48.8898129
            ],
            [
              2.480842,
              48.8898174
            ],
            [
              2.4808587,
              48.8898262
            ],
            [
              2.4808699,
              48.8898381
            ],
            [
              2.4808741,
              48.8898504
            ],
            [
              2.4808723,
              48.8898629
            ],
            [
              2.4808649,
              48.8898745
            ],
            [
              2.4808524,
              48.889884
            ],
            [
              2.4808361,
              48.8898905
            ],
            [
              2.4808175,
              48.8898934
            ],
            [
              2.4807984,
              48.8898925
            ],
            [
              2.4807807,
              48.8898877
            ],
            [
              2.4807661,
              48.8898797
            ],
            [
              2.4807551,
              48.8898677
            ],
            [
              2.4807509,
              48.8898539
            ],
            [
              2.4807542,
              48.88984
            ],
            [
              2.4807644,
              48.8898277
            ],
            [
              2.4807805,
              48.8898184
            ]
          ]
        ]
      },
      "id": "way/1251064649"
    },
    {
      "type": "Feature",
      "properties": {
        "@id": "way/106313689",
        "barrier": "fence"
      },
      "geometry": {
        "type": "LineString",
        "coordinates": [
          [
            2.4856399,
            48.90021
          ],
          [
            2.4854591,
            48.9002398
          ],
          [
            2.485388,
            48.9002515
          ]
        ]
      },
      "id": "way/106313689"
    },
    {
      "type": "Feature",
      "properties": {
        "@id": "way/106324942",
        "barrier": "wall"
      },
      "geometry": {
        "type": "LineString",
        "coordinates": [
          [
            2.489432,
            48.9024179
          ],
          [
            2.4893219,
            48.9024541
          ],
          [
            2.4892504,
            48.9024775
          ]
        ]
      },
      "id": "way/106324942"
    },
    {
      "type": "Feature",
      "properties": {
        "@id": "way/106324948",
        "barrier": "wall"
      },
      "geometry": {
        "type": "LineString",
        "coordinates": [
          [
            2.4892504,
            48.9024775
          ],
          [
            2.4890841,
            48.902531
          ]
        ]
      },
      "id": "way/106324948"
    },
    {
      "type": "Feature",
      "properties": {
        "@id": "way/108119455",
        "barrier": "fence"
      },
      "geometry": {
        "type": "LineString",
        "coordinates": [
          [
            2.4793476,
            48.8962644
          ],
          [
            2.4788144,
            48.896338
          ],
          [
            2.4787297,
            48.8963505
          ]
        ]
      },
      "id": "way/108119455"
    },
    {
      "type": "Feature",
      "properties": {
        "@id": "way/108120613",
        "barrier": "wall"
      },
      "geometry": {
        "type": "LineString",
        "coordinates": [
          [
            2.4830469,
            48.8984029
          ],
          [
            2.483468,
            48.8983077
          ]
        ]
      },
      "id": "way/108120613"
    },
    {
      "type": "Feature",
      "properties": {
        "@id": "way/108120614",
        "barrier": "fence"
      },
      "geometry": {
        "type": "LineString",
        "coordinates": [
          [
            2.4824582,
            48.8995376
          ],
          [
            2.4825816,
            48.89949
          ],
          [
            2.4827599,
            48.899423
          ],
          [
            2.4827935,
            48.8994106
          ],
          [
            2.4827948,
            48.8993789
          ],
          [
            2.4828208,
            48.8993735
          ],
          [
            2.4828605,
            48.8993639
          ],
          [
            2.4828833,
            48.8993762
          ],
          [
            2.4829169,
            48.8993639
          ]
        ]
      },
      "id": "way/108120614"
    },
    {
      "type": "Feature",
      "properties": {
        "@id": "way/108120616",
        "barrier": "fence"
      },
      "geometry": {
        "type": "LineString",
        "coordinates": [
          [
            2.483468,
            48.8983077
          ],
          [
            2.4834548,
            48.898278
          ],
          [
            2.4834168,
            48.8982011
          ],
          [
            2.4833914,
            48.8982059
          ]
        ]
      },
      "id": "way/108120616"
    },
    {
      "type": "Feature",
      "properties": {
        "@id": "way/108120617",
        "barrier": "fence"
      },
      "geometry": {
        "type": "LineString",
        "coordinates": [
          [
            2.4827528,
            48.8989575
          ],
          [
            2.4826199,
            48.8986442
          ]
        ]
      },
      "id": "way/108120617"
    },
    {
      "type": "Feature",
      "properties": {
        "@id": "way/108120618",
        "barrier": "hedge"
      },
      "geometry": {
        "type": "LineString",
        "coordinates": [
          [
            2.4829169,
            48.8993639
          ],
          [
            2.4827528,
            48.8989575
          ]
        ]
      },
      "id": "way/108120618"
    },
    {
      "type": "Feature",
      "properties": {
        "@id": "way/161754341",
        "barrier": "wall"
      },
      "geometry": {
        "type": "LineString",
        "coordinates": [
          [
            2.4913592,
            48.9173045
          ],
          [
            2.4907725,
            48.9173443
          ],
          [
            2.4907271,
            48.9172616
          ]
        ]
      },
      "id": "way/161754341"
    },
    {
      "type": "Feature",
      "properties": {
        "@id": "way/288457812",
        "barrier": "wall"
      },
      "geometry": {
        "type": "LineString",
        "coordinates": [
          [
            2.4738382,
            48.9057164
          ],
          [
            2.4741469,
            48.9057815
          ],
          [
            2.4743377,
            48.9053218
          ]
        ]
      },
      "id": "way/288457812"
    },
    {
      "type": "Feature",
      "properties": {
        "@id": "way/359320808",
        "barrier": "fence"
      },
      "geometry": {
        "type": "LineString",
        "coordinates": [
          [
            2.4765467,
            48.9046777
          ],
          [
            2.4765459,
            48.9045244
          ]
        ]
      },
      "id": "way/359320808"
    },
    {
      "type": "Feature",
      "properties": {
        "@id": "way/359359014",
        "barrier": "fence"
      },
      "geometry": {
        "type": "LineString",
        "coordinates": [
          [
            2.4770441,
            48.905117
          ],
          [
            2.477087,
            48.9045174
          ],
          [
            2.4770952,
            48.9043719
          ],
          [
            2.4771004,
            48.9042937
          ]
        ]
      },
      "id": "way/359359014"
    },
    {
      "type": "Feature",
      "properties": {
        "@id": "way/359359016",
        "barrier": "wall"
      },
      "geometry": {
        "type": "LineString",
        "coordinates": [
          [
            2.4776372,
            48.9042636
          ],
          [
            2.4776408,
            48.9043073
          ],
          [
            2.4776657,
            48.9046059
          ]
        ]
      },
      "id": "way/359359016"
    },
    {
      "type": "Feature",
      "properties": {
        "@id": "way/359359026",
        "barrier": "bollard"
      },
      "geometry": {
        "type": "LineString",
        "coordinates": [
          [
            2.4765567,
            48.9050999
          ],
          [
            2.4768885,
            48.905177
          ],
          [
            2.476926,
            48.9051734
          ],
          [
            2.4769421,
            48.9051558
          ],
          [
            2.4769609,
            48.9046692
          ]
        ]
      },
      "id": "way/359359026"
    },
    {
      "type": "Feature",
      "properties": {
        "@id": "way/359359049",
        "barrier": "bollard"
      },
      "geometry": {
        "type": "LineString",
        "coordinates": [
          [
            2.477291,
            48.9052576
          ],
          [
            2.4770817,
            48.9052188
          ],
          [
            2.4770414,
            48.9051893
          ],
          [
            2.4770337,
            48.9051574
          ],
          [
            2.4770441,
            48.905117
          ],
          [
            2.4773031,
            48.9051272
          ]
        ]
      },
      "id": "way/359359049"
    },
    {
      "type": "Feature",
      "properties": {
        "@id": "way/359359065",
        "barrier": "fence"
      },
      "geometry": {
        "type": "LineString",
        "coordinates": [
          [
            2.476926,
            48.9046745
          ],
          [
            2.4769297,
            48.9046163
          ],
          [
            2.4769464,
            48.9043268
          ],
          [
            2.476949,
            48.9042828
          ]
        ]
      },
      "id": "way/359359065"
    },
    {
      "type": "Feature",
      "properties": {
        "@id": "way/359359067",
        "barrier": "wall"
      },
      "geometry": {
        "type": "LineString",
        "coordinates": [
          [
            2.4776408,
            48.9043073
          ],
          [
            2.4773563,
            48.9042985
          ]
        ]
      },
      "id": "way/359359067"
    },
    {
      "type": "Feature",
      "properties": {
        "@id": "way/415301022",
        "amenity": "ticket_validator",
        "barrier": "turnstile",
        "fee": "yes",
        "level": "0"
      },
      "geometry": {
        "type": "LineString",
        "coordinates": [
          [
            2.4796268,
            48.89376
          ],
          [
            2.4796223,
            48.8937464
          ],
          [
            2.4796175,
            48.8937328
          ]
        ]
      },
      "id": "way/415301022"
    },
    {
      "type": "Feature",
      "properties": {
        "@id": "way/417286188",
        "amenity": "ticket_validator",
        "barrier": "turnstile",
        "fee": "yes",
        "level": "-1"
      },
      "geometry": {
        "type": "LineString",
        "coordinates": [
          [
            2.4788672,
            48.8939043
          ],
          [
            2.4788488,
            48.8939071
          ],
          [
            2.4788349,
            48.8939093
          ]
        ]
      },
      "id": "way/417286188"
    },
    {
      "type": "Feature",
      "properties": {
        "@id": "way/417286190",
        "amenity": "ticket_validator",
        "barrier": "turnstile",
        "fee": "yes",
        "level": "0"
      },
      "geometry": {
        "type": "LineString",
        "coordinates": [
          [
            2.4799173,
            48.8937177
          ],
          [
            2.4799115,
            48.8937024
          ],
          [
            2.4799011,
            48.8936733
          ]
        ]
      },
      "id": "way/417286190"
    },
    {
      "type": "Feature",
      "properties": {
        "@id": "way/724312721",
        "barrier": "guard_rail"
      },
      "geometry": {
        "type": "LineString",
        "coordinates": [
          [
            2.4875936,
            48.8922626
          ],
          [
            2.4877708,
            48.8922589
          ],
          [
            2.4878778,
            48.892232
          ]
        ]
      },
      "id": "way/724312721"
    },
    {
      "type": "Feature",
      "properties": {
        "@id": "way/724312722",
        "barrier": "guard_rail"
      },
      "geometry": {
        "type": "LineString",
        "coordinates": [
          [
            2.4879046,
            48.8922253
          ],
          [
            2.4879269,
            48.8922199
          ]
        ]
      },
      "id": "way/724312722"
    },
    {
      "type": "Feature",
      "properties": {
        "@id": "way/724312723",
        "barrier": "guard_rail"
      },
      "geometry": {
        "type": "LineString",
        "coordinates": [
          [
            2.4893193,
            48.8971188
          ],
          [
            2.4879837,
            48.8922061
          ]
        ]
      },
      "id": "way/724312723"
    },
    {
      "type": "Feature",
      "properties": {
        "@id": "way/724312724",
        "barrier": "guard_rail"
      },
      "geometry": {
        "type": "LineString",
        "coordinates": [
          [
            2.4880123,
            48.8921985
          ],
          [
            2.4880372,
            48.8921918
          ]
        ]
      },
      "id": "way/724312724"
    },
    {
      "type": "Feature",
      "properties": {
        "@id": "way/724312725",
        "barrier": "guard_rail"
      },
      "geometry": {
        "type": "LineString",
        "coordinates": [
          [
            2.4880678,
            48.8921851
          ],
          [
            2.4880927,
            48.8921784
          ]
        ]
      },
      "id": "way/724312725"
    },
    {
      "type": "Feature",
      "properties": {
        "@id": "way/724312726",
        "barrier": "guard_rail"
      },
      "geometry": {
        "type": "LineString",
        "coordinates": [
          [
            2.4881213,
            48.8921713
          ],
          [
            2.4881475,
            48.892165
          ]
        ]
      },
      "id": "way/724312726"
    },
    {
      "type": "Feature",
      "properties": {
        "@id": "way/724321029",
        "barrier": "guard_rail"
      },
      "geometry": {
        "type": "LineString",
        "coordinates": [
          [
            2.4926855,
            48.9013444
          ],
          [
            2.492841,
            48.9015449
          ],
          [
            2.4928696,
            48.9015516
          ]
        ]
      },
      "id": "way/724321029"
    },
    {
      "type": "Feature",
      "properties": {
        "@id": "way/724321030",
        "barrier": "guard_rail"
      },
      "geometry": {
        "type": "LineString",
        "coordinates": [
          [
            2.492653,
            48.9013044
          ],
          [
            2.4926302,
            48.9012755
          ],
          [
            2.4926403,
            48.90125
          ]
        ]
      },
      "id": "way/724321030"
    },
    {
      "type": "Feature",
      "properties": {
        "@id": "way/870839994",
        "barrier": "wall",
        "source": "BDOrtho IGN 2020 / Connaissance locale"
      },
      "geometry": {
        "type": "LineString",
        "coordinates": [
          [
            2.4789465,
            48.8887509
          ],
          [
            2.4790575,
            48.8886938
          ],
          [
            2.4791779,
            48.8886799
          ],
          [
            2.4792801,
            48.8887152
          ]
        ]
      },
      "id": "way/870839994"
    },
    {
      "type": "Feature",
      "properties": {
        "@id": "way/884289864",
        "barrier": "guard_rail"
      },
      "geometry": {
        "type": "LineString",
        "coordinates": [
          [
            2.4842675,
            48.9125084
          ],
          [
            2.4848125,
            48.9123466
          ]
        ]
      },
      "id": "way/884289864"
    },
    {
      "type": "Feature",
      "properties": {
        "@id": "way/992507213",
        "barrier": "fence",
        "level": "-1"
      },
      "geometry": {
        "type": "LineString",
        "coordinates": [
          [
            2.4789818,
            48.894353
          ],
          [
            2.4789512,
            48.8942689
          ],
          [
            2.4788573,
            48.8939783
          ],
          [
            2.4788349,
            48.8939093
          ],
          [
            2.478831,
            48.8938972
          ]
        ]
      },
      "id": "way/992507213"
    },
    {
      "type": "Feature",
      "properties": {
        "@id": "way/1081828448",
        "barrier": "guard_rail",
        "level": "0"
      },
      "geometry": {
        "type": "LineString",
        "coordinates": [
          [
            2.4800889,
            48.8940608
          ],
          [
            2.4807742,
            48.8939609
          ],
          [
            2.4811182,
            48.8939107
          ],
          [
            2.4818205,
            48.89381
          ]
        ]
      },
      "id": "way/1081828448"
    },
    {
      "type": "Feature",
      "properties": {
        "@id": "way/1081828449",
        "barrier": "guard_rail",
        "level": "0"
      },
      "geometry": {
        "type": "LineString",
        "coordinates": [
          [
            2.4800861,
            48.8940414
          ],
          [
            2.4801187,
            48.8940367
          ],
          [
            2.4801205,
            48.8940419
          ],
          [
            2.4801795,
            48.8940333
          ]
        ]
      },
      "id": "way/1081828449"
    },
    {
      "type": "Feature",
      "properties": {
        "@id": "way/1081828450",
        "barrier": "fence",
        "level": "0"
      },
      "geometry": {
        "type": "LineString",
        "coordinates": [
          [
            2.4804364,
            48.8941066
          ],
          [
            2.4820446,
            48.8938708
          ],
          [
            2.4820428,
            48.8938659
          ],
          [
            2.4824183,
            48.8938126
          ],
          [
            2.4824078,
            48.8937822
          ]
        ]
      },
      "id": "way/1081828450"
    },
    {
      "type": "Feature",
      "properties": {
        "@id": "way/1081828451",
        "barrier": "fence",
        "level": "0"
      },
      "geometry": {
        "type": "LineString",
        "coordinates": [
          [
            2.4799591,
            48.8941422
          ],
          [
            2.4799716,
            48.8941742
          ],
          [
            2.4802879,
            48.8941275
          ]
        ]
      },
      "id": "way/1081828451"
    },
    {
      "type": "Feature",
      "properties": {
        "@id": "way/1081828456",
        "amenity": "ticket_validator",
        "barrier": "turnstile",
        "fee": "yes",
        "level": "0"
      },
      "geometry": {
        "type": "LineString",
        "coordinates": [
          [
            2.4804436,
            48.8941283
          ],
          [
            2.4804327,
            48.8941299
          ],
          [
            2.4803916,
            48.8941357
          ],
          [
            2.4803455,
            48.8941422
          ]
        ]
      },
      "id": "way/1081828456"
    },
    {
      "type": "Feature",
      "properties": {
        "@id": "way/1081828463",
        "barrier": "guard_rail",
        "level": "0"
      },
      "geometry": {
        "type": "LineString",
        "coordinates": [
          [
            2.4801134,
            48.8941195
          ],
          [
            2.4818393,
            48.8938658
          ]
        ]
      },
      "id": "way/1081828463"
    },
    {
      "type": "Feature",
      "properties": {
        "@id": "way/1086882500",
        "barrier": "guard_rail"
      },
      "geometry": {
        "type": "LineString",
        "coordinates": [
          [
            2.4870012,
            48.8932986
          ],
          [
            2.4872797,
            48.8932608
          ]
        ]
      },
      "id": "way/1086882500"
    },
    {
      "type": "Feature",
      "properties": {
        "@id": "way/1101523355",
        "barrier": "wall",
        "wall": "noise_barrier"
      },
      "geometry": {
        "type": "LineString",
        "coordinates": [
          [
            2.4698143,
            48.9011985
          ],
          [
            2.4697164,
            48.9012902
          ],
          [
            2.4693409,
            48.9015529
          ],
          [
            2.4691298,
            48.9016902
          ],
          [
            2.4688245,
            48.9018888
          ],
          [
            2.4685778,
            48.9020483
          ]
        ]
      },
      "id": "way/1101523355"
    },
    {
      "type": "Feature",
      "properties": {
        "@id": "way/1101523356",
        "barrier": "wall",
        "wall": "noise_barrier"
      },
      "geometry": {
        "type": "LineString",
        "coordinates": [
          [
            2.4737075,
            48.8910036
          ],
          [
            2.4735841,
            48.8911553
          ],
          [
            2.4734822,
            48.8916826
          ],
          [
            2.4734205,
            48.8918007
          ],
          [
            2.4733843,
            48.8919603
          ],
          [
            2.4733534,
            48.8920229
          ],
          [
            2.473269,
            48.8922504
          ],
          [
            2.4732073,
            48.8924056
          ],
          [
            2.4730101,
            48.8927883
          ],
          [
            2.4728586,
            48.8931031
          ],
          [
            2.4727178,
            48.8933482
          ],
          [
            2.4723825,
            48.8938852
          ],
          [
            2.472121,
            48.8942467
          ],
          [
            2.4718031,
            48.894669
          ],
          [
            2.4715778,
            48.8949485
          ],
          [
            2.4713176,
            48.8953056
          ],
          [
            2.4712941,
            48.8953366
          ],
          [
            2.4711398,
            48.8955407
          ],
          [
            2.4708107,
            48.8959757
          ],
          [
            2.4705572,
            48.8963504
          ],
          [
            2.4703829,
            48.8966687
          ],
          [
            2.4702984,
            48.8968573
          ],
          [
            2.47012,
            48.8972585
          ],
          [
            2.4699497,
            48.8977134
          ],
          [
            2.4698612,
            48.8981481
          ],
          [
            2.4698357,
            48.8986365
          ],
          [
            2.4698853,
            48.8990923
          ],
          [
            2.4699421,
            48.89937
          ],
          [
            2.4699444,
            48.8993815
          ],
          [
            2.4700624,
            48.8997791
          ],
          [
            2.4701777,
            48.9001212
          ],
          [
            2.4702099,
            48.9003627
          ],
          [
            2.4702017,
            48.9005051
          ],
          [
            2.470198,
            48.9005704
          ],
          [
            2.4701965,
            48.9005963
          ],
          [
            2.4701455,
            48.9007445
          ],
          [
            2.470116,
            48.9008053
          ]
        ]
      },
      "id": "way/1101523356"
    },
    {
      "type": "Feature",
      "properties": {
        "@id": "way/1193792611",
        "barrier": "hedge"
      },
      "geometry": {
        "type": "LineString",
        "coordinates": [
          [
            2.4886567,
            48.9162174
          ],
          [
            2.4885212,
            48.9162787
          ],
          [
            2.4886412,
            48.9165497
          ]
        ]
      },
      "id": "way/1193792611"
    },
    {
      "type": "Feature",
      "properties": {
        "@id": "way/1251058633",
        "barrier": "hedge"
      },
      "geometry": {
        "type": "LineString",
        "coordinates": [
          [
            2.4886865,
            48.9035687
          ],
          [
            2.4889735,
            48.9034798
          ],
          [
            2.4891573,
            48.903778
          ]
        ]
      },
      "id": "way/1251058633"
    },
    {
      "type": "Feature",
      "properties": {
        "@id": "way/1251064650",
        "barrier": "hedge"
      },
      "geometry": {
        "type": "LineString",
        "coordinates": [
          [
            2.4804657,
            48.8892658
          ],
          [
            2.4805304,
            48.8892791
          ],
          [
            2.480591,
            48.8892711
          ],
          [
            2.4806476,
            48.8892525
          ],
          [
            2.4806557,
            48.8892379
          ]
        ]
      },
      "id": "way/1251064650"
    },
    {
      "type": "Feature",
      "properties": {
        "@id": "way/1251064651",
        "barrier": "hedge"
      },
      "geometry": {
        "type": "LineString",
        "coordinates": [
          [
            2.4806678,
            48.889218
          ],
          [
            2.4806699,
            48.8891887
          ],
          [
            2.4806294,
            48.8891489
          ],
          [
            2.4805425,
            48.8891236
          ]
        ]
      },
      "id": "way/1251064651"
    },
    {
      "type": "Feature",
      "properties": {
        "@id": "way/1251064652",
        "barrier": "ditch"
      },
      "geometry": {
        "type": "LineString",
        "coordinates": [
          [
            2.4805041,
            48.8893336
          ],
          [
            2.4805506,
            48.889311
          ],
          [
            2.4806294,
            48.8892951
          ],
          [
            2.48068,
            48.8892738
          ]
        ]
      },
      "id": "way/1251064652"
    },
    {
      "type": "Feature",
      "properties": {
        "@id": "way/1251064653",
        "barrier": "hedge"
      },
      "geometry": {
        "type": "LineString",
        "coordinates": [
          [
            2.4807083,
            48.8892552
          ],
          [
            2.4807204,
            48.8892073
          ],
          [
            2.4807386,
            48.8891688
          ],
          [
            2.4806678,
            48.8891236
          ],
          [
            2.4805749,
            48.8890917
          ]
        ]
      },
      "id": "way/1251064653"
    },
    {
      "type": "Feature",
      "properties": {
        "@id": "way/1255583380",
        "barrier": "fence",
        "fence_type": "wood"
      },
      "geometry": {
        "type": "LineString",
        "coordinates": [
          [
            2.4852227,
            48.9032148
          ],
          [
            2.4851609,
            48.9031051
          ],
          [
            2.4850343,
            48.9030527
          ],
          [
            2.4850218,
            48.902977
          ]
        ]
      },
      "id": "way/1255583380"
    },
    {
      "type": "Feature",
      "properties": {
        "@id": "way/1323476256",
        "barrier": "hedge"
      },
      "geometry": {
        "type": "LineString",
        "coordinates": [
          [
            2.4758571,
            48.8906841
          ],
          [
            2.4755297,
            48.8909619
          ],
          [
            2.4766273,
            48.890833
          ]
        ]
      },
      "id": "way/1323476256"
    },
    {
      "type": "Feature",
      "properties": {
        "@id": "way/1323476277",
        "barrier": "hedge"
      },
      "geometry": {
        "type": "LineString",
        "coordinates": [
          [
            2.4756306,
            48.8911747
          ],
          [
            2.4773105,
            48.8909722
          ]
        ]
      },
      "id": "way/1323476277"
    },
    {
      "type": "Feature",
      "properties": {
        "@id": "way/1323476284",
        "barrier": "hedge"
      },
      "geometry": {
        "type": "LineString",
        "coordinates": [
          [
            2.4774356,
            48.8902365
          ],
          [
            2.47673,
            48.8903246
          ]
        ]
      },
      "id": "way/1323476284"
    },
    {
      "type": "Feature",
      "properties": {
        "@id": "way/1323476285",
        "barrier": "hedge"
      },
      "geometry": {
        "type": "LineString",
        "coordinates": [
          [
            2.4761848,
            48.8903781
          ],
          [
            2.4766218,
            48.8900227
          ],
          [
            2.476694,
            48.8899698
          ],
          [
            2.4770079,
            48.88974
          ],
          [
            2.4771244,
            48.8896651
          ],
          [
            2.4774764,
            48.8894388
          ]
        ]
      },
      "id": "way/1323476285"
    },
    {
      "type": "Feature",
      "properties": {
        "@id": "way/1323476293",
        "barrier": "hedge"
      },
      "geometry": {
        "type": "LineString",
        "coordinates": [
          [
            2.4756265,
            48.8917186
          ],
          [
            2.4763685,
            48.8915513
          ],
          [
            2.4775287,
            48.891377
          ]
        ]
      },
      "id": "way/1323476293"
    },
    {
      "type": "Feature",
      "properties": {
        "@id": "way/1323476294",
        "barrier": "hedge"
      },
      "geometry": {
        "type": "LineString",
        "coordinates": [
          [
            2.4762198,
            48.8913622
          ],
          [
            2.4774499,
            48.891193
          ]
        ]
      },
      "id": "way/1323476294"
    },
    {
      "type": "Feature",
      "properties": {
        "@id": "way/1323476297",
        "barrier": "hedge"
      },
      "geometry": {
        "type": "LineString",
        "coordinates": [
          [
            2.4768737,
            48.8918005
          ],
          [
            2.476804,
            48.8915471
          ]
        ]
      },
      "id": "way/1323476297"
    },
    {
      "type": "Feature",
      "properties": {
        "@id": "way/1323476298",
        "barrier": "hedge"
      },
      "geometry": {
        "type": "LineString",
        "coordinates": [
          [
            2.4770274,
            48.8915148
          ],
          [
            2.4771012,
            48.8917695
          ]
        ]
      },
      "id": "way/1323476298"
    },
    {
      "type": "Feature",
      "properties": {
        "@id": "way/1323476300",
        "barrier": "wall"
      },
      "geometry": {
        "type": "LineString",
        "coordinates": [
          [
            2.4771012,
            48.8917695
          ],
          [
            2.4768737,
            48.8918005
          ]
        ]
      },
      "id": "way/1323476300"
    },
    {
      "type": "Feature",
      "properties": {
        "@id": "way/1323476301",
        "barrier": "wall"
      },
      "geometry": {
        "type": "LineString",
        "coordinates": [
          [
            2.4771012,
            48.8917695
          ],
          [
            2.4775932,
            48.8917048
          ]
        ]
      },
      "id": "way/1323476301"
    },
    {
      "type": "Feature",
      "properties": {
        "@id": "way/1323476302",
        "barrier": "wall"
      },
      "geometry": {
        "type": "LineString",
        "coordinates": [
          [
            2.4768737,
            48.8918005
          ],
          [
            2.4768896,
            48.8918673
          ]
        ]
      },
      "id": "way/1323476302"
    },
    {
      "type": "Feature",
      "properties": {
        "@id": "way/1323476303",
        "barrier": "wall"
      },
      "geometry": {
        "type": "LineString",
        "coordinates": [
          [
            2.4769077,
            48.8919185
          ],
          [
            2.477063,
            48.8923186
          ]
        ]
      },
      "id": "way/1323476303"
    },
    {
      "type": "Feature",
      "properties": {
        "@id": "way/1323476305",
        "barrier": "wall"
      },
      "geometry": {
        "type": "LineString",
        "coordinates": [
          [
            2.4762542,
            48.8920534
          ],
          [
            2.4762948,
            48.8920452
          ]
        ]
      },
      "id": "way/1323476305"
    },
    {
      "type": "Feature",
      "properties": {
        "@id": "way/1323476306",
        "barrier": "wall"
      },
      "geometry": {
        "type": "LineString",
        "coordinates": [
          [
            2.4760125,
            48.8921035
          ],
          [
            2.4759775,
            48.8921103
          ]
        ]
      },
      "id": "way/1323476306"
    },
    {
      "type": "Feature",
      "properties": {
        "@id": "way/1323476307",
        "barrier": "wall"
      },
      "geometry": {
        "type": "LineString",
        "coordinates": [
          [
            2.4757428,
            48.89199
          ],
          [
            2.4758198,
            48.8921428
          ]
        ]
      },
      "id": "way/1323476307"
    },
    {
      "type": "Feature",
      "properties": {
        "@id": "way/1377773079",
        "barrier": "fence"
      },
      "geometry": {
        "type": "LineString",
        "coordinates": [
          [
            2.4863611,
            48.8958807
          ],
          [
            2.4866053,
            48.8958351
          ],
          [
            2.4865694,
            48.8957532
          ],
          [
            2.4870793,
            48.8956698
          ],
          [
            2.4869668,
            48.8953298
          ],
          [
            2.4861026,
            48.8954526
          ],
          [
            2.4863611,
            48.8958807
          ]
        ]
      },
      "id": "way/1377773079"
    },
    {
      "type": "Feature",
      "properties": {
        "@id": "node/291144469",
        "barrier": "gate"
      },
      "geometry": {
        "type": "Point",
        "coordinates": [
          2.4928361,
          48.8965745
        ]
      },
      "id": "node/291144469"
    },
    {
      "type": "Feature",
      "properties": {
        "@id": "node/1115673754",
        "barrier": "fence"
      },
      "geometry": {
        "type": "Point",
        "coordinates": [
          2.4728633,
          48.9040217
        ]
      },
      "id": "node/1115673754"
    },
    {
      "type": "Feature",
      "properties": {
        "@id": "node/1177228198",
        "amenity": "ticket_validator",
        "barrier": "turnstile",
        "fee": "yes",
        "level": "0",
        "wheelchair": "no"
      },
      "geometry": {
        "type": "Point",
        "coordinates": [
          2.4799115,
          48.8937024
        ]
      },
      "id": "node/1177228198"
    },
    {
      "type": "Feature",
      "properties": {
        "@id": "node/1181072501",
        "amenity": "ticket_validator",
        "barrier": "turnstile",
        "fee": "yes",
        "level": "-1",
        "wheelchair": "no"
      },
      "geometry": {
        "type": "Point",
        "coordinates": [
          2.4788488,
          48.8939071
        ]
      },
      "id": "node/1181072501"
    },
    {
      "type": "Feature",
      "properties": {
        "@id": "node/1223637439",
        "barrier": "gate"
      },
      "geometry": {
        "type": "Point",
        "coordinates": [
          2.4854591,
          48.9002398
        ]
      },
      "id": "node/1223637439"
    },
    {
      "type": "Feature",
      "properties": {
        "@id": "node/1240951525",
        "barrier": "gate"
      },
      "geometry": {
        "type": "Point",
        "coordinates": [
          2.4788144,
          48.896338
        ]
      },
      "id": "node/1240951525"
    },
    {
      "type": "Feature",
      "properties": {
        "@id": "node/1240953917",
        "barrier": "chain"
      },
      "geometry": {
        "type": "Point",
        "coordinates": [
          2.4794826,
          48.8968805
        ]
      },
      "id": "node/1240953917"
    },
    {
      "type": "Feature",
      "properties": {
        "@id": "node/1240964297",
        "barrier": "gate"
      },
      "geometry": {
        "type": "Point",
        "coordinates": [
          2.4834548,
          48.898278
        ]
      },
      "id": "node/1240964297"
    },
    {
      "type": "Feature",
      "properties": {
        "@id": "node/1240964312",
        "barrier": "gate"
      },
      "geometry": {
        "type": "Point",
        "coordinates": [
          2.4828208,
          48.8993735
        ]
      },
      "id": "node/1240964312"
    },
    {
      "type": "Feature",
      "properties": {
        "@id": "node/1240964328",
        "barrier": "gate"
      },
      "geometry": {
        "type": "Point",
        "coordinates": [
          2.4827599,
          48.899423
        ]
      },
      "id": "node/1240964328"
    },
    {
      "type": "Feature",
      "properties": {
        "@id": "node/1245405861",
        "barrier": "lift_gate"
      },
      "geometry": {
        "type": "Point",
        "coordinates": [
          2.4766191,
          48.8948766
        ]
      },
      "id": "node/1245405861"
    },
    {
      "type": "Feature",
      "properties": {
        "@id": "node/1457021988",
        "barrier": "block",
        "bicycle": "yes",
        "foot": "yes",
        "source": "cadastre-dgi-fr source : Direction Générale des Impôts - Cadastre. Mise à jour : 2011"
      },
      "geometry": {
        "type": "Point",
        "coordinates": [
          2.4760947,
          48.9102239
        ]
      },
      "id": "node/1457021988"
    },
    {
      "type": "Feature",
      "properties": {
        "@id": "node/1457028558",
        "barrier": "gate",
        "bicycle": "yes",
        "foot": "yes",
        "motor_vehicle": "no"
      },
      "geometry": {
        "type": "Point",
        "coordinates": [
          2.4762582,
          48.9083294
        ]
      },
      "id": "node/1457028558"
    },
    {
      "type": "Feature",
      "properties": {
        "@id": "node/1457028564",
        "barrier": "gate",
        "bicycle": "yes",
        "foot": "yes",
        "motor_vehicle": "no"
      },
      "geometry": {
        "type": "Point",
        "coordinates": [
          2.4775668,
          48.9083895
        ]
      },
      "id": "node/1457028564"
    },
    {
      "type": "Feature",
      "properties": {
        "@id": "node/1457028574",
        "barrier": "gate",
        "bicycle": "yes",
        "foot": "yes",
        "motor_vehicle": "no"
      },
      "geometry": {
        "type": "Point",
        "coordinates": [
          2.4788458,
          48.9084541
        ]
      },
      "id": "node/1457028574"
    },
    {
      "type": "Feature",
      "properties": {
        "@id": "node/1457072108",
        "barrier": "gate",
        "bicycle": "yes",
        "foot": "yes",
        "motor_vehicle": "no"
      },
      "geometry": {
        "type": "Point",
        "coordinates": [
          2.4749596,
          48.9082617
        ]
      },
      "id": "node/1457072108"
    },
    {
      "type": "Feature",
      "properties": {
        "@id": "node/1550379225",
        "barrier": "bollard",
        "bicycle": "yes",
        "foot": "yes"
      },
      "geometry": {
        "type": "Point",
        "coordinates": [
          2.4806469,
          48.9071365
        ]
      },
      "id": "node/1550379225"
    },
    {
      "type": "Feature",
      "properties": {
        "@id": "node/1692157254",
        "barrier": "gate"
      },
      "geometry": {
        "type": "Point",
        "coordinates": [
          2.4810094,
          48.8985381
        ]
      },
      "id": "node/1692157254"
    },
    {
      "type": "Feature",
      "properties": {
        "@id": "node/1737162938",
        "access": "permissive",
        "barrier": "gate",
        "bicycle": "yes",
        "foot": "yes",
        "motorcycle": "yes"
      },
      "geometry": {
        "type": "Point",
        "coordinates": [
          2.4914637,
          48.9172047
        ]
      },
      "id": "node/1737162938"
    },
    {
      "type": "Feature",
      "properties": {
        "@id": "node/1737162951",
        "barrier": "door"
      },
      "geometry": {
        "type": "Point",
        "coordinates": [
          2.4912817,
          48.9173909
        ]
      },
      "id": "node/1737162951"
    },
    {
      "type": "Feature",
      "properties": {
        "@id": "node/2519740675",
        "barrier": "gate"
      },
      "geometry": {
        "type": "Point",
        "coordinates": [
          2.4899122,
          48.8897688
        ]
      },
      "id": "node/2519740675"
    },
    {
      "type": "Feature",
      "properties": {
        "@id": "node/2519740676",
        "barrier": "lift_gate"
      },
      "geometry": {
        "type": "Point",
        "coordinates": [
          2.4902885,
          48.8912725
        ]
      },
      "id": "node/2519740676"
    },
    {
      "type": "Feature",
      "properties": {
        "@id": "node/2519740680",
        "barrier": "lift_gate"
      },
      "geometry": {
        "type": "Point",
        "coordinates": [
          2.4884754,
          48.8908691
        ]
      },
      "id": "node/2519740680"
    },
    {
      "type": "Feature",
      "properties": {
        "@id": "node/2519740681",
        "barrier": "lift_gate"
      },
      "geometry": {
        "type": "Point",
        "coordinates": [
          2.4882463,
          48.8903779
        ]
      },
      "id": "node/2519740681"
    },
    {
      "type": "Feature",
      "properties": {
        "@id": "node/2519740682",
        "barrier": "lift_gate"
      },
      "geometry": {
        "type": "Point",
        "coordinates": [
          2.4899284,
          48.8900817
        ]
      },
      "id": "node/2519740682"
    },
    {
      "type": "Feature",
      "properties": {
        "@id": "node/2519900487",
        "barrier": "gate"
      },
      "geometry": {
        "type": "Point",
        "coordinates": [
          2.4961817,
          48.8919074
        ]
      },
      "id": "node/2519900487"
    },
    {
      "type": "Feature",
      "properties": {
        "@id": "node/2520286285",
        "barrier": "block"
      },
      "geometry": {
        "type": "Point",
        "coordinates": [
          2.4774115,
          48.8975019
        ]
      },
      "id": "node/2520286285"
    },
    {
      "type": "Feature",
      "properties": {
        "@id": "node/2525309483",
        "access": "yes",
        "barrier": "bollard",
        "maxwidth": "2"
      },
      "geometry": {
        "type": "Point",
        "coordinates": [
          2.4815998,
          48.8881901
        ]
      },
      "id": "node/2525309483"
    },
    {
      "type": "Feature",
      "properties": {
        "@id": "node/2525338154",
        "access": "unknown",
        "barrier": "cycle_barrier",
        "foot": "yes",
        "motor_vehicle": "no",
        "wheelchair": "no"
      },
      "geometry": {
        "type": "Point",
        "coordinates": [
          2.4851232,
          48.8903545
        ]
      },
      "id": "node/2525338154"
    },
    {
      "type": "Feature",
      "properties": {
        "@id": "node/2525345709",
        "barrier": "bollard",
        "foot": "yes"
      },
      "geometry": {
        "type": "Point",
        "coordinates": [
          2.4875504,
          48.8891326
        ]
      },
      "id": "node/2525345709"
    },
    {
      "type": "Feature",
      "properties": {
        "@id": "node/2555468885",
        "barrier": "gate"
      },
      "geometry": {
        "type": "Point",
        "coordinates": [
          2.4830221,
          48.9138665
        ]
      },
      "id": "node/2555468885"
    },
    {
      "type": "Feature",
      "properties": {
        "@id": "node/2593887391",
        "barrier": "lift_gate",
        "source": "cadastre-dgi-fr source : Direction Générale des Impôts - Cadastre. Mise à jour : 2013"
      },
      "geometry": {
        "type": "Point",
        "coordinates": [
          2.4953175,
          48.8895909
        ]
      },
      "id": "node/2593887391"
    },
    {
      "type": "Feature",
      "properties": {
        "@id": "node/2619784422",
        "barrier": "block"
      },
      "geometry": {
        "type": "Point",
        "coordinates": [
          2.4869169,
          48.8934471
        ]
      },
      "id": "node/2619784422"
    },
    {
      "type": "Feature",
      "properties": {
        "@id": "node/2619784431",
        "barrier": "gate"
      },
      "geometry": {
        "type": "Point",
        "coordinates": [
          2.4874258,
          48.8939261
        ]
      },
      "id": "node/2619784431"
    },
    {
      "type": "Feature",
      "properties": {
        "@id": "node/2619784435",
        "barrier": "gate"
      },
      "geometry": {
        "type": "Point",
        "coordinates": [
          2.4880101,
          48.8941647
        ]
      },
      "id": "node/2619784435"
    },
    {
      "type": "Feature",
      "properties": {
        "@id": "node/2619784437",
        "barrier": "gate"
      },
      "geometry": {
        "type": "Point",
        "coordinates": [
          2.4876684,
          48.8945372
        ]
      },
      "id": "node/2619784437"
    },
    {
      "type": "Feature",
      "properties": {
        "@id": "node/2619784497",
        "barrier": "gate"
      },
      "geometry": {
        "type": "Point",
        "coordinates": [
          2.4873481,
          48.8942694
        ]
      },
      "id": "node/2619784497"
    },
    {
      "type": "Feature",
      "properties": {
        "@id": "node/2619799575",
        "barrier": "gate"
      },
      "geometry": {
        "type": "Point",
        "coordinates": [
          2.4877441,
          48.8942102
        ]
      },
      "id": "node/2619799575"
    },
    {
      "type": "Feature",
      "properties": {
        "@id": "node/2619799580",
        "barrier": "gate"
      },
      "geometry": {
        "type": "Point",
        "coordinates": [
          2.4867724,
          48.8943714
        ]
      },
      "id": "node/2619799580"
    },
    {
      "type": "Feature",
      "properties": {
        "@id": "node/2976548601",
        "barrier": "lift_gate"
      },
      "geometry": {
        "type": "Point",
        "coordinates": [
          2.4805277,
          48.9045182
        ]
      },
      "id": "node/2976548601"
    },
    {
      "type": "Feature",
      "properties": {
        "@id": "node/3322799104",
        "barrier": "bollard",
        "bollard": "rising"
      },
      "geometry": {
        "type": "Point",
        "coordinates": [
          2.4777322,
          48.8949841
        ]
      },
      "id": "node/3322799104"
    },
    {
      "type": "Feature",
      "properties": {
        "@id": "node/3640616948",
        "barrier": "gate"
      },
      "geometry": {
        "type": "Point",
        "coordinates": [
          2.4784252,
          48.904085
        ]
      },
      "id": "node/3640616948"
    },
    {
      "type": "Feature",
      "properties": {
        "@id": "node/3640855218",
        "barrier": "gate",
        "maxheight": "2.1 m"
      },
      "geometry": {
        "type": "Point",
        "coordinates": [
          2.4769297,
          48.9046163
        ]
      },
      "id": "node/3640855218"
    },
    {
      "type": "Feature",
      "properties": {
        "@id": "node/3640855244",
        "barrier": "gate",
        "maxheight": "2.1 m"
      },
      "geometry": {
        "type": "Point",
        "coordinates": [
          2.4769464,
          48.9043268
        ]
      },
      "id": "node/3640855244"
    },
    {
      "type": "Feature",
      "properties": {
        "@id": "node/3640855694",
        "barrier": "gate",
        "maxheight": "2.1 m"
      },
      "geometry": {
        "type": "Point",
        "coordinates": [
          2.4770952,
          48.9043719
        ]
      },
      "id": "node/3640855694"
    },
    {
      "type": "Feature",
      "properties": {
        "@id": "node/3640855765",
        "barrier": "gate",
        "maxheight": "2.1 m"
      },
      "geometry": {
        "type": "Point",
        "coordinates": [
          2.477087,
          48.9045174
        ]
      },
      "id": "node/3640855765"
    },
    {
      "type": "Feature",
      "properties": {
        "@id": "node/3940724688",
        "barrier": "gate"
      },
      "geometry": {
        "type": "Point",
        "coordinates": [
          2.4872141,
          48.9066968
        ]
      },
      "id": "node/3940724688"
    },
    {
      "type": "Feature",
      "properties": {
        "@id": "node/3940724692",
        "barrier": "gate"
      },
      "geometry": {
        "type": "Point",
        "coordinates": [
          2.4874874,
          48.9061939
        ]
      },
      "id": "node/3940724692"
    },
    {
      "type": "Feature",
      "properties": {
        "@id": "node/4011926405",
        "barrier": "chain"
      },
      "geometry": {
        "type": "Point",
        "coordinates": [
          2.4808883,
          48.8961458
        ]
      },
      "id": "node/4011926405"
    },
    {
      "type": "Feature",
      "properties": {
        "@id": "node/4011926445",
        "access": "private",
        "barrier": "gate",
        "bicycle": "yes",
        "foot": "yes",
        "motorcycle": "yes",
        "source": "Bing"
      },
      "geometry": {
        "type": "Point",
        "coordinates": [
          2.4847213,
          48.8973317
        ]
      },
      "id": "node/4011926445"
    },
    {
      "type": "Feature",
      "properties": {
        "@id": "node/4011926448",
        "access": "private",
        "barrier": "gate",
        "bicycle": "yes",
        "foot": "yes",
        "motorcycle": "yes",
        "source": "Bing"
      },
      "geometry": {
        "type": "Point",
        "coordinates": [
          2.4852006,
          48.8987355
        ]
      },
      "id": "node/4011926448"
    },
    {
      "type": "Feature",
      "properties": {
        "@id": "node/4011927539",
        "barrier": "bollard",
        "bicycle": "yes",
        "foot": "yes",
        "material": "concrete"
      },
      "geometry": {
        "type": "Point",
        "coordinates": [
          2.4849913,
          48.9172399
        ]
      },
      "id": "node/4011927539"
    },
    {
      "type": "Feature",
      "properties": {
        "@id": "node/4163415892",
        "amenity": "ticket_validator",
        "barrier": "turnstile",
        "fee": "yes",
        "level": "0",
        "wheelchair": "yes"
      },
      "geometry": {
        "type": "Point",
        "coordinates": [
          2.4796223,
          48.8937464
        ]
      },
      "id": "node/4163415892"
    },
    {
      "type": "Feature",
      "properties": {
        "@id": "node/4178500470",
        "amenity": "ticket_validator",
        "barrier": "turnstile",
        "fee": "yes",
        "level": "0",
        "turnstile": "yes",
        "wheelchair": "no"
      },
      "geometry": {
        "type": "Point",
        "coordinates": [
          2.4787738,
          48.8942241
        ]
      },
      "id": "node/4178500470"
    },
    {
      "type": "Feature",
      "properties": {
        "@id": "node/4240152716",
        "barrier": "lift_gate",
        "source": "survey"
      },
      "geometry": {
        "type": "Point",
        "coordinates": [
          2.4900409,
          48.909549
        ]
      },
      "id": "node/4240152716"
    },
    {
      "type": "Feature",
      "properties": {
        "@id": "node/4629553212",
        "access": "private",
        "barrier": "gate"
      },
      "geometry": {
        "type": "Point",
        "coordinates": [
          2.4841869,
          48.8937913
        ]
      },
      "id": "node/4629553212"
    },
    {
      "type": "Feature",
      "properties": {
        "@id": "node/5289364108",
        "barrier": "gate"
      },
      "geometry": {
        "type": "Point",
        "coordinates": [
          2.4785677,
          48.9139614
        ]
      },
      "id": "node/5289364108"
    },
    {
      "type": "Feature",
      "properties": {
        "@id": "node/5289364109",
        "barrier": "gate"
      },
      "geometry": {
        "type": "Point",
        "coordinates": [
          2.4787899,
          48.9153758
        ]
      },
      "id": "node/5289364109"
    },
    {
      "type": "Feature",
      "properties": {
        "@id": "node/5289366020",
        "barrier": "gate"
      },
      "geometry": {
        "type": "Point",
        "coordinates": [
          2.4793909,
          48.9176267
        ]
      },
      "id": "node/5289366020"
    },
    {
      "type": "Feature",
      "properties": {
        "@id": "node/5512519121",
        "barrier": "bollard",
        "bicycle": "yes",
        "foot": "yes"
      },
      "geometry": {
        "type": "Point",
        "coordinates": [
          2.4827161,
          48.9027089
        ]
      },
      "id": "node/5512519121"
    },
    {
      "type": "Feature",
      "properties": {
        "@id": "node/5512519122",
        "barrier": "bollard",
        "bicycle": "yes",
        "foot": "yes"
      },
      "geometry": {
        "type": "Point",
        "coordinates": [
          2.4818135,
          48.9026986
        ]
      },
      "id": "node/5512519122"
    },
    {
      "type": "Feature",
      "properties": {
        "@id": "node/6364014879",
        "barrier": "gate"
      },
      "geometry": {
        "type": "Point",
        "coordinates": [
          2.477465,
          48.8907195
        ]
      },
      "id": "node/6364014879"
    },
    {
      "type": "Feature",
      "properties": {
        "@id": "node/6364015089",
        "barrier": "gate"
      },
      "geometry": {
        "type": "Point",
        "coordinates": [
          2.4775045,
          48.8914262
        ]
      },
      "id": "node/6364015089"
    },
    {
      "type": "Feature",
      "properties": {
        "@id": "node/6364015100",
        "barrier": "gate"
      },
      "geometry": {
        "type": "Point",
        "coordinates": [
          2.4764711,
          48.8928715
        ]
      },
      "id": "node/6364015100"
    },
    {
      "type": "Feature",
      "properties": {
        "@id": "node/6427168020",
        "barrier": "gate"
      },
      "geometry": {
        "type": "Point",
        "coordinates": [
          2.4842988,
          48.8990529
        ]
      },
      "id": "node/6427168020"
    },
    {
      "type": "Feature",
      "properties": {
        "@id": "node/6444720224",
        "barrier": "gate"
      },
      "geometry": {
        "type": "Point",
        "coordinates": [
          2.4918102,
          48.9152068
        ]
      },
      "id": "node/6444720224"
    },
    {
      "type": "Feature",
      "properties": {
        "@id": "node/6444720235",
        "barrier": "gate"
      },
      "geometry": {
        "type": "Point",
        "coordinates": [
          2.4908603,
          48.9161302
        ]
      },
      "id": "node/6444720235"
    },
    {
      "type": "Feature",
      "properties": {
        "@id": "node/6792808520",
        "barrier": "gate",
        "entrance": "main"
      },
      "geometry": {
        "type": "Point",
        "coordinates": [
          2.487251,
          48.8922612
        ]
      },
      "id": "node/6792808520"
    },
    {
      "type": "Feature",
      "properties": {
        "@id": "node/6792881287",
        "barrier": "gate"
      },
      "geometry": {
        "type": "Point",
        "coordinates": [
          2.492528,
          48.9008141
        ]
      },
      "id": "node/6792881287"
    },
    {
      "type": "Feature",
      "properties": {
        "@id": "node/6792881291",
        "barrier": "gate",
        "entrance": "main"
      },
      "geometry": {
        "type": "Point",
        "coordinates": [
          2.4927089,
          48.9013077
        ]
      },
      "id": "node/6792881291"
    },
    {
      "type": "Feature",
      "properties": {
        "@id": "node/6792961732",
        "barrier": "gate"
      },
      "geometry": {
        "type": "Point",
        "coordinates": [
          2.4877524,
          48.9026066
        ]
      },
      "id": "node/6792961732"
    },
    {
      "type": "Feature",
      "properties": {
        "@id": "node/6793120141",
        "barrier": "lift_gate"
      },
      "geometry": {
        "type": "Point",
        "coordinates": [
          2.4812271,
          48.9039256
        ]
      },
      "id": "node/6793120141"
    },
    {
      "type": "Feature",
      "properties": {
        "@id": "node/6799353310",
        "barrier": "gate"
      },
      "geometry": {
        "type": "Point",
        "coordinates": [
          2.4805903,
          48.9105176
        ]
      },
      "id": "node/6799353310"
    },
    {
      "type": "Feature",
      "properties": {
        "@id": "node/6799353313",
        "barrier": "gate",
        "entrance": "main"
      },
      "geometry": {
        "type": "Point",
        "coordinates": [
          2.4810315,
          48.9111782
        ]
      },
      "id": "node/6799353313"
    },
    {
      "type": "Feature",
      "properties": {
        "@id": "node/6799353322",
        "barrier": "gate"
      },
      "geometry": {
        "type": "Point",
        "coordinates": [
          2.4812189,
          48.9115477
        ]
      },
      "id": "node/6799353322"
    },
    {
      "type": "Feature",
      "properties": {
        "@id": "node/6799353325",
        "barrier": "gate"
      },
      "geometry": {
        "type": "Point",
        "coordinates": [
          2.4820265,
          48.911025
        ]
      },
      "id": "node/6799353325"
    },
    {
      "type": "Feature",
      "properties": {
        "@id": "node/6837476171",
        "barrier": "gate"
      },
      "geometry": {
        "type": "Point",
        "coordinates": [
          2.4868885,
          48.8911087
        ]
      },
      "id": "node/6837476171"
    },
    {
      "type": "Feature",
      "properties": {
        "@id": "node/6837476173",
        "barrier": "gate"
      },
      "geometry": {
        "type": "Point",
        "coordinates": [
          2.4869856,
          48.8912982
        ]
      },
      "id": "node/6837476173"
    },
    {
      "type": "Feature",
      "properties": {
        "@id": "node/6837476181",
        "barrier": "gate"
      },
      "geometry": {
        "type": "Point",
        "coordinates": [
          2.4874689,
          48.8921452
        ]
      },
      "id": "node/6837476181"
    },
    {
      "type": "Feature",
      "properties": {
        "@id": "node/6837476182",
        "barrier": "gate"
      },
      "geometry": {
        "type": "Point",
        "coordinates": [
          2.4868295,
          48.8924272
        ]
      },
      "id": "node/6837476182"
    },
    {
      "type": "Feature",
      "properties": {
        "@id": "node/6882042653",
        "barrier": "gate"
      },
      "geometry": {
        "type": "Point",
        "coordinates": [
          2.4788861,
          48.8936407
        ]
      },
      "id": "node/6882042653"
    },
    {
      "type": "Feature",
      "properties": {
        "@id": "node/6958343988",
        "barrier": "gate"
      },
      "geometry": {
        "type": "Point",
        "coordinates": [
          2.4739818,
          48.8957268
        ]
      },
      "id": "node/6958343988"
    },
    {
      "type": "Feature",
      "properties": {
        "@id": "node/7065822129",
        "barrier": "gate"
      },
      "geometry": {
        "type": "Point",
        "coordinates": [
          2.4856168,
          48.9003539
        ]
      },
      "id": "node/7065822129"
    },
    {
      "type": "Feature",
      "properties": {
        "@id": "node/7065822130",
        "barrier": "gate"
      },
      "geometry": {
        "type": "Point",
        "coordinates": [
          2.4856794,
          48.9004977
        ]
      },
      "id": "node/7065822130"
    },
    {
      "type": "Feature",
      "properties": {
        "@id": "node/7065822131",
        "barrier": "gate"
      },
      "geometry": {
        "type": "Point",
        "coordinates": [
          2.4857464,
          48.9006515
        ]
      },
      "id": "node/7065822131"
    },
    {
      "type": "Feature",
      "properties": {
        "@id": "node/7065822141",
        "barrier": "gate"
      },
      "geometry": {
        "type": "Point",
        "coordinates": [
          2.4847362,
          48.901814
        ]
      },
      "id": "node/7065822141"
    },
    {
      "type": "Feature",
      "properties": {
        "@id": "node/7065822180",
        "barrier": "gate"
      },
      "geometry": {
        "type": "Point",
        "coordinates": [
          2.4833569,
          48.9012424
        ]
      },
      "id": "node/7065822180"
    },
    {
      "type": "Feature",
      "properties": {
        "@id": "node/7065831985",
        "barrier": "gate"
      },
      "geometry": {
        "type": "Point",
        "coordinates": [
          2.4857792,
          48.9017363
        ]
      },
      "id": "node/7065831985"
    },
    {
      "type": "Feature",
      "properties": {
        "@id": "node/7065831989",
        "barrier": "gate"
      },
      "geometry": {
        "type": "Point",
        "coordinates": [
          2.4850108,
          48.9018045
        ]
      },
      "id": "node/7065831989"
    },
    {
      "type": "Feature",
      "properties": {
        "@id": "node/7065832017",
        "barrier": "gate"
      },
      "geometry": {
        "type": "Point",
        "coordinates": [
          2.4841728,
          48.9018379
        ]
      },
      "id": "node/7065832017"
    },
    {
      "type": "Feature",
      "properties": {
        "@id": "node/7126696116",
        "barrier": "gate"
      },
      "geometry": {
        "type": "Point",
        "coordinates": [
          2.489502,
          48.9167944
        ]
      },
      "id": "node/7126696116"
    },
    {
      "type": "Feature",
      "properties": {
        "@id": "node/7126696117",
        "barrier": "gate"
      },
      "geometry": {
        "type": "Point",
        "coordinates": [
          2.4897827,
          48.9174638
        ]
      },
      "id": "node/7126696117"
    },
    {
      "type": "Feature",
      "properties": {
        "@id": "node/7126696148",
        "barrier": "gate"
      },
      "geometry": {
        "type": "Point",
        "coordinates": [
          2.4861094,
          48.9183217
        ]
      },
      "id": "node/7126696148"
    },
    {
      "type": "Feature",
      "properties": {
        "@id": "node/8009037445",
        "barrier": "gate"
      },
      "geometry": {
        "type": "Point",
        "coordinates": [
          2.4863628,
          48.8959552
        ]
      },
      "id": "node/8009037445"
    },
    {
      "type": "Feature",
      "properties": {
        "@id": "node/8191451373",
        "barrier": "gate"
      },
      "geometry": {
        "type": "Point",
        "coordinates": [
          2.4850962,
          48.8954634
        ]
      },
      "id": "node/8191451373"
    },
    {
      "type": "Feature",
      "properties": {
        "@id": "node/8223827714",
        "barrier": "gate"
      },
      "geometry": {
        "type": "Point",
        "coordinates": [
          2.4799878,
          48.9097573
        ]
      },
      "id": "node/8223827714"
    },
    {
      "type": "Feature",
      "properties": {
        "@id": "node/8223827716",
        "barrier": "gate"
      },
      "geometry": {
        "type": "Point",
        "coordinates": [
          2.4799754,
          48.9091283
        ]
      },
      "id": "node/8223827716"
    },
    {
      "type": "Feature",
      "properties": {
        "@id": "node/8223850117",
        "barrier": "gate"
      },
      "geometry": {
        "type": "Point",
        "coordinates": [
          2.476113,
          48.9101236
        ]
      },
      "id": "node/8223850117"
    },
    {
      "type": "Feature",
      "properties": {
        "@id": "node/8389715776",
        "barrier": "gate"
      },
      "geometry": {
        "type": "Point",
        "coordinates": [
          2.4755926,
          48.8958663
        ]
      },
      "id": "node/8389715776"
    },
    {
      "type": "Feature",
      "properties": {
        "@id": "node/8389715778",
        "barrier": "gate"
      },
      "geometry": {
        "type": "Point",
        "coordinates": [
          2.4750419,
          48.8957698
        ]
      },
      "id": "node/8389715778"
    },
    {
      "type": "Feature",
      "properties": {
        "@id": "node/8389715783",
        "barrier": "gate"
      },
      "geometry": {
        "type": "Point",
        "coordinates": [
          2.4741554,
          48.8960925
        ]
      },
      "id": "node/8389715783"
    },
    {
      "type": "Feature",
      "properties": {
        "@id": "node/8389715786",
        "barrier": "gate"
      },
      "geometry": {
        "type": "Point",
        "coordinates": [
          2.4744321,
          48.8958301
        ]
      },
      "id": "node/8389715786"
    },
    {
      "type": "Feature",
      "properties": {
        "@id": "node/8389715812",
        "barrier": "gate"
      },
      "geometry": {
        "type": "Point",
        "coordinates": [
          2.4760753,
          48.8948438
        ]
      },
      "id": "node/8389715812"
    },
    {
      "type": "Feature",
      "properties": {
        "@id": "node/8414316991",
        "barrier": "gate"
      },
      "geometry": {
        "type": "Point",
        "coordinates": [
          2.484645,
          48.8928566
        ]
      },
      "id": "node/8414316991"
    },
    {
      "type": "Feature",
      "properties": {
        "@id": "node/8456588814",
        "barrier": "gate"
      },
      "geometry": {
        "type": "Point",
        "coordinates": [
          2.4823031,
          48.9047537
        ]
      },
      "id": "node/8456588814"
    },
    {
      "type": "Feature",
      "properties": {
        "@id": "node/8456588815",
        "barrier": "gate"
      },
      "geometry": {
        "type": "Point",
        "coordinates": [
          2.4823618,
          48.9046403
        ]
      },
      "id": "node/8456588815"
    },
    {
      "type": "Feature",
      "properties": {
        "@id": "node/8456588816",
        "barrier": "gate"
      },
      "geometry": {
        "type": "Point",
        "coordinates": [
          2.4825139,
          48.9045049
        ]
      },
      "id": "node/8456588816"
    },
    {
      "type": "Feature",
      "properties": {
        "@id": "node/8456618027",
        "barrier": "gate",
        "entrance": "yes"
      },
      "geometry": {
        "type": "Point",
        "coordinates": [
          2.4774242,
          48.8933914
        ]
      },
      "id": "node/8456618027"
    },
    {
      "type": "Feature",
      "properties": {
        "@id": "node/8456653168",
        "barrier": "gate",
        "entrance": "main"
      },
      "geometry": {
        "type": "Point",
        "coordinates": [
          2.4794377,
          48.91635
        ]
      },
      "id": "node/8456653168"
    },
    {
      "type": "Feature",
      "properties": {
        "@id": "node/8911735732",
        "barrier": "gate"
      },
      "geometry": {
        "type": "Point",
        "coordinates": [
          2.4729197,
          48.8889986
        ]
      },
      "id": "node/8911735732"
    },
    {
      "type": "Feature",
      "properties": {
        "@id": "node/9365871083",
        "barrier": "gate",
        "bicycle": "yes",
        "foot": "yes",
        "horse": "yes",
        "material": "metal",
        "motor_vehicle": "private"
      },
      "geometry": {
        "type": "Point",
        "coordinates": [
          2.4799084,
          48.9029427
        ]
      },
      "id": "node/9365871083"
    },
    {
      "type": "Feature",
      "properties": {
        "@id": "node/9384144954",
        "barrier": "gate"
      },
      "geometry": {
        "type": "Point",
        "coordinates": [
          2.4858721,
          48.8953572
        ]
      },
      "id": "node/9384144954"
    },
    {
      "type": "Feature",
      "properties": {
        "@id": "node/9468716148",
        "barrier": "swing_gate"
      },
      "geometry": {
        "type": "Point",
        "coordinates": [
          2.4800523,
          48.9074363
        ]
      },
      "id": "node/9468716148"
    },
    {
      "type": "Feature",
      "properties": {
        "@id": "node/9631938270",
        "barrier": "gate",
        "maxwidth:physical": "1.5"
      },
      "geometry": {
        "type": "Point",
        "coordinates": [
          2.4846899,
          48.8955181
        ]
      },
      "id": "node/9631938270"
    },
    {
      "type": "Feature",
      "properties": {
        "@id": "node/9631949701",
        "barrier": "gate"
      },
      "geometry": {
        "type": "Point",
        "coordinates": [
          2.4919894,
          48.8968649
        ]
      },
      "id": "node/9631949701"
    },
    {
      "type": "Feature",
      "properties": {
        "@id": "node/9631949702",
        "barrier": "gate"
      },
      "geometry": {
        "type": "Point",
        "coordinates": [
          2.492964,
          48.8957389
        ]
      },
      "id": "node/9631949702"
    },
    {
      "type": "Feature",
      "properties": {
        "@id": "node/9632135532",
        "barrier": "gate"
      },
      "geometry": {
        "type": "Point",
        "coordinates": [
          2.4802417,
          48.9090296
        ]
      },
      "id": "node/9632135532"
    },
    {
      "type": "Feature",
      "properties": {
        "@id": "node/9632325139",
        "barrier": "gate"
      },
      "geometry": {
        "type": "Point",
        "coordinates": [
          2.4767564,
          48.8930515
        ]
      },
      "id": "node/9632325139"
    },
    {
      "type": "Feature",
      "properties": {
        "@id": "node/9634455794",
        "barrier": "gate"
      },
      "geometry": {
        "type": "Point",
        "coordinates": [
          2.4789768,
          48.9007769
        ]
      },
      "id": "node/9634455794"
    },
    {
      "type": "Feature",
      "properties": {
        "@id": "node/9634512122",
        "barrier": "gate"
      },
      "geometry": {
        "type": "Point",
        "coordinates": [
          2.4789798,
          48.8988357
        ]
      },
      "id": "node/9634512122"
    },
    {
      "type": "Feature",
      "properties": {
        "@id": "node/9634512123",
        "barrier": "gate"
      },
      "geometry": {
        "type": "Point",
        "coordinates": [
          2.4807495,
          48.8985462
        ]
      },
      "id": "node/9634512123"
    },
    {
      "type": "Feature",
      "properties": {
        "@id": "node/9642693905",
        "barrier": "gate"
      },
      "geometry": {
        "type": "Point",
        "coordinates": [
          2.4716815,
          48.8892597
        ]
      },
      "id": "node/9642693905"
    },
    {
      "type": "Feature",
      "properties": {
        "@id": "node/9643035780",
        "barrier": "gate"
      },
      "geometry": {
        "type": "Point",
        "coordinates": [
          2.4832601,
          48.9082913
        ]
      },
      "id": "node/9643035780"
    },
    {
      "type": "Feature",
      "properties": {
        "@id": "node/9643035784",
        "barrier": "lift_gate"
      },
      "geometry": {
        "type": "Point",
        "coordinates": [
          2.4865818,
          48.9088439
        ]
      },
      "id": "node/9643035784"
    },
    {
      "type": "Feature",
      "properties": {
        "@id": "node/9643084633",
        "barrier": "gate"
      },
      "geometry": {
        "type": "Point",
        "coordinates": [
          2.4837127,
          48.9114159
        ]
      },
      "id": "node/9643084633"
    },
    {
      "type": "Feature",
      "properties": {
        "@id": "node/9643084640",
        "barrier": "gate"
      },
      "geometry": {
        "type": "Point",
        "coordinates": [
          2.4842961,
          48.9112011
        ]
      },
      "id": "node/9643084640"
    },
    {
      "type": "Feature",
      "properties": {
        "@id": "node/9643084643",
        "barrier": "gate"
      },
      "geometry": {
        "type": "Point",
        "coordinates": [
          2.484992,
          48.9110371
        ]
      },
      "id": "node/9643084643"
    },
    {
      "type": "Feature",
      "properties": {
        "@id": "node/9643084679",
        "barrier": "gate"
      },
      "geometry": {
        "type": "Point",
        "coordinates": [
          2.4853449,
          48.9106053
        ]
      },
      "id": "node/9643084679"
    },
    {
      "type": "Feature",
      "properties": {
        "@id": "node/9643146359",
        "barrier": "lift_gate"
      },
      "geometry": {
        "type": "Point",
        "coordinates": [
          2.4878955,
          48.9014738
        ]
      },
      "id": "node/9643146359"
    },
    {
      "type": "Feature",
      "properties": {
        "@id": "node/9643146381",
        "barrier": "lift_gate"
      },
      "geometry": {
        "type": "Point",
        "coordinates": [
          2.4871697,
          48.9000929
        ]
      },
      "id": "node/9643146381"
    },
    {
      "type": "Feature",
      "properties": {
        "@id": "node/9643146399",
        "barrier": "gate"
      },
      "geometry": {
        "type": "Point",
        "coordinates": [
          2.4866962,
          48.9001918
        ]
      },
      "id": "node/9643146399"
    },
    {
      "type": "Feature",
      "properties": {
        "@id": "node/9643146517",
        "barrier": "gate"
      },
      "geometry": {
        "type": "Point",
        "coordinates": [
          2.4861252,
          48.9011397
        ]
      },
      "id": "node/9643146517"
    },
    {
      "type": "Feature",
      "properties": {
        "@id": "node/9643168395",
        "barrier": "gate"
      },
      "geometry": {
        "type": "Point",
        "coordinates": [
          2.4842846,
          48.9020467
        ]
      },
      "id": "node/9643168395"
    },
    {
      "type": "Feature",
      "properties": {
        "@id": "node/9643168399",
        "barrier": "gate"
      },
      "geometry": {
        "type": "Point",
        "coordinates": [
          2.4840885,
          48.9020661
        ]
      },
      "id": "node/9643168399"
    },
    {
      "type": "Feature",
      "properties": {
        "@id": "node/9643168402",
        "barrier": "gate"
      },
      "geometry": {
        "type": "Point",
        "coordinates": [
          2.4840134,
          48.9021152
        ]
      },
      "id": "node/9643168402"
    },
    {
      "type": "Feature",
      "properties": {
        "@id": "node/9643168408",
        "barrier": "gate"
      },
      "geometry": {
        "type": "Point",
        "coordinates": [
          2.4854041,
          48.9019101
        ]
      },
      "id": "node/9643168408"
    },
    {
      "type": "Feature",
      "properties": {
        "@id": "node/9643170068",
        "barrier": "swing_gate"
      },
      "geometry": {
        "type": "Point",
        "coordinates": [
          2.4857501,
          48.905698
        ]
      },
      "id": "node/9643170068"
    },
    {
      "type": "Feature",
      "properties": {
        "@id": "node/9643188133",
        "barrier": "gate"
      },
      "geometry": {
        "type": "Point",
        "coordinates": [
          2.482962,
          48.8993202
        ]
      },
      "id": "node/9643188133"
    },
    {
      "type": "Feature",
      "properties": {
        "@id": "node/9643188146",
        "barrier": "gate"
      },
      "geometry": {
        "type": "Point",
        "coordinates": [
          2.4835316,
          48.8992707
        ]
      },
      "id": "node/9643188146"
    },
    {
      "type": "Feature",
      "properties": {
        "@id": "node/9643188149",
        "barrier": "gate"
      },
      "geometry": {
        "type": "Point",
        "coordinates": [
          2.4838758,
          48.8991352
        ]
      },
      "id": "node/9643188149"
    },
    {
      "type": "Feature",
      "properties": {
        "@id": "node/9643188156",
        "barrier": "gate"
      },
      "geometry": {
        "type": "Point",
        "coordinates": [
          2.4847579,
          48.8988336
        ]
      },
      "id": "node/9643188156"
    },
    {
      "type": "Feature",
      "properties": {
        "@id": "node/9643188159",
        "barrier": "gate"
      },
      "geometry": {
        "type": "Point",
        "coordinates": [
          2.4837482,
          48.8984942
        ]
      },
      "id": "node/9643188159"
    },
    {
      "type": "Feature",
      "properties": {
        "@id": "node/9643238428",
        "barrier": "gate"
      },
      "geometry": {
        "type": "Point",
        "coordinates": [
          2.4857824,
          48.8953718
        ]
      },
      "id": "node/9643238428"
    },
    {
      "type": "Feature",
      "properties": {
        "@id": "node/9643262265",
        "barrier": "gate"
      },
      "geometry": {
        "type": "Point",
        "coordinates": [
          2.472467,
          48.9040812
        ]
      },
      "id": "node/9643262265"
    },
    {
      "type": "Feature",
      "properties": {
        "@id": "node/9643262267",
        "barrier": "gate"
      },
      "geometry": {
        "type": "Point",
        "coordinates": [
          2.4713153,
          48.9027326
        ]
      },
      "id": "node/9643262267"
    },
    {
      "type": "Feature",
      "properties": {
        "@id": "node/9643262274",
        "barrier": "gate"
      },
      "geometry": {
        "type": "Point",
        "coordinates": [
          2.472253,
          48.9027411
        ]
      },
      "id": "node/9643262274"
    },
    {
      "type": "Feature",
      "properties": {
        "@id": "node/9643319356",
        "barrier": "gate"
      },
      "geometry": {
        "type": "Point",
        "coordinates": [
          2.4772468,
          48.9018245
        ]
      },
      "id": "node/9643319356"
    },
    {
      "type": "Feature",
      "properties": {
        "@id": "node/9643319376",
        "barrier": "gate"
      },
      "geometry": {
        "type": "Point",
        "coordinates": [
          2.4784057,
          48.9032665
        ]
      },
      "id": "node/9643319376"
    },
    {
      "type": "Feature",
      "properties": {
        "@id": "node/9643319378",
        "barrier": "gate"
      },
      "geometry": {
        "type": "Point",
        "coordinates": [
          2.4782372,
          48.902972
        ]
      },
      "id": "node/9643319378"
    },
    {
      "type": "Feature",
      "properties": {
        "@id": "node/9914987494",
        "amenity": "ticket_validator",
        "barrier": "turnstile",
        "fee": "yes",
        "level": "0",
        "wheelchair": "no"
      },
      "geometry": {
        "type": "Point",
        "coordinates": [
          2.4803916,
          48.8941357
        ]
      },
      "id": "node/9914987494"
    },
    {
      "type": "Feature",
      "properties": {
        "@id": "node/9914987495",
        "amenity": "ticket_validator",
        "barrier": "turnstile",
        "bicycle": "yes",
        "fee": "yes",
        "level": "0",
        "wheelchair": "yes"
      },
      "geometry": {
        "type": "Point",
        "coordinates": [
          2.4804327,
          48.8941299
        ]
      },
      "id": "node/9914987495"
    },
    {
      "type": "Feature",
      "properties": {
        "@id": "node/9914987497",
        "access": "private",
        "barrier": "gate",
        "level": "0"
      },
      "geometry": {
        "type": "Point",
        "coordinates": [
          2.4803335,
          48.8941438
        ]
      },
      "id": "node/9914987497"
    },
    {
      "type": "Feature",
      "properties": {
        "@id": "node/9992842559",
        "barrier": "gate",
        "foot": "yes"
      },
      "geometry": {
        "type": "Point",
        "coordinates": [
          2.4870674,
          48.8936263
        ]
      },
      "id": "node/9992842559"
    },
    {
      "type": "Feature",
      "properties": {
        "@id": "node/9992842560",
        "barrier": "gate",
        "foot": "yes"
      },
      "geometry": {
        "type": "Point",
        "coordinates": [
          2.4880724,
          48.8933814
        ]
      },
      "id": "node/9992842560"
    },
    {
      "type": "Feature",
      "properties": {
        "@id": "node/10272950082",
        "barrier": "gate",
        "bicycle": "yes",
        "foot": "yes",
        "locked": "yes",
        "material": "metal",
        "motor_vehicle": "no",
        "wheelchair": "yes"
      },
      "geometry": {
        "type": "Point",
        "coordinates": [
          2.4851651,
          48.8989033
        ]
      },
      "id": "node/10272950082"
    },
    {
      "type": "Feature",
      "properties": {
        "@id": "node/10599232838",
        "barrier": "gate"
      },
      "geometry": {
        "type": "Point",
        "coordinates": [
          2.4819633,
          48.8932397
        ]
      },
      "id": "node/10599232838"
    },
    {
      "type": "Feature",
      "properties": {
        "@id": "node/11202321226",
        "barrier": "gate"
      },
      "geometry": {
        "type": "Point",
        "coordinates": [
          2.4890628,
          48.9168415
        ]
      },
      "id": "node/11202321226"
    },
    {
      "type": "Feature",
      "properties": {
        "@id": "node/11202321227",
        "barrier": "gate"
      },
      "geometry": {
        "type": "Point",
        "coordinates": [
          2.4889789,
          48.9166499
        ]
      },
      "id": "node/11202321227"
    },
    {
      "type": "Feature",
      "properties": {
        "@id": "node/11659984026",
        "barrier": "gate"
      },
      "geometry": {
        "type": "Point",
        "coordinates": [
          2.4863528,
          48.9095067
        ]
      },
      "id": "node/11659984026"
    },
    {
      "type": "Feature",
      "properties": {
        "@id": "node/11659984030",
        "barrier": "gate"
      },
      "geometry": {
        "type": "Point",
        "coordinates": [
          2.4798283,
          48.9139446
        ]
      },
      "id": "node/11659984030"
    },
    {
      "type": "Feature",
      "properties": {
        "@id": "node/11659984032",
        "barrier": "gate"
      },
      "geometry": {
        "type": "Point",
        "coordinates": [
          2.4812774,
          48.9142133
        ]
      },
      "id": "node/11659984032"
    },
    {
      "type": "Feature",
      "properties": {
        "@id": "node/11659984034",
        "barrier": "gate"
      },
      "geometry": {
        "type": "Point",
        "coordinates": [
          2.4830771,
          48.9142218
        ]
      },
      "id": "node/11659984034"
    },
    {
      "type": "Feature",
      "properties": {
        "@id": "node/11659984042",
        "barrier": "gate"
      },
      "geometry": {
        "type": "Point",
        "coordinates": [
          2.4833688,
          48.914447
        ]
      },
      "id": "node/11659984042"
    },
    {
      "type": "Feature",
      "properties": {
        "@id": "node/11659984044",
        "barrier": "gate"
      },
      "geometry": {
        "type": "Point",
        "coordinates": [
          2.4783276,
          48.9136709
        ]
      },
      "id": "node/11659984044"
    },
    {
      "type": "Feature",
      "properties": {
        "@id": "node/11659984050",
        "barrier": "gate"
      },
      "geometry": {
        "type": "Point",
        "coordinates": [
          2.4785757,
          48.9103485
        ]
      },
      "id": "node/11659984050"
    },
    {
      "type": "Feature",
      "properties": {
        "@id": "node/11659984063",
        "barrier": "gate"
      },
      "geometry": {
        "type": "Point",
        "coordinates": [
          2.4776088,
          48.9121581
        ]
      },
      "id": "node/11659984063"
    },
    {
      "type": "Feature",
      "properties": {
        "@id": "node/11659984072",
        "barrier": "gate"
      },
      "geometry": {
        "type": "Point",
        "coordinates": [
          2.4763817,
          48.9109386
        ]
      },
      "id": "node/11659984072"
    },
    {
      "type": "Feature",
      "properties": {
        "@id": "node/11753004043",
        "barrier": "kerb",
        "kerb": "lowered",
        "tactile_paving": "no"
      },
      "geometry": {
        "type": "Point",
        "coordinates": [
          2.4843126,
          48.8955858
        ]
      },
      "id": "node/11753004043"
    },
    {
      "type": "Feature",
      "properties": {
        "@id": "node/11753004045",
        "barrier": "kerb",
        "kerb": "lowered",
        "tactile_paving": "no"
      },
      "geometry": {
        "type": "Point",
        "coordinates": [
          2.4844353,
          48.8955692
        ]
      },
      "id": "node/11753004045"
    },
    {
      "type": "Feature",
      "properties": {
        "@id": "node/11753004065",
        "barrier": "kerb",
        "kerb": "flush",
        "tactile_paving": "no"
      },
      "geometry": {
        "type": "Point",
        "coordinates": [
          2.4837266,
          48.8940051
        ]
      },
      "id": "node/11753004065"
    },
    {
      "type": "Feature",
      "properties": {
        "@id": "node/11753004067",
        "barrier": "kerb",
        "kerb": "flush",
        "tactile_paving": "no"
      },
      "geometry": {
        "type": "Point",
        "coordinates": [
          2.4836152,
          48.8940353
        ]
      },
      "id": "node/11753004067"
    },
    {
      "type": "Feature",
      "properties": {
        "@id": "node/11753004073",
        "barrier": "kerb",
        "kerb": "lowered",
        "tactile_paving": "yes"
      },
      "geometry": {
        "type": "Point",
        "coordinates": [
          2.4810906,
          48.8945916
        ]
      },
      "id": "node/11753004073"
    },
    {
      "type": "Feature",
      "properties": {
        "@id": "node/11753004075",
        "barrier": "kerb",
        "kerb": "lowered",
        "tactile_paving": "yes"
      },
      "geometry": {
        "type": "Point",
        "coordinates": [
          2.4810836,
          48.8945555
        ]
      },
      "id": "node/11753004075"
    },
    {
      "type": "Feature",
      "properties": {
        "@id": "node/11753004076",
        "barrier": "kerb",
        "kerb": "lowered",
        "tactile_paving": "no"
      },
      "geometry": {
        "type": "Point",
        "coordinates": [
          2.4819073,
          48.8944678
        ]
      },
      "id": "node/11753004076"
    },
    {
      "type": "Feature",
      "properties": {
        "@id": "node/11753004077",
        "barrier": "kerb",
        "kerb": "lowered",
        "tactile_paving": "no"
      },
      "geometry": {
        "type": "Point",
        "coordinates": [
          2.4818861,
          48.8944383
        ]
      },
      "id": "node/11753004077"
    },
    {
      "type": "Feature",
      "properties": {
        "@id": "node/12246918146",
        "barrier": "gate"
      },
      "geometry": {
        "type": "Point",
        "coordinates": [
          2.4752978,
          48.8917591
        ]
      },
      "id": "node/12246918146"
    },
    {
      "type": "Feature",
      "properties": {
        "@id": "node/12246918159",
        "barrier": "gate"
      },
      "geometry": {
        "type": "Point",
        "coordinates": [
          2.4751646,
          48.8911708
        ]
      },
      "id": "node/12246918159"
    },
    {
      "type": "Feature",
      "properties": {
        "@id": "node/12246918187",
        "barrier": "gate"
      },
      "geometry": {
        "type": "Point",
        "coordinates": [
          2.4775056,
          48.8911589
        ]
      },
      "id": "node/12246918187"
    },
    {
      "type": "Feature",
      "properties": {
        "@id": "node/12465157925",
        "barrier": "gate"
      },
      "geometry": {
        "type": "Point",
        "coordinates": [
          2.4765715,
          48.8888974
        ]
      },
      "id": "node/12465157925"
    },
    {
      "type": "Feature",
      "properties": {
        "@id": "node/12465157926",
        "barrier": "gate"
      },
      "geometry": {
        "type": "Point",
        "coordinates": [
          2.4765812,
          48.8890135
        ]
      },
      "id": "node/12465157926"
    },
    {
      "type": "Feature",
      "properties": {
        "@id": "node/12757402314",
        "barrier": "yes"
      },
      "geometry": {
        "type": "Point",
        "coordinates": [
          2.4863611,
          48.8958807
        ]
      },
      "id": "node/12757402314"
    },
    {
      "type": "Feature",
      "properties": {
        "@id": "node/12860411194",
        "barrier": "gate",
        "locked": "yes",
        "wheelchair": "no"
      },
      "geometry": {
        "type": "Point",
        "coordinates": [
          2.4980676,
          48.9022596
        ]
      },
      "id": "node/12860411194"
    },
    {
      "type": "Feature",
      "properties": {
        "@id": "node/12860411195",
        "barrier": "gate",
        "locked": "yes",
        "wheelchair": "no"
      },
      "geometry": {
        "type": "Point",
        "coordinates": [
          2.4988992,
          48.9020359
        ]
      },
      "id": "node/12860411195"
    },
    {
      "type": "Feature",
      "properties": {
        "@id": "node/13190669855",
        "barrier": "gate"
      },
      "geometry": {
        "type": "Point",
        "coordinates": [
          2.4743415,
          48.8976266
        ]
      },
      "id": "node/13190669855"
    },
    {
      "type": "Feature",
      "properties": {
        "@id": "node/13190669865",
        "barrier": "gate"
      },
      "geometry": {
        "type": "Point",
        "coordinates": [
          2.4737377,
          48.8984584
        ]
      },
      "id": "node/13190669865"
    },
    {
      "type": "Feature",
      "properties": {
        "@id": "node/13190669872",
        "barrier": "gate"
      },
      "geometry": {
        "type": "Point",
        "coordinates": [
          2.4741179,
          48.8998095
        ]
      },
      "id": "node/13190669872"
    },
    {
      "type": "Feature",
      "properties": {
        "@id": "node/13198141740",
        "barrier": "lift_gate",
        "lift_gate:type": "single"
      },
      "geometry": {
        "type": "Point",
        "coordinates": [
          2.4901999,
          48.9096293
        ]
      },
      "id": "node/13198141740"
    },
    {
      "type": "Feature",
      "properties": {
        "@id": "node/13198141741",
        "barrier": "lift_gate",
        "lift_gate:type": "single"
      },
      "geometry": {
        "type": "Point",
        "coordinates": [
          2.4902191,
          48.9095829
        ]
      },
      "id": "node/13198141741"
    },
    {
      "type": "Feature",
      "properties": {
        "@id": "node/13730799918",
        "barrier": "gate"
      },
      "geometry": {
        "type": "Point",
        "coordinates": [
          2.479718,
          48.9149256
        ]
      },
      "id": "node/13730799918"
    },
    {
      "type": "Feature",
      "properties": {
        "@id": "node/13730799929",
        "barrier": "gate"
      },
      "geometry": {
        "type": "Point",
        "coordinates": [
          2.4898226,
          48.8916337
        ]
      },
      "id": "node/13730799929"
    },
    {
      "type": "Feature",
      "properties": {
        "@id": "node/13730799931",
        "barrier": "gate"
      },
      "geometry": {
        "type": "Point",
        "coordinates": [
          2.4889096,
          48.8916442
        ]
      },
      "id": "node/13730799931"
    }
  ]
}