{
  "type": "FeatureCollection",
  "generator": "overpass-turbo",
  "copyright": "The data included in this document is from www.openstreetmap.org. The data is made available under ODbL.",
  "timestamp": "2026-03-03T15:30:30Z",
  "features": [
    {
      "type": "Feature",
      "properties": {
        "@id": "way/45269943",
        "addr:city": "Bondy",
        "addr:housenumber": "32",
        "amenity": "post_office",
        "atm": "yes",
        "brand": "La Poste",
        "building": "public",
        "copy_facility": "yes",
        "name": "Poste",
        "opening_hours": "Mo,We-Fr 09:00-12:30,14:30-18:00; Tu 09:00-12:00,14:30-18:00; Sa 09:00-12:30; PH off; 2024 May 20 off",
        "operator": "La Poste",
        "phone:FR": "36 31",
        "ref:FR:LaPoste": "17265A",
        "source": "LaPoste - 03/2019",
        "stamping_machine": "yes",
        "wheelchair": "yes"
      },
      "geometry": {
        "type": "Polygon",
        "coordinates": [
          [
            [
              2.4763738,
              48.900398
            ],
            [
              2.4760201,
              48.9004602
            ],
            [
              2.4759952,
              48.9003971
            ],
            [
              2.4762385,
              48.9003538
            ],
            [
              2.4762304,
              48.9003339
            ],
            [
              2.4763406,
              48.900315
            ],
            [
              2.4763738,
              48.900398
            ]
          ]
        ]
      },
      "id": "way/45269943"
    },
    {
      "type": "Feature",
      "properties": {
        "@id": "way/84163190",
        "building": "public",
        "source": "cadastre-dgi-fr source : Direction Générale des Impôts - Cadastre. Mise à jour : 2010"
      },
      "geometry": {
        "type": "Polygon",
        "coordinates": [
          [
            [
              2.4775022,
              48.8937266
            ],
            [
              2.4774555,
              48.8934862
            ],
            [
              2.477454,
              48.8934723
            ],
            [
              2.4774566,
              48.8934611
            ],
            [
              2.4774679,
              48.8934482
            ],
            [
              2.4774816,
              48.8934404
            ],
            [
              2.4774926,
              48.8934362
            ],
            [
              2.4775111,
              48.8934335
            ],
            [
              2.4775353,
              48.8934346
            ],
            [
              2.4775618,
              48.893445
            ],
            [
              2.4775729,
              48.8934548
            ],
            [
              2.4775808,
              48.8934683
            ],
            [
              2.4776628,
              48.893461
            ],
            [
              2.4776732,
              48.8935134
            ],
            [
              2.4776314,
              48.8935172
            ],
            [
              2.4776692,
              48.8937081
            ],
            [
              2.4776074,
              48.8937149
            ],
            [
              2.4775022,
              48.8937266
            ]
          ]
        ]
      },
      "id": "way/84163190"
    },
    {
      "type": "Feature",
      "properties": {
        "@id": "way/84163237",
        "building": "public",
        "source": "cadastre-dgi-fr source : Direction Générale des Impôts - Cadastre. Mise à jour : 2010"
      },
      "geometry": {
        "type": "Polygon",
        "coordinates": [
          [
            [
              2.4917202,
              48.9168699
            ],
            [
              2.4916163,
              48.9168556
            ],
            [
              2.4917065,
              48.9165933
            ],
            [
              2.4917917,
              48.9163541
            ],
            [
              2.4918964,
              48.9163699
            ],
            [
              2.4918739,
              48.9164336
            ],
            [
              2.4917202,
              48.9168699
            ]
          ]
        ]
      },
      "id": "way/84163237"
    },
    {
      "type": "Feature",
      "properties": {
        "@id": "way/84163454",
        "building": "public",
        "source": "cadastre-dgi-fr source : Direction Générale des Impôts - Cadastre. Mise à jour : 2010"
      },
      "geometry": {
        "type": "Polygon",
        "coordinates": [
          [
            [
              2.4736414,
              48.9029062
            ],
            [
              2.4735865,
              48.9029066
            ],
            [
              2.4735802,
              48.9027341
            ],
            [
              2.4737685,
              48.9027305
            ],
            [
              2.4737754,
              48.9028632
            ],
            [
              2.4739123,
              48.9028605
            ],
            [
              2.4739084,
              48.9027852
            ],
            [
              2.4743602,
              48.9027748
            ],
            [
              2.4743621,
              48.9028908
            ],
            [
              2.4741485,
              48.9028949
            ],
            [
              2.4739805,
              48.9028986
            ],
            [
              2.4736865,
              48.9029048
            ],
            [
              2.4736414,
              48.9029062
            ]
          ]
        ]
      },
      "id": "way/84163454"
    },
    {
      "type": "Feature",
      "properties": {
        "@id": "way/84163502",
        "building": "public",
        "name": "École Maternelle Henri Sellier",
        "polling_station": "yes",
        "polling_station:ref": "8",
        "polling_station:ref_2": "31",
        "school:FR": "maternelle",
        "source": "cadastre-dgi-fr source : Direction Générale des Impôts - Cadastre. Mise à jour : 2010"
      },
      "geometry": {
        "type": "Polygon",
        "coordinates": [
          [
            [
              2.4930558,
              48.9005274
            ],
            [
              2.4929503,
              48.9005629
            ],
            [
              2.4926014,
              48.9006843
            ],
            [
              2.4926304,
              48.9007222
            ],
            [
              2.4924616,
              48.900781
            ],
            [
              2.4923284,
              48.9006102
            ],
            [
              2.4922959,
              48.9006209
            ],
            [
              2.4921897,
              48.9004851
            ],
            [
              2.4921255,
              48.9004053
            ],
            [
              2.4921219,
              48.9003935
            ],
            [
              2.4921233,
              48.9003795
            ],
            [
              2.4921313,
              48.9003686
            ],
            [
              2.4921405,
              48.9003611
            ],
            [
              2.492159,
              48.9003525
            ],
            [
              2.492172,
              48.9003495
            ],
            [
              2.4921933,
              48.9003482
            ],
            [
              2.4922103,
              48.9003505
            ],
            [
              2.4922278,
              48.9003579
            ],
            [
              2.4922409,
              48.9003667
            ],
            [
              2.4922471,
              48.9003734
            ],
            [
              2.492387,
              48.9005527
            ],
            [
              2.4924341,
              48.900536
            ],
            [
              2.4925048,
              48.9006232
            ],
            [
              2.4929957,
              48.9004529
            ],
            [
              2.4930558,
              48.9005274
            ]
          ]
        ]
      },
      "id": "way/84163502"
    },
    {
      "type": "Feature",
      "properties": {
        "@id": "way/84164109",
        "building": "public",
        "healthcare": "psychotherapist",
        "name": "Centre médico psychologique",
        "source": "cadastre-dgi-fr source : Direction Générale des Impôts - Cadastre. Mise à jour : 2010"
      },
      "geometry": {
        "type": "Polygon",
        "coordinates": [
          [
            [
              2.4928894,
              48.9038581
            ],
            [
              2.4929012,
              48.9038762
            ],
            [
              2.4931678,
              48.9038058
            ],
            [
              2.493226,
              48.9039027
            ],
            [
              2.4929123,
              48.9039845
            ],
            [
              2.4928934,
              48.9039524
            ],
            [
              2.4928835,
              48.9039548
            ],
            [
              2.4928813,
              48.9039503
            ],
            [
              2.4928136,
              48.903968
            ],
            [
              2.4927668,
              48.9038898
            ],
            [
              2.4928473,
              48.9038691
            ],
            [
              2.4928894,
              48.9038581
            ]
          ]
        ]
      },
      "id": "way/84164109"
    },
    {
      "type": "Feature",
      "properties": {
        "@id": "way/84164151",
        "building": "public",
        "source": "cadastre-dgi-fr source : Direction Générale des Impôts - Cadastre. Mise à jour : 2010"
      },
      "geometry": {
        "type": "Polygon",
        "coordinates": [
          [
            [
              2.4876682,
              48.8919009
            ],
            [
              2.4876248,
              48.8919117
            ],
            [
              2.4875578,
              48.8917933
            ],
            [
              2.487512,
              48.8918047
            ],
            [
              2.4874601,
              48.8917142
            ],
            [
              2.4875972,
              48.8916811
            ],
            [
              2.4876139,
              48.8917104
            ],
            [
              2.4877482,
              48.8916774
            ],
            [
              2.4877998,
              48.8917669
            ],
            [
              2.487754,
              48.8917782
            ],
            [
              2.4878042,
              48.8918668
            ],
            [
              2.4876682,
              48.8919009
            ]
          ]
        ]
      },
      "id": "way/84164151"
    },
    {
      "type": "Feature",
      "properties": {
        "@id": "way/84164326",
        "building": "public",
        "polling_station": "yes",
        "polling_station:ref": "16",
        "source": "cadastre-dgi-fr source : Direction Générale des Impôts - Cadastre. Mise à jour : 2010"
      },
      "geometry": {
        "type": "Polygon",
        "coordinates": [
          [
            [
              2.489986,
              48.8959214
            ],
            [
              2.4898181,
              48.8959568
            ],
            [
              2.4895252,
              48.8960196
            ],
            [
              2.4894899,
              48.896009
            ],
            [
              2.4894601,
              48.8959508
            ],
            [
              2.4897422,
              48.8958907
            ],
            [
              2.4894437,
              48.8953874
            ],
            [
              2.4894367,
              48.8953891
            ],
            [
              2.4893555,
              48.8952548
            ],
            [
              2.4892744,
              48.8952757
            ],
            [
              2.4892978,
              48.8953158
            ],
            [
              2.489314,
              48.8953121
            ],
            [
              2.4893199,
              48.8953228
            ],
            [
              2.4891936,
              48.8953558
            ],
            [
              2.4891151,
              48.8952264
            ],
            [
              2.4893142,
              48.8951739
            ],
            [
              2.4892344,
              48.895042
            ],
            [
              2.4893487,
              48.8950132
            ],
            [
              2.489416,
              48.8951241
            ],
            [
              2.4894403,
              48.8951174
            ],
            [
              2.4894494,
              48.8951152
            ],
            [
              2.4894714,
              48.8951517
            ],
            [
              2.4895877,
              48.8953467
            ],
            [
              2.4896348,
              48.895334
            ],
            [
              2.4896844,
              48.8954187
            ],
            [
              2.4896074,
              48.8954399
            ],
            [
              2.4896784,
              48.895558
            ],
            [
              2.4897556,
              48.8955374
            ],
            [
              2.4898296,
              48.8956609
            ],
            [
              2.4897502,
              48.8956816
            ],
            [
              2.4898264,
              48.8958073
            ],
            [
              2.4899053,
              48.8957866
            ],
            [
              2.4899508,
              48.8958623
            ],
            [
              2.489986,
              48.8959214
            ]
          ]
        ]
      },
      "id": "way/84164326"
    },
    {
      "type": "Feature",
      "properties": {
        "@id": "way/84165049",
        "amenity": "kindergarten",
        "building": "public",
        "source": "cadastre-dgi-fr source : Direction Générale des Impôts - Cadastre. Mise à jour : 2010"
      },
      "geometry": {
        "type": "Polygon",
        "coordinates": [
          [
            [
              2.4879618,
              48.8968611
            ],
            [
              2.4879574,
              48.8968617
            ],
            [
              2.4878538,
              48.8968775
            ],
            [
              2.4874696,
              48.8969331
            ],
            [
              2.4874354,
              48.896833
            ],
            [
              2.4874347,
              48.8968243
            ],
            [
              2.4878181,
              48.8967689
            ],
            [
              2.487821,
              48.8967751
            ],
            [
              2.4878651,
              48.8967693
            ],
            [
              2.4878042,
              48.8965917
            ],
            [
              2.4877599,
              48.8965975
            ],
            [
              2.4877252,
              48.8964896
            ],
            [
              2.4880654,
              48.8964387
            ],
            [
              2.4881025,
              48.8965466
            ],
            [
              2.487977,
              48.8965654
            ],
            [
              2.487986,
              48.896595
            ],
            [
              2.4879483,
              48.8966001
            ],
            [
              2.4879005,
              48.8966077
            ],
            [
              2.4879544,
              48.8967722
            ],
            [
              2.4879324,
              48.8967763
            ],
            [
              2.4879618,
              48.8968611
            ]
          ]
        ]
      },
      "id": "way/84165049"
    },
    {
      "type": "Feature",
      "properties": {
        "@id": "way/84165154",
        "amenity": "social_centre",
        "building": "public",
        "name": "Espace Mandela",
        "polling_station": "yes",
        "polling_station_ref": "11",
        "source": "cadastre-dgi-fr source : Direction Générale des Impôts - Cadastre. Mise à jour : 2010"
      },
      "geometry": {
        "type": "Polygon",
        "coordinates": [
          [
            [
              2.4853566,
              48.8987565
            ],
            [
              2.4853441,
              48.8987204
            ],
            [
              2.4852809,
              48.8987295
            ],
            [
              2.4852376,
              48.8986164
            ],
            [
              2.4854953,
              48.8985766
            ],
            [
              2.485509,
              48.8986131
            ],
            [
              2.4855294,
              48.8986679
            ],
            [
              2.4855513,
              48.8987265
            ],
            [
              2.4853566,
              48.8987565
            ]
          ]
        ]
      },
      "id": "way/84165154"
    },
    {
      "type": "Feature",
      "properties": {
        "@id": "way/84165214",
        "amenity": "kindergarten",
        "building": "public",
        "name": "Halte jeux la ronde des enfants",
        "source": "cadastre-dgi-fr source : Direction Générale des Impôts - Cadastre. Mise à jour : 2010"
      },
      "geometry": {
        "type": "Polygon",
        "coordinates": [
          [
            [
              2.4938511,
              48.9032517
            ],
            [
              2.4938369,
              48.9032047
            ],
            [
              2.4937939,
              48.9032028
            ],
            [
              2.493802,
              48.9031321
            ],
            [
              2.4938069,
              48.9031226
            ],
            [
              2.4938163,
              48.9031149
            ],
            [
              2.4938277,
              48.9031105
            ],
            [
              2.4938416,
              48.9031076
            ],
            [
              2.493859,
              48.9031077
            ],
            [
              2.4938788,
              48.9031145
            ],
            [
              2.4938888,
              48.9031227
            ],
            [
              2.4939041,
              48.9031675
            ],
            [
              2.4939987,
              48.903155
            ],
            [
              2.4940214,
              48.9032284
            ],
            [
              2.4938511,
              48.9032517
            ]
          ]
        ]
      },
      "id": "way/84165214"
    },
    {
      "type": "Feature",
      "properties": {
        "@id": "way/84165411",
        "building": "public",
        "source": "cadastre-dgi-fr source : Direction Générale des Impôts - Cadastre. Mise à jour : 2010",
        "start_date": "1937"
      },
      "geometry": {
        "type": "Polygon",
        "coordinates": [
          [
            [
              2.4897711,
              48.8966871
            ],
            [
              2.489826,
              48.89668
            ],
            [
              2.4898811,
              48.8966725
            ],
            [
              2.4898933,
              48.8966706
            ],
            [
              2.490014,
              48.8970924
            ],
            [
              2.4900332,
              48.8970908
            ],
            [
              2.4900767,
              48.8972327
            ],
            [
              2.4899371,
              48.8972501
            ],
            [
              2.4897711,
              48.8966871
            ]
          ]
        ]
      },
      "id": "way/84165411"
    },
    {
      "type": "Feature",
      "properties": {
        "@id": "way/84165713",
        "addr:housenumber": "30",
        "addr:street": "Rue Paul Vaillant-couturier",
        "building": "public",
        "building:architecture": "Architecture scolaire",
        "building:architecture:niveau": "3",
        "operator": "ville de Bondy",
        "polling_station": "yes",
        "polling_station:ref": "2",
        "source": "cadastre-dgi-fr source : Direction Générale des Impôts - Cadastre. Mise à jour : 2010",
        "start_date": "1900"
      },
      "geometry": {
        "type": "Polygon",
        "coordinates": [
          [
            [
              2.4761754,
              48.9011956
            ],
            [
              2.4762476,
              48.9013578
            ],
            [
              2.4764841,
              48.9013106
            ],
            [
              2.4763921,
              48.9010989
            ],
            [
              2.4765184,
              48.9010818
            ],
            [
              2.4766479,
              48.9013771
            ],
            [
              2.476163,
              48.9014725
            ],
            [
              2.4760243,
              48.9012352
            ],
            [
              2.4761754,
              48.9011956
            ]
          ]
        ]
      },
      "id": "way/84165713"
    },
    {
      "type": "Feature",
      "properties": {
        "@id": "way/84165810",
        "amenity": "polling_station",
        "building": "public",
        "polling_station": "yes",
        "polling_station:ref": "10",
        "source": "cadastre-dgi-fr source : Direction Générale des Impôts - Cadastre. Mise à jour : 2010"
      },
      "geometry": {
        "type": "Polygon",
        "coordinates": [
          [
            [
              2.4902275,
              48.897715
            ],
            [
              2.4901544,
              48.8977235
            ],
            [
              2.4900534,
              48.8973895
            ],
            [
              2.4898808,
              48.897411
            ],
            [
              2.4898636,
              48.8973573
            ],
            [
              2.489801,
              48.8973653
            ],
            [
              2.4898238,
              48.897427
            ],
            [
              2.4898302,
              48.8974259
            ],
            [
              2.4898339,
              48.8974297
            ],
            [
              2.4898606,
              48.8975053
            ],
            [
              2.4899937,
              48.8978671
            ],
            [
              2.4901941,
              48.8978453
            ],
            [
              2.4902191,
              48.8979274
            ],
            [
              2.4900663,
              48.8979423
            ],
            [
              2.4899001,
              48.8979575
            ],
            [
              2.4896596,
              48.897303
            ],
            [
              2.489637,
              48.8972414
            ],
            [
              2.489887,
              48.8972094
            ],
            [
              2.4899149,
              48.8972989
            ],
            [
              2.4900979,
              48.8972766
            ],
            [
              2.4901222,
              48.8973552
            ],
            [
              2.4901482,
              48.8974435
            ],
            [
              2.4901746,
              48.8975323
            ],
            [
              2.4902009,
              48.8976224
            ],
            [
              2.4902275,
              48.897715
            ]
          ]
        ]
      },
      "id": "way/84165810"
    },
    {
      "type": "Feature",
      "properties": {
        "@id": "way/84165935",
        "amenity": "community_centre",
        "building": "public",
        "name": "Maison de la Jeunesse et des Services Publics (MJSP)",
        "operator": "ville de Bondy",
        "source": "cadastre-dgi-fr source : Direction Générale des Impôts - Cadastre. Mise à jour : 2010",
        "wall": "no"
      },
      "geometry": {
        "type": "Polygon",
        "coordinates": [
          [
            [
              2.4810665,
              48.91358
            ],
            [
              2.4813428,
              48.9135488
            ],
            [
              2.4813483,
              48.9135763
            ],
            [
              2.4814228,
              48.9138411
            ],
            [
              2.481389,
              48.9138452
            ],
            [
              2.481319,
              48.9135911
            ],
            [
              2.4810772,
              48.9136209
            ],
            [
              2.4810719,
              48.9136013
            ],
            [
              2.4810665,
              48.91358
            ]
          ]
        ]
      },
      "id": "way/84165935"
    },
    {
      "type": "Feature",
      "properties": {
        "@id": "way/84165940",
        "addr:city": "Bondy",
        "addr:housenumber": "2",
        "addr:street": "Avenue Jean Moulin",
        "building": "public",
        "healthcare": "clinic",
        "name": "Centre de soins Ambroise Paré",
        "operator:type": "private",
        "source": "cadastre-dgi-fr source : Direction Générale des Impôts - Cadastre. Mise à jour : 2010"
      },
      "geometry": {
        "type": "Polygon",
        "coordinates": [
          [
            [
              2.4771324,
              48.9104182
            ],
            [
              2.4769552,
              48.910445
            ],
            [
              2.4769902,
              48.9105407
            ],
            [
              2.477045,
              48.9105316
            ],
            [
              2.4770864,
              48.9106434
            ],
            [
              2.4770305,
              48.910652
            ],
            [
              2.4770669,
              48.9107524
            ],
            [
              2.4769448,
              48.9107719
            ],
            [
              2.4769476,
              48.9107821
            ],
            [
              2.4769146,
              48.910787
            ],
            [
              2.4769108,
              48.9107773
            ],
            [
              2.4768723,
              48.9107824
            ],
            [
              2.4767613,
              48.9104728
            ],
            [
              2.4767969,
              48.9104678
            ],
            [
              2.4767903,
              48.9104485
            ],
            [
              2.4767533,
              48.910451
            ],
            [
              2.4767095,
              48.9103379
            ],
            [
              2.4767439,
              48.9103331
            ],
            [
              2.4767323,
              48.9102995
            ],
            [
              2.4768332,
              48.910286
            ],
            [
              2.4768432,
              48.9103183
            ],
            [
              2.4770914,
              48.9102807
            ],
            [
              2.4771324,
              48.9104182
            ]
          ]
        ]
      },
      "id": "way/84165940"
    },
    {
      "type": "Feature",
      "properties": {
        "@id": "way/84166173",
        "building": "public",
        "source": "cadastre-dgi-fr source : Direction Générale des Impôts - Cadastre. Mise à jour : 2010"
      },
      "geometry": {
        "type": "Polygon",
        "coordinates": [
          [
            [
              2.4884342,
              48.9032164
            ],
            [
              2.4884699,
              48.9032488
            ],
            [
              2.488466,
              48.9033021
            ],
            [
              2.4881254,
              48.9034702
            ],
            [
              2.4886792,
              48.9039618
            ],
            [
              2.4885802,
              48.90401
            ],
            [
              2.4881987,
              48.9036707
            ],
            [
              2.4880471,
              48.9037438
            ],
            [
              2.4879737,
              48.9036808
            ],
            [
              2.4881271,
              48.9036064
            ],
            [
              2.4879271,
              48.9034293
            ],
            [
              2.4880651,
              48.9033597
            ],
            [
              2.4880936,
              48.9033842
            ],
            [
              2.4884342,
              48.9032164
            ]
          ]
        ]
      },
      "id": "way/84166173"
    },
    {
      "type": "Feature",
      "properties": {
        "@id": "way/84166252",
        "amenity": "social_facility",
        "building": "public",
        "name": "Mission locale",
        "social_facility:for": "juvenile",
        "source": "cadastre-dgi-fr source : Direction Générale des Impôts - Cadastre. Mise à jour : 2010"
      },
      "geometry": {
        "type": "Polygon",
        "coordinates": [
          [
            [
              2.4769836,
              48.903851
            ],
            [
              2.4769804,
              48.9039037
            ],
            [
              2.4768875,
              48.9039032
            ],
            [
              2.4768699,
              48.9042227
            ],
            [
              2.4767255,
              48.9042174
            ],
            [
              2.4767284,
              48.9041605
            ],
            [
              2.4767315,
              48.9041608
            ],
            [
              2.4767375,
              48.904045
            ],
            [
              2.4767826,
              48.904045
            ],
            [
              2.4767889,
              48.9039392
            ],
            [
              2.4767431,
              48.9039381
            ],
            [
              2.4767469,
              48.9038806
            ],
            [
              2.476748,
              48.9038473
            ],
            [
              2.47694,
              48.9038501
            ],
            [
              2.4769403,
              48.903843
            ],
            [
              2.4769283,
              48.9038345
            ],
            [
              2.4769237,
              48.9038263
            ],
            [
              2.476931,
              48.9038165
            ],
            [
              2.4769422,
              48.9038117
            ],
            [
              2.4769555,
              48.9038111
            ],
            [
              2.4769672,
              48.903814
            ],
            [
              2.4769761,
              48.9038205
            ],
            [
              2.476977,
              48.9038312
            ],
            [
              2.4769701,
              48.9038394
            ],
            [
              2.476963,
              48.9038427
            ],
            [
              2.4769623,
              48.9038507
            ],
            [
              2.4769836,
              48.903851
            ]
          ]
        ]
      },
      "id": "way/84166252"
    },
    {
      "type": "Feature",
      "properties": {
        "@id": "way/84166573",
        "building": "public",
        "source": "cadastre-dgi-fr source : Direction Générale des Impôts - Cadastre. Mise à jour : 2010"
      },
      "geometry": {
        "type": "Polygon",
        "coordinates": [
          [
            [
              2.4823944,
              48.9114045
            ],
            [
              2.4821587,
              48.9114706
            ],
            [
              2.4821435,
              48.9115012
            ],
            [
              2.4820794,
              48.9115175
            ],
            [
              2.4820203,
              48.9114246
            ],
            [
              2.4823469,
              48.9113312
            ],
            [
              2.4823944,
              48.9114045
            ]
          ]
        ]
      },
      "id": "way/84166573"
    },
    {
      "type": "Feature",
      "properties": {
        "@id": "way/84166789",
        "addr:city": "Bondy",
        "addr:housenumber": "11",
        "building": "public",
        "building:levels": "2",
        "name": "BTS",
        "source": "cadastre-dgi-fr source : Direction Générale des Impôts - Cadastre. Mise à jour : 2010"
      },
      "geometry": {
        "type": "Polygon",
        "coordinates": [
          [
            [
              2.4746054,
              48.9029261
            ],
            [
              2.4748415,
              48.9028952
            ],
            [
              2.4749915,
              48.903425
            ],
            [
              2.4749866,
              48.9034261
            ],
            [
              2.4750253,
              48.9035661
            ],
            [
              2.4752252,
              48.9035419
            ],
            [
              2.4752492,
              48.9036227
            ],
            [
              2.4750055,
              48.9036531
            ],
            [
              2.4749898,
              48.9036013
            ],
            [
              2.4749422,
              48.9036073
            ],
            [
              2.4749889,
              48.9037726
            ],
            [
              2.4748427,
              48.9038008
            ],
            [
              2.4745551,
              48.9038553
            ],
            [
              2.4745078,
              48.9037517
            ],
            [
              2.4741935,
              48.9038127
            ],
            [
              2.4741469,
              48.9037079
            ],
            [
              2.4744286,
              48.9036543
            ],
            [
              2.4744354,
              48.9036678
            ],
            [
              2.4745202,
              48.9036516
            ],
            [
              2.4744923,
              48.9035885
            ],
            [
              2.474771,
              48.9035343
            ],
            [
              2.474773,
              48.903534
            ],
            [
              2.4747921,
              48.9035784
            ],
            [
              2.4748892,
              48.9035606
            ],
            [
              2.4748811,
              48.9035283
            ],
            [
              2.4748567,
              48.9034422
            ],
            [
              2.47477,
              48.9034525
            ],
            [
              2.4747578,
              48.903454
            ],
            [
              2.4747072,
              48.9032773
            ],
            [
              2.4746461,
              48.9030621
            ],
            [
              2.4746054,
              48.9029261
            ]
          ]
        ]
      },
      "id": "way/84166789"
    },
    {
      "type": "Feature",
      "properties": {
        "@id": "way/84166794",
        "building": "public",
        "name": "Centre de loisir Farnolle",
        "operator": "ville de Bondy",
        "operator:type": "public",
        "source": "cadastre-dgi-fr source : Direction Générale des Impôts - Cadastre. Mise à jour : 2010"
      },
      "geometry": {
        "type": "Polygon",
        "coordinates": [
          [
            [
              2.483279,
              48.9117976
            ],
            [
              2.4833728,
              48.9117698
            ],
            [
              2.4833479,
              48.9117315
            ],
            [
              2.4833801,
              48.9117205
            ],
            [
              2.4833726,
              48.9117109
            ],
            [
              2.483439,
              48.9116899
            ],
            [
              2.483448,
              48.911701
            ],
            [
              2.483477,
              48.9116936
            ],
            [
              2.4835079,
              48.9117315
            ],
            [
              2.4836114,
              48.9117002
            ],
            [
              2.4836632,
              48.9117773
            ],
            [
              2.4833318,
              48.9118758
            ],
            [
              2.483279,
              48.9117976
            ]
          ]
        ]
      },
      "id": "way/84166794"
    },
    {
      "type": "Feature",
      "properties": {
        "@id": "way/84167541",
        "building": "public",
        "leisure": "sports_centre",
        "name": "Gymnase Gérard-Aïache",
        "polling_station": "yes",
        "polling_station_ref": "03",
        "source": "cadastre-dgi-fr source : Direction Générale des Impôts - Cadastre. Mise à jour : 2010"
      },
      "geometry": {
        "type": "Polygon",
        "coordinates": [
          [
            [
              2.4736616,
              48.9025305
            ],
            [
              2.473658,
              48.902464
            ],
            [
              2.4736473,
              48.9022926
            ],
            [
              2.4736584,
              48.9022924
            ],
            [
              2.4736516,
              48.9021869
            ],
            [
              2.4739869,
              48.9021777
            ],
            [
              2.473984,
              48.9021126
            ],
            [
              2.4741974,
              48.9021091
            ],
            [
              2.4742005,
              48.9021725
            ],
            [
              2.4743506,
              48.9021685
            ],
            [
              2.474344,
              48.902044
            ],
            [
              2.4744634,
              48.9020421
            ],
            [
              2.4744639,
              48.902037
            ],
            [
              2.4747422,
              48.9020312
            ],
            [
              2.4747506,
              48.9021639
            ],
            [
              2.474759,
              48.9023068
            ],
            [
              2.4744773,
              48.9023133
            ],
            [
              2.4744769,
              48.9023069
            ],
            [
              2.4743592,
              48.9023096
            ],
            [
              2.4743552,
              48.9022414
            ],
            [
              2.4742464,
              48.9022431
            ],
            [
              2.4742465,
              48.9022771
            ],
            [
              2.4742566,
              48.9022772
            ],
            [
              2.4742573,
              48.9023216
            ],
            [
              2.4743351,
              48.90232
            ],
            [
              2.4743457,
              48.9025123
            ],
            [
              2.4740598,
              48.9025201
            ],
            [
              2.4736616,
              48.9025305
            ]
          ]
        ]
      },
      "id": "way/84167541"
    },
    {
      "type": "Feature",
      "properties": {
        "@id": "way/84167568",
        "building": "public",
        "source": "cadastre-dgi-fr source : Direction Générale des Impôts - Cadastre. Mise à jour : 2010"
      },
      "geometry": {
        "type": "Polygon",
        "coordinates": [
          [
            [
              2.4967092,
              48.8919378
            ],
            [
              2.4967228,
              48.8919455
            ],
            [
              2.4967287,
              48.8919712
            ],
            [
              2.4966966,
              48.8919761
            ],
            [
              2.4967237,
              48.8920773
            ],
            [
              2.4968395,
              48.8920636
            ],
            [
              2.4968498,
              48.892106
            ],
            [
              2.4965686,
              48.8921389
            ],
            [
              2.4961946,
              48.8921838
            ],
            [
              2.4961453,
              48.8920058
            ],
            [
              2.4963056,
              48.8919871
            ],
            [
              2.4966388,
              48.891947
            ],
            [
              2.4967092,
              48.8919378
            ]
          ]
        ]
      },
      "id": "way/84167568"
    },
    {
      "type": "Feature",
      "properties": {
        "@id": "way/84167882",
        "building": "public",
        "name": "École maternelle Jean Zay",
        "ref:UAI": "0930414V",
        "roof:shape": "flat",
        "source": "cadastre-dgi-fr source : Direction Générale des Impôts - Cadastre. Mise à jour : 2010",
        "start_date": "1960"
      },
      "geometry": {
        "type": "Polygon",
        "coordinates": [
          [
            [
              2.4821602,
              48.911805
            ],
            [
              2.4816822,
              48.9119444
            ],
            [
              2.4816997,
              48.9119716
            ],
            [
              2.4815874,
              48.9120069
            ],
            [
              2.4815671,
              48.9119775
            ],
            [
              2.481518,
              48.9119024
            ],
            [
              2.4813617,
              48.9116716
            ],
            [
              2.4813557,
              48.9116716
            ],
            [
              2.4813108,
              48.911604
            ],
            [
              2.4812933,
              48.9115776
            ],
            [
              2.4814189,
              48.9115423
            ],
            [
              2.48144,
              48.9115736
            ],
            [
              2.4814814,
              48.9116349
            ],
            [
              2.4814799,
              48.9116393
            ],
            [
              2.4816228,
              48.9118542
            ],
            [
              2.4817491,
              48.9118181
            ],
            [
              2.4817581,
              48.9118288
            ],
            [
              2.482107,
              48.9117281
            ],
            [
              2.4823518,
              48.9116577
            ],
            [
              2.4822533,
              48.9115034
            ],
            [
              2.4824772,
              48.9114391
            ],
            [
              2.4825951,
              48.9116192
            ],
            [
              2.4823737,
              48.9116815
            ],
            [
              2.4824057,
              48.9117332
            ],
            [
              2.4821602,
              48.911805
            ]
          ]
        ]
      },
      "id": "way/84167882"
    },
    {
      "type": "Feature",
      "properties": {
        "@id": "way/84167901",
        "addr:city": "Bondy",
        "addr:housenumber": "23",
        "amenity": "library",
        "building": "public",
        "name": "Bibliothèque municipale",
        "operator": "EPT Est Ensemble",
        "source": "cadastre-dgi-fr source : Direction Générale des Impôts - Cadastre. Mise à jour : 2010"
      },
      "geometry": {
        "type": "Polygon",
        "coordinates": [
          [
            [
              2.4791954,
              48.9014905
            ],
            [
              2.4792402,
              48.9014789
            ],
            [
              2.4792185,
              48.9014423
            ],
            [
              2.4791455,
              48.9014607
            ],
            [
              2.4791207,
              48.9014186
            ],
            [
              2.4791939,
              48.9014
            ],
            [
              2.4791825,
              48.9013811
            ],
            [
              2.4793424,
              48.9013393
            ],
            [
              2.4793534,
              48.9013578
            ],
            [
              2.4793866,
              48.9013493
            ],
            [
              2.4794118,
              48.9013906
            ],
            [
              2.479378,
              48.9013993
            ],
            [
              2.4794004,
              48.9014361
            ],
            [
              2.4794336,
              48.9014282
            ],
            [
              2.4794557,
              48.9014681
            ],
            [
              2.479425,
              48.9014768
            ],
            [
              2.4794331,
              48.9014913
            ],
            [
              2.4794549,
              48.9014859
            ],
            [
              2.4794529,
              48.9014801
            ],
            [
              2.4794792,
              48.9014733
            ],
            [
              2.4794825,
              48.9014789
            ],
            [
              2.4795159,
              48.9014701
            ],
            [
              2.4795183,
              48.9014733
            ],
            [
              2.4795403,
              48.9014676
            ],
            [
              2.4795521,
              48.901489
            ],
            [
              2.4795307,
              48.9014938
            ],
            [
              2.4795543,
              48.9015341
            ],
            [
              2.4795761,
              48.9015291
            ],
            [
              2.4795968,
              48.9015641
            ],
            [
              2.4796825,
              48.9015433
            ],
            [
              2.4797052,
              48.9015839
            ],
            [
              2.4796206,
              48.9016062
            ],
            [
              2.4796423,
              48.9016449
            ],
            [
              2.4796224,
              48.9016497
            ],
            [
              2.4796458,
              48.9016905
            ],
            [
              2.4796673,
              48.9016855
            ],
            [
              2.4796777,
              48.9017022
            ],
            [
              2.4796572,
              48.9017079
            ],
            [
              2.4796592,
              48.9017119
            ],
            [
              2.4796256,
              48.9017206
            ],
            [
              2.4796318,
              48.9017347
            ],
            [
              2.4795756,
              48.9017491
            ],
            [
              2.4795673,
              48.9017353
            ],
            [
              2.4795078,
              48.9017506
            ],
            [
              2.4795218,
              48.9017726
            ],
            [
              2.4795219,
              48.9017817
            ],
            [
              2.4795165,
              48.9017893
            ],
            [
              2.4795071,
              48.9017943
            ],
            [
              2.4794967,
              48.9017963
            ],
            [
              2.4794837,
              48.9017945
            ],
            [
              2.4794724,
              48.9017886
            ],
            [
              2.4794653,
              48.9017786
            ],
            [
              2.4794683,
              48.9017699
            ],
            [
              2.4794636,
              48.9017624
            ],
            [
              2.4794155,
              48.901775
            ],
            [
              2.4794134,
              48.9017721
            ],
            [
              2.4793918,
              48.9017783
            ],
            [
              2.4793815,
              48.9017602
            ],
            [
              2.4793296,
              48.9017726
            ],
            [
              2.4793046,
              48.9017308
            ],
            [
              2.4793774,
              48.9017124
            ],
            [
              2.4793551,
              48.9016736
            ],
            [
              2.4792812,
              48.9016918
            ],
            [
              2.4792581,
              48.9016536
            ],
            [
              2.4793315,
              48.901634
            ],
            [
              2.4793087,
              48.9015952
            ],
            [
              2.4792359,
              48.9016142
            ],
            [
              2.4792115,
              48.9015748
            ],
            [
              2.4792621,
              48.9015621
            ],
            [
              2.4792524,
              48.9015445
            ],
            [
              2.4792744,
              48.9015395
            ],
            [
              2.4792626,
              48.9015183
            ],
            [
              2.4792188,
              48.9015295
            ],
            [
              2.4791954,
              48.9014905
            ]
          ]
        ]
      },
      "id": "way/84167901"
    },
    {
      "type": "Feature",
      "properties": {
        "@id": "way/84174208",
        "building": "public",
        "leisure": "sports_centre",
        "name": "Gymnase Colette Besson",
        "name:etymology": "Colette Besson",
        "name:etymology:wikidata": "Q233488",
        "name:etymology:wikipedia": "fr:Colette Besson",
        "old_name:-2025": "Gymnase Léo Lagrange",
        "polling_station": "yes",
        "polling_station:ref": "26",
        "source": "cadastre-dgi-fr source : Direction Générale des Impôts - Cadastre. Mise à jour : 2010",
        "sport": "multi"
      },
      "geometry": {
        "type": "Polygon",
        "coordinates": [
          [
            [
              2.4890231,
              48.905732
            ],
            [
              2.4886454,
              48.9059682
            ],
            [
              2.4885941,
              48.9059315
            ],
            [
              2.4885583,
              48.9059542
            ],
            [
              2.488478,
              48.9058972
            ],
            [
              2.4885962,
              48.9058222
            ],
            [
              2.4886227,
              48.9058052
            ],
            [
              2.4885165,
              48.9057287
            ],
            [
              2.4884824,
              48.9057052
            ],
            [
              2.4884976,
              48.9056962
            ],
            [
              2.4885068,
              48.9057026
            ],
            [
              2.4888804,
              48.9054683
            ],
            [
              2.4888744,
              48.9054618
            ],
            [
              2.4888882,
              48.9054537
            ],
            [
              2.4890285,
              48.9055534
            ],
            [
              2.4891761,
              48.9054627
            ],
            [
              2.4892555,
              48.9055191
            ],
            [
              2.4892233,
              48.9055403
            ],
            [
              2.4892728,
              48.9055756
            ],
            [
              2.4891762,
              48.9056365
            ],
            [
              2.4890231,
              48.905732
            ]
          ]
        ]
      },
      "id": "way/84174208"
    },
    {
      "type": "Feature",
      "properties": {
        "@id": "way/84174429",
        "building": "public",
        "name": "Chalet écogardes",
        "operator": "EPT Est Ensemble",
        "source": "cadastre-dgi-fr source : Direction Générale des Impôts - Cadastre. Mise à jour : 2010"
      },
      "geometry": {
        "type": "Polygon",
        "coordinates": [
          [
            [
              2.4887361,
              48.9138139
            ],
            [
              2.4887161,
              48.9138679
            ],
            [
              2.4885646,
              48.9138447
            ],
            [
              2.4885764,
              48.913792
            ],
            [
              2.4886637,
              48.9138035
            ],
            [
              2.4887361,
              48.9138139
            ]
          ]
        ]
      },
      "id": "way/84174429"
    },
    {
      "type": "Feature",
      "properties": {
        "@id": "way/84174489",
        "amenity": "school",
        "building": "public",
        "name": "École maternelle Pierre Curie",
        "polling_station": "yes",
        "polling_station:ref": "13",
        "school:FR": "maternelle",
        "source": "cadastre-dgi-fr source : Direction Générale des Impôts - Cadastre. Mise à jour : 2010"
      },
      "geometry": {
        "type": "Polygon",
        "coordinates": [
          [
            [
              2.4879614,
              48.8921425
            ],
            [
              2.4877381,
              48.8921992
            ],
            [
              2.487728,
              48.8921816
            ],
            [
              2.4876214,
              48.8922083
            ],
            [
              2.48756,
              48.8921065
            ],
            [
              2.4875792,
              48.8921013
            ],
            [
              2.4875843,
              48.8921102
            ],
            [
              2.4878114,
              48.8920534
            ],
            [
              2.488105,
              48.8919795
            ],
            [
              2.4880181,
              48.8918365
            ],
            [
              2.488007,
              48.8918168
            ],
            [
              2.4879724,
              48.8917579
            ],
            [
              2.4885045,
              48.8916251
            ],
            [
              2.48855,
              48.8917032
            ],
            [
              2.488049,
              48.8918286
            ],
            [
              2.4880504,
              48.8918322
            ],
            [
              2.4881321,
              48.8919572
            ],
            [
              2.488203,
              48.8920816
            ],
            [
              2.4879614,
              48.8921425
            ]
          ]
        ]
      },
      "id": "way/84174489"
    },
    {
      "type": "Feature",
      "properties": {
        "@id": "way/84174518",
        "building": "public",
        "source": "cadastre-dgi-fr source : Direction Générale des Impôts - Cadastre. Mise à jour : 2010"
      },
      "geometry": {
        "type": "Polygon",
        "coordinates": [
          [
            [
              2.4897828,
              48.9040633
            ],
            [
              2.4899816,
              48.9042042
            ],
            [
              2.4895526,
              48.9044674
            ],
            [
              2.4894717,
              48.9044106
            ],
            [
              2.4894573,
              48.9044195
            ],
            [
              2.4893388,
              48.9043378
            ],
            [
              2.4897828,
              48.9040633
            ]
          ]
        ]
      },
      "id": "way/84174518"
    },
    {
      "type": "Feature",
      "properties": {
        "@id": "way/84174619",
        "building": "public",
        "source": "cadastre-dgi-fr source : Direction Générale des Impôts - Cadastre. Mise à jour : 2010",
        "start_date": "2010"
      },
      "geometry": {
        "type": "Polygon",
        "coordinates": [
          [
            [
              2.4931711,
              48.899981
            ],
            [
              2.4932384,
              48.9000633
            ],
            [
              2.4930252,
              48.900139
            ],
            [
              2.4931296,
              48.900267
            ],
            [
              2.493343,
              48.9001913
            ],
            [
              2.4934071,
              48.90027
            ],
            [
              2.4930829,
              48.900385
            ],
            [
              2.4928471,
              48.9000958
            ],
            [
              2.4931711,
              48.899981
            ]
          ]
        ]
      },
      "id": "way/84174619"
    },
    {
      "type": "Feature",
      "properties": {
        "@id": "way/84174821",
        "amenity": "social_facility",
        "building": "public",
        "name": "Ehpad Korian Bonisiaca",
        "ref:FR:FINESS": "930816301",
        "social_facility": "group_home",
        "social_facility:for": "senior",
        "source": "cadastre-dgi-fr source : Direction Générale des Impôts - Cadastre. Mise à jour : 2010",
        "wikidata": "Q112922830"
      },
      "geometry": {
        "type": "Polygon",
        "coordinates": [
          [
            [
              2.4876704,
              48.8900061
            ],
            [
              2.4876826,
              48.8900288
            ],
            [
              2.4877077,
              48.8900771
            ],
            [
              2.4876645,
              48.8901339
            ],
            [
              2.4877583,
              48.8901645
            ],
            [
              2.4877656,
              48.8901552
            ],
            [
              2.4878001,
              48.8901656
            ],
            [
              2.4878461,
              48.8902558
            ],
            [
              2.4878294,
              48.8902741
            ],
            [
              2.4876965,
              48.8903051
            ],
            [
              2.4876643,
              48.8902946
            ],
            [
              2.4876715,
              48.8902859
            ],
            [
              2.4876284,
              48.8902718
            ],
            [
              2.4875814,
              48.8903321
            ],
            [
              2.4874475,
              48.8903623
            ],
            [
              2.4874174,
              48.8903506
            ],
            [
              2.4873714,
              48.8902642
            ],
            [
              2.4873867,
              48.8902437
            ],
            [
              2.487403,
              48.8902475
            ],
            [
              2.4874483,
              48.8901853
            ],
            [
              2.4873592,
              48.8901575
            ],
            [
              2.4873489,
              48.8901349
            ],
            [
              2.4873091,
              48.8901438
            ],
            [
              2.4871577,
              48.8898606
            ],
            [
              2.4871716,
              48.8898434
            ],
            [
              2.487559,
              48.8897539
            ],
            [
              2.4875879,
              48.8897629
            ],
            [
              2.4876284,
              48.8898442
            ],
            [
              2.4876329,
              48.8898512
            ],
            [
              2.4876165,
              48.889873
            ],
            [
              2.4876008,
              48.8898697
            ],
            [
              2.4875566,
              48.8899309
            ],
            [
              2.4876459,
              48.8899584
            ],
            [
              2.4876704,
              48.8900061
            ]
          ]
        ]
      },
      "id": "way/84174821"
    },
    {
      "type": "Feature",
      "properties": {
        "@id": "way/84175177",
        "building": "public",
        "leisure": "park",
        "name": "Chalet Mare à la veuve",
        "source": "cadastre-dgi-fr source : Direction Générale des Impôts - Cadastre. Mise à jour : 2010"
      },
      "geometry": {
        "type": "Polygon",
        "coordinates": [
          [
            [
              2.4806146,
              48.8901211
            ],
            [
              2.4805896,
              48.8900458
            ],
            [
              2.4807023,
              48.8900296
            ],
            [
              2.4807274,
              48.8901049
            ],
            [
              2.4806146,
              48.8901211
            ]
          ]
        ]
      },
      "id": "way/84175177"
    },
    {
      "type": "Feature",
      "properties": {
        "@id": "way/84175770",
        "building": "public",
        "operator": "ville de Bondy"
      },
      "geometry": {
        "type": "Polygon",
        "coordinates": [
          [
            [
              2.4888905,
              48.9076958
            ],
            [
              2.4888252,
              48.9078297
            ],
            [
              2.4887387,
              48.9078107
            ],
            [
              2.4888038,
              48.9076765
            ],
            [
              2.4888133,
              48.9076803
            ],
            [
              2.4888251,
              48.9076824
            ],
            [
              2.4888352,
              48.9076604
            ],
            [
              2.48888,
              48.9076697
            ],
            [
              2.4888701,
              48.9076917
            ],
            [
              2.4888905,
              48.9076958
            ]
          ]
        ]
      },
      "id": "way/84175770"
    },
    {
      "type": "Feature",
      "properties": {
        "@id": "way/84175952",
        "building": "public",
        "building:material": "brick",
        "name": "École élémentaire Albert Camus",
        "ref:UAI": "0930327A",
        "school:FR": "élémentaire",
        "start_date": "1960"
      },
      "geometry": {
        "type": "Polygon",
        "coordinates": [
          [
            [
              2.478867,
              48.9123533
            ],
            [
              2.4788479,
              48.9122754
            ],
            [
              2.4791941,
              48.9122346
            ],
            [
              2.4796045,
              48.9121833
            ],
            [
              2.4796039,
              48.9121789
            ],
            [
              2.4796238,
              48.9121761
            ],
            [
              2.4796286,
              48.912193
            ],
            [
              2.4797065,
              48.9121827
            ],
            [
              2.4796827,
              48.9121017
            ],
            [
              2.4797869,
              48.9120897
            ],
            [
              2.4798153,
              48.9121863
            ],
            [
              2.4797648,
              48.9121922
            ],
            [
              2.4797879,
              48.9122762
            ],
            [
              2.4797915,
              48.9122893
            ],
            [
              2.4796823,
              48.9123014
            ],
            [
              2.4796685,
              48.9122587
            ],
            [
              2.478867,
              48.9123533
            ]
          ]
        ]
      },
      "id": "way/84175952"
    },
    {
      "type": "Feature",
      "properties": {
        "@id": "way/84176388",
        "building": "public",
        "source": "cadastre-dgi-fr source : Direction Générale des Impôts - Cadastre. Mise à jour : 2010"
      },
      "geometry": {
        "type": "Polygon",
        "coordinates": [
          [
            [
              2.4822571,
              48.9046809
            ],
            [
              2.4822676,
              48.9047187
            ],
            [
              2.4822709,
              48.9047389
            ],
            [
              2.4821831,
              48.9047488
            ],
            [
              2.4821474,
              48.9046015
            ],
            [
              2.4820867,
              48.9046086
            ],
            [
              2.4820907,
              48.9046295
            ],
            [
              2.4817105,
              48.9046653
            ],
            [
              2.4816855,
              48.9045603
            ],
            [
              2.4820634,
              48.9045238
            ],
            [
              2.4820736,
              48.9045567
            ],
            [
              2.4822196,
              48.9045392
            ],
            [
              2.4822389,
              48.9045388
            ],
            [
              2.4822258,
              48.9044841
            ],
            [
              2.482121,
              48.9044938
            ],
            [
              2.4820965,
              48.9043886
            ],
            [
              2.4824717,
              48.9043496
            ],
            [
              2.4825004,
              48.9044549
            ],
            [
              2.4823403,
              48.9044726
            ],
            [
              2.4823683,
              48.9045858
            ],
            [
              2.4822368,
              48.9045992
            ],
            [
              2.4822571,
              48.9046809
            ]
          ]
        ]
      },
      "id": "way/84176388"
    },
    {
      "type": "Feature",
      "properties": {
        "@id": "way/84176785",
        "addr:housenumber": "2",
        "amenity": "post_office",
        "atm": "yes",
        "building": "public",
        "copy_facility": "yes",
        "name": "Poste",
        "opening_hours": "Mo-Fr 09:00-18:00; Sa 09:00-12:00; PH off; 2024 May 20 off",
        "operator": "La Poste",
        "phone:FR": "36 31",
        "ref:FR:LaPoste": "17278A",
        "source": "data.gouv.fr:LaPoste - 06/2015",
        "stamping_machine": "yes",
        "wheelchair": "yes"
      },
      "geometry": {
        "type": "Polygon",
        "coordinates": [
          [
            [
              2.4795664,
              48.9142588
            ],
            [
              2.4795228,
              48.9141066
            ],
            [
              2.4796886,
              48.9140876
            ],
            [
              2.4797219,
              48.9141022
            ],
            [
              2.4797237,
              48.9141077
            ],
            [
              2.4797333,
              48.9141071
            ],
            [
              2.4797441,
              48.9141154
            ],
            [
              2.4797748,
              48.9142317
            ],
            [
              2.4795664,
              48.9142588
            ]
          ]
        ]
      },
      "id": "way/84176785"
    },
    {
      "type": "Feature",
      "properties": {
        "@id": "way/84177424",
        "amenity": "community_centre",
        "building": "public",
        "name": "Maison de quartier et de la citoyenneté Daniel Balavoine",
        "operator": "ville de Bondy",
        "source": "cadastre-dgi-fr source : Direction Générale des Impôts - Cadastre. Mise à jour : 2010"
      },
      "geometry": {
        "type": "Polygon",
        "coordinates": [
          [
            [
              2.4794964,
              48.9151315
            ],
            [
              2.4792927,
              48.9151558
            ],
            [
              2.4793173,
              48.9152449
            ],
            [
              2.4792246,
              48.9152559
            ],
            [
              2.4791865,
              48.9152604
            ],
            [
              2.4791373,
              48.9150816
            ],
            [
              2.4794717,
              48.9150418
            ],
            [
              2.4794964,
              48.9151315
            ]
          ]
        ]
      },
      "id": "way/84177424"
    },
    {
      "type": "Feature",
      "properties": {
        "@id": "way/84177490",
        "building": "public",
        "operator": "ville de Bondy"
      },
      "geometry": {
        "type": "Polygon",
        "coordinates": [
          [
            [
              2.4887113,
              48.908065
            ],
            [
              2.4888042,
              48.9081016
            ],
            [
              2.4886331,
              48.9082893
            ],
            [
              2.4886053,
              48.9082788
            ],
            [
              2.4886617,
              48.9081661
            ],
            [
              2.4887113,
              48.908065
            ]
          ]
        ]
      },
      "id": "way/84177490"
    },
    {
      "type": "Feature",
      "properties": {
        "@id": "way/84177594",
        "building": "public",
        "source": "cadastre-dgi-fr source : Direction Générale des Impôts - Cadastre. Mise à jour : 2010"
      },
      "geometry": {
        "type": "Polygon",
        "coordinates": [
          [
            [
              2.4928731,
              48.9007506
            ],
            [
              2.4929128,
              48.900737
            ],
            [
              2.4929294,
              48.9007582
            ],
            [
              2.4929387,
              48.900755
            ],
            [
              2.4930096,
              48.900845
            ],
            [
              2.4929844,
              48.9008535
            ],
            [
              2.4930145,
              48.9008732
            ],
            [
              2.4929456,
              48.9009193
            ],
            [
              2.4929258,
              48.9009065
            ],
            [
              2.4929101,
              48.900917
            ],
            [
              2.4928299,
              48.9008635
            ],
            [
              2.4927162,
              48.900903
            ],
            [
              2.492705,
              48.900889
            ],
            [
              2.4926514,
              48.9009076
            ],
            [
              2.4927123,
              48.9009843
            ],
            [
              2.4927329,
              48.9009909
            ],
            [
              2.4927504,
              48.9010005
            ],
            [
              2.4927679,
              48.9010112
            ],
            [
              2.4927878,
              48.9010273
            ],
            [
              2.4928056,
              48.9010452
            ],
            [
              2.4928176,
              48.9010632
            ],
            [
              2.4928247,
              48.9010819
            ],
            [
              2.4928328,
              48.90112
            ],
            [
              2.492831,
              48.901136
            ],
            [
              2.4929766,
              48.9013197
            ],
            [
              2.492994,
              48.9013145
            ],
            [
              2.4930042,
              48.9013288
            ],
            [
              2.4929878,
              48.9013338
            ],
            [
              2.4931342,
              48.9015224
            ],
            [
              2.493168,
              48.9015137
            ],
            [
              2.4931839,
              48.9015209
            ],
            [
              2.4932129,
              48.9015406
            ],
            [
              2.4932356,
              48.90156
            ],
            [
              2.4932489,
              48.901577
            ],
            [
              2.4932646,
              48.9016006
            ],
            [
              2.4932726,
              48.9016219
            ],
            [
              2.4932757,
              48.9016517
            ],
            [
              2.4932482,
              48.9016681
            ],
            [
              2.4933697,
              48.9018179
            ],
            [
              2.4933075,
              48.9018392
            ],
            [
              2.4933489,
              48.9018947
            ],
            [
              2.4932557,
              48.9019268
            ],
            [
              2.4932143,
              48.901871
            ],
            [
              2.4931702,
              48.901812
            ],
            [
              2.4932009,
              48.9017845
            ],
            [
              2.4929903,
              48.9015187
            ],
            [
              2.4929492,
              48.9015316
            ],
            [
              2.4929239,
              48.9014976
            ],
            [
              2.4929086,
              48.901477
            ],
            [
              2.4929353,
              48.9014491
            ],
            [
              2.4928851,
              48.9013853
            ],
            [
              2.4928712,
              48.9013855
            ],
            [
              2.4928408,
              48.9013478
            ],
            [
              2.4928522,
              48.9013434
            ],
            [
              2.4928034,
              48.9012801
            ],
            [
              2.4927534,
              48.901281
            ],
            [
              2.4927082,
              48.9012241
            ],
            [
              2.4927497,
              48.9012116
            ],
            [
              2.4925394,
              48.9009438
            ],
            [
              2.4924893,
              48.9009458
            ],
            [
              2.4924427,
              48.9008876
            ],
            [
              2.4928036,
              48.9007634
            ],
            [
              2.4928105,
              48.9007721
            ],
            [
              2.4928731,
              48.9007506
            ]
          ]
        ]
      },
      "id": "way/84177594"
    },
    {
      "type": "Feature",
      "properties": {
        "@id": "way/84178168",
        "amenity": "childcare",
        "building": "public",
        "name": "PMI"
      },
      "geometry": {
        "type": "Polygon",
        "coordinates": [
          [
            [
              2.4932228,
              48.9031091
            ],
            [
              2.4933075,
              48.9032497
            ],
            [
              2.4933172,
              48.9032491
            ],
            [
              2.4933178,
              48.9032547
            ],
            [
              2.4931894,
              48.9032637
            ],
            [
              2.4931876,
              48.9032577
            ],
            [
              2.4931961,
              48.9032564
            ],
            [
              2.4931713,
              48.9032151
            ],
            [
              2.4929798,
              48.903265
            ],
            [
              2.4929634,
              48.9032382
            ],
            [
              2.4928227,
              48.9032745
            ],
            [
              2.4928186,
              48.9032305
            ],
            [
              2.4929404,
              48.9031992
            ],
            [
              2.4929321,
              48.9031827
            ],
            [
              2.4932228,
              48.9031091
            ]
          ]
        ]
      },
      "id": "way/84178168"
    },
    {
      "type": "Feature",
      "properties": {
        "@id": "way/84178212",
        "building": "public",
        "source": "cadastre-dgi-fr source : Direction Générale des Impôts - Cadastre. Mise à jour : 2010",
        "wall": "no"
      },
      "geometry": {
        "type": "Polygon",
        "coordinates": [
          [
            [
              2.4880181,
              48.8918365
            ],
            [
              2.4876802,
              48.8919207
            ],
            [
              2.4876682,
              48.8919009
            ],
            [
              2.4878042,
              48.8918668
            ],
            [
              2.488007,
              48.8918168
            ],
            [
              2.4880181,
              48.8918365
            ]
          ]
        ]
      },
      "id": "way/84178212"
    },
    {
      "type": "Feature",
      "properties": {
        "@id": "way/84178771",
        "amenity": "healthcare",
        "building": "public",
        "name": "Centre Municipal de Santé Henri Tauleigne",
        "operator": "ville de Bondy",
        "source": "cadastre-dgi-fr source : Direction Générale des Impôts - Cadastre. Mise à jour : 2010"
      },
      "geometry": {
        "type": "Polygon",
        "coordinates": [
          [
            [
              2.4790817,
              48.9001517
            ],
            [
              2.4790349,
              48.9000386
            ],
            [
              2.4789778,
              48.8998994
            ],
            [
              2.4789648,
              48.8999009
            ],
            [
              2.4789188,
              48.899788
            ],
            [
              2.4790143,
              48.8997742
            ],
            [
              2.479116,
              48.8997582
            ],
            [
              2.4791346,
              48.8998041
            ],
            [
              2.4791467,
              48.8998353
            ],
            [
              2.4791585,
              48.8998678
            ],
            [
              2.4791488,
              48.8998697
            ],
            [
              2.479251,
              48.9001246
            ],
            [
              2.4790817,
              48.9001517
            ]
          ]
        ]
      },
      "id": "way/84178771"
    },
    {
      "type": "Feature",
      "properties": {
        "@id": "way/84178882",
        "building": "public",
        "building:levels": "3",
        "source": "cadastre-dgi-fr source : Direction Générale des Impôts - Cadastre. Mise à jour : 2010"
      },
      "geometry": {
        "type": "Polygon",
        "coordinates": [
          [
            [
              2.4744918,
              48.904363
            ],
            [
              2.4744379,
              48.9042546
            ],
            [
              2.4744783,
              48.9042474
            ],
            [
              2.4744677,
              48.9042225
            ],
            [
              2.4744655,
              48.9042231
            ],
            [
              2.4740796,
              48.9042967
            ],
            [
              2.4740293,
              48.904384
            ],
            [
              2.4744644,
              48.904498
            ],
            [
              2.4745431,
              48.9045184
            ],
            [
              2.474559,
              48.904492
            ],
            [
              2.4747794,
              48.9045468
            ],
            [
              2.4747873,
              48.9045344
            ],
            [
              2.474854,
              48.9045509
            ],
            [
              2.4748536,
              48.9045409
            ],
            [
              2.4748533,
              48.9045354
            ],
            [
              2.4748534,
              48.9045291
            ],
            [
              2.4748566,
              48.9045229
            ],
            [
              2.4748603,
              48.9045174
            ],
            [
              2.4748647,
              48.9045136
            ],
            [
              2.4748695,
              48.9045101
            ],
            [
              2.4748761,
              48.904507
            ],
            [
              2.4748839,
              48.9045039
            ],
            [
              2.4748917,
              48.9045024
            ],
            [
              2.4748973,
              48.9045011
            ],
            [
              2.4749069,
              48.9045007
            ],
            [
              2.4749168,
              48.9045007
            ],
            [
              2.4749284,
              48.9045026
            ],
            [
              2.47494,
              48.9045062
            ],
            [
              2.4749476,
              48.9045102
            ],
            [
              2.474953,
              48.904514
            ],
            [
              2.4749588,
              48.9045205
            ],
            [
              2.4749618,
              48.9045274
            ],
            [
              2.4749652,
              48.9045361
            ],
            [
              2.4750286,
              48.904537
            ],
            [
              2.4750299,
              48.904501
            ],
            [
              2.4751366,
              48.9045024
            ],
            [
              2.4751389,
              48.9044789
            ],
            [
              2.4753514,
              48.9044812
            ],
            [
              2.475335,
              48.9047964
            ],
            [
              2.474803,
              48.9046787
            ],
            [
              2.4736663,
              48.9043815
            ],
            [
              2.4737335,
              48.9042698
            ],
            [
              2.4738376,
              48.9043171
            ],
            [
              2.4739741,
              48.9042907
            ],
            [
              2.4739465,
              48.9042288
            ],
            [
              2.4745833,
              48.9041045
            ],
            [
              2.4745897,
              48.9041401
            ],
            [
              2.4746001,
              48.904198
            ],
            [
              2.4746202,
              48.9041957
            ],
            [
              2.474627,
              48.9041949
            ],
            [
              2.4747456,
              48.9041813
            ],
            [
              2.474751,
              48.9042671
            ],
            [
              2.4747531,
              48.9042995
            ],
            [
              2.4747367,
              48.9043021
            ],
            [
              2.4747395,
              48.904313
            ],
            [
              2.4744918,
              48.904363
            ]
          ]
        ]
      },
      "id": "way/84178882"
    },
    {
      "type": "Feature",
      "properties": {
        "@id": "way/84178963",
        "amenity": "police",
        "building": "public",
        "name": "Police municipale",
        "operator": "ville de Bondy",
        "police:FR": "police_municipale",
        "source": "cadastre-dgi-fr source : Direction Générale des Impôts - Cadastre. Mise à jour : 2010"
      },
      "geometry": {
        "type": "Polygon",
        "coordinates": [
          [
            [
              2.4835252,
              48.9031152
            ],
            [
              2.4836641,
              48.9030873
            ],
            [
              2.4837313,
              48.9032308
            ],
            [
              2.4835932,
              48.9032599
            ],
            [
              2.4835748,
              48.9032205
            ],
            [
              2.4835252,
              48.9031152
            ]
          ]
        ]
      },
      "id": "way/84178963"
    },
    {
      "type": "Feature",
      "properties": {
        "@id": "way/84179206",
        "building": "public",
        "source": "cadastre-dgi-fr source : Direction Générale des Impôts - Cadastre. Mise à jour : 2010"
      },
      "geometry": {
        "type": "Polygon",
        "coordinates": [
          [
            [
              2.4958745,
              48.8921182
            ],
            [
              2.4958817,
              48.8921451
            ],
            [
              2.4959181,
              48.8921403
            ],
            [
              2.495938,
              48.8921629
            ],
            [
              2.4958895,
              48.8921695
            ],
            [
              2.495903,
              48.8922201
            ],
            [
              2.4949093,
              48.89234
            ],
            [
              2.4948969,
              48.8922966
            ],
            [
              2.4943594,
              48.8923595
            ],
            [
              2.4942349,
              48.8923742
            ],
            [
              2.4942064,
              48.8922659
            ],
            [
              2.4946266,
              48.8922149
            ],
            [
              2.4951045,
              48.8921576
            ],
            [
              2.4957669,
              48.8920782
            ],
            [
              2.4958607,
              48.8920667
            ],
            [
              2.4958745,
              48.8921182
            ]
          ]
        ]
      },
      "id": "way/84179206"
    },
    {
      "type": "Feature",
      "properties": {
        "@id": "way/84179430",
        "building": "public",
        "source": "cadastre-dgi-fr source : Direction Générale des Impôts - Cadastre. Mise à jour : 2010",
        "wall": "no"
      },
      "geometry": {
        "type": "Polygon",
        "coordinates": [
          [
            [
              2.4907889,
              48.9167884
            ],
            [
              2.4902676,
              48.9168877
            ],
            [
              2.4902422,
              48.9168309
            ],
            [
              2.490764,
              48.9167292
            ],
            [
              2.4907889,
              48.9167884
            ]
          ]
        ]
      },
      "id": "way/84179430"
    },
    {
      "type": "Feature",
      "properties": {
        "@id": "way/84180644",
        "building": "public",
        "name": "Dojo Maurice Petitjean",
        "polling_station": "yes",
        "polling_station:ref": "15",
        "source": "cadastre-dgi-fr source : Direction Générale des Impôts - Cadastre. Mise à jour : 2010"
      },
      "geometry": {
        "type": "Polygon",
        "coordinates": [
          [
            [
              2.4934998,
              48.8998394
            ],
            [
              2.4935735,
              48.8998208
            ],
            [
              2.4935868,
              48.8998264
            ],
            [
              2.493602,
              48.8998442
            ],
            [
              2.4936308,
              48.8998332
            ],
            [
              2.493769,
              48.899998
            ],
            [
              2.4936513,
              48.900036
            ],
            [
              2.4934998,
              48.8998394
            ]
          ]
        ]
      },
      "id": "way/84180644"
    },
    {
      "type": "Feature",
      "properties": {
        "@id": "way/84180882",
        "amenity": "school",
        "building": "public",
        "name": "centre de loisirs Jacques Prévert",
        "source": "cadastre-dgi-fr source : Direction Générale des Impôts - Cadastre. Mise à jour : 2010"
      },
      "geometry": {
        "type": "Polygon",
        "coordinates": [
          [
            [
              2.4737898,
              48.8958694
            ],
            [
              2.4738308,
              48.8959345
            ],
            [
              2.4737975,
              48.895943
            ],
            [
              2.4738328,
              48.896006
            ],
            [
              2.4736412,
              48.8960549
            ],
            [
              2.4735505,
              48.8960783
            ],
            [
              2.4733723,
              48.8961237
            ],
            [
              2.4733324,
              48.8960575
            ],
            [
              2.4736015,
              48.8959887
            ],
            [
              2.4735657,
              48.895927
            ],
            [
              2.4737898,
              48.8958694
            ]
          ]
        ]
      },
      "id": "way/84180882"
    },
    {
      "type": "Feature",
      "properties": {
        "@id": "way/84180890",
        "amenity": "school",
        "building": "public",
        "name": "Centre de loisirs les P'tits Loups",
        "operator": "ville de Bondy",
        "source": "cadastre-dgi-fr source : Direction Générale des Impôts - Cadastre. Mise à jour : 2010"
      },
      "geometry": {
        "type": "Polygon",
        "coordinates": [
          [
            [
              2.4911823,
              48.8955353
            ],
            [
              2.4906654,
              48.8956375
            ],
            [
              2.4906563,
              48.8956203
            ],
            [
              2.490595,
              48.8956332
            ],
            [
              2.4906132,
              48.8956741
            ],
            [
              2.4907398,
              48.8956489
            ],
            [
              2.490798,
              48.8957796
            ],
            [
              2.4904679,
              48.8958459
            ],
            [
              2.4904078,
              48.8957154
            ],
            [
              2.4904581,
              48.895705
            ],
            [
              2.4904487,
              48.8956807
            ],
            [
              2.4904317,
              48.8956836
            ],
            [
              2.4903827,
              48.8955762
            ],
            [
              2.4911328,
              48.8954271
            ],
            [
              2.4911823,
              48.8955353
            ]
          ]
        ]
      },
      "id": "way/84180890"
    },
    {
      "type": "Feature",
      "properties": {
        "@id": "way/84181228",
        "amenity": "kindergarten",
        "building": "public",
        "name": "Maison de la petite enfance",
        "operator": "ville de Bondy"
      },
      "geometry": {
        "type": "Polygon",
        "coordinates": [
          [
            [
              2.479926,
              48.9171199
            ],
            [
              2.4799449,
              48.9171969
            ],
            [
              2.4799591,
              48.9172463
            ],
            [
              2.4796951,
              48.9172786
            ],
            [
              2.479646,
              48.9171031
            ],
            [
              2.4799116,
              48.9170712
            ],
            [
              2.479926,
              48.9171199
            ]
          ]
        ]
      },
      "id": "way/84181228"
    },
    {
      "type": "Feature",
      "properties": {
        "@id": "way/84181588",
        "building": "public",
        "source": "cadastre-dgi-fr source : Direction Générale des Impôts - Cadastre. Mise à jour : 2010"
      },
      "geometry": {
        "type": "Polygon",
        "coordinates": [
          [
            [
              2.4934684,
              48.9014141
            ],
            [
              2.4933246,
              48.9012315
            ],
            [
              2.4931639,
              48.9010239
            ],
            [
              2.4932556,
              48.9009943
            ],
            [
              2.4933297,
              48.9010911
            ],
            [
              2.4933827,
              48.9010742
            ],
            [
              2.4935128,
              48.9012392
            ],
            [
              2.4934615,
              48.9012574
            ],
            [
              2.4935576,
              48.9013834
            ],
            [
              2.4934684,
              48.9014141
            ]
          ]
        ]
      },
      "id": "way/84181588"
    },
    {
      "type": "Feature",
      "properties": {
        "@id": "way/84181743",
        "amenity": "school",
        "building": "public",
        "name": "Centre de loisirs Appolinaire",
        "polling_station": "yes",
        "polling_station:ref": "28",
        "source": "cadastre-dgi-fr source : Direction Générale des Impôts - Cadastre. Mise à jour : 2010"
      },
      "geometry": {
        "type": "Polygon",
        "coordinates": [
          [
            [
              2.483284,
              48.9017785
            ],
            [
              2.4832383,
              48.9015443
            ],
            [
              2.4833495,
              48.9015278
            ],
            [
              2.4833522,
              48.9016159
            ],
            [
              2.4834366,
              48.9016002
            ],
            [
              2.4834674,
              48.9017226
            ],
            [
              2.4835068,
              48.9017966
            ],
            [
              2.4834705,
              48.9018049
            ],
            [
              2.4835162,
              48.901928
            ],
            [
              2.4833946,
              48.9019616
            ],
            [
              2.4833271,
              48.9018498
            ],
            [
              2.483284,
              48.9017785
            ]
          ]
        ]
      },
      "id": "way/84181743"
    },
    {
      "type": "Feature",
      "properties": {
        "@id": "way/84183377",
        "alt_name": "Pépithèque Mariama Bâ",
        "amenity": "library",
        "building": "public",
        "name": "Bibliothèque Mariama Bâ",
        "name:etymology:wikidata": "Q464389",
        "opening_hours": "Tu,Fr 14:00-19:00; We,Sa 10:00-18:00; Th 14:00-18:00",
        "source": "cadastre-dgi-fr source : Direction Générale des Impôts - Cadastre. Mise à jour : 2010"
      },
      "geometry": {
        "type": "Polygon",
        "coordinates": [
          [
            [
              2.4838456,
              48.9145369
            ],
            [
              2.4836829,
              48.9142764
            ],
            [
              2.4840799,
              48.914168
            ],
            [
              2.4842446,
              48.9144278
            ],
            [
              2.4838456,
              48.9145369
            ]
          ]
        ]
      },
      "id": "way/84183377"
    },
    {
      "type": "Feature",
      "properties": {
        "@id": "way/84183418",
        "building": "public",
        "operator": "département Seine St Denis",
        "source": "cadastre-dgi-fr source : Direction Générale des Impôts - Cadastre. Mise à jour : 2010"
      },
      "geometry": {
        "type": "Polygon",
        "coordinates": [
          [
            [
              2.4800839,
              48.9165886
            ],
            [
              2.4799028,
              48.9166084
            ],
            [
              2.4798767,
              48.9165092
            ],
            [
              2.4799084,
              48.9165058
            ],
            [
              2.4798602,
              48.9164078
            ],
            [
              2.4797947,
              48.916413
            ],
            [
              2.4797869,
              48.9163928
            ],
            [
              2.4796557,
              48.9164102
            ],
            [
              2.4796184,
              48.9162789
            ],
            [
              2.479469,
              48.9162953
            ],
            [
              2.4794389,
              48.9161908
            ],
            [
              2.4798212,
              48.916142
            ],
            [
              2.479848,
              48.9162506
            ],
            [
              2.4797435,
              48.9162641
            ],
            [
              2.4797611,
              48.9163262
            ],
            [
              2.479881,
              48.9163125
            ],
            [
              2.4798767,
              48.9162918
            ],
            [
              2.4802571,
              48.9162462
            ],
            [
              2.4802857,
              48.9163559
            ],
            [
              2.4799033,
              48.9164011
            ],
            [
              2.4799473,
              48.9164844
            ],
            [
              2.4799952,
              48.9164802
            ],
            [
              2.4800031,
              48.9164962
            ],
            [
              2.4800572,
              48.9164882
            ],
            [
              2.4800839,
              48.9165886
            ]
          ]
        ]
      },
      "id": "way/84183418"
    },
    {
      "type": "Feature",
      "properties": {
        "@id": "way/84184020",
        "amenity": "school",
        "building": "public",
        "name": "Groupe scolaire Terre Saint Blaise",
        "operator": "ville de Bondy",
        "source": "cadastre-dgi-fr source : Direction Générale des Impôts - Cadastre. Mise à jour : 2010"
      },
      "geometry": {
        "type": "Polygon",
        "coordinates": [
          [
            [
              2.4811723,
              48.9166268
            ],
            [
              2.4812518,
              48.9169207
            ],
            [
              2.4815708,
              48.9168844
            ],
            [
              2.4815508,
              48.9168014
            ],
            [
              2.4815774,
              48.9167983
            ],
            [
              2.482242,
              48.9167216
            ],
            [
              2.4828549,
              48.9166508
            ],
            [
              2.4828506,
              48.9166301
            ],
            [
              2.4828707,
              48.9166282
            ],
            [
              2.4828748,
              48.9166487
            ],
            [
              2.4829179,
              48.916644
            ],
            [
              2.482938,
              48.9167263
            ],
            [
              2.482899,
              48.9167306
            ],
            [
              2.482927,
              48.9168285
            ],
            [
              2.482865,
              48.9168359
            ],
            [
              2.4828,
              48.9168433
            ],
            [
              2.4827737,
              48.9167454
            ],
            [
              2.4822596,
              48.9168045
            ],
            [
              2.4817244,
              48.916866
            ],
            [
              2.4817421,
              48.916949
            ],
            [
              2.4816342,
              48.9169614
            ],
            [
              2.4816289,
              48.9169536
            ],
            [
              2.4815891,
              48.9169587
            ],
            [
              2.4813921,
              48.916984
            ],
            [
              2.4813889,
              48.9169874
            ],
            [
              2.4812719,
              48.9170022
            ],
            [
              2.4812815,
              48.9170338
            ],
            [
              2.4811526,
              48.9170479
            ],
            [
              2.4811447,
              48.917016
            ],
            [
              2.4811194,
              48.917019
            ],
            [
              2.4810987,
              48.9169372
            ],
            [
              2.4811252,
              48.9169351
            ],
            [
              2.4810507,
              48.9166416
            ],
            [
              2.4811723,
              48.9166268
            ]
          ]
        ]
      },
      "id": "way/84184020"
    },
    {
      "type": "Feature",
      "properties": {
        "@id": "way/84184121",
        "building": "public",
        "name": "régie voirie",
        "source": "cadastre-dgi-fr source : Direction Générale des Impôts - Cadastre. Mise à jour : 2010"
      },
      "geometry": {
        "type": "Polygon",
        "coordinates": [
          [
            [
              2.4735433,
              48.8932973
            ],
            [
              2.4734657,
              48.8934129
            ],
            [
              2.4734037,
              48.8933953
            ],
            [
              2.4734575,
              48.8933224
            ],
            [
              2.473461,
              48.8933232
            ],
            [
              2.4735,
              48.8932671
            ],
            [
              2.4735104,
              48.8932712
            ],
            [
              2.4735101,
              48.8932734
            ],
            [
              2.4735327,
              48.893279
            ],
            [
              2.4735433,
              48.8932973
            ]
          ]
        ]
      },
      "id": "way/84184121"
    },
    {
      "type": "Feature",
      "properties": {
        "@id": "way/84184253",
        "building": "public",
        "source": "cadastre-dgi-fr source : Direction Générale des Impôts - Cadastre. Mise à jour : 2010",
        "wall": "no"
      },
      "geometry": {
        "type": "Polygon",
        "coordinates": [
          [
            [
              2.490967,
              48.9166512
            ],
            [
              2.4909447,
              48.9165993
            ],
            [
              2.4909411,
              48.9165906
            ],
            [
              2.4911679,
              48.9165478
            ],
            [
              2.4911976,
              48.9166164
            ],
            [
              2.4909704,
              48.9166594
            ],
            [
              2.490967,
              48.9166512
            ]
          ]
        ]
      },
      "id": "way/84184253"
    },
    {
      "type": "Feature",
      "properties": {
        "@id": "way/84184540",
        "building": "public",
        "name": "Ferme Caillard-Dilly",
        "source": "cadastre-dgi-fr source : Direction Générale des Impôts - Cadastre. Mise à jour : 2010"
      },
      "geometry": {
        "type": "Polygon",
        "coordinates": [
          [
            [
              2.4710447,
              48.8999499
            ],
            [
              2.4712572,
              48.8999135
            ],
            [
              2.4712691,
              48.8999423
            ],
            [
              2.4712846,
              48.8999399
            ],
            [
              2.4712895,
              48.8999519
            ],
            [
              2.4712221,
              48.8999641
            ],
            [
              2.4711944,
              48.8999693
            ],
            [
              2.4710399,
              48.8999965
            ],
            [
              2.4710447,
              48.8999499
            ]
          ]
        ]
      },
      "id": "way/84184540"
    },
    {
      "type": "Feature",
      "properties": {
        "@id": "way/84184720",
        "building": "public",
        "leisure": "sports_centre",
        "name": "Piscine Michel Beaufort",
        "operator": "EPT Est Ensemble",
        "sport": "swimming;fencing"
      },
      "geometry": {
        "type": "Polygon",
        "coordinates": [
          [
            [
              2.4895764,
              48.9078366
            ],
            [
              2.4894495,
              48.907682
            ],
            [
              2.4895327,
              48.9076533
            ],
            [
              2.4895632,
              48.9076905
            ],
            [
              2.4895885,
              48.9076809
            ],
            [
              2.4896282,
              48.9076675
            ],
            [
              2.489645,
              48.9076613
            ],
            [
              2.4896534,
              48.9076698
            ],
            [
              2.4898344,
              48.9076057
            ],
            [
              2.4898262,
              48.9075973
            ],
            [
              2.4898203,
              48.9075888
            ],
            [
              2.4898761,
              48.9075588
            ],
            [
              2.4898611,
              48.9075447
            ],
            [
              2.4898821,
              48.9075324
            ],
            [
              2.4898998,
              48.9075462
            ],
            [
              2.4899707,
              48.9075086
            ],
            [
              2.4900649,
              48.9076212
            ],
            [
              2.4900336,
              48.9076328
            ],
            [
              2.4900646,
              48.9076714
            ],
            [
              2.4900426,
              48.9076795
            ],
            [
              2.4900512,
              48.9076914
            ],
            [
              2.4900338,
              48.9076966
            ],
            [
              2.4901421,
              48.90783
            ],
            [
              2.4901626,
              48.9078232
            ],
            [
              2.490192,
              48.9078598
            ],
            [
              2.4901723,
              48.9078672
            ],
            [
              2.4902874,
              48.9080064
            ],
            [
              2.4900787,
              48.9080828
            ],
            [
              2.4900993,
              48.9081065
            ],
            [
              2.490028,
              48.9081321
            ],
            [
              2.489951,
              48.9081598
            ],
            [
              2.4896574,
              48.9078063
            ],
            [
              2.4895764,
              48.9078366
            ]
          ]
        ]
      },
      "id": "way/84184720"
    },
    {
      "type": "Feature",
      "properties": {
        "@id": "way/84185011",
        "building": "public",
        "name": "Etablissement Maurice Coutrot",
        "source": "cadastre-dgi-fr source : Direction Générale des Impôts - Cadastre. Mise à jour : 2010"
      },
      "geometry": {
        "type": "Polygon",
        "coordinates": [
          [
            [
              2.4905813,
              48.9051078
            ],
            [
              2.4907176,
              48.9051311
            ],
            [
              2.4906848,
              48.9052176
            ],
            [
              2.4906655,
              48.9052248
            ],
            [
              2.4906237,
              48.905184
            ],
            [
              2.4905627,
              48.9052088
            ],
            [
              2.4905483,
              48.9051963
            ],
            [
              2.4905813,
              48.9051078
            ]
          ]
        ]
      },
      "id": "way/84185011"
    },
    {
      "type": "Feature",
      "properties": {
        "@id": "way/84185082",
        "building": "public",
        "source": "cadastre-dgi-fr source : Direction Générale des Impôts - Cadastre. Mise à jour : 2010"
      },
      "geometry": {
        "type": "Polygon",
        "coordinates": [
          [
            [
              2.4761514,
              48.9019951
            ],
            [
              2.4762401,
              48.9019773
            ],
            [
              2.476277,
              48.9019704
            ],
            [
              2.4763035,
              48.9020296
            ],
            [
              2.4763366,
              48.9020229
            ],
            [
              2.4763615,
              48.9020183
            ],
            [
              2.4764205,
              48.9021488
            ],
            [
              2.4763179,
              48.9021706
            ],
            [
              2.4763213,
              48.9021804
            ],
            [
              2.4762438,
              48.9021962
            ],
            [
              2.4762343,
              48.9021771
            ],
            [
              2.4761314,
              48.9021982
            ],
            [
              2.4760621,
              48.9020472
            ],
            [
              2.4761657,
              48.9020259
            ],
            [
              2.4761514,
              48.9019951
            ]
          ]
        ]
      },
      "id": "way/84185082"
    },
    {
      "type": "Feature",
      "properties": {
        "@id": "way/84185285",
        "building": "public",
        "source": "cadastre-dgi-fr source : Direction Générale des Impôts - Cadastre. Mise à jour : 2010"
      },
      "geometry": {
        "type": "Polygon",
        "coordinates": [
          [
            [
              2.4786137,
              48.9114428
            ],
            [
              2.478582,
              48.9113246
            ],
            [
              2.4786158,
              48.9113192
            ],
            [
              2.4788692,
              48.9112893
            ],
            [
              2.4788979,
              48.911287
            ],
            [
              2.4789198,
              48.9113979
            ],
            [
              2.4789174,
              48.9114068
            ],
            [
              2.4788459,
              48.9114158
            ],
            [
              2.4788655,
              48.9114848
            ],
            [
              2.478795,
              48.9114925
            ],
            [
              2.47881,
              48.9115495
            ],
            [
              2.4788522,
              48.9115452
            ],
            [
              2.4788495,
              48.9115296
            ],
            [
              2.4791308,
              48.9114993
            ],
            [
              2.4791639,
              48.9116135
            ],
            [
              2.4787507,
              48.9116614
            ],
            [
              2.4787431,
              48.9116352
            ],
            [
              2.4787223,
              48.9115635
            ],
            [
              2.478719,
              48.9115593
            ],
            [
              2.4786827,
              48.9114358
            ],
            [
              2.4786137,
              48.9114428
            ]
          ]
        ]
      },
      "id": "way/84185285"
    },
    {
      "type": "Feature",
      "properties": {
        "@id": "way/84185330",
        "building": "public",
        "source": "cadastre-dgi-fr source : Direction Générale des Impôts - Cadastre. Mise à jour : 2010"
      },
      "geometry": {
        "type": "Polygon",
        "coordinates": [
          [
            [
              2.4890738,
              48.89459
            ],
            [
              2.4890526,
              48.8945931
            ],
            [
              2.488861,
              48.8946216
            ],
            [
              2.4888563,
              48.8946223
            ],
            [
              2.4888512,
              48.8946094
            ],
            [
              2.4888115,
              48.8946154
            ],
            [
              2.4888027,
              48.8946196
            ],
            [
              2.4887882,
              48.8946253
            ],
            [
              2.4887737,
              48.8946304
            ],
            [
              2.4887662,
              48.894633
            ],
            [
              2.4887461,
              48.8946378
            ],
            [
              2.4887351,
              48.8946398
            ],
            [
              2.4887264,
              48.8946417
            ],
            [
              2.4887109,
              48.8946441
            ],
            [
              2.4886997,
              48.8946447
            ],
            [
              2.4886852,
              48.894646
            ],
            [
              2.4886678,
              48.8946459
            ],
            [
              2.4886575,
              48.8946456
            ],
            [
              2.4886432,
              48.8946453
            ],
            [
              2.4886273,
              48.8946433
            ],
            [
              2.4886108,
              48.8946419
            ],
            [
              2.4886021,
              48.8946403
            ],
            [
              2.4885947,
              48.8946385
            ],
            [
              2.4885837,
              48.8946571
            ],
            [
              2.4885394,
              48.8946453
            ],
            [
              2.4885343,
              48.8946535
            ],
            [
              2.4883893,
              48.8946153
            ],
            [
              2.4882952,
              48.894416
            ],
            [
              2.4883119,
              48.894413
            ],
            [
              2.4884309,
              48.8943915
            ],
            [
              2.4884316,
              48.8943914
            ],
            [
              2.4884897,
              48.8943818
            ],
            [
              2.488502,
              48.894416
            ],
            [
              2.4885909,
              48.8944027
            ],
            [
              2.4886208,
              48.8944901
            ],
            [
              2.4888269,
              48.894459
            ],
            [
              2.4888157,
              48.8944265
            ],
            [
              2.4888324,
              48.894424
            ],
            [
              2.4887993,
              48.8943265
            ],
            [
              2.488909,
              48.8943069
            ],
            [
              2.4889455,
              48.8943003
            ],
            [
              2.488985,
              48.8942933
            ],
            [
              2.4889943,
              48.8942916
            ],
            [
              2.4890585,
              48.8944863
            ],
            [
              2.4890467,
              48.8944882
            ],
            [
              2.4890353,
              48.8944902
            ],
            [
              2.4890738,
              48.89459
            ]
          ]
        ]
      },
      "id": "way/84185330"
    },
    {
      "type": "Feature",
      "properties": {
        "@id": "way/84186047",
        "building": "public",
        "building:architecture": "Lotissements/maisons pavillonnaires",
        "building:architecture:niveau": "= 2",
        "source": "cadastre-dgi-fr source : Direction Générale des Impôts - Cadastre. Mise à jour : 2010",
        "start_date": "=1996"
      },
      "geometry": {
        "type": "Polygon",
        "coordinates": [
          [
            [
              2.4902985,
              48.9048239
            ],
            [
              2.4901055,
              48.9049397
            ],
            [
              2.4901486,
              48.9049705
            ],
            [
              2.4900695,
              48.9050193
            ],
            [
              2.4899781,
              48.9049553
            ],
            [
              2.48994,
              48.9049787
            ],
            [
              2.4899589,
              48.9049928
            ],
            [
              2.4898638,
              48.9050528
            ],
            [
              2.4898147,
              48.9050184
            ],
            [
              2.4898199,
              48.9050146
            ],
            [
              2.4897767,
              48.904984
            ],
            [
              2.4897717,
              48.9049878
            ],
            [
              2.4897237,
              48.9049544
            ],
            [
              2.4897691,
              48.9049258
            ],
            [
              2.4896423,
              48.9048376
            ],
            [
              2.489598,
              48.9048648
            ],
            [
              2.4895499,
              48.9048312
            ],
            [
              2.4895543,
              48.9048279
            ],
            [
              2.4895103,
              48.9047977
            ],
            [
              2.4895066,
              48.9048001
            ],
            [
              2.4894591,
              48.9047657
            ],
            [
              2.4895012,
              48.9047379
            ],
            [
              2.4893776,
              48.9046484
            ],
            [
              2.489333,
              48.904676
            ],
            [
              2.489285,
              48.9046418
            ],
            [
              2.4892896,
              48.9046389
            ],
            [
              2.4892473,
              48.9046092
            ],
            [
              2.4892425,
              48.9046121
            ],
            [
              2.4891944,
              48.9045781
            ],
            [
              2.489292,
              48.9045183
            ],
            [
              2.4893138,
              48.9045315
            ],
            [
              2.4893503,
              48.9045077
            ],
            [
              2.4892817,
              48.9044582
            ],
            [
              2.4893441,
              48.9044198
            ],
            [
              2.4894235,
              48.9044498
            ],
            [
              2.4894553,
              48.9044708
            ],
            [
              2.489953,
              48.9048203
            ],
            [
              2.4899443,
              48.9048263
            ],
            [
              2.4899901,
              48.9048576
            ],
            [
              2.4901743,
              48.9047464
            ],
            [
              2.4901943,
              48.9047579
            ],
            [
              2.4902078,
              48.9047661
            ],
            [
              2.4902985,
              48.9048239
            ]
          ]
        ]
      },
      "id": "way/84186047"
    },
    {
      "type": "Feature",
      "properties": {
        "@id": "way/84186200",
        "building": "public",
        "name": "École élémentaire Olympe de Gouges",
        "polling_station": "yes",
        "polling_station:ref": "24; 25",
        "ref:UAI": "0932440X",
        "source": "cadastre-dgi-fr source : Direction Générale des Impôts - Cadastre. Mise à jour : 2010"
      },
      "geometry": {
        "type": "Polygon",
        "coordinates": [
          [
            [
              2.4834993,
              48.912526
            ],
            [
              2.4835744,
              48.9125043
            ],
            [
              2.4838118,
              48.9124349
            ],
            [
              2.4839955,
              48.9123815
            ],
            [
              2.483999,
              48.9123842
            ],
            [
              2.4840508,
              48.9123698
            ],
            [
              2.4840021,
              48.9122991
            ],
            [
              2.4839294,
              48.9121885
            ],
            [
              2.4840477,
              48.9121546
            ],
            [
              2.4840795,
              48.9122023
            ],
            [
              2.4841361,
              48.9122861
            ],
            [
              2.4842007,
              48.912384
            ],
            [
              2.4843146,
              48.9123523
            ],
            [
              2.484303,
              48.9123338
            ],
            [
              2.4842941,
              48.9123106
            ],
            [
              2.4842921,
              48.9122897
            ],
            [
              2.4842919,
              48.9122646
            ],
            [
              2.484296,
              48.912248
            ],
            [
              2.4843077,
              48.9122218
            ],
            [
              2.4843215,
              48.9122081
            ],
            [
              2.4843454,
              48.9121913
            ],
            [
              2.4843652,
              48.9121829
            ],
            [
              2.4843875,
              48.9121837
            ],
            [
              2.4844026,
              48.9121907
            ],
            [
              2.4844274,
              48.9122068
            ],
            [
              2.4844409,
              48.9122211
            ],
            [
              2.4844527,
              48.9122402
            ],
            [
              2.4844594,
              48.9122578
            ],
            [
              2.4844618,
              48.9122852
            ],
            [
              2.4844578,
              48.9123094
            ],
            [
              2.484502,
              48.9122971
            ],
            [
              2.4847463,
              48.9122266
            ],
            [
              2.4846935,
              48.9121473
            ],
            [
              2.4846097,
              48.9120227
            ],
            [
              2.4847251,
              48.9119892
            ],
            [
              2.4847795,
              48.9120715
            ],
            [
              2.4848188,
              48.9120596
            ],
            [
              2.4849041,
              48.9121867
            ],
            [
              2.4848869,
              48.9121917
            ],
            [
              2.4849299,
              48.9122586
            ],
            [
              2.4847522,
              48.9123111
            ],
            [
              2.4845964,
              48.9123562
            ],
            [
              2.4845885,
              48.9123424
            ],
            [
              2.4844249,
              48.9123897
            ],
            [
              2.4842588,
              48.9124384
            ],
            [
              2.4842481,
              48.9124415
            ],
            [
              2.4842571,
              48.9124558
            ],
            [
              2.4841276,
              48.9124926
            ],
            [
              2.4841211,
              48.9124827
            ],
            [
              2.4840756,
              48.9124952
            ],
            [
              2.4840821,
              48.9125066
            ],
            [
              2.4839028,
              48.9125584
            ],
            [
              2.4837362,
              48.9126075
            ],
            [
              2.4835633,
              48.9126571
            ],
            [
              2.4835576,
              48.9126487
            ],
            [
              2.4835433,
              48.9126522
            ],
            [
              2.4834873,
              48.9125666
            ],
            [
              2.483519,
              48.9125581
            ],
            [
              2.4834993,
              48.912526
            ]
          ]
        ]
      },
      "id": "way/84186200"
    },
    {
      "type": "Feature",
      "properties": {
        "@id": "way/84186455",
        "access": "yes",
        "addr:city": "Bondy",
        "addr:housenumber": "104",
        "building": "public",
        "leisure": "sports_centre",
        "name": "Piscine Tournesol",
        "phone": "+33148483454",
        "roof:height": "6",
        "roof:shape": "dome",
        "sport": "swimming"
      },
      "geometry": {
        "type": "Polygon",
        "coordinates": [
          [
            [
              2.485331,
              48.8925727
            ],
            [
              2.4853106,
              48.8925626
            ],
            [
              2.4852923,
              48.8925513
            ],
            [
              2.4852757,
              48.8925387
            ],
            [
              2.4852589,
              48.8925227
            ],
            [
              2.4852471,
              48.892508
            ],
            [
              2.4852349,
              48.8924873
            ],
            [
              2.4852286,
              48.8924711
            ],
            [
              2.4852253,
              48.8924546
            ],
            [
              2.4852242,
              48.8924379
            ],
            [
              2.4852265,
              48.8924185
            ],
            [
              2.4852323,
              48.8923995
            ],
            [
              2.4852493,
              48.8923717
            ],
            [
              2.4852721,
              48.892347
            ],
            [
              2.4852836,
              48.8923367
            ],
            [
              2.4853075,
              48.8923209
            ],
            [
              2.4853385,
              48.8923063
            ],
            [
              2.4853707,
              48.8922948
            ],
            [
              2.4854065,
              48.8922872
            ],
            [
              2.4854268,
              48.892284
            ],
            [
              2.485444,
              48.8922818
            ],
            [
              2.4854736,
              48.8922813
            ],
            [
              2.4855071,
              48.8922835
            ],
            [
              2.4855438,
              48.8922898
            ],
            [
              2.4855785,
              48.8922997
            ],
            [
              2.4856106,
              48.8923131
            ],
            [
              2.4856418,
              48.8923316
            ],
            [
              2.4856632,
              48.8923488
            ],
            [
              2.4856824,
              48.8923703
            ],
            [
              2.4856976,
              48.8923963
            ],
            [
              2.485706,
              48.8924262
            ],
            [
              2.4857062,
              48.892454
            ],
            [
              2.4857055,
              48.8924595
            ],
            [
              2.4857001,
              48.8924786
            ],
            [
              2.485698,
              48.892484
            ],
            [
              2.4856898,
              48.8924998
            ],
            [
              2.4856881,
              48.8925023
            ],
            [
              2.4856728,
              48.8925222
            ],
            [
              2.4856588,
              48.892536
            ],
            [
              2.4856425,
              48.8925488
            ],
            [
              2.4856244,
              48.8925604
            ],
            [
              2.4856044,
              48.8925707
            ],
            [
              2.4855868,
              48.8925781
            ],
            [
              2.4855644,
              48.8925858
            ],
            [
              2.4855567,
              48.8925879
            ],
            [
              2.4855366,
              48.8925926
            ],
            [
              2.4855121,
              48.8925967
            ],
            [
              2.4854788,
              48.8925994
            ],
            [
              2.4854536,
              48.8925995
            ],
            [
              2.4854284,
              48.8925977
            ],
            [
              2.4853997,
              48.8925936
            ],
            [
              2.4853757,
              48.8925882
            ],
            [
              2.4853526,
              48.8925811
            ],
            [
              2.485331,
              48.8925727
            ]
          ]
        ]
      },
      "id": "way/84186455"
    },
    {
      "type": "Feature",
      "properties": {
        "@id": "way/84187846",
        "building": "public",
        "leisure": "sports_centre",
        "name": "Palais des Sports",
        "operator": "ville de Bondy",
        "source": "cadastre-dgi-fr source : Direction Générale des Impôts - Cadastre. Mise à jour : 2010"
      },
      "geometry": {
        "type": "Polygon",
        "coordinates": [
          [
            [
              2.4826649,
              48.9113533
            ],
            [
              2.4826665,
              48.9113377
            ],
            [
              2.4826593,
              48.9113366
            ],
            [
              2.4826599,
              48.9113181
            ],
            [
              2.4824889,
              48.9113098
            ],
            [
              2.4825176,
              48.911011
            ],
            [
              2.4824645,
              48.9110104
            ],
            [
              2.4824646,
              48.9110184
            ],
            [
              2.4824015,
              48.9110156
            ],
            [
              2.482402,
              48.9110058
            ],
            [
              2.4822473,
              48.9110007
            ],
            [
              2.4822575,
              48.9109001
            ],
            [
              2.4822416,
              48.9108985
            ],
            [
              2.4822538,
              48.9107589
            ],
            [
              2.482126,
              48.9107542
            ],
            [
              2.4821328,
              48.9106528
            ],
            [
              2.482163,
              48.9106521
            ],
            [
              2.4821771,
              48.9104681
            ],
            [
              2.4821463,
              48.9104649
            ],
            [
              2.4821539,
              48.9103749
            ],
            [
              2.4821907,
              48.9103762
            ],
            [
              2.4822081,
              48.9103914
            ],
            [
              2.4827096,
              48.9104119
            ],
            [
              2.4828246,
              48.9104166
            ],
            [
              2.4828372,
              48.9104051
            ],
            [
              2.4828733,
              48.9104075
            ],
            [
              2.4828649,
              48.9104988
            ],
            [
              2.4828304,
              48.9104982
            ],
            [
              2.4828149,
              48.9106797
            ],
            [
              2.4828463,
              48.9106829
            ],
            [
              2.4828361,
              48.9107865
            ],
            [
              2.4826512,
              48.9107774
            ],
            [
              2.4826433,
              48.9108629
            ],
            [
              2.4825349,
              48.9108591
            ],
            [
              2.4825273,
              48.9109424
            ],
            [
              2.4826348,
              48.9109478
            ],
            [
              2.4828151,
              48.9109557
            ],
            [
              2.4828196,
              48.9109413
            ],
            [
              2.4829075,
              48.9109457
            ],
            [
              2.4828682,
              48.9112868
            ],
            [
              2.4828679,
              48.9112897
            ],
            [
              2.4828577,
              48.9113828
            ],
            [
              2.4826628,
              48.9113753
            ],
            [
              2.4826649,
              48.9113533
            ]
          ]
        ]
      },
      "id": "way/84187846"
    },
    {
      "type": "Feature",
      "properties": {
        "@id": "way/84188246",
        "addr:city": "Bondy",
        "addr:housenumber": "11",
        "building": "public",
        "building:levels": "3",
        "name": "Bâtiment D",
        "source": "cadastre-dgi-fr source : Direction Générale des Impôts - Cadastre. Mise à jour : 2010"
      },
      "geometry": {
        "type": "Polygon",
        "coordinates": [
          [
            [
              2.4736836,
              48.9038382
            ],
            [
              2.47361,
              48.9036612
            ],
            [
              2.4735561,
              48.9035338
            ],
            [
              2.4735363,
              48.9034444
            ],
            [
              2.4735265,
              48.9032906
            ],
            [
              2.4735165,
              48.9030992
            ],
            [
              2.4737509,
              48.9030927
            ],
            [
              2.4737624,
              48.9032701
            ],
            [
              2.4737713,
              48.9034277
            ],
            [
              2.4737842,
              48.9034826
            ],
            [
              2.4738569,
              48.9036563
            ],
            [
              2.4739145,
              48.9037952
            ],
            [
              2.4736836,
              48.9038382
            ]
          ]
        ]
      },
      "id": "way/84188246"
    },
    {
      "type": "Feature",
      "properties": {
        "@id": "way/84188288",
        "building": "public",
        "building:material": "brick",
        "roof:shape": "flat",
        "source": "cadastre-dgi-fr source : Direction Générale des Impôts - Cadastre. Mise à jour : 2010"
      },
      "geometry": {
        "type": "Polygon",
        "coordinates": [
          [
            [
              2.4810899,
              48.9110653
            ],
            [
              2.4809793,
              48.9110986
            ],
            [
              2.4809212,
              48.9110085
            ],
            [
              2.4806422,
              48.9106037
            ],
            [
              2.4807609,
              48.9105716
            ],
            [
              2.4810074,
              48.9109427
            ],
            [
              2.4811816,
              48.9108955
            ],
            [
              2.48096,
              48.9105607
            ],
            [
              2.4811648,
              48.9105034
            ],
            [
              2.48135,
              48.9107773
            ],
            [
              2.4815519,
              48.9107213
            ],
            [
              2.4814263,
              48.9105305
            ],
            [
              2.4816113,
              48.9104809
            ],
            [
              2.4816667,
              48.9105676
            ],
            [
              2.4816895,
              48.910564
            ],
            [
              2.4818394,
              48.9107924
            ],
            [
              2.4815292,
              48.9108797
            ],
            [
              2.4815217,
              48.9108688
            ],
            [
              2.481492,
              48.9108782
            ],
            [
              2.4814349,
              48.9108948
            ],
            [
              2.4817213,
              48.9113268
            ],
            [
              2.481749,
              48.9113689
            ],
            [
              2.4817106,
              48.9113796
            ],
            [
              2.4816996,
              48.9113674
            ],
            [
              2.4815834,
              48.9114009
            ],
            [
              2.4815634,
              48.9113712
            ],
            [
              2.4815167,
              48.911383
            ],
            [
              2.4812632,
              48.9110136
            ],
            [
              2.4812412,
              48.910982
            ],
            [
              2.4810656,
              48.9110336
            ],
            [
              2.4810899,
              48.9110653
            ]
          ]
        ]
      },
      "id": "way/84188288"
    },
    {
      "type": "Feature",
      "properties": {
        "@id": "way/84188316",
        "building": "public",
        "name": "Stade Maurice Petitjean",
        "source": "cadastre-dgi-fr source : Direction Générale des Impôts - Cadastre. Mise à jour : 2010"
      },
      "geometry": {
        "type": "Polygon",
        "coordinates": [
          [
            [
              2.4935132,
              48.9002994
            ],
            [
              2.4939752,
              48.9008623
            ],
            [
              2.4939638,
              48.9008665
            ],
            [
              2.4940196,
              48.9009305
            ],
            [
              2.4937364,
              48.9010313
            ],
            [
              2.4937779,
              48.9010828
            ],
            [
              2.4936392,
              48.9011333
            ],
            [
              2.4935407,
              48.9010149
            ],
            [
              2.4935293,
              48.9010186
            ],
            [
              2.4930728,
              48.900457
            ],
            [
              2.4935132,
              48.9002994
            ]
          ]
        ]
      },
      "id": "way/84188316"
    },
    {
      "type": "Feature",
      "properties": {
        "@id": "way/84189669",
        "amenity": "police municipale",
        "building": "public",
        "source": "cadastre-dgi-fr source : Direction Générale des Impôts - Cadastre. Mise à jour : 2010",
        "wall": "no"
      },
      "geometry": {
        "type": "Polygon",
        "coordinates": [
          [
            [
              2.4775166,
              48.8945134
            ],
            [
              2.4775522,
              48.8945082
            ],
            [
              2.4775627,
              48.8945356
            ],
            [
              2.4775098,
              48.8945427
            ],
            [
              2.4774589,
              48.8945498
            ],
            [
              2.4774496,
              48.894524
            ],
            [
              2.4775166,
              48.8945134
            ]
          ]
        ]
      },
      "id": "way/84189669"
    },
    {
      "type": "Feature",
      "properties": {
        "@id": "way/84189878",
        "building": "public",
        "leisure": "sport",
        "name": "Gymnase Roger Salengro",
        "source": "cadastre-dgi-fr source : Direction Générale des Impôts - Cadastre. Mise à jour : 2010"
      },
      "geometry": {
        "type": "Polygon",
        "coordinates": [
          [
            [
              2.4738202,
              48.8967669
            ],
            [
              2.4741689,
              48.8966783
            ],
            [
              2.4743021,
              48.8969071
            ],
            [
              2.4741522,
              48.8969446
            ],
            [
              2.4741569,
              48.8969544
            ],
            [
              2.4741313,
              48.8969612
            ],
            [
              2.4741594,
              48.8970109
            ],
            [
              2.4739897,
              48.8970541
            ],
            [
              2.4738202,
              48.8967669
            ]
          ]
        ]
      },
      "id": "way/84189878"
    },
    {
      "type": "Feature",
      "properties": {
        "@id": "way/84189921",
        "building": "public",
        "operator": "département Seine St Denis",
        "source": "cadastre-dgi-fr source : Direction Générale des Impôts - Cadastre. Mise à jour : 2010"
      },
      "geometry": {
        "type": "Polygon",
        "coordinates": [
          [
            [
              2.4796147,
              48.916738
            ],
            [
              2.4795608,
              48.9167449
            ],
            [
              2.4795063,
              48.9165357
            ],
            [
              2.4796747,
              48.9165158
            ],
            [
              2.479728,
              48.9167256
            ],
            [
              2.4796712,
              48.9167321
            ],
            [
              2.4796147,
              48.916738
            ]
          ]
        ]
      },
      "id": "way/84189921"
    },
    {
      "type": "Feature",
      "properties": {
        "@id": "way/84189997",
        "amenity": "community_centre",
        "building": "public",
        "name": "Maison France Services",
        "operator": "ville de Bondy",
        "source": "cadastre-dgi-fr source : Direction Générale des Impôts - Cadastre. Mise à jour : 2010"
      },
      "geometry": {
        "type": "Polygon",
        "coordinates": [
          [
            [
              2.4814228,
              48.9138411
            ],
            [
              2.481432,
              48.9138725
            ],
            [
              2.4812691,
              48.9138927
            ],
            [
              2.4812122,
              48.9136946
            ],
            [
              2.4811084,
              48.9137055
            ],
            [
              2.4811113,
              48.913726
            ],
            [
              2.4811055,
              48.9137266
            ],
            [
              2.4810772,
              48.9136209
            ],
            [
              2.481319,
              48.9135911
            ],
            [
              2.481389,
              48.9138452
            ],
            [
              2.4814228,
              48.9138411
            ]
          ]
        ]
      },
      "id": "way/84189997"
    },
    {
      "type": "Feature",
      "properties": {
        "@id": "way/84190286",
        "building": "public",
        "building:architecture": "Lotissements/maisons pavillonnaires",
        "building:architecture:niveau": "2",
        "name": "École maternelle Léo Lagrange",
        "school:FR": "maternelle",
        "source": "cadastre-dgi-fr source : Direction Générale des Impôts - Cadastre. Mise à jour : 2010",
        "start_date": "1959"
      },
      "geometry": {
        "type": "Polygon",
        "coordinates": [
          [
            [
              2.4906982,
              48.905673
            ],
            [
              2.4906692,
              48.9057544
            ],
            [
              2.4906168,
              48.9057464
            ],
            [
              2.490469,
              48.9061984
            ],
            [
              2.4902724,
              48.9061762
            ],
            [
              2.4903938,
              48.9057975
            ],
            [
              2.490354,
              48.9057915
            ],
            [
              2.4901941,
              48.905761
            ],
            [
              2.489973,
              48.9057261
            ],
            [
              2.4897669,
              48.9056899
            ],
            [
              2.4897872,
              48.9056147
            ],
            [
              2.4899166,
              48.9056378
            ],
            [
              2.4899451,
              48.9055561
            ],
            [
              2.4906982,
              48.905673
            ]
          ]
        ]
      },
      "id": "way/84190286"
    },
    {
      "type": "Feature",
      "properties": {
        "@id": "way/84190887",
        "building": "public",
        "source": "cadastre-dgi-fr source : Direction Générale des Impôts - Cadastre. Mise à jour : 2010",
        "wall": "no"
      },
      "geometry": {
        "type": "Polygon",
        "coordinates": [
          [
            [
              2.4911837,
              48.9165448
            ],
            [
              2.4914036,
              48.9165033
            ],
            [
              2.4914338,
              48.9165719
            ],
            [
              2.4912121,
              48.9166145
            ],
            [
              2.4911837,
              48.9165448
            ]
          ]
        ]
      },
      "id": "way/84190887"
    },
    {
      "type": "Feature",
      "properties": {
        "@id": "way/84191192",
        "building": "public",
        "name": "Service prévention des risques",
        "operator": "ville de Bondy",
        "source": "cadastre-dgi-fr source : Direction Générale des Impôts - Cadastre. Mise à jour : 2010"
      },
      "geometry": {
        "type": "Polygon",
        "coordinates": [
          [
            [
              2.4926015,
              48.9003063
            ],
            [
              2.4925533,
              48.9002387
            ],
            [
              2.4927024,
              48.9001905
            ],
            [
              2.4927521,
              48.900258
            ],
            [
              2.4926015,
              48.9003063
            ]
          ]
        ]
      },
      "id": "way/84191192"
    },
    {
      "type": "Feature",
      "properties": {
        "@id": "way/84191362",
        "amenity": "social_facility",
        "building": "public",
        "name": "Ferme Caillard",
        "source": "cadastre-dgi-fr source : Direction Générale des Impôts - Cadastre. Mise à jour : 2010"
      },
      "geometry": {
        "type": "Polygon",
        "coordinates": [
          [
            [
              2.4780888,
              48.9009292
            ],
            [
              2.478042,
              48.9007977
            ],
            [
              2.4780351,
              48.9007787
            ],
            [
              2.4781244,
              48.9007625
            ],
            [
              2.4781587,
              48.900854
            ],
            [
              2.4785665,
              48.9007867
            ],
            [
              2.4786047,
              48.9008518
            ],
            [
              2.4780914,
              48.9009337
            ],
            [
              2.4780888,
              48.9009292
            ]
          ]
        ]
      },
      "id": "way/84191362"
    },
    {
      "type": "Feature",
      "properties": {
        "@id": "way/84191368",
        "amenity": "social_facility",
        "building": "public",
        "fax": "+33148474053",
        "healthcare": "senior",
        "name": "Résidence Arthur Groussier",
        "operator": "CASVP",
        "operator:type": "public",
        "phone": "+33148505280",
        "ref:FR:FINESS": "930700315",
        "social_facility": "nursing_home",
        "social_facility:for": "senior",
        "source": "cadastre-dgi-fr source : Direction Générale des Impôts - Cadastre. Mise à jour : 2010",
        "type:FR:FINESS": "500",
        "wikidata": "Q112990501"
      },
      "geometry": {
        "type": "Polygon",
        "coordinates": [
          [
            [
              2.4830691,
              48.9112204
            ],
            [
              2.483075,
              48.9111522
            ],
            [
              2.4832502,
              48.911159
            ],
            [
              2.483475,
              48.9111678
            ],
            [
              2.4834838,
              48.9110798
            ],
            [
              2.4834838,
              48.9110785
            ],
            [
              2.4834917,
              48.9109965
            ],
            [
              2.4834996,
              48.9109137
            ],
            [
              2.4834992,
              48.9108481
            ],
            [
              2.483481,
              48.9108485
            ],
            [
              2.483477,
              48.9108191
            ],
            [
              2.4834952,
              48.9108185
            ],
            [
              2.4834916,
              48.910801
            ],
            [
              2.4834322,
              48.910664
            ],
            [
              2.4833405,
              48.9104487
            ],
            [
              2.483435,
              48.9104307
            ],
            [
              2.4834369,
              48.9104342
            ],
            [
              2.4834816,
              48.9104258
            ],
            [
              2.4834907,
              48.9104498
            ],
            [
              2.4835112,
              48.9104461
            ],
            [
              2.4836562,
              48.9107764
            ],
            [
              2.4836621,
              48.9107973
            ],
            [
              2.4838896,
              48.9107863
            ],
            [
              2.4838885,
              48.9107154
            ],
            [
              2.4839479,
              48.9107128
            ],
            [
              2.4839478,
              48.9107032
            ],
            [
              2.4840817,
              48.9107025
            ],
            [
              2.4841545,
              48.9107061
            ],
            [
              2.4842603,
              48.9107137
            ],
            [
              2.4842575,
              48.9107237
            ],
            [
              2.4843185,
              48.91073
            ],
            [
              2.4843031,
              48.9108019
            ],
            [
              2.4844087,
              48.910812
            ],
            [
              2.4844709,
              48.9108198
            ],
            [
              2.4845298,
              48.9108292
            ],
            [
              2.4845584,
              48.910776
            ],
            [
              2.484594,
              48.9107208
            ],
            [
              2.4847248,
              48.910518
            ],
            [
              2.4849152,
              48.9105722
            ],
            [
              2.4848308,
              48.9107038
            ],
            [
              2.4847449,
              48.9108366
            ],
            [
              2.4847317,
              48.9108672
            ],
            [
              2.4847484,
              48.9108699
            ],
            [
              2.4847378,
              48.9109021
            ],
            [
              2.484719,
              48.9109
            ],
            [
              2.4847098,
              48.9109433
            ],
            [
              2.4847099,
              48.9109755
            ],
            [
              2.4845008,
              48.9109673
            ],
            [
              2.4845051,
              48.9109162
            ],
            [
              2.4845125,
              48.9108751
            ],
            [
              2.4844613,
              48.9108675
            ],
            [
              2.4844177,
              48.9108624
            ],
            [
              2.4842929,
              48.9108477
            ],
            [
              2.4842758,
              48.9109231
            ],
            [
              2.4842121,
              48.9109171
            ],
            [
              2.4841244,
              48.9109116
            ],
            [
              2.4840065,
              48.9109068
            ],
            [
              2.4838958,
              48.9109097
            ],
            [
              2.4838925,
              48.9108341
            ],
            [
              2.483771,
              48.9108362
            ],
            [
              2.48367,
              48.9108424
            ],
            [
              2.4836704,
              48.9108802
            ],
            [
              2.4836536,
              48.9110446
            ],
            [
              2.4836536,
              48.9110452
            ],
            [
              2.4836317,
              48.9112616
            ],
            [
              2.4835972,
              48.911261
            ],
            [
              2.4835856,
              48.9114016
            ],
            [
              2.4834877,
              48.911397
            ],
            [
              2.4834976,
              48.9112686
            ],
            [
              2.4830666,
              48.9112497
            ],
            [
              2.4830691,
              48.9112204
            ]
          ]
        ]
      },
      "id": "way/84191368"
    },
    {
      "type": "Feature",
      "properties": {
        "@id": "way/84191857",
        "amenity": "community_centre",
        "building": "public",
        "name": "Maison France Service Brassens",
        "source": "cadastre-dgi-fr source : Direction Générale des Impôts - Cadastre. Mise à jour : 2010"
      },
      "geometry": {
        "type": "Polygon",
        "coordinates": [
          [
            [
              2.4820688,
              48.9003618
            ],
            [
              2.4819239,
              48.9003912
            ],
            [
              2.4818436,
              48.9002284
            ],
            [
              2.4819956,
              48.9001952
            ],
            [
              2.4820688,
              48.9003618
            ]
          ]
        ]
      },
      "id": "way/84191857"
    },
    {
      "type": "Feature",
      "properties": {
        "@id": "way/84192476",
        "building": "public",
        "name": "École élémentaire Mainguy Guehenno",
        "source": "cadastre-dgi-fr source : Direction Générale des Impôts - Cadastre. Mise à jour : 2010"
      },
      "geometry": {
        "type": "Polygon",
        "coordinates": [
          [
            [
              2.4769553,
              48.9015725
            ],
            [
              2.4769489,
              48.9015741
            ],
            [
              2.4770588,
              48.9018199
            ],
            [
              2.4770657,
              48.9018188
            ],
            [
              2.4771063,
              48.9019104
            ],
            [
              2.4771544,
              48.9020186
            ],
            [
              2.4770621,
              48.9020399
            ],
            [
              2.4770608,
              48.9020402
            ],
            [
              2.4770516,
              48.9020221
            ],
            [
              2.4768208,
              48.9020677
            ],
            [
              2.4768231,
              48.9020722
            ],
            [
              2.4766311,
              48.9021158
            ],
            [
              2.4766399,
              48.9021362
            ],
            [
              2.476584,
              48.9021489
            ],
            [
              2.4765122,
              48.9021657
            ],
            [
              2.4764396,
              48.9020029
            ],
            [
              2.4763477,
              48.9017905
            ],
            [
              2.4763087,
              48.9017014
            ],
            [
              2.4763042,
              48.901702
            ],
            [
              2.4762611,
              48.9016056
            ],
            [
              2.4763973,
              48.9015782
            ],
            [
              2.4763986,
              48.9015805
            ],
            [
              2.4765349,
              48.9015535
            ],
            [
              2.476775,
              48.9015055
            ],
            [
              2.4767744,
              48.9015033
            ],
            [
              2.4769118,
              48.9014763
            ],
            [
              2.4769553,
              48.9015725
            ]
          ]
        ]
      },
      "id": "way/84192476"
    },
    {
      "type": "Feature",
      "properties": {
        "@id": "way/84192628",
        "amenity": "cinema",
        "building": "public",
        "name": "Cinéma André Malraux",
        "operator": "EPT Est Ensemble",
        "source": "cadastre-dgi-fr source : Direction Générale des Impôts - Cadastre. Mise à jour : 2010"
      },
      "geometry": {
        "type": "Polygon",
        "coordinates": [
          [
            [
              2.4801673,
              48.9016506
            ],
            [
              2.4801555,
              48.9016266
            ],
            [
              2.4801723,
              48.9016231
            ],
            [
              2.4801622,
              48.9016035
            ],
            [
              2.4801324,
              48.9015425
            ],
            [
              2.4804799,
              48.9014683
            ],
            [
              2.4804823,
              48.9014681
            ],
            [
              2.4805487,
              48.9014537
            ],
            [
              2.4806008,
              48.9015588
            ],
            [
              2.4801673,
              48.9016506
            ]
          ]
        ]
      },
      "id": "way/84192628"
    },
    {
      "type": "Feature",
      "properties": {
        "@id": "way/84193004",
        "addr:housenumber": "7",
        "building": "public",
        "leisure": "sports_hall",
        "name": "Salle omnisports André Rémond",
        "note": "Not sure about house number",
        "operator": "ville de Bondy",
        "phone": "+33 1 48 49 80 43",
        "source": "cadastre-dgi-fr source : Direction Générale des Impôts - Cadastre. Mise à jour : 2010",
        "sport": "archery;badminton;table_tennis",
        "website": "https://www.ville-bondy.fr/fiche-annuaire/salle-a-remond/;https://www.ville-bondy.fr/fiche-annuaire/salle-omnisports-andre-remond/"
      },
      "geometry": {
        "type": "Polygon",
        "coordinates": [
          [
            [
              2.4907505,
              48.9077725
            ],
            [
              2.4909925,
              48.9079364
            ],
            [
              2.490594,
              48.9081902
            ],
            [
              2.4903645,
              48.9080321
            ],
            [
              2.4904076,
              48.908005
            ],
            [
              2.4903975,
              48.9079958
            ],
            [
              2.4904569,
              48.9079576
            ],
            [
              2.4904573,
              48.9079201
            ],
            [
              2.4906311,
              48.9078097
            ],
            [
              2.4906872,
              48.9078104
            ],
            [
              2.4907505,
              48.9077725
            ]
          ]
        ]
      },
      "id": "way/84193004"
    },
    {
      "type": "Feature",
      "properties": {
        "@id": "way/84193148",
        "amenity": "police",
        "building": "public",
        "name": "Police nationale",
        "official_name": "Commissariat de police de Bondy",
        "operator": "Police nationale",
        "operator:wikidata": "Q121484",
        "phone": "+33 1 48 50 30 00",
        "police:FR": "police",
        "source": "cadastre-dgi-fr source : Direction Générale des Impôts - Cadastre. Mise à jour : 2010",
        "wikidata": "Q61954597"
      },
      "geometry": {
        "type": "Polygon",
        "coordinates": [
          [
            [
              2.4858424,
              48.9012957
            ],
            [
              2.486,
              48.901265
            ],
            [
              2.4861491,
              48.9016057
            ],
            [
              2.4860326,
              48.9016279
            ],
            [
              2.4860113,
              48.9016315
            ],
            [
              2.4859904,
              48.9016348
            ],
            [
              2.4859786,
              48.9016087
            ],
            [
              2.4858424,
              48.9012957
            ]
          ]
        ]
      },
      "id": "way/84193148"
    },
    {
      "type": "Feature",
      "properties": {
        "@id": "way/105550624",
        "building": "public",
        "name": "Etablissement Maurice Coutrot"
      },
      "geometry": {
        "type": "Polygon",
        "coordinates": [
          [
            [
              2.491048,
              48.9049867
            ],
            [
              2.4910338,
              48.9050187
            ],
            [
              2.4910232,
              48.9050242
            ],
            [
              2.490976,
              48.9051456
            ],
            [
              2.4910036,
              48.9051781
            ],
            [
              2.4909554,
              48.9051986
            ],
            [
              2.4909116,
              48.9053135
            ],
            [
              2.4908678,
              48.9053309
            ],
            [
              2.4908312,
              48.9053245
            ],
            [
              2.490804,
              48.9053977
            ],
            [
              2.4906871,
              48.9053783
            ],
            [
              2.4906854,
              48.9053829
            ],
            [
              2.4905126,
              48.9053535
            ],
            [
              2.4905175,
              48.9053366
            ],
            [
              2.4905093,
              48.9053322
            ],
            [
              2.4905,
              48.9053326
            ],
            [
              2.4905146,
              48.9052946
            ],
            [
              2.4903246,
              48.9052627
            ],
            [
              2.4903159,
              48.905284
            ],
            [
              2.4902492,
              48.9052732
            ],
            [
              2.4902928,
              48.9051581
            ],
            [
              2.4903796,
              48.9051207
            ],
            [
              2.490399,
              48.9050686
            ],
            [
              2.4904925,
              48.9050307
            ],
            [
              2.4905076,
              48.9049888
            ],
            [
              2.4905249,
              48.9049918
            ],
            [
              2.4905298,
              48.9049767
            ],
            [
              2.4905411,
              48.9049723
            ],
            [
              2.4905701,
              48.9049606
            ],
            [
              2.490598,
              48.9049648
            ],
            [
              2.490601,
              48.9049563
            ],
            [
              2.4906704,
              48.9049666
            ],
            [
              2.4906715,
              48.904962
            ],
            [
              2.4907562,
              48.9049755
            ],
            [
              2.4907547,
              48.9049797
            ],
            [
              2.4908131,
              48.904989
            ],
            [
              2.4908675,
              48.9048488
            ],
            [
              2.4912211,
              48.90491
            ],
            [
              2.491288,
              48.9049211
            ],
            [
              2.4913172,
              48.9049566
            ],
            [
              2.4912898,
              48.9050269
            ],
            [
              2.491048,
              48.9049867
            ]
          ]
        ]
      },
      "id": "way/105550624"
    },
    {
      "type": "Feature",
      "properties": {
        "@id": "way/393050734",
        "building": "public",
        "name": "Gymnase Pierre Curie"
      },
      "geometry": {
        "type": "Polygon",
        "coordinates": [
          [
            [
              2.4874951,
              48.8911149
            ],
            [
              2.4872434,
              48.8911766
            ],
            [
              2.4872574,
              48.8912014
            ],
            [
              2.4871521,
              48.8912272
            ],
            [
              2.4871399,
              48.8912055
            ],
            [
              2.4871202,
              48.8912104
            ],
            [
              2.4871324,
              48.891232
            ],
            [
              2.4870263,
              48.891258
            ],
            [
              2.4870104,
              48.89123
            ],
            [
              2.4870232,
              48.8912268
            ],
            [
              2.4868623,
              48.8909429
            ],
            [
              2.4869008,
              48.8909335
            ],
            [
              2.4868589,
              48.8908595
            ],
            [
              2.4868444,
              48.8908631
            ],
            [
              2.4868129,
              48.8908075
            ],
            [
              2.4868353,
              48.890802
            ],
            [
              2.4868177,
              48.8907708
            ],
            [
              2.4870201,
              48.8907213
            ],
            [
              2.4870377,
              48.8907524
            ],
            [
              2.4872589,
              48.8906983
            ],
            [
              2.4874951,
              48.8911149
            ]
          ]
        ]
      },
      "id": "way/393050734"
    },
    {
      "type": "Feature",
      "properties": {
        "@id": "way/393050797",
        "building": "public"
      },
      "geometry": {
        "type": "Polygon",
        "coordinates": [
          [
            [
              2.486799,
              48.8922595
            ],
            [
              2.4867103,
              48.8921095
            ],
            [
              2.486723,
              48.8921063
            ],
            [
              2.4867047,
              48.8920752
            ],
            [
              2.4867248,
              48.8920701
            ],
            [
              2.4866553,
              48.8919526
            ],
            [
              2.4866225,
              48.891961
            ],
            [
              2.4865666,
              48.8918663
            ],
            [
              2.4865996,
              48.8918579
            ],
            [
              2.4865462,
              48.8917696
            ],
            [
              2.4865087,
              48.8917022
            ],
            [
              2.4864733,
              48.8917108
            ],
            [
              2.4863971,
              48.8915795
            ],
            [
              2.4864333,
              48.8915702
            ],
            [
              2.4864152,
              48.8915395
            ],
            [
              2.4863789,
              48.8915487
            ],
            [
              2.4862703,
              48.8913651
            ],
            [
              2.486395,
              48.8913332
            ],
            [
              2.4863102,
              48.8911897
            ],
            [
              2.486499,
              48.8911415
            ],
            [
              2.4865267,
              48.8911884
            ],
            [
              2.4867535,
              48.8911305
            ],
            [
              2.4868085,
              48.8912591
            ],
            [
              2.4867548,
              48.8913312
            ],
            [
              2.486821,
              48.8913533
            ],
            [
              2.4868029,
              48.8915904
            ],
            [
              2.4867802,
              48.8915962
            ],
            [
              2.4867929,
              48.8916177
            ],
            [
              2.4867655,
              48.8916255
            ],
            [
              2.4866282,
              48.8916589
            ],
            [
              2.4867234,
              48.8918284
            ],
            [
              2.4867356,
              48.8918254
            ],
            [
              2.4867509,
              48.8918527
            ],
            [
              2.486876,
              48.8918223
            ],
            [
              2.4869828,
              48.8920123
            ],
            [
              2.4870078,
              48.8920055
            ],
            [
              2.4870786,
              48.8921337
            ],
            [
              2.487094,
              48.89213
            ],
            [
              2.4871211,
              48.8921791
            ],
            [
              2.487071,
              48.89219
            ],
            [
              2.4870527,
              48.892159
            ],
            [
              2.486962,
              48.8921822
            ],
            [
              2.4869803,
              48.8922132
            ],
            [
              2.486799,
              48.8922595
            ]
          ]
        ]
      },
      "id": "way/393050797"
    },
    {
      "type": "Feature",
      "properties": {
        "@id": "way/393050808",
        "building": "public",
        "source": "cadastre-dgi-fr source : Direction Générale des Impôts - Cadastre. Mise à jour : 2016",
        "wall": "no"
      },
      "geometry": {
        "type": "Polygon",
        "coordinates": [
          [
            [
              2.4872008,
              48.8921601
            ],
            [
              2.4871211,
              48.8921791
            ],
            [
              2.487094,
              48.89213
            ],
            [
              2.4870786,
              48.8921337
            ],
            [
              2.4870078,
              48.8920055
            ],
            [
              2.4871028,
              48.8919828
            ],
            [
              2.4872008,
              48.8921601
            ]
          ]
        ]
      },
      "id": "way/393050808"
    },
    {
      "type": "Feature",
      "properties": {
        "@id": "way/393050810",
        "building": "public",
        "source": "cadastre-dgi-fr source : Direction Générale des Impôts - Cadastre. Mise à jour : 2016",
        "wall": "no"
      },
      "geometry": {
        "type": "Polygon",
        "coordinates": [
          [
            [
              2.486876,
              48.8918223
            ],
            [
              2.4867509,
              48.8918527
            ],
            [
              2.4867356,
              48.8918254
            ],
            [
              2.4867234,
              48.8918284
            ],
            [
              2.4866282,
              48.8916589
            ],
            [
              2.4867655,
              48.8916255
            ],
            [
              2.486876,
              48.8918223
            ]
          ]
        ]
      },
      "id": "way/393050810"
    },
    {
      "type": "Feature",
      "properties": {
        "@id": "way/393050816",
        "building": "public"
      },
      "geometry": {
        "type": "Polygon",
        "coordinates": [
          [
            [
              2.4873527,
              48.8921238
            ],
            [
              2.4872008,
              48.8921601
            ],
            [
              2.4871028,
              48.8919828
            ],
            [
              2.4870692,
              48.891922
            ],
            [
              2.4871185,
              48.8919102
            ],
            [
              2.4871214,
              48.8919155
            ],
            [
              2.4872241,
              48.891891
            ],
            [
              2.4873527,
              48.8921238
            ]
          ]
        ]
      },
      "id": "way/393050816"
    },
    {
      "type": "Feature",
      "properties": {
        "@id": "way/398434537",
        "amenity": "social_centre",
        "building": "public",
        "building:levels": "2",
        "dwellings": "15",
        "name": "Maison Marianne",
        "operator": "ville de Bondy",
        "polling_station": "yes",
        "polling_station:ref": "31",
        "start_date": "2012"
      },
      "geometry": {
        "type": "Polygon",
        "coordinates": [
          [
            [
              2.482679,
              48.8997465
            ],
            [
              2.4826275,
              48.899609
            ],
            [
              2.4834867,
              48.8992872
            ],
            [
              2.4835928,
              48.8995708
            ],
            [
              2.4835773,
              48.8995733
            ],
            [
              2.4835871,
              48.8995997
            ],
            [
              2.4834711,
              48.8996185
            ],
            [
              2.483448,
              48.8996221
            ],
            [
              2.4828359,
              48.8997212
            ],
            [
              2.482813,
              48.8997248
            ],
            [
              2.482679,
              48.8997465
            ]
          ]
        ]
      },
      "id": "way/398434537"
    },
    {
      "type": "Feature",
      "properties": {
        "@id": "way/398434555",
        "addr:city": "Bondy",
        "addr:housenumber": "8",
        "addr:street": "rue de la terre Saint-Blaise",
        "amenity": "social_facility",
        "building": "public",
        "name": "Centre de Loisirs Saint-Exupery",
        "operator": "ville de Bondy",
        "social_facility:for": "child"
      },
      "geometry": {
        "type": "Polygon",
        "coordinates": [
          [
            [
              2.48142,
              48.9162172
            ],
            [
              2.4815017,
              48.9162071
            ],
            [
              2.4815042,
              48.916216
            ],
            [
              2.4815843,
              48.9162062
            ],
            [
              2.4815818,
              48.9161972
            ],
            [
              2.4816608,
              48.9161875
            ],
            [
              2.4816633,
              48.916196
            ],
            [
              2.4817436,
              48.9161861
            ],
            [
              2.4817411,
              48.9161776
            ],
            [
              2.4818168,
              48.9161683
            ],
            [
              2.4818623,
              48.9163279
            ],
            [
              2.4817841,
              48.9163375
            ],
            [
              2.481769,
              48.9162848
            ],
            [
              2.4816887,
              48.9162947
            ],
            [
              2.4817037,
              48.9163474
            ],
            [
              2.4816266,
              48.9163569
            ],
            [
              2.4816115,
              48.9163038
            ],
            [
              2.4815281,
              48.916314
            ],
            [
              2.4815433,
              48.9163672
            ],
            [
              2.4814655,
              48.9163768
            ],
            [
              2.48142,
              48.9162172
            ]
          ]
        ]
      },
      "id": "way/398434555"
    },
    {
      "type": "Feature",
      "properties": {
        "@id": "way/398434578",
        "addr:city": "Bondy",
        "addr:housenumber": "75",
        "amenity": "theatre",
        "building": "public",
        "name": "Auditorium Angèle et Roger Tribouilloy"
      },
      "geometry": {
        "type": "Polygon",
        "coordinates": [
          [
            [
              2.4879273,
              48.9019806
            ],
            [
              2.4875578,
              48.9020135
            ],
            [
              2.4875024,
              48.9017452
            ],
            [
              2.4878719,
              48.9017122
            ],
            [
              2.4879273,
              48.9019806
            ]
          ]
        ]
      },
      "id": "way/398434578"
    },
    {
      "type": "Feature",
      "properties": {
        "@id": "way/441193894",
        "amenity": "community_centre",
        "building": "public",
        "name": "Maison des Parents"
      },
      "geometry": {
        "type": "Polygon",
        "coordinates": [
          [
            [
              2.4903949,
              48.9011884
            ],
            [
              2.4905309,
              48.9011343
            ],
            [
              2.4905627,
              48.9011817
            ],
            [
              2.4904202,
              48.9012304
            ],
            [
              2.4903949,
              48.9011884
            ]
          ]
        ]
      },
      "id": "way/441193894"
    },
    {
      "type": "Feature",
      "properties": {
        "@id": "way/441193896",
        "building": "public",
        "leisure": "pitch",
        "name": "Tennis Club Maurice PetitJean",
        "sport": "tennis"
      },
      "geometry": {
        "type": "Polygon",
        "coordinates": [
          [
            [
              2.4943313,
              48.9019949
            ],
            [
              2.4940389,
              48.9014201
            ],
            [
              2.493886,
              48.9014447
            ],
            [
              2.4937144,
              48.9011432
            ],
            [
              2.4944111,
              48.9010025
            ],
            [
              2.4948361,
              48.9018872
            ],
            [
              2.4943313,
              48.9019949
            ]
          ]
        ]
      },
      "id": "way/441193896"
    },
    {
      "type": "Feature",
      "properties": {
        "@id": "way/957186994",
        "building": "public",
        "name": "École maternelle Noue Caillet",
        "polling_station": "yes",
        "polling_station_ref": "05",
        "ref:UAI": "0930473J",
        "roof:shape": "flat",
        "school:FR": "maternelle"
      },
      "geometry": {
        "type": "Polygon",
        "coordinates": [
          [
            [
              2.479687,
              48.9119326
            ],
            [
              2.4796646,
              48.9118544
            ],
            [
              2.4797129,
              48.911846
            ],
            [
              2.4796183,
              48.9115158
            ],
            [
              2.4794534,
              48.9115335
            ],
            [
              2.4794218,
              48.9114271
            ],
            [
              2.4795902,
              48.911409
            ],
            [
              2.4796101,
              48.9114702
            ],
            [
              2.4797296,
              48.9114547
            ],
            [
              2.4798309,
              48.9118165
            ],
            [
              2.4803938,
              48.9117495
            ],
            [
              2.4804176,
              48.9118287
            ],
            [
              2.4801664,
              48.9118583
            ],
            [
              2.4797346,
              48.9119132
            ],
            [
              2.4797379,
              48.9119263
            ],
            [
              2.479687,
              48.9119326
            ]
          ]
        ]
      },
      "id": "way/957186994"
    },
    {
      "type": "Feature",
      "properties": {
        "@id": "way/957186995",
        "building": "public",
        "building:architecture": "brick",
        "name": "École élémentaire Noue Caillet",
        "polling_station": "yes",
        "polling_station:ref": "24",
        "polling_station:ref_1": "25",
        "ref:UAI": "0930203R",
        "roof:shape": "flat",
        "school:FR": "élémentaire"
      },
      "geometry": {
        "type": "Polygon",
        "coordinates": [
          [
            [
              2.4801664,
              48.9118583
            ],
            [
              2.4803477,
              48.9118384
            ],
            [
              2.4804078,
              48.9120808
            ],
            [
              2.4811211,
              48.9119957
            ],
            [
              2.4811544,
              48.9120958
            ],
            [
              2.4807698,
              48.9121378
            ],
            [
              2.4803971,
              48.9121822
            ],
            [
              2.4804056,
              48.9122048
            ],
            [
              2.4802675,
              48.9122188
            ],
            [
              2.4802508,
              48.912138
            ],
            [
              2.4801664,
              48.9118583
            ]
          ]
        ]
      },
      "id": "way/957186995"
    },
    {
      "type": "Feature",
      "properties": {
        "@id": "way/957186996",
        "amenity": "school",
        "building": "public",
        "name": "École maternelle Pasteur",
        "operator": "ville de Bondy",
        "polling_station": "yes",
        "polling_station:ref": "7",
        "ref:UAI": "0930456R",
        "school:FR": "maternelle"
      },
      "geometry": {
        "type": "Polygon",
        "coordinates": [
          [
            [
              2.487848,
              48.9078014
            ],
            [
              2.4877116,
              48.9077414
            ],
            [
              2.4878045,
              48.9076378
            ],
            [
              2.4876446,
              48.9075758
            ],
            [
              2.4877173,
              48.9074943
            ],
            [
              2.4878776,
              48.9075555
            ],
            [
              2.4879686,
              48.9074541
            ],
            [
              2.4881073,
              48.9075076
            ],
            [
              2.4880129,
              48.9076148
            ],
            [
              2.488742,
              48.9078965
            ],
            [
              2.4886654,
              48.9079746
            ],
            [
              2.4879493,
              48.907686
            ],
            [
              2.487848,
              48.9078014
            ]
          ]
        ]
      },
      "id": "way/957186996"
    },
    {
      "type": "Feature",
      "properties": {
        "@id": "way/957186997",
        "amenity": "school",
        "building": "public",
        "name": "Ecole élémentaire Pasteur",
        "operator": "ville de Bondy",
        "ref:UAI": "0930546N",
        "school:FR": "élémentaire"
      },
      "geometry": {
        "type": "Polygon",
        "coordinates": [
          [
            [
              2.4872023,
              48.9083158
            ],
            [
              2.4876961,
              48.9077488
            ],
            [
              2.4886517,
              48.9081155
            ],
            [
              2.4885726,
              48.9081891
            ],
            [
              2.4877883,
              48.9078845
            ],
            [
              2.4874496,
              48.908252
            ],
            [
              2.4877554,
              48.908374
            ],
            [
              2.4883399,
              48.9084977
            ],
            [
              2.4882969,
              48.9085845
            ],
            [
              2.4881894,
              48.9085633
            ],
            [
              2.4876983,
              48.9084475
            ],
            [
              2.487431,
              48.9083446
            ],
            [
              2.4873833,
              48.9083253
            ],
            [
              2.4873444,
              48.9083663
            ],
            [
              2.4873393,
              48.9083709
            ],
            [
              2.4872023,
              48.9083158
            ]
          ]
        ]
      },
      "id": "way/957186997"
    },
    {
      "type": "Feature",
      "properties": {
        "@id": "way/966775850",
        "building": "public"
      },
      "geometry": {
        "type": "Polygon",
        "coordinates": [
          [
            [
              2.4944822,
              48.9020766
            ],
            [
              2.4944454,
              48.9020014
            ],
            [
              2.4948624,
              48.9019131
            ],
            [
              2.4949023,
              48.9019885
            ],
            [
              2.4944822,
              48.9020766
            ]
          ]
        ]
      },
      "id": "way/966775850"
    },
    {
      "type": "Feature",
      "properties": {
        "@id": "way/970368838",
        "amenity": "kindergarten",
        "building": "public",
        "name": "Crèche Arc En Ciel"
      },
      "geometry": {
        "type": "Polygon",
        "coordinates": [
          [
            [
              2.4934815,
              48.9030429
            ],
            [
              2.4935306,
              48.9030291
            ],
            [
              2.4935796,
              48.9031114
            ],
            [
              2.4934699,
              48.9031382
            ],
            [
              2.4932724,
              48.9031894
            ],
            [
              2.4932226,
              48.9031077
            ],
            [
              2.4934046,
              48.9030619
            ],
            [
              2.4933024,
              48.9028924
            ],
            [
              2.4938086,
              48.9027619
            ],
            [
              2.4938549,
              48.9028479
            ],
            [
              2.4934298,
              48.9029581
            ],
            [
              2.4934815,
              48.9030429
            ]
          ]
        ]
      },
      "id": "way/970368838"
    },
    {
      "type": "Feature",
      "properties": {
        "@id": "way/1033800495",
        "building": "public"
      },
      "geometry": {
        "type": "Polygon",
        "coordinates": [
          [
            [
              2.4835026,
              48.902345
            ],
            [
              2.4834269,
              48.9021809
            ],
            [
              2.4834593,
              48.9021446
            ],
            [
              2.4836973,
              48.9021119
            ],
            [
              2.4837517,
              48.9022963
            ],
            [
              2.4835026,
              48.902345
            ]
          ]
        ]
      },
      "id": "way/1033800495"
    },
    {
      "type": "Feature",
      "properties": {
        "@id": "way/1034103429",
        "building": "public",
        "name": "École du Stade",
        "school:FR": "primaire"
      },
      "geometry": {
        "type": "Polygon",
        "coordinates": [
          [
            [
              2.4894362,
              48.9054096
            ],
            [
              2.489345,
              48.9053567
            ],
            [
              2.4896105,
              48.9052016
            ],
            [
              2.4892726,
              48.9049441
            ],
            [
              2.4892404,
              48.9049547
            ],
            [
              2.4892055,
              48.9049318
            ],
            [
              2.4891465,
              48.9049671
            ],
            [
              2.4888166,
              48.9047396
            ],
            [
              2.4889105,
              48.9046532
            ],
            [
              2.4889561,
              48.9046762
            ],
            [
              2.4890017,
              48.9046462
            ],
            [
              2.4891599,
              48.9047326
            ],
            [
              2.4891331,
              48.9047537
            ],
            [
              2.4896776,
              48.9051381
            ],
            [
              2.4897151,
              48.905124
            ],
            [
              2.4897927,
              48.905193
            ],
            [
              2.4894362,
              48.9054096
            ]
          ]
        ]
      },
      "id": "way/1034103429"
    },
    {
      "type": "Feature",
      "properties": {
        "@id": "way/1034103431",
        "amenity": "polling_station",
        "building": "public",
        "name": "École primaire Léo Lagrange",
        "polling_station": "yes",
        "polling_station:ref": "28",
        "school:FR": "primaire"
      },
      "geometry": {
        "type": "Polygon",
        "coordinates": [
          [
            [
              2.4904611,
              48.906341
            ],
            [
              2.4900821,
              48.9062771
            ],
            [
              2.4900922,
              48.9062582
            ],
            [
              2.4893847,
              48.906148
            ],
            [
              2.4894089,
              48.9060696
            ],
            [
              2.4901589,
              48.9061798
            ],
            [
              2.4901569,
              48.9062104
            ],
            [
              2.4904783,
              48.9062543
            ],
            [
              2.4904611,
              48.906341
            ]
          ]
        ]
      },
      "id": "way/1034103431"
    },
    {
      "type": "Feature",
      "properties": {
        "@id": "way/1034103432",
        "building": "public",
        "name": "Lycée Léo Lagrange",
        "school:FR": "lycée"
      },
      "geometry": {
        "type": "Polygon",
        "coordinates": [
          [
            [
              2.4904611,
              48.906341
            ],
            [
              2.4905136,
              48.9061381
            ],
            [
              2.490578,
              48.9061452
            ],
            [
              2.4905619,
              48.9062457
            ],
            [
              2.4911359,
              48.9063303
            ],
            [
              2.4912432,
              48.9060235
            ],
            [
              2.4909696,
              48.9059918
            ],
            [
              2.4910259,
              48.905886
            ],
            [
              2.4906933,
              48.9058314
            ],
            [
              2.4907148,
              48.9057891
            ],
            [
              2.4915302,
              48.9059072
            ],
            [
              2.4915194,
              48.9059566
            ],
            [
              2.491498,
              48.9060253
            ],
            [
              2.4914569,
              48.9060234
            ],
            [
              2.4913585,
              48.9063021
            ],
            [
              2.4913987,
              48.9063127
            ],
            [
              2.4913746,
              48.9063832
            ],
            [
              2.4913344,
              48.9063797
            ],
            [
              2.4913102,
              48.9064449
            ],
            [
              2.4905807,
              48.9063338
            ],
            [
              2.4905619,
              48.906362
            ],
            [
              2.4904611,
              48.906341
            ]
          ]
        ]
      },
      "id": "way/1034103432"
    },
    {
      "type": "Feature",
      "properties": {
        "@id": "way/1034123849",
        "amenity": "school",
        "building": "public",
        "name": "École Maternelle Guillaume Appolinaire",
        "school:FR": "maternelle",
        "source": "cadastre-dgi-fr source : Direction Générale des Impôts - Cadastre. Mise à jour : 2010"
      },
      "geometry": {
        "type": "Polygon",
        "coordinates": [
          [
            [
              2.4831368,
              48.9020195
            ],
            [
              2.4828933,
              48.9015394
            ],
            [
              2.4828483,
              48.9015434
            ],
            [
              2.48268,
              48.9012905
            ],
            [
              2.4828663,
              48.901255
            ],
            [
              2.4829805,
              48.9013537
            ],
            [
              2.48329,
              48.9013053
            ],
            [
              2.4833231,
              48.9014387
            ],
            [
              2.4830136,
              48.9015157
            ],
            [
              2.4830797,
              48.9016224
            ],
            [
              2.4831698,
              48.9018239
            ],
            [
              2.483284,
              48.9017785
            ],
            [
              2.4833271,
              48.9018498
            ],
            [
              2.4831939,
              48.9018693
            ],
            [
              2.4831848,
              48.9019128
            ],
            [
              2.483275,
              48.901895
            ],
            [
              2.483302,
              48.9019661
            ],
            [
              2.483248,
              48.901978
            ],
            [
              2.483263,
              48.9019977
            ],
            [
              2.4831368,
              48.9020195
            ]
          ]
        ]
      },
      "id": "way/1034123849"
    },
    {
      "type": "Feature",
      "properties": {
        "@id": "way/1099294260",
        "building": "public"
      },
      "geometry": {
        "type": "Polygon",
        "coordinates": [
          [
            [
              2.4913334,
              48.9168155
            ],
            [
              2.4912638,
              48.9166483
            ],
            [
              2.4914264,
              48.9166191
            ],
            [
              2.491496,
              48.9167863
            ],
            [
              2.4913334,
              48.9168155
            ]
          ]
        ]
      },
      "id": "way/1099294260"
    },
    {
      "type": "Feature",
      "properties": {
        "@id": "way/1099294261",
        "building": "public"
      },
      "geometry": {
        "type": "Polygon",
        "coordinates": [
          [
            [
              2.4901867,
              48.9166136
            ],
            [
              2.4901281,
              48.9164734
            ],
            [
              2.4907671,
              48.9163579
            ],
            [
              2.4907883,
              48.9164087
            ],
            [
              2.4914225,
              48.9162942
            ],
            [
              2.49146,
              48.9163836
            ],
            [
              2.4901867,
              48.9166136
            ]
          ]
        ]
      },
      "id": "way/1099294261"
    },
    {
      "type": "Feature",
      "properties": {
        "@id": "way/1168933742",
        "building": "public"
      },
      "geometry": {
        "type": "Polygon",
        "coordinates": [
          [
            [
              2.4788532,
              48.9142325
            ],
            [
              2.4787583,
              48.913865
            ],
            [
              2.4790495,
              48.9138375
            ],
            [
              2.4791542,
              48.9141998
            ],
            [
              2.4788532,
              48.9142325
            ]
          ]
        ]
      },
      "id": "way/1168933742"
    },
    {
      "type": "Feature",
      "properties": {
        "@id": "way/1203049143",
        "building": "public",
        "name": "Salle Coluche",
        "polling_station": "yes"
      },
      "geometry": {
        "type": "Polygon",
        "coordinates": [
          [
            [
              2.4909034,
              48.8957511
            ],
            [
              2.4908587,
              48.8956388
            ],
            [
              2.4910863,
              48.8955934
            ],
            [
              2.4911392,
              48.8957137
            ],
            [
              2.4909034,
              48.8957511
            ]
          ]
        ]
      },
      "id": "way/1203049143"
    },
    {
      "type": "Feature",
      "properties": {
        "@id": "way/1453877250",
        "building": "public",
        "name": "Ecole maternelle Alain Savary",
        "polling_station": "yes",
        "polling_station_ref": "12",
        "school:FR": "maternelle"
      },
      "geometry": {
        "type": "Polygon",
        "coordinates": [
          [
            [
              2.4743886,
              48.8975079
            ],
            [
              2.4741808,
              48.8972085
            ],
            [
              2.4741097,
              48.8972179
            ],
            [
              2.47403,
              48.8971187
            ],
            [
              2.4745935,
              48.8969541
            ],
            [
              2.4746561,
              48.8970383
            ],
            [
              2.4744455,
              48.8971206
            ],
            [
              2.4744939,
              48.8972123
            ],
            [
              2.4744341,
              48.897231
            ],
            [
              2.474565,
              48.89739
            ],
            [
              2.4745337,
              48.8974068
            ],
            [
              2.4745466,
              48.8974262
            ],
            [
              2.4745309,
              48.8974742
            ],
            [
              2.4743886,
              48.8975079
            ]
          ]
        ]
      },
      "id": "way/1453877250"
    },
    {
      "type": "Feature",
      "properties": {
        "@id": "way/1453877251",
        "amenity": "school",
        "building": "public",
        "name": "Ecole élémentarie Roger Salengro",
        "ref:UAI": "0932265G",
        "school:FR": "primaire"
      },
      "geometry": {
        "type": "Polygon",
        "coordinates": [
          [
            [
              2.4745595,
              48.8975098
            ],
            [
              2.4745466,
              48.8974262
            ],
            [
              2.4753081,
              48.8973626
            ],
            [
              2.4754205,
              48.8973532
            ],
            [
              2.4754316,
              48.8973522
            ],
            [
              2.4754365,
              48.8974302
            ],
            [
              2.4745595,
              48.8975098
            ]
          ]
        ]
      },
      "id": "way/1453877251"
    },
    {
      "type": "Feature",
      "properties": {
        "@id": "way/1453877252",
        "building": "public",
        "name": "Ecole élémentaire Jacques Béthinger",
        "polling_station": "yes",
        "polling_station:ref": "12",
        "ref:UAI": "0932265G",
        "school:FR": "primaire"
      },
      "geometry": {
        "type": "Polygon",
        "coordinates": [
          [
            [
              2.4754316,
              48.8973522
            ],
            [
              2.4754205,
              48.8973532
            ],
            [
              2.4753081,
              48.8973626
            ],
            [
              2.4752834,
              48.8972785
            ],
            [
              2.4760526,
              48.8972127
            ],
            [
              2.4761885,
              48.8972011
            ],
            [
              2.4761871,
              48.897285
            ],
            [
              2.4754316,
              48.8973522
            ]
          ]
        ]
      },
      "id": "way/1453877252"
    },
    {
      "type": "Feature",
      "properties": {
        "@id": "way/1453877253",
        "building": "public",
        "name": "Ecole maternelle Roger Salengro",
        "polling_station": "yes",
        "polling_station:ref": "12",
        "ref:UAI": "0932265G",
        "school:FR": "maternelle",
        "start_date": "1958"
      },
      "geometry": {
        "type": "Polygon",
        "coordinates": [
          [
            [
              2.4761885,
              48.8972011
            ],
            [
              2.4760526,
              48.8972127
            ],
            [
              2.4760253,
              48.897102
            ],
            [
              2.4767867,
              48.8970315
            ],
            [
              2.4767523,
              48.8968129
            ],
            [
              2.4768832,
              48.8967988
            ],
            [
              2.4769485,
              48.8971298
            ],
            [
              2.4761885,
              48.8972011
            ]
          ]
        ]
      },
      "id": "way/1453877253"
    },
    {
      "type": "Feature",
      "properties": {
        "@id": "node/10837034873",
        "addr:city": "Bondy",
        "addr:housenumber": "5-7",
        "addr:postcode": "93140",
        "addr:street": "Rue Arthur Rimbaud",
        "building": "public",
        "government": "tax",
        "name": "Trésorerie",
        "office": "government"
      },
      "geometry": {
        "type": "Point",
        "coordinates": [
          2.4796398,
          48.9047506
        ]
      },
      "id": "node/10837034873"
    }
  ]
}