"","Group.1","x"
"1","non",40767.0095941903
"2","oui",53584.1158987322
