{
"type": "FeatureCollection",
"generator": "overpass-turbo",
"copyright": "The data included in this document is from www.openstreetmap.org. The data is made available under ODbL.",
"timestamp": "2026-02-20T16:15:03Z",
"name": "limiteAdmAutourBondyOSM",
"features": [
{ "type": "Feature", "id": "relation/129423", "properties": { "@id": "relation/129423", "admin_level": "8", "boundary": "administrative", "name": "Montreuil", "name:el": "Μοντρέιγ", "old_name": "Montreuil-sous-Bois", "population": "111455", "population:date": "2021", "postal_code": "93100", "ref:FR:SIREN": "219300480", "ref:INSEE": "93048", "source:population": "INSEE 2024", "source:postal_code": "source of postcode is from osm nodes", "type": "boundary", "wikidata": "Q193370", "wikipedia": "fr:Montreuil (Seine-Saint-Denis)" }, "geometry": { "type": "Polygon", "coordinates": [ [ [ 2.415524, 48.8539324 ], [ 2.4155987, 48.8534671 ], [ 2.4157103, 48.8527876 ], [ 2.4158824, 48.8518014 ], [ 2.4160156, 48.8509919 ], [ 2.416038, 48.8508465 ], [ 2.4161976, 48.8498896 ], [ 2.4163604, 48.8492351 ], [ 2.4166866, 48.8492486 ], [ 2.4175207, 48.8492798 ], [ 2.4176621, 48.8493142 ], [ 2.4188831, 48.8493919 ], [ 2.4189947, 48.8493866 ], [ 2.4197349, 48.8493297 ], [ 2.4198271, 48.8493226 ], [ 2.420815, 48.8492612 ], [ 2.4208707, 48.849258 ], [ 2.4210624, 48.8492467 ], [ 2.4219849, 48.8491788 ], [ 2.422067, 48.8491754 ], [ 2.4221489, 48.8491719 ], [ 2.4228093, 48.8491359 ], [ 2.4231215, 48.8491171 ], [ 2.4232382, 48.849108 ], [ 2.4235287, 48.8490905 ], [ 2.4242914, 48.8490433 ], [ 2.4248936, 48.8490061 ], [ 2.4249301, 48.8490044 ], [ 2.4262241, 48.8489306 ], [ 2.4263664, 48.8489225 ], [ 2.4265846, 48.8488979 ], [ 2.4268111, 48.8488866 ], [ 2.4268538, 48.8488837 ], [ 2.4283615, 48.8487998 ], [ 2.4283986, 48.8487996 ], [ 2.4284813, 48.8487919 ], [ 2.4286346, 48.8487845 ], [ 2.4286773, 48.8487815 ], [ 2.4293284, 48.8487433 ], [ 2.4293361, 48.8488542 ], [ 2.4293775, 48.8494187 ], [ 2.4294074, 48.8496551 ], [ 2.4294512, 48.8500743 ], [ 2.4294533, 48.8500932 ], [ 2.4295006, 48.8505848 ], [ 2.4295028, 48.8506074 ], [ 2.42956, 48.8509883 ], [ 2.4295636, 48.8510042 ], [ 2.4295827, 48.8510514 ], [ 2.4297612, 48.8510402 ], [ 2.4308212, 48.8509659 ], [ 2.431351, 48.850939 ], [ 2.4315802, 48.8509309 ], [ 2.4323923, 48.8511366 ], [ 2.4324863, 48.8511454 ], [ 2.432674, 48.8511415 ], [ 2.433122, 48.8510618 ], [ 2.4344827, 48.85083 ], [ 2.43457, 48.85082 ], [ 2.4345655, 48.8509026 ], [ 2.4345793, 48.8512379 ], [ 2.434621, 48.8515251 ], [ 2.4346293, 48.8515692 ], [ 2.4346664, 48.8517159 ], [ 2.4348171, 48.8522979 ], [ 2.4348378, 48.8523761 ], [ 2.4348553, 48.8524287 ], [ 2.43521, 48.8533162 ], [ 2.4352291, 48.8533651 ], [ 2.4353117, 48.8533434 ], [ 2.4362342, 48.8531016 ], [ 2.4372299, 48.8528406 ], [ 2.4373325, 48.8528137 ], [ 2.4373714, 48.8528582 ], [ 2.4375667, 48.8531187 ], [ 2.4376323, 48.853218 ], [ 2.437755, 48.8531973 ], [ 2.4387225, 48.8530337 ], [ 2.4388235, 48.853032 ], [ 2.4389197, 48.8530305 ], [ 2.4397478, 48.8530168 ], [ 2.4409947, 48.8530014 ], [ 2.4410533, 48.8530023 ], [ 2.4411717, 48.8530185 ], [ 2.4412498, 48.8530152 ], [ 2.4420666, 48.852937 ], [ 2.4426241, 48.8528833 ], [ 2.4428211, 48.8527692 ], [ 2.4432178, 48.8526078 ], [ 2.443245, 48.852593 ], [ 2.4432934, 48.8525666 ], [ 2.4431067, 48.8524045 ], [ 2.4430801, 48.8523834 ], [ 2.4425647, 48.8519642 ], [ 2.442503, 48.8519149 ], [ 2.4425668, 48.8518847 ], [ 2.4429687, 48.8518026 ], [ 2.4430545, 48.8517887 ], [ 2.4431396, 48.8517933 ], [ 2.4435396, 48.8518573 ], [ 2.443624, 48.8518674 ], [ 2.4437122, 48.8518701 ], [ 2.4440272, 48.8518464 ], [ 2.4442012, 48.8518343 ], [ 2.444403, 48.8518221 ], [ 2.4444825, 48.8518155 ], [ 2.4445533, 48.8518078 ], [ 2.4446205, 48.8517959 ], [ 2.4447678, 48.8517607 ], [ 2.4453109, 48.8516332 ], [ 2.445408, 48.8516092 ], [ 2.4461107, 48.8514258 ], [ 2.4461975, 48.851401 ], [ 2.4462989, 48.8513739 ], [ 2.4470884, 48.8511758 ], [ 2.4471517, 48.8511595 ], [ 2.4471757, 48.8512072 ], [ 2.447761, 48.8521453 ], [ 2.4478936, 48.8523583 ], [ 2.4475312, 48.8525137 ], [ 2.4477781, 48.8527021 ], [ 2.4478899, 48.8527509 ], [ 2.4479764, 48.8528132 ], [ 2.4482734, 48.8530438 ], [ 2.4484633, 48.8531809 ], [ 2.4485149, 48.8532237 ], [ 2.4485691, 48.8532751 ], [ 2.4488273, 48.8534738 ], [ 2.4490258, 48.8535694 ], [ 2.4497471, 48.8538632 ], [ 2.4503286, 48.8541131 ], [ 2.450505, 48.8541666 ], [ 2.4522928, 48.8549115 ], [ 2.4528311, 48.8550904 ], [ 2.4532309, 48.8552242 ], [ 2.4534005, 48.8552797 ], [ 2.4539277, 48.8553988 ], [ 2.455503, 48.8557046 ], [ 2.455971, 48.8557533 ], [ 2.4573434, 48.8559053 ], [ 2.4576021, 48.8559386 ], [ 2.4578074, 48.855968 ], [ 2.4579964, 48.8559763 ], [ 2.4584038, 48.8559936 ], [ 2.4589472, 48.8560166 ], [ 2.4590107, 48.8560201 ], [ 2.4598116, 48.856054 ], [ 2.4599811, 48.8560588 ], [ 2.4607287, 48.8560873 ], [ 2.4610851, 48.8561046 ], [ 2.4612761, 48.8561138 ], [ 2.4614215, 48.8561136 ], [ 2.4614995, 48.856128 ], [ 2.4617094, 48.8561492 ], [ 2.4618088, 48.856158 ], [ 2.4620131, 48.8561835 ], [ 2.4621163, 48.8561931 ], [ 2.4622534, 48.8561903 ], [ 2.4624938, 48.8562117 ], [ 2.4627025, 48.856247 ], [ 2.4629775, 48.8562738 ], [ 2.4634022, 48.8563127 ], [ 2.4636311, 48.8563184 ], [ 2.4640771, 48.8563638 ], [ 2.464228, 48.8563774 ], [ 2.465707, 48.8565208 ], [ 2.4661493, 48.8565496 ], [ 2.4664248, 48.8565643 ], [ 2.4665654, 48.8565728 ], [ 2.4667767, 48.8565805 ], [ 2.4668102, 48.8565817 ], [ 2.4672201, 48.8566072 ], [ 2.4674021, 48.8566211 ], [ 2.4674126, 48.8566452 ], [ 2.467074, 48.8578733 ], [ 2.4670401, 48.8580179 ], [ 2.4669367, 48.8584906 ], [ 2.4669935, 48.8584989 ], [ 2.4670596, 48.8585406 ], [ 2.4671274, 48.8590635 ], [ 2.4671514, 48.8591141 ], [ 2.4671464, 48.8591647 ], [ 2.4671113, 48.8594245 ], [ 2.4670536, 48.8595939 ], [ 2.466963, 48.8597557 ], [ 2.4669181, 48.8598416 ], [ 2.4667726, 48.8600608 ], [ 2.4677856, 48.8605014 ], [ 2.4684437, 48.8606666 ], [ 2.4688454, 48.8607138 ], [ 2.4692782, 48.8607525 ], [ 2.4696849, 48.8607568 ], [ 2.4697569, 48.8607514 ], [ 2.4711261, 48.8605294 ], [ 2.4714075, 48.8604881 ], [ 2.4715543, 48.8604661 ], [ 2.4717902, 48.8604286 ], [ 2.4733349, 48.860197 ], [ 2.4735144, 48.8601841 ], [ 2.4736518, 48.8601766 ], [ 2.4738435, 48.8601792 ], [ 2.4738599, 48.8601798 ], [ 2.4743213, 48.8601977 ], [ 2.4750433, 48.8601902 ], [ 2.4753122, 48.8601965 ], [ 2.4755184, 48.8602638 ], [ 2.4757834, 48.8603778 ], [ 2.475991, 48.8604276 ], [ 2.4761921, 48.8604603 ], [ 2.4764513, 48.860471 ], [ 2.4766846, 48.8604429 ], [ 2.4767168, 48.8604359 ], [ 2.4769848, 48.8603778 ], [ 2.4770435, 48.8603661 ], [ 2.4781679, 48.8601379 ], [ 2.478216, 48.86013 ], [ 2.4783896, 48.8601015 ], [ 2.4785052, 48.8600999 ], [ 2.4801409, 48.8600766 ], [ 2.4802162, 48.8600753 ], [ 2.4807021, 48.8600635 ], [ 2.4808144, 48.8600595 ], [ 2.4808398, 48.8600972 ], [ 2.480896, 48.860159 ], [ 2.4810141, 48.8603351 ], [ 2.4813033, 48.8609193 ], [ 2.4813543, 48.8610198 ], [ 2.4814345, 48.8611781 ], [ 2.481491, 48.8612409 ], [ 2.48157, 48.8613286 ], [ 2.4816348, 48.8614079 ], [ 2.4818266, 48.8614131 ], [ 2.481781, 48.8616021 ], [ 2.4817579, 48.8617128 ], [ 2.4817577, 48.8617521 ], [ 2.4821203, 48.8624894 ], [ 2.4820867, 48.8624903 ], [ 2.4821292, 48.8625872 ], [ 2.4822519, 48.8628166 ], [ 2.4824128, 48.8631549 ], [ 2.4826666, 48.8636331 ], [ 2.4827356, 48.8637774 ], [ 2.4828111, 48.8639176 ], [ 2.4827555, 48.8639927 ], [ 2.4826888, 48.8640807 ], [ 2.4826828, 48.8644172 ], [ 2.4826791, 48.8645478 ], [ 2.4826334, 48.8647562 ], [ 2.4824782, 48.8654939 ], [ 2.4823697, 48.8659932 ], [ 2.4822451, 48.8665668 ], [ 2.4822275, 48.8667655 ], [ 2.4821965, 48.8669107 ], [ 2.4821701, 48.8670639 ], [ 2.4818495, 48.8671405 ], [ 2.481442, 48.867238 ], [ 2.4813853, 48.8672516 ], [ 2.481295, 48.8672732 ], [ 2.4811527, 48.8672813 ], [ 2.4810775, 48.8672508 ], [ 2.480601, 48.8670882 ], [ 2.4799936, 48.8675961 ], [ 2.479708, 48.8677683 ], [ 2.4797233, 48.8677831 ], [ 2.4797616, 48.8678203 ], [ 2.4801939, 48.8682472 ], [ 2.4804574, 48.8685163 ], [ 2.4808593, 48.8689185 ], [ 2.4807607, 48.8689597 ], [ 2.4795658, 48.8691946 ], [ 2.4795272, 48.8689624 ], [ 2.4795143, 48.8688837 ], [ 2.4794749, 48.8687699 ], [ 2.4793763, 48.8686465 ], [ 2.4793312, 48.8685956 ], [ 2.4792532, 48.868526 ], [ 2.4791271, 48.8684617 ], [ 2.4790046, 48.8684129 ], [ 2.4788565, 48.8683765 ], [ 2.4778517, 48.8682664 ], [ 2.4770701, 48.8681806 ], [ 2.4751573, 48.8675568 ], [ 2.4749476, 48.867494 ], [ 2.4747252, 48.8673989 ], [ 2.4746061, 48.8672686 ], [ 2.4743311, 48.8673384 ], [ 2.474084, 48.8673323 ], [ 2.4740382, 48.8673314 ], [ 2.4725977, 48.8674345 ], [ 2.4722796, 48.8674582 ], [ 2.4722147, 48.8674646 ], [ 2.4722, 48.8675216 ], [ 2.4720688, 48.8680303 ], [ 2.4718995, 48.8688447 ], [ 2.4718424, 48.8689464 ], [ 2.4717389, 48.8690505 ], [ 2.4715025, 48.869167 ], [ 2.4709105, 48.8694525 ], [ 2.4708847, 48.8694656 ], [ 2.4708408, 48.869498 ], [ 2.4709143, 48.8697206 ], [ 2.4710281, 48.8700986 ], [ 2.4710355, 48.8702158 ], [ 2.4709786, 48.8705855 ], [ 2.4709709, 48.8706243 ], [ 2.4708908, 48.8710266 ], [ 2.4708543, 48.8711534 ], [ 2.4708299, 48.8712635 ], [ 2.4708074, 48.8713651 ], [ 2.4707219, 48.871867 ], [ 2.4706934, 48.8720013 ], [ 2.4706726, 48.872119 ], [ 2.4706361, 48.8723258 ], [ 2.4705703, 48.872647 ], [ 2.4704738, 48.8731338 ], [ 2.4704083, 48.8734971 ], [ 2.4703877, 48.8735916 ], [ 2.4703489, 48.8737985 ], [ 2.4703064, 48.8739639 ], [ 2.4702691, 48.8741545 ], [ 2.4702301, 48.8742628 ], [ 2.4701533, 48.874394 ], [ 2.4700038, 48.8745844 ], [ 2.4698279, 48.8747122 ], [ 2.4697, 48.874805 ], [ 2.4691346, 48.8751742 ], [ 2.4684931, 48.8755931 ], [ 2.4682178, 48.8757728 ], [ 2.4681963, 48.8757869 ], [ 2.4680365, 48.8758944 ], [ 2.4678257, 48.8760362 ], [ 2.4676366, 48.8761634 ], [ 2.4675066, 48.8762509 ], [ 2.4674413, 48.8762948 ], [ 2.4675057, 48.8763537 ], [ 2.4683673, 48.8772074 ], [ 2.46641, 48.8776856 ], [ 2.4661322, 48.8777563 ], [ 2.4655952, 48.877893 ], [ 2.4654516, 48.8779295 ], [ 2.4651078, 48.8780273 ], [ 2.4649281, 48.8780701 ], [ 2.4649038, 48.8780347 ], [ 2.4636071, 48.878366 ], [ 2.4632511, 48.8784216 ], [ 2.4630625, 48.878477 ], [ 2.462849, 48.8781808 ], [ 2.4612935, 48.8783544 ], [ 2.4612463, 48.8783179 ], [ 2.4612098, 48.8783544 ], [ 2.4599911, 48.8784409 ], [ 2.4599678, 48.8783816 ], [ 2.4592844, 48.8784753 ], [ 2.4591415, 48.8787474 ], [ 2.4587779, 48.8787303 ], [ 2.4578646, 48.8786457 ], [ 2.4577392, 48.878635 ], [ 2.4567073, 48.8785421 ], [ 2.4556369, 48.878425 ], [ 2.4549308, 48.8783059 ], [ 2.4518837, 48.8785084 ], [ 2.4518329, 48.8785119 ], [ 2.4517781, 48.8785156 ], [ 2.4513647, 48.8773458 ], [ 2.451355, 48.8773184 ], [ 2.4513122, 48.8771904 ], [ 2.4513017, 48.8771605 ], [ 2.45129, 48.8771274 ], [ 2.4512716, 48.8770727 ], [ 2.4512539, 48.8770156 ], [ 2.4501853, 48.8769254 ], [ 2.4493252, 48.8768629 ], [ 2.4491156, 48.8764385 ], [ 2.4489292, 48.8761353 ], [ 2.4488324, 48.8760202 ], [ 2.4487916, 48.8759686 ], [ 2.4478489, 48.8747381 ], [ 2.4478203, 48.8747008 ], [ 2.4477444, 48.8745966 ], [ 2.4477084, 48.8745442 ], [ 2.4476796, 48.8744778 ], [ 2.4474309, 48.8741745 ], [ 2.4472381, 48.8739553 ], [ 2.4469771, 48.8735869 ], [ 2.4469369, 48.8735083 ], [ 2.4467971, 48.8732541 ], [ 2.446615, 48.8731492 ], [ 2.4464501, 48.8730569 ], [ 2.4463543, 48.8729945 ], [ 2.4462075, 48.8728559 ], [ 2.4459879, 48.8727018 ], [ 2.4457922, 48.8725782 ], [ 2.4452861, 48.8723212 ], [ 2.4451956, 48.8722956 ], [ 2.444447, 48.8721259 ], [ 2.4440047, 48.8719926 ], [ 2.4437848, 48.8719318 ], [ 2.4435387, 48.8718947 ], [ 2.443453, 48.871886 ], [ 2.4428795, 48.8718458 ], [ 2.4425954, 48.8718349 ], [ 2.4424716, 48.8718392 ], [ 2.4422345, 48.8718473 ], [ 2.4422995, 48.8717469 ], [ 2.4422231, 48.8717677 ], [ 2.442162, 48.8717135 ], [ 2.4420746, 48.8716903 ], [ 2.4420491, 48.8716871 ], [ 2.4409815, 48.8715508 ], [ 2.4399204, 48.8714178 ], [ 2.4397457, 48.8713987 ], [ 2.4397075, 48.8713945 ], [ 2.4396346, 48.8713866 ], [ 2.4395231, 48.8713766 ], [ 2.4386952, 48.8713158 ], [ 2.4386408, 48.8713118 ], [ 2.4385538, 48.8713254 ], [ 2.4382274, 48.8713766 ], [ 2.438054, 48.8718606 ], [ 2.4383627, 48.8718475 ], [ 2.4383212, 48.8719079 ], [ 2.4382903, 48.8719529 ], [ 2.4379195, 48.8723003 ], [ 2.4376495, 48.87254 ], [ 2.4372944, 48.8728785 ], [ 2.4370014, 48.8731687 ], [ 2.4362923, 48.873786 ], [ 2.4354538, 48.8745576 ], [ 2.4353919, 48.8746145 ], [ 2.434975, 48.874458 ], [ 2.4346021, 48.8743101 ], [ 2.4342826, 48.874149 ], [ 2.4339706, 48.8739687 ], [ 2.4337762, 48.8737291 ], [ 2.4337155, 48.8736412 ], [ 2.4336651, 48.8735682 ], [ 2.4336314, 48.8735197 ], [ 2.4328904, 48.8724546 ], [ 2.4326871, 48.8721536 ], [ 2.4324555, 48.871777 ], [ 2.4321148, 48.8715423 ], [ 2.4317855, 48.871398 ], [ 2.4311992, 48.871141 ], [ 2.4311111, 48.8711026 ], [ 2.4310249, 48.8710707 ], [ 2.4309337, 48.8710349 ], [ 2.4301854, 48.8706718 ], [ 2.4305297, 48.8701483 ], [ 2.4302776, 48.8692572 ], [ 2.4302168, 48.8692109 ], [ 2.4299471, 48.8690797 ], [ 2.4289484, 48.8683091 ], [ 2.4293652, 48.8682313 ], [ 2.4292451, 48.8681551 ], [ 2.4289279, 48.8679413 ], [ 2.4294358, 48.8676154 ], [ 2.4295241, 48.8675517 ], [ 2.4294863, 48.8674975 ], [ 2.4292643, 48.8672264 ], [ 2.4292329, 48.8671881 ], [ 2.4291817, 48.8671444 ], [ 2.4291557, 48.8671215 ], [ 2.429048, 48.8670342 ], [ 2.4289106, 48.8669382 ], [ 2.4287926, 48.8668558 ], [ 2.4284132, 48.8666711 ], [ 2.4283094, 48.8666202 ], [ 2.4280229, 48.8664795 ], [ 2.4276169, 48.8662877 ], [ 2.4276764, 48.8662362 ], [ 2.4277195, 48.8662552 ], [ 2.4277742, 48.8662494 ], [ 2.4278194, 48.8662201 ], [ 2.4282005, 48.8651787 ], [ 2.4287428, 48.8636059 ], [ 2.4286202, 48.863601 ], [ 2.4286361, 48.863548 ], [ 2.4261788, 48.8630921 ], [ 2.4257998, 48.8630211 ], [ 2.4254402, 48.8629509 ], [ 2.4250964, 48.8628734 ], [ 2.4248116, 48.8628218 ], [ 2.4242955, 48.8627384 ], [ 2.4239064, 48.8626949 ], [ 2.423911, 48.8626723 ], [ 2.4240346, 48.862065 ], [ 2.4236584, 48.8619431 ], [ 2.4233349, 48.861892 ], [ 2.423172, 48.8618707 ], [ 2.4231284, 48.8618631 ], [ 2.4230865, 48.8618503 ], [ 2.4230188, 48.8618157 ], [ 2.4229483, 48.8617718 ], [ 2.4229172, 48.8616743 ], [ 2.4228739, 48.861567 ], [ 2.4227644, 48.8613496 ], [ 2.4226474, 48.8611082 ], [ 2.4224764, 48.8608622 ], [ 2.4228828, 48.8606124 ], [ 2.4229594, 48.8605544 ], [ 2.4229945, 48.8605044 ], [ 2.4232088, 48.8601151 ], [ 2.4232719, 48.8600052 ], [ 2.42334, 48.8598891 ], [ 2.4234203, 48.8597564 ], [ 2.4234185, 48.8597269 ], [ 2.4234155, 48.8596793 ], [ 2.4234156, 48.8595972 ], [ 2.4234158, 48.8591914 ], [ 2.4234046, 48.8583468 ], [ 2.4234039, 48.8582969 ], [ 2.423403, 48.8582381 ], [ 2.4234019, 48.8581671 ], [ 2.4233901, 48.8573499 ], [ 2.4233894, 48.8573011 ], [ 2.4233228, 48.8572763 ], [ 2.4231438, 48.8572095 ], [ 2.4230371, 48.8572047 ], [ 2.4226855, 48.8572064 ], [ 2.4221692, 48.8571184 ], [ 2.4220182, 48.8570927 ], [ 2.4219233, 48.8570701 ], [ 2.4218513, 48.857053 ], [ 2.4217411, 48.8570293 ], [ 2.4215493, 48.8569879 ], [ 2.4191743, 48.8564932 ], [ 2.4182898, 48.8562941 ], [ 2.4182337, 48.8562827 ], [ 2.418135, 48.8562618 ], [ 2.4175087, 48.8561339 ], [ 2.4171453, 48.8560226 ], [ 2.4168789, 48.8559275 ], [ 2.416799, 48.8558844 ], [ 2.4152827, 48.8551803 ], [ 2.4153405, 48.8548473 ], [ 2.415461, 48.8542264 ], [ 2.415524, 48.8539324 ] ] ] } },
{ "type": "Feature", "id": "relation/129550", "properties": { "@id": "relation/129550", "addr:postcode": "93170", "admin_level": "8", "boundary": "administrative", "name": "Bagnolet", "name:ar": "باينوليه", "name:el": "Μπανιολέ", "population": "39366", "population:date": "2021", "postal_code": "93170", "ref:FR:SIREN": "219300068", "ref:INSEE": "93006", "source": "source of postcode is from osm nodes", "source:population": "INSEE 2024", "source:postal_code": "La Poste - 11/2014", "type": "boundary", "wikidata": "Q208943", "wikipedia": "fr:Bagnolet" }, "geometry": { "type": "Polygon", "coordinates": [ [ [ 2.4310249, 48.8710707 ], [ 2.4311111, 48.8711026 ], [ 2.4311992, 48.871141 ], [ 2.4317855, 48.871398 ], [ 2.4321148, 48.8715423 ], [ 2.4324555, 48.871777 ], [ 2.4326871, 48.8721536 ], [ 2.4328904, 48.8724546 ], [ 2.4336314, 48.8735197 ], [ 2.4336651, 48.8735682 ], [ 2.4337155, 48.8736412 ], [ 2.4337762, 48.8737291 ], [ 2.4339706, 48.8739687 ], [ 2.4342826, 48.874149 ], [ 2.4346021, 48.8743101 ], [ 2.434975, 48.874458 ], [ 2.4353919, 48.8746145 ], [ 2.4359459, 48.8747759 ], [ 2.4362701, 48.8747684 ], [ 2.4362782, 48.874803 ], [ 2.4365326, 48.8757712 ], [ 2.4366852, 48.8763817 ], [ 2.4367034, 48.8764434 ], [ 2.4366247, 48.8764605 ], [ 2.4365667, 48.8764731 ], [ 2.4368296, 48.876832 ], [ 2.4367657, 48.8768574 ], [ 2.4370591, 48.877303 ], [ 2.4352429, 48.8779586 ], [ 2.4352187, 48.8779676 ], [ 2.4350175, 48.8780484 ], [ 2.4347512, 48.8781398 ], [ 2.4346481, 48.8781752 ], [ 2.4343413, 48.878279 ], [ 2.4340175, 48.8784223 ], [ 2.4337211, 48.8785753 ], [ 2.4331073, 48.8788901 ], [ 2.4329548, 48.8789439 ], [ 2.4329028, 48.8790076 ], [ 2.432578, 48.8789126 ], [ 2.4322766, 48.8788249 ], [ 2.4316558, 48.8786467 ], [ 2.4309502, 48.8785142 ], [ 2.4307409, 48.8784759 ], [ 2.4302844, 48.8784004 ], [ 2.4297763, 48.8783207 ], [ 2.4295975, 48.8782945 ], [ 2.4290895, 48.8782397 ], [ 2.4283397, 48.8782032 ], [ 2.4278266, 48.8781887 ], [ 2.4273209, 48.8781895 ], [ 2.4272187, 48.8781972 ], [ 2.4269439, 48.878233 ], [ 2.4256226, 48.8782943 ], [ 2.4253214, 48.8782931 ], [ 2.4244831, 48.8782898 ], [ 2.4231925, 48.8782945 ], [ 2.422996, 48.8783243 ], [ 2.4227482, 48.878309 ], [ 2.4225303, 48.878294 ], [ 2.422364, 48.8782768 ], [ 2.4220917, 48.8782345 ], [ 2.4218414, 48.878213 ], [ 2.4216774, 48.8782057 ], [ 2.4215325, 48.8781758 ], [ 2.4215257, 48.8781735 ], [ 2.4213887, 48.8781283 ], [ 2.4209384, 48.8780104 ], [ 2.4206324, 48.8779142 ], [ 2.4203319, 48.8777811 ], [ 2.4197302, 48.8774105 ], [ 2.4196648, 48.8773702 ], [ 2.4187199, 48.8767662 ], [ 2.4186405, 48.8767144 ], [ 2.4185413, 48.8766497 ], [ 2.417745, 48.8761275 ], [ 2.4176968, 48.876075 ], [ 2.417596, 48.8760116 ], [ 2.4174236, 48.8759422 ], [ 2.4170477, 48.8757073 ], [ 2.4167335, 48.8755319 ], [ 2.4158766, 48.875106 ], [ 2.4158095, 48.875075 ], [ 2.4153614, 48.8747177 ], [ 2.4152743, 48.8746486 ], [ 2.4143244, 48.8738779 ], [ 2.4134473, 48.8731508 ], [ 2.4136317, 48.8724474 ], [ 2.4136461, 48.8724055 ], [ 2.4138209, 48.8705645 ], [ 2.4139452, 48.8695112 ], [ 2.4139679, 48.8693058 ], [ 2.4140042, 48.8689246 ], [ 2.4139667, 48.8678519 ], [ 2.413965, 48.8675931 ], [ 2.4139614, 48.8674618 ], [ 2.413912, 48.8656741 ], [ 2.4138943, 48.8651716 ], [ 2.4138599, 48.8640706 ], [ 2.4139019, 48.8637648 ], [ 2.4139144, 48.8636723 ], [ 2.4139599, 48.8633341 ], [ 2.4140589, 48.8625712 ], [ 2.4143316, 48.8608737 ], [ 2.4144118, 48.8604197 ], [ 2.4145003, 48.8598239 ], [ 2.4146685, 48.8588654 ], [ 2.4147117, 48.8587061 ], [ 2.4148508, 48.8577988 ], [ 2.4149659, 48.8570846 ], [ 2.4151669, 48.8558675 ], [ 2.4152669, 48.8552629 ], [ 2.4152827, 48.8551803 ], [ 2.416799, 48.8558844 ], [ 2.4168789, 48.8559275 ], [ 2.4171453, 48.8560226 ], [ 2.4175087, 48.8561339 ], [ 2.418135, 48.8562618 ], [ 2.4182337, 48.8562827 ], [ 2.4182898, 48.8562941 ], [ 2.4191743, 48.8564932 ], [ 2.4215493, 48.8569879 ], [ 2.4217411, 48.8570293 ], [ 2.4218513, 48.857053 ], [ 2.4219233, 48.8570701 ], [ 2.4220182, 48.8570927 ], [ 2.4221692, 48.8571184 ], [ 2.4226855, 48.8572064 ], [ 2.4230371, 48.8572047 ], [ 2.4231438, 48.8572095 ], [ 2.4233228, 48.8572763 ], [ 2.4233894, 48.8573011 ], [ 2.4233901, 48.8573499 ], [ 2.4234019, 48.8581671 ], [ 2.423403, 48.8582381 ], [ 2.4234039, 48.8582969 ], [ 2.4234046, 48.8583468 ], [ 2.4234158, 48.8591914 ], [ 2.4234156, 48.8595972 ], [ 2.4234155, 48.8596793 ], [ 2.4234185, 48.8597269 ], [ 2.4234203, 48.8597564 ], [ 2.42334, 48.8598891 ], [ 2.4232719, 48.8600052 ], [ 2.4232088, 48.8601151 ], [ 2.4229945, 48.8605044 ], [ 2.4229594, 48.8605544 ], [ 2.4228828, 48.8606124 ], [ 2.4224764, 48.8608622 ], [ 2.4226474, 48.8611082 ], [ 2.4227644, 48.8613496 ], [ 2.4228739, 48.861567 ], [ 2.4229172, 48.8616743 ], [ 2.4229483, 48.8617718 ], [ 2.4230188, 48.8618157 ], [ 2.4230865, 48.8618503 ], [ 2.4231284, 48.8618631 ], [ 2.423172, 48.8618707 ], [ 2.4233349, 48.861892 ], [ 2.4236584, 48.8619431 ], [ 2.4240346, 48.862065 ], [ 2.423911, 48.8626723 ], [ 2.4239064, 48.8626949 ], [ 2.4242955, 48.8627384 ], [ 2.4248116, 48.8628218 ], [ 2.4250964, 48.8628734 ], [ 2.4254402, 48.8629509 ], [ 2.4257998, 48.8630211 ], [ 2.4261788, 48.8630921 ], [ 2.4286361, 48.863548 ], [ 2.4286202, 48.863601 ], [ 2.4287428, 48.8636059 ], [ 2.4282005, 48.8651787 ], [ 2.4278194, 48.8662201 ], [ 2.4277742, 48.8662494 ], [ 2.4277195, 48.8662552 ], [ 2.4276764, 48.8662362 ], [ 2.4276169, 48.8662877 ], [ 2.4280229, 48.8664795 ], [ 2.4283094, 48.8666202 ], [ 2.4284132, 48.8666711 ], [ 2.4287926, 48.8668558 ], [ 2.4289106, 48.8669382 ], [ 2.429048, 48.8670342 ], [ 2.4291557, 48.8671215 ], [ 2.4291817, 48.8671444 ], [ 2.4292329, 48.8671881 ], [ 2.4292643, 48.8672264 ], [ 2.4294863, 48.8674975 ], [ 2.4295241, 48.8675517 ], [ 2.4294358, 48.8676154 ], [ 2.4289279, 48.8679413 ], [ 2.4292451, 48.8681551 ], [ 2.4293652, 48.8682313 ], [ 2.4289484, 48.8683091 ], [ 2.4299471, 48.8690797 ], [ 2.4302168, 48.8692109 ], [ 2.4302776, 48.8692572 ], [ 2.4305297, 48.8701483 ], [ 2.4301854, 48.8706718 ], [ 2.4309337, 48.8710349 ], [ 2.4310249, 48.8710707 ] ] ] } },
{ "type": "Feature", "id": "relation/130580", "properties": { "@id": "relation/130580", "admin_level": "8", "boundary": "administrative", "name": "Rosny-sous-Bois", "population": "45655", "population:date": "2021", "postal_code": "93110", "ref:FR:SIREN": "219300647", "ref:INSEE": "93064", "source:population": "INSEE 2024", "source:postal_code": "La Poste - 12/2014", "type": "boundary", "wikidata": "Q275547", "wikipedia": "fr:Rosny-sous-Bois" }, "geometry": { "type": "Polygon", "coordinates": [ [ [ 2.483925, 48.861015 ], [ 2.4846386, 48.8608796 ], [ 2.4856353, 48.8606905 ], [ 2.486356, 48.8606799 ], [ 2.4866686, 48.860666 ], [ 2.4871134, 48.86065 ], [ 2.4875602, 48.8606625 ], [ 2.4880455, 48.8607109 ], [ 2.4885188, 48.8607928 ], [ 2.4886163, 48.8608107 ], [ 2.4886896, 48.8605556 ], [ 2.4899607, 48.8606914 ], [ 2.4900086, 48.8606954 ], [ 2.4900996, 48.8607049 ], [ 2.4909336, 48.8607916 ], [ 2.4910145, 48.8608 ], [ 2.4910939, 48.8606188 ], [ 2.4912323, 48.8602939 ], [ 2.4912569, 48.8602363 ], [ 2.4912826, 48.8601759 ], [ 2.4913798, 48.8599477 ], [ 2.4914913, 48.8596859 ], [ 2.4915538, 48.8595392 ], [ 2.49156, 48.8595246 ], [ 2.4923187, 48.8599449 ], [ 2.4923509, 48.8599591 ], [ 2.4934646, 48.8603694 ], [ 2.4941868, 48.8605484 ], [ 2.4943929, 48.8602464 ], [ 2.4961139, 48.8606626 ], [ 2.496318, 48.8607805 ], [ 2.4966293, 48.8607073 ], [ 2.4972905, 48.8605342 ], [ 2.4973718, 48.8605076 ], [ 2.4975073, 48.8607392 ], [ 2.4975904, 48.860882 ], [ 2.4977091, 48.86107 ], [ 2.4977556, 48.8611441 ], [ 2.497882, 48.8613503 ], [ 2.4979949, 48.8615333 ], [ 2.4981171, 48.8617226 ], [ 2.4982142, 48.8618725 ], [ 2.4983109, 48.8620252 ], [ 2.498465, 48.862242 ], [ 2.4985486, 48.8623454 ], [ 2.4986292, 48.862425 ], [ 2.4991346, 48.863205 ], [ 2.4993287, 48.8635174 ], [ 2.4995085, 48.8639477 ], [ 2.4994907, 48.8640169 ], [ 2.4995009, 48.8640929 ], [ 2.4995324, 48.8644171 ], [ 2.4995519, 48.8645106 ], [ 2.4997394, 48.8650485 ], [ 2.5001424, 48.8655726 ], [ 2.5002066, 48.865659 ], [ 2.5003571, 48.8659295 ], [ 2.5004563, 48.8661077 ], [ 2.5005454, 48.8662676 ], [ 2.5008887, 48.8668845 ], [ 2.5009187, 48.8669835 ], [ 2.501032, 48.8673803 ], [ 2.5011699, 48.8679238 ], [ 2.5011861, 48.8680424 ], [ 2.5011717, 48.8681656 ], [ 2.5010227, 48.8690268 ], [ 2.5010088, 48.8691113 ], [ 2.5009913, 48.8692383 ], [ 2.5009709, 48.8695524 ], [ 2.5009615, 48.869839 ], [ 2.50101, 48.8700536 ], [ 2.5010338, 48.8701358 ], [ 2.5012103, 48.8706835 ], [ 2.5012109, 48.8707897 ], [ 2.5011541, 48.87149 ], [ 2.5011461, 48.8715467 ], [ 2.5010928, 48.8718056 ], [ 2.501015, 48.871838 ], [ 2.5009988, 48.8721883 ], [ 2.500996, 48.8722499 ], [ 2.500982, 48.8723793 ], [ 2.5009524, 48.8726542 ], [ 2.5009218, 48.8728767 ], [ 2.5009235, 48.8728992 ], [ 2.5010773, 48.8729607 ], [ 2.5016256, 48.8729594 ], [ 2.5023208, 48.8730328 ], [ 2.5029388, 48.8731005 ], [ 2.5035482, 48.8729312 ], [ 2.5044065, 48.8725134 ], [ 2.5050159, 48.872265 ], [ 2.5051447, 48.8722255 ], [ 2.5054193, 48.8721408 ], [ 2.5061255, 48.8728322 ], [ 2.5057956, 48.8729324 ], [ 2.5066848, 48.8743496 ], [ 2.50673, 48.8744189 ], [ 2.5066903, 48.8744766 ], [ 2.5067942, 48.8745406 ], [ 2.5068598, 48.8746137 ], [ 2.5069252, 48.8746831 ], [ 2.5069899, 48.8747724 ], [ 2.5070217, 48.8748349 ], [ 2.5070671, 48.8749076 ], [ 2.5072192, 48.8750962 ], [ 2.5073171, 48.8751979 ], [ 2.5074558, 48.8753851 ], [ 2.507559, 48.8755038 ], [ 2.5075858, 48.8755546 ], [ 2.5077281, 48.8756988 ], [ 2.5077485, 48.8757216 ], [ 2.5078088, 48.8757739 ], [ 2.5078391, 48.8758643 ], [ 2.5078246, 48.8760628 ], [ 2.5078709, 48.8761752 ], [ 2.5079902, 48.8763189 ], [ 2.5081125, 48.8764657 ], [ 2.5081542, 48.8765159 ], [ 2.5082969, 48.8766876 ], [ 2.5088575, 48.8773692 ], [ 2.5094157, 48.8780603 ], [ 2.5084378, 48.8783766 ], [ 2.5075615, 48.8786736 ], [ 2.5066757, 48.8789689 ], [ 2.5056774, 48.8793034 ], [ 2.505156, 48.8786258 ], [ 2.5046126, 48.8779197 ], [ 2.5042073, 48.8773954 ], [ 2.5041373, 48.8772974 ], [ 2.501661, 48.8781095 ], [ 2.5015736, 48.8778829 ], [ 2.5015606, 48.8776777 ], [ 2.5011148, 48.8774223 ], [ 2.5007734, 48.8771082 ], [ 2.4990075, 48.8775665 ], [ 2.498652, 48.8776573 ], [ 2.4981225, 48.8779414 ], [ 2.4977108, 48.8781554 ], [ 2.4974074, 48.8783736 ], [ 2.4973223, 48.8784533 ], [ 2.4971929, 48.8786682 ], [ 2.4971652, 48.8787283 ], [ 2.4970678, 48.8789734 ], [ 2.4970054, 48.8791127 ], [ 2.496943, 48.8792517 ], [ 2.4968191, 48.8794795 ], [ 2.49678, 48.8795514 ], [ 2.4967674, 48.8795745 ], [ 2.4965286, 48.8798226 ], [ 2.4962055, 48.8801584 ], [ 2.4961138, 48.8802484 ], [ 2.4955938, 48.8807917 ], [ 2.4952845, 48.8810967 ], [ 2.4951855, 48.8811817 ], [ 2.4951352, 48.8811642 ], [ 2.4939561, 48.8825006 ], [ 2.4938449, 48.8826266 ], [ 2.4939245, 48.8826375 ], [ 2.4944677, 48.8827115 ], [ 2.4949125, 48.8827722 ], [ 2.4954489, 48.8828755 ], [ 2.4955798, 48.882896 ], [ 2.4954542, 48.8830607 ], [ 2.495266, 48.8834441 ], [ 2.4950676, 48.8838483 ], [ 2.494935, 48.8840622 ], [ 2.4944811, 48.884929 ], [ 2.4953249, 48.8848257 ], [ 2.4953363, 48.884854 ], [ 2.495352, 48.8848913 ], [ 2.495427, 48.8850761 ], [ 2.4954319, 48.8851027 ], [ 2.495427, 48.8851372 ], [ 2.4952211, 48.885183 ], [ 2.49418, 48.8854638 ], [ 2.4934431, 48.8856602 ], [ 2.4927253, 48.885852 ], [ 2.4921021, 48.8859929 ], [ 2.4917847, 48.886054 ], [ 2.4913683, 48.8861323 ], [ 2.4910185, 48.8861974 ], [ 2.490159, 48.8863453 ], [ 2.4890726, 48.8865351 ], [ 2.4888402, 48.8865779 ], [ 2.4880657, 48.886723 ], [ 2.4873253, 48.8868806 ], [ 2.486962, 48.8869702 ], [ 2.4847678, 48.8873067 ], [ 2.4817863, 48.887843 ], [ 2.4812259, 48.8879868 ], [ 2.4806381, 48.8881376 ], [ 2.4797948, 48.8883713 ], [ 2.4793485, 48.8885129 ], [ 2.4788796, 48.8887067 ], [ 2.4779748, 48.889141 ], [ 2.4778921, 48.8891807 ], [ 2.477832, 48.8891297 ], [ 2.477557, 48.8889145 ], [ 2.4774561, 48.8888591 ], [ 2.4773135, 48.8888179 ], [ 2.4770799, 48.8887832 ], [ 2.4765712, 48.8887703 ], [ 2.4765244, 48.8884749 ], [ 2.4759153, 48.8873165 ], [ 2.4753107, 48.8863248 ], [ 2.4733965, 48.8865721 ], [ 2.4729976, 48.88661 ], [ 2.4722485, 48.8866757 ], [ 2.4722014, 48.8866799 ], [ 2.4719497, 48.8867024 ], [ 2.4717847, 48.8867151 ], [ 2.471683, 48.8867229 ], [ 2.4716628, 48.8867245 ], [ 2.4716397, 48.8867263 ], [ 2.4709365, 48.8867804 ], [ 2.4709493, 48.8868981 ], [ 2.4706339, 48.8869231 ], [ 2.4705511, 48.8869971 ], [ 2.4702479, 48.8869399 ], [ 2.4701672, 48.8868957 ], [ 2.4701363, 48.8868525 ], [ 2.470129, 48.8868219 ], [ 2.4703117, 48.8867957 ], [ 2.4703032, 48.8867743 ], [ 2.4702754, 48.8867146 ], [ 2.4702543, 48.8866503 ], [ 2.4702062, 48.8865042 ], [ 2.4701511, 48.8863366 ], [ 2.4700747, 48.8861046 ], [ 2.4700378, 48.8860049 ], [ 2.4697877, 48.8853285 ], [ 2.4695036, 48.8847077 ], [ 2.4693784, 48.8844227 ], [ 2.4690037, 48.8839771 ], [ 2.468453, 48.8833221 ], [ 2.4682368, 48.8830907 ], [ 2.4681082, 48.883012 ], [ 2.4675206, 48.8824053 ], [ 2.4670138, 48.8819777 ], [ 2.4668062, 48.8817242 ], [ 2.4666785, 48.8815238 ], [ 2.4666265, 48.8813452 ], [ 2.4666576, 48.8811112 ], [ 2.4667182, 48.880666 ], [ 2.4666706, 48.8805036 ], [ 2.4665678, 48.8802952 ], [ 2.4659231, 48.8795836 ], [ 2.4657527, 48.8793261 ], [ 2.4657522, 48.8793248 ], [ 2.4656357, 48.879004 ], [ 2.4653814, 48.8787892 ], [ 2.4652546, 48.8786023 ], [ 2.465223, 48.8785343 ], [ 2.4649281, 48.8780701 ], [ 2.4651078, 48.8780273 ], [ 2.4654516, 48.8779295 ], [ 2.4655952, 48.877893 ], [ 2.4661322, 48.8777563 ], [ 2.46641, 48.8776856 ], [ 2.4683673, 48.8772074 ], [ 2.4675057, 48.8763537 ], [ 2.4674413, 48.8762948 ], [ 2.4675066, 48.8762509 ], [ 2.4676366, 48.8761634 ], [ 2.4678257, 48.8760362 ], [ 2.4680365, 48.8758944 ], [ 2.4681963, 48.8757869 ], [ 2.4682178, 48.8757728 ], [ 2.4684931, 48.8755931 ], [ 2.4691346, 48.8751742 ], [ 2.4697, 48.874805 ], [ 2.4698279, 48.8747122 ], [ 2.4700038, 48.8745844 ], [ 2.4701533, 48.874394 ], [ 2.4702301, 48.8742628 ], [ 2.4702691, 48.8741545 ], [ 2.4703064, 48.8739639 ], [ 2.4703489, 48.8737985 ], [ 2.4703877, 48.8735916 ], [ 2.4704083, 48.8734971 ], [ 2.4704738, 48.8731338 ], [ 2.4705703, 48.872647 ], [ 2.4706361, 48.8723258 ], [ 2.4706726, 48.872119 ], [ 2.4706934, 48.8720013 ], [ 2.4707219, 48.871867 ], [ 2.4708074, 48.8713651 ], [ 2.4708299, 48.8712635 ], [ 2.4708543, 48.8711534 ], [ 2.4708908, 48.8710266 ], [ 2.4709709, 48.8706243 ], [ 2.4709786, 48.8705855 ], [ 2.4710355, 48.8702158 ], [ 2.4710281, 48.8700986 ], [ 2.4709143, 48.8697206 ], [ 2.4708408, 48.869498 ], [ 2.4708847, 48.8694656 ], [ 2.4709105, 48.8694525 ], [ 2.4715025, 48.869167 ], [ 2.4717389, 48.8690505 ], [ 2.4718424, 48.8689464 ], [ 2.4718995, 48.8688447 ], [ 2.4720688, 48.8680303 ], [ 2.4722, 48.8675216 ], [ 2.4722147, 48.8674646 ], [ 2.4722796, 48.8674582 ], [ 2.4725977, 48.8674345 ], [ 2.4740382, 48.8673314 ], [ 2.474084, 48.8673323 ], [ 2.4743311, 48.8673384 ], [ 2.4746061, 48.8672686 ], [ 2.4747252, 48.8673989 ], [ 2.4749476, 48.867494 ], [ 2.4751573, 48.8675568 ], [ 2.4770701, 48.8681806 ], [ 2.4778517, 48.8682664 ], [ 2.4788565, 48.8683765 ], [ 2.4790046, 48.8684129 ], [ 2.4791271, 48.8684617 ], [ 2.4792532, 48.868526 ], [ 2.4793312, 48.8685956 ], [ 2.4793763, 48.8686465 ], [ 2.4794749, 48.8687699 ], [ 2.4795143, 48.8688837 ], [ 2.4795272, 48.8689624 ], [ 2.4795658, 48.8691946 ], [ 2.4807607, 48.8689597 ], [ 2.4808593, 48.8689185 ], [ 2.4804574, 48.8685163 ], [ 2.4801939, 48.8682472 ], [ 2.4797616, 48.8678203 ], [ 2.4797233, 48.8677831 ], [ 2.479708, 48.8677683 ], [ 2.4799936, 48.8675961 ], [ 2.480601, 48.8670882 ], [ 2.4810775, 48.8672508 ], [ 2.4811527, 48.8672813 ], [ 2.481295, 48.8672732 ], [ 2.4813853, 48.8672516 ], [ 2.481442, 48.867238 ], [ 2.4818495, 48.8671405 ], [ 2.4821701, 48.8670639 ], [ 2.4821965, 48.8669107 ], [ 2.4822275, 48.8667655 ], [ 2.4822451, 48.8665668 ], [ 2.4823697, 48.8659932 ], [ 2.4824782, 48.8654939 ], [ 2.4826334, 48.8647562 ], [ 2.4826791, 48.8645478 ], [ 2.4826828, 48.8644172 ], [ 2.4826888, 48.8640807 ], [ 2.4827555, 48.8639927 ], [ 2.4828111, 48.8639176 ], [ 2.4827356, 48.8637774 ], [ 2.4826666, 48.8636331 ], [ 2.4824128, 48.8631549 ], [ 2.4822519, 48.8628166 ], [ 2.4821292, 48.8625872 ], [ 2.4820867, 48.8624903 ], [ 2.4821203, 48.8624894 ], [ 2.4817577, 48.8617521 ], [ 2.4817579, 48.8617128 ], [ 2.481781, 48.8616021 ], [ 2.4818266, 48.8614131 ], [ 2.483925, 48.861015 ] ] ] } },
{ "type": "Feature", "id": "relation/130632", "properties": { "@id": "relation/130632", "admin_level": "8", "boundary": "administrative", "name": "Romainville", "population": "33266", "population:date": "2021", "postal_code": "93230", "ref:FR:SIREN": "219300639", "ref:INSEE": "93063", "source": "source of postcode is from osm nodes", "source:population": "INSEE 2024", "source:postal_code": "La Poste - 11/2014", "type": "boundary", "wikidata": "Q372111", "wikipedia": "fr:Romainville" }, "geometry": { "type": "Polygon", "coordinates": [ [ [ 2.446615, 48.8731492 ], [ 2.4467971, 48.8732541 ], [ 2.4469369, 48.8735083 ], [ 2.4469771, 48.8735869 ], [ 2.4472381, 48.8739553 ], [ 2.4474309, 48.8741745 ], [ 2.4476796, 48.8744778 ], [ 2.4477084, 48.8745442 ], [ 2.4477444, 48.8745966 ], [ 2.4478203, 48.8747008 ], [ 2.4478489, 48.8747381 ], [ 2.4487916, 48.8759686 ], [ 2.4488324, 48.8760202 ], [ 2.4489292, 48.8761353 ], [ 2.4491156, 48.8764385 ], [ 2.4493252, 48.8768629 ], [ 2.4501853, 48.8769254 ], [ 2.4512539, 48.8770156 ], [ 2.4512716, 48.8770727 ], [ 2.45129, 48.8771274 ], [ 2.4513017, 48.8771605 ], [ 2.4513122, 48.8771904 ], [ 2.451355, 48.8773184 ], [ 2.4513647, 48.8773458 ], [ 2.4517781, 48.8785156 ], [ 2.4505261, 48.8785953 ], [ 2.4497764, 48.8786351 ], [ 2.4494327, 48.8786779 ], [ 2.4492959, 48.8788456 ], [ 2.4491592, 48.8790133 ], [ 2.4502539, 48.8795329 ], [ 2.450291, 48.8796268 ], [ 2.4502956, 48.8797097 ], [ 2.4502461, 48.8797938 ], [ 2.4501816, 48.8798537 ], [ 2.4500801, 48.8799479 ], [ 2.4499659, 48.8800492 ], [ 2.4499012, 48.880139 ], [ 2.4498696, 48.8802125 ], [ 2.4498586, 48.8803742 ], [ 2.4499259, 48.8805137 ], [ 2.4500558, 48.8806675 ], [ 2.4502375, 48.880767 ], [ 2.4504558, 48.8808181 ], [ 2.451792, 48.8811734 ], [ 2.4519402, 48.8812288 ], [ 2.4521519, 48.8812985 ], [ 2.4522068, 48.8814011 ], [ 2.45245, 48.8817993 ], [ 2.4530259, 48.8823444 ], [ 2.4532676, 48.8827018 ], [ 2.453709, 48.883209 ], [ 2.4539062, 48.8832123 ], [ 2.4540693, 48.883661 ], [ 2.4541303, 48.8843502 ], [ 2.452988, 48.8843638 ], [ 2.4533151, 48.8845042 ], [ 2.4535991, 48.8846874 ], [ 2.453197, 48.8848427 ], [ 2.4529162, 48.8848502 ], [ 2.452487, 48.8849361 ], [ 2.4521604, 48.8850433 ], [ 2.4521594, 48.8857539 ], [ 2.451781, 48.8856457 ], [ 2.4514565, 48.8854803 ], [ 2.4512917, 48.8854538 ], [ 2.450798, 48.885668 ], [ 2.4504639, 48.8860085 ], [ 2.4502561, 48.8860675 ], [ 2.4499879, 48.8857116 ], [ 2.4498828, 48.8858381 ], [ 2.4492746, 48.8855858 ], [ 2.4484609, 48.8864415 ], [ 2.4487501, 48.8865374 ], [ 2.4485076, 48.8867852 ], [ 2.4476983, 48.8863631 ], [ 2.4475531, 48.8862874 ], [ 2.4477687, 48.8860878 ], [ 2.4477065, 48.8860647 ], [ 2.4476715, 48.886095 ], [ 2.4473985, 48.8859866 ], [ 2.4474713, 48.8859242 ], [ 2.4474036, 48.885853 ], [ 2.4472765, 48.885789 ], [ 2.4472495, 48.8858086 ], [ 2.447209, 48.8857891 ], [ 2.4472386, 48.8857552 ], [ 2.4469926, 48.8856308 ], [ 2.4469629, 48.8856522 ], [ 2.4468899, 48.8856077 ], [ 2.4469465, 48.8855685 ], [ 2.4468303, 48.8854991 ], [ 2.446806, 48.885517 ], [ 2.4467276, 48.8854707 ], [ 2.446741, 48.8854493 ], [ 2.4466437, 48.885396 ], [ 2.4466706, 48.8853443 ], [ 2.4465002, 48.8852554 ], [ 2.4464809, 48.8850756 ], [ 2.4465079, 48.8850399 ], [ 2.4464835, 48.8850275 ], [ 2.4463215, 48.8850152 ], [ 2.4463161, 48.8850348 ], [ 2.4461891, 48.8849993 ], [ 2.4461729, 48.8850242 ], [ 2.4460026, 48.8849353 ], [ 2.4458215, 48.8848749 ], [ 2.445562, 48.8847487 ], [ 2.4455375, 48.8846864 ], [ 2.4452645, 48.8845584 ], [ 2.4455659, 48.8840808 ], [ 2.4446064, 48.8837255 ], [ 2.4436603, 48.8832936 ], [ 2.4431522, 48.8828619 ], [ 2.4416971, 48.8834502 ], [ 2.4420071, 48.8837885 ], [ 2.4421114, 48.8838988 ], [ 2.441051, 48.8844268 ], [ 2.4410302, 48.8843693 ], [ 2.4409976, 48.884324 ], [ 2.4409881, 48.884309 ], [ 2.4408699, 48.8841012 ], [ 2.4407824, 48.8841673 ], [ 2.4405785, 48.8844836 ], [ 2.4404646, 48.8845577 ], [ 2.4404135, 48.8845928 ], [ 2.4406612, 48.8848089 ], [ 2.4409792, 48.8850864 ], [ 2.4412769, 48.8853476 ], [ 2.4412981, 48.8853662 ], [ 2.4414444, 48.8854814 ], [ 2.4417091, 48.885678 ], [ 2.4419482, 48.8858884 ], [ 2.4423453, 48.8861344 ], [ 2.4427004, 48.8865521 ], [ 2.4427221, 48.8866251 ], [ 2.4431147, 48.8870575 ], [ 2.4435773, 48.8874222 ], [ 2.4437417, 48.8875962 ], [ 2.4438145, 48.887693 ], [ 2.4440024, 48.8879134 ], [ 2.4441724, 48.8878473 ], [ 2.4442886, 48.8879573 ], [ 2.4448658, 48.8884655 ], [ 2.4447979, 48.8885966 ], [ 2.4449494, 48.8887264 ], [ 2.4448929, 48.8887942 ], [ 2.4444747, 48.8890083 ], [ 2.4444137, 48.8907609 ], [ 2.4434249, 48.8906586 ], [ 2.4427386, 48.8905612 ], [ 2.4428579, 48.8907517 ], [ 2.442227, 48.8910002 ], [ 2.4424368, 48.8912938 ], [ 2.441567, 48.8916506 ], [ 2.4420812, 48.8922776 ], [ 2.441008, 48.8926406 ], [ 2.4405637, 48.8927908 ], [ 2.4390208, 48.8931968 ], [ 2.4395882, 48.8945493 ], [ 2.4417099, 48.8984324 ], [ 2.4394177, 48.8979577 ], [ 2.4391657, 48.8979055 ], [ 2.4383119, 48.8977745 ], [ 2.4365158, 48.897455 ], [ 2.4319608, 48.8966751 ], [ 2.4276678, 48.8958983 ], [ 2.4274688, 48.8952533 ], [ 2.42663, 48.8929798 ], [ 2.4265911, 48.8929793 ], [ 2.425439, 48.8930711 ], [ 2.4253258, 48.8924738 ], [ 2.425264, 48.8920918 ], [ 2.4248309, 48.8921157 ], [ 2.4243015, 48.8921448 ], [ 2.4241529, 48.8916027 ], [ 2.4244124, 48.8915582 ], [ 2.4243064, 48.8909944 ], [ 2.4243634, 48.8909738 ], [ 2.4244115, 48.8909089 ], [ 2.4246122, 48.890584 ], [ 2.4250339, 48.8906409 ], [ 2.4256239, 48.8901035 ], [ 2.4256467, 48.8898457 ], [ 2.4265073, 48.8897469 ], [ 2.4267259, 48.8896976 ], [ 2.4268794, 48.8896239 ], [ 2.4268652, 48.889538 ], [ 2.4267255, 48.8894736 ], [ 2.4265892, 48.8886913 ], [ 2.4267193, 48.8886053 ], [ 2.4264257, 48.8883294 ], [ 2.4265695, 48.8881145 ], [ 2.4266437, 48.8879518 ], [ 2.4267084, 48.887691 ], [ 2.4267638, 48.8874363 ], [ 2.4267818, 48.8871417 ], [ 2.4276544, 48.885972 ], [ 2.4269279, 48.8860556 ], [ 2.4268045, 48.8859516 ], [ 2.4266491, 48.8856612 ], [ 2.4264463, 48.8854317 ], [ 2.4259134, 48.884796 ], [ 2.4247333, 48.8834229 ], [ 2.4244989, 48.8832259 ], [ 2.4244328, 48.8831134 ], [ 2.424814, 48.8829332 ], [ 2.4248885, 48.8829205 ], [ 2.4254426, 48.8827973 ], [ 2.4256153, 48.8827589 ], [ 2.4256811, 48.8827817 ], [ 2.4257319, 48.8827987 ], [ 2.4259596, 48.8828747 ], [ 2.4265727, 48.8830892 ], [ 2.42662, 48.8831057 ], [ 2.4268962, 48.8832024 ], [ 2.4270042, 48.883172 ], [ 2.4271932, 48.8831189 ], [ 2.4282156, 48.8828314 ], [ 2.4284684, 48.8827671 ], [ 2.4290301, 48.8826241 ], [ 2.4290942, 48.8826078 ], [ 2.4291015, 48.8823326 ], [ 2.4287649, 48.8814932 ], [ 2.4287586, 48.8814648 ], [ 2.428476, 48.8801875 ], [ 2.4298402, 48.8804933 ], [ 2.4306862, 48.8806217 ], [ 2.4302837, 48.8803384 ], [ 2.4299194, 48.8798928 ], [ 2.4298598, 48.8791314 ], [ 2.4298013, 48.8783832 ], [ 2.4297763, 48.8783207 ], [ 2.4302844, 48.8784004 ], [ 2.4307409, 48.8784759 ], [ 2.4309502, 48.8785142 ], [ 2.4316558, 48.8786467 ], [ 2.4322766, 48.8788249 ], [ 2.432578, 48.8789126 ], [ 2.4329028, 48.8790076 ], [ 2.4329548, 48.8789439 ], [ 2.4331073, 48.8788901 ], [ 2.4337211, 48.8785753 ], [ 2.4340175, 48.8784223 ], [ 2.4343413, 48.878279 ], [ 2.4346481, 48.8781752 ], [ 2.4347512, 48.8781398 ], [ 2.4350175, 48.8780484 ], [ 2.4352187, 48.8779676 ], [ 2.4352429, 48.8779586 ], [ 2.4370591, 48.877303 ], [ 2.4367657, 48.8768574 ], [ 2.4368296, 48.876832 ], [ 2.4365667, 48.8764731 ], [ 2.4366247, 48.8764605 ], [ 2.4367034, 48.8764434 ], [ 2.4366852, 48.8763817 ], [ 2.4365326, 48.8757712 ], [ 2.4362782, 48.874803 ], [ 2.4362701, 48.8747684 ], [ 2.4359459, 48.8747759 ], [ 2.4353919, 48.8746145 ], [ 2.4354538, 48.8745576 ], [ 2.4362923, 48.873786 ], [ 2.4370014, 48.8731687 ], [ 2.4372944, 48.8728785 ], [ 2.4376495, 48.87254 ], [ 2.4379195, 48.8723003 ], [ 2.4382903, 48.8719529 ], [ 2.4383212, 48.8719079 ], [ 2.4383627, 48.8718475 ], [ 2.438054, 48.8718606 ], [ 2.4382274, 48.8713766 ], [ 2.4385538, 48.8713254 ], [ 2.4386408, 48.8713118 ], [ 2.4386952, 48.8713158 ], [ 2.4395231, 48.8713766 ], [ 2.4396346, 48.8713866 ], [ 2.4397075, 48.8713945 ], [ 2.4397457, 48.8713987 ], [ 2.4399204, 48.8714178 ], [ 2.4409815, 48.8715508 ], [ 2.4420491, 48.8716871 ], [ 2.4420746, 48.8716903 ], [ 2.442162, 48.8717135 ], [ 2.4422231, 48.8717677 ], [ 2.4422995, 48.8717469 ], [ 2.4422345, 48.8718473 ], [ 2.4424716, 48.8718392 ], [ 2.4425954, 48.8718349 ], [ 2.4428795, 48.8718458 ], [ 2.443453, 48.871886 ], [ 2.4435387, 48.8718947 ], [ 2.4437848, 48.8719318 ], [ 2.4440047, 48.8719926 ], [ 2.444447, 48.8721259 ], [ 2.4451956, 48.8722956 ], [ 2.4452861, 48.8723212 ], [ 2.4457922, 48.8725782 ], [ 2.4459879, 48.8727018 ], [ 2.4462075, 48.8728559 ], [ 2.4463543, 48.8729945 ], [ 2.4464501, 48.8730569 ], [ 2.446615, 48.8731492 ] ] ] } },
{ "type": "Feature", "id": "relation/131216", "properties": { "@id": "relation/131216", "admin_level": "8", "boundary": "administrative", "name": "Noisy-le-Sec", "population": "46094", "population:date": "2021", "postal_code": "93130", "ref:FR:SIREN": "219300530", "ref:INSEE": "93053", "source:population": "INSEE 2024", "source:postal_code": "source of postcode is from osm nodes", "type": "boundary", "wikidata": "Q370224", "wikipedia": "fr:Noisy-le-Sec" }, "geometry": { "type": "Polygon", "coordinates": [ [ [ 2.4696814, 48.9014057 ], [ 2.4698049, 48.901631 ], [ 2.4704248, 48.9025813 ], [ 2.4705207, 48.9027282 ], [ 2.4706524, 48.9029301 ], [ 2.470617, 48.9034136 ], [ 2.4706065, 48.9035572 ], [ 2.4706056, 48.9035701 ], [ 2.4705819, 48.9038933 ], [ 2.4705553, 48.9039469 ], [ 2.4700476, 48.9049714 ], [ 2.4699159, 48.9052343 ], [ 2.4694136, 48.9053062 ], [ 2.4691823, 48.905312 ], [ 2.4677946, 48.9052693 ], [ 2.4668864, 48.9052509 ], [ 2.4660454, 48.9052324 ], [ 2.4654946, 48.9052386 ], [ 2.4648215, 48.9052551 ], [ 2.463883, 48.9052781 ], [ 2.4633629, 48.9052909 ], [ 2.4622909, 48.9053974 ], [ 2.462064, 48.9054364 ], [ 2.4620256, 48.9052314 ], [ 2.4617682, 48.9037518 ], [ 2.4616924, 48.9033162 ], [ 2.4615231, 48.9023425 ], [ 2.4615564, 48.9022139 ], [ 2.4598692, 48.9018878 ], [ 2.4587984, 48.9016808 ], [ 2.4566163, 48.901259 ], [ 2.4520433, 48.9003922 ], [ 2.447928, 48.8996002 ], [ 2.4451554, 48.8990773 ], [ 2.4417099, 48.8984324 ], [ 2.4395882, 48.8945493 ], [ 2.4390208, 48.8931968 ], [ 2.4405637, 48.8927908 ], [ 2.441008, 48.8926406 ], [ 2.4420812, 48.8922776 ], [ 2.441567, 48.8916506 ], [ 2.4424368, 48.8912938 ], [ 2.442227, 48.8910002 ], [ 2.4428579, 48.8907517 ], [ 2.4427386, 48.8905612 ], [ 2.4434249, 48.8906586 ], [ 2.4444137, 48.8907609 ], [ 2.4444747, 48.8890083 ], [ 2.4448929, 48.8887942 ], [ 2.4449494, 48.8887264 ], [ 2.4447979, 48.8885966 ], [ 2.4448658, 48.8884655 ], [ 2.4442886, 48.8879573 ], [ 2.4441724, 48.8878473 ], [ 2.4440024, 48.8879134 ], [ 2.4438145, 48.887693 ], [ 2.4437417, 48.8875962 ], [ 2.4435773, 48.8874222 ], [ 2.4431147, 48.8870575 ], [ 2.4427221, 48.8866251 ], [ 2.4427004, 48.8865521 ], [ 2.4423453, 48.8861344 ], [ 2.4419482, 48.8858884 ], [ 2.4417091, 48.885678 ], [ 2.4414444, 48.8854814 ], [ 2.4412981, 48.8853662 ], [ 2.4412769, 48.8853476 ], [ 2.4409792, 48.8850864 ], [ 2.4406612, 48.8848089 ], [ 2.4404135, 48.8845928 ], [ 2.4404646, 48.8845577 ], [ 2.4405785, 48.8844836 ], [ 2.4407824, 48.8841673 ], [ 2.4408699, 48.8841012 ], [ 2.4409881, 48.884309 ], [ 2.4409976, 48.884324 ], [ 2.4410302, 48.8843693 ], [ 2.441051, 48.8844268 ], [ 2.4421114, 48.8838988 ], [ 2.4420071, 48.8837885 ], [ 2.4416971, 48.8834502 ], [ 2.4431522, 48.8828619 ], [ 2.4436603, 48.8832936 ], [ 2.4446064, 48.8837255 ], [ 2.4455659, 48.8840808 ], [ 2.4452645, 48.8845584 ], [ 2.4455375, 48.8846864 ], [ 2.445562, 48.8847487 ], [ 2.4458215, 48.8848749 ], [ 2.4460026, 48.8849353 ], [ 2.4461729, 48.8850242 ], [ 2.4461891, 48.8849993 ], [ 2.4463161, 48.8850348 ], [ 2.4463215, 48.8850152 ], [ 2.4464835, 48.8850275 ], [ 2.4465079, 48.8850399 ], [ 2.4464809, 48.8850756 ], [ 2.4465002, 48.8852554 ], [ 2.4466706, 48.8853443 ], [ 2.4466437, 48.885396 ], [ 2.446741, 48.8854493 ], [ 2.4467276, 48.8854707 ], [ 2.446806, 48.885517 ], [ 2.4468303, 48.8854991 ], [ 2.4469465, 48.8855685 ], [ 2.4468899, 48.8856077 ], [ 2.4469629, 48.8856522 ], [ 2.4469926, 48.8856308 ], [ 2.4472386, 48.8857552 ], [ 2.447209, 48.8857891 ], [ 2.4472495, 48.8858086 ], [ 2.4472765, 48.885789 ], [ 2.4474036, 48.885853 ], [ 2.4474713, 48.8859242 ], [ 2.4473985, 48.8859866 ], [ 2.4476715, 48.886095 ], [ 2.4477065, 48.8860647 ], [ 2.4477687, 48.8860878 ], [ 2.4475531, 48.8862874 ], [ 2.4476983, 48.8863631 ], [ 2.4485076, 48.8867852 ], [ 2.4487501, 48.8865374 ], [ 2.4484609, 48.8864415 ], [ 2.4492746, 48.8855858 ], [ 2.4498828, 48.8858381 ], [ 2.4499879, 48.8857116 ], [ 2.4502561, 48.8860675 ], [ 2.4504639, 48.8860085 ], [ 2.450798, 48.885668 ], [ 2.4512917, 48.8854538 ], [ 2.4514565, 48.8854803 ], [ 2.451781, 48.8856457 ], [ 2.4521594, 48.8857539 ], [ 2.4521604, 48.8850433 ], [ 2.452487, 48.8849361 ], [ 2.4529162, 48.8848502 ], [ 2.453197, 48.8848427 ], [ 2.4535991, 48.8846874 ], [ 2.4533151, 48.8845042 ], [ 2.452988, 48.8843638 ], [ 2.4541303, 48.8843502 ], [ 2.4540693, 48.883661 ], [ 2.4539062, 48.8832123 ], [ 2.453709, 48.883209 ], [ 2.4532676, 48.8827018 ], [ 2.4530259, 48.8823444 ], [ 2.45245, 48.8817993 ], [ 2.4522068, 48.8814011 ], [ 2.4521519, 48.8812985 ], [ 2.4519402, 48.8812288 ], [ 2.451792, 48.8811734 ], [ 2.4504558, 48.8808181 ], [ 2.4502375, 48.880767 ], [ 2.4500558, 48.8806675 ], [ 2.4499259, 48.8805137 ], [ 2.4498586, 48.8803742 ], [ 2.4498696, 48.8802125 ], [ 2.4499012, 48.880139 ], [ 2.4499659, 48.8800492 ], [ 2.4500801, 48.8799479 ], [ 2.4501816, 48.8798537 ], [ 2.4502461, 48.8797938 ], [ 2.4502956, 48.8797097 ], [ 2.450291, 48.8796268 ], [ 2.4502539, 48.8795329 ], [ 2.4491592, 48.8790133 ], [ 2.4492959, 48.8788456 ], [ 2.4494327, 48.8786779 ], [ 2.4497764, 48.8786351 ], [ 2.4505261, 48.8785953 ], [ 2.4517781, 48.8785156 ], [ 2.4518329, 48.8785119 ], [ 2.4518837, 48.8785084 ], [ 2.4549308, 48.8783059 ], [ 2.4556369, 48.878425 ], [ 2.4567073, 48.8785421 ], [ 2.4577392, 48.878635 ], [ 2.4578646, 48.8786457 ], [ 2.4587779, 48.8787303 ], [ 2.4591415, 48.8787474 ], [ 2.4592844, 48.8784753 ], [ 2.4599678, 48.8783816 ], [ 2.4599911, 48.8784409 ], [ 2.4612098, 48.8783544 ], [ 2.4612463, 48.8783179 ], [ 2.4612935, 48.8783544 ], [ 2.462849, 48.8781808 ], [ 2.4630625, 48.878477 ], [ 2.4632511, 48.8784216 ], [ 2.4636071, 48.878366 ], [ 2.4649038, 48.8780347 ], [ 2.4649281, 48.8780701 ], [ 2.465223, 48.8785343 ], [ 2.4652546, 48.8786023 ], [ 2.4653814, 48.8787892 ], [ 2.4656357, 48.879004 ], [ 2.4657522, 48.8793248 ], [ 2.4657527, 48.8793261 ], [ 2.4659231, 48.8795836 ], [ 2.4665678, 48.8802952 ], [ 2.4666706, 48.8805036 ], [ 2.4667182, 48.880666 ], [ 2.4666576, 48.8811112 ], [ 2.4666265, 48.8813452 ], [ 2.4666785, 48.8815238 ], [ 2.4668062, 48.8817242 ], [ 2.4670138, 48.8819777 ], [ 2.4675206, 48.8824053 ], [ 2.4681082, 48.883012 ], [ 2.4682368, 48.8830907 ], [ 2.468453, 48.8833221 ], [ 2.4690037, 48.8839771 ], [ 2.4693784, 48.8844227 ], [ 2.4695036, 48.8847077 ], [ 2.4697877, 48.8853285 ], [ 2.4700378, 48.8860049 ], [ 2.4700747, 48.8861046 ], [ 2.4701511, 48.8863366 ], [ 2.4702062, 48.8865042 ], [ 2.4702543, 48.8866503 ], [ 2.4702754, 48.8867146 ], [ 2.4703032, 48.8867743 ], [ 2.4703117, 48.8867957 ], [ 2.470129, 48.8868219 ], [ 2.4701363, 48.8868525 ], [ 2.4701672, 48.8868957 ], [ 2.4702479, 48.8869399 ], [ 2.4705511, 48.8869971 ], [ 2.4706339, 48.8869231 ], [ 2.4709493, 48.8868981 ], [ 2.4709365, 48.8867804 ], [ 2.4716397, 48.8867263 ], [ 2.4716628, 48.8867245 ], [ 2.471683, 48.8867229 ], [ 2.4717847, 48.8867151 ], [ 2.4719497, 48.8867024 ], [ 2.4722014, 48.8866799 ], [ 2.4722485, 48.8866757 ], [ 2.4729976, 48.88661 ], [ 2.4733965, 48.8865721 ], [ 2.4753107, 48.8863248 ], [ 2.4759153, 48.8873165 ], [ 2.4765244, 48.8884749 ], [ 2.4765712, 48.8887703 ], [ 2.4762545, 48.8887724 ], [ 2.476098, 48.8887782 ], [ 2.4758632, 48.8887919 ], [ 2.4757707, 48.8887968 ], [ 2.4752571, 48.888828 ], [ 2.4751898, 48.888833 ], [ 2.474685, 48.8888601 ], [ 2.4744262, 48.8888753 ], [ 2.4734063, 48.8889267 ], [ 2.4729926, 48.8889487 ], [ 2.4729102, 48.8889531 ], [ 2.4727405, 48.8889621 ], [ 2.4722631, 48.8889899 ], [ 2.4717403, 48.8890192 ], [ 2.4714231, 48.8890307 ], [ 2.4713292, 48.8890341 ], [ 2.4713134, 48.8891135 ], [ 2.4718753, 48.8900524 ], [ 2.4723001, 48.8912229 ], [ 2.472456, 48.8919071 ], [ 2.4725911, 48.8923046 ], [ 2.4727503, 48.8927729 ], [ 2.4729335, 48.8930119 ], [ 2.472991, 48.893087 ], [ 2.4730131, 48.8931158 ], [ 2.4732406, 48.8934127 ], [ 2.4734142, 48.8935771 ], [ 2.4734054, 48.893626 ], [ 2.4741637, 48.8946996 ], [ 2.4744368, 48.8951119 ], [ 2.472847, 48.895521 ], [ 2.4728954, 48.8956109 ], [ 2.4727898, 48.8956367 ], [ 2.4728659, 48.8957196 ], [ 2.4732173, 48.8961955 ], [ 2.4732504, 48.8962391 ], [ 2.4732807, 48.8962835 ], [ 2.4735747, 48.8966885 ], [ 2.4736794, 48.89682 ], [ 2.4737855, 48.8969703 ], [ 2.473904, 48.8971267 ], [ 2.4740828, 48.8973783 ], [ 2.474278, 48.8976448 ], [ 2.4746045, 48.8980906 ], [ 2.4746291, 48.8981474 ], [ 2.4740116, 48.8982445 ], [ 2.4736684, 48.8983343 ], [ 2.4711357, 48.898997 ], [ 2.4710104, 48.8990371 ], [ 2.470908, 48.8990628 ], [ 2.4702912, 48.8992176 ], [ 2.469944, 48.8993065 ], [ 2.4692049, 48.8995137 ], [ 2.4690859, 48.8995464 ], [ 2.4693159, 48.9002666 ], [ 2.4695602, 48.9011845 ], [ 2.4696814, 48.9014057 ] ] ] } },
{ "type": "Feature", "id": "relation/131240", "properties": { "@id": "relation/131240", "admin_level": "8", "boundary": "administrative", "name": "Bobigny", "population": "55056", "population:date": "2021", "postal_code": "93000", "ref:FR:SIREN": "219300084", "ref:INSEE": "93008", "source": "source of postcode is from osm nodes", "source:population": "INSEE 2024", "source:postal_code": "La Poste - 11/2014", "type": "boundary", "wikidata": "Q154724", "wikipedia": "fr:Bobigny" }, "geometry": { "type": "Polygon", "coordinates": [ [ [ 2.4742854, 48.9105967 ], [ 2.4743792, 48.9107955 ], [ 2.4744888, 48.9109347 ], [ 2.474546, 48.911024 ], [ 2.4746379, 48.9111861 ], [ 2.4746776, 48.9112485 ], [ 2.4749237, 48.9115494 ], [ 2.4749529, 48.9115851 ], [ 2.4753644, 48.9119516 ], [ 2.4758869, 48.912402 ], [ 2.4760325, 48.9125867 ], [ 2.476204, 48.9129301 ], [ 2.4762254, 48.9130042 ], [ 2.4762214, 48.9130923 ], [ 2.4761637, 48.9132496 ], [ 2.4760994, 48.9134184 ], [ 2.4760497, 48.9134903 ], [ 2.476031, 48.9135202 ], [ 2.4757775, 48.9139292 ], [ 2.4757507, 48.913997 ], [ 2.4757366, 48.9140698 ], [ 2.4757225, 48.9141561 ], [ 2.4757198, 48.9142548 ], [ 2.4757071, 48.9145858 ], [ 2.4756896, 48.9148405 ], [ 2.4756829, 48.9148868 ], [ 2.4756105, 48.9153424 ], [ 2.4755817, 48.9155636 ], [ 2.475573, 48.9156399 ], [ 2.4755443, 48.9159051 ], [ 2.4754925, 48.9163914 ], [ 2.4754859, 48.9164329 ], [ 2.4754798, 48.9164711 ], [ 2.4753195, 48.9164702 ], [ 2.4751076, 48.9164736 ], [ 2.4744249, 48.9165086 ], [ 2.4740765, 48.9165338 ], [ 2.4739258, 48.9165309 ], [ 2.4737844, 48.9164969 ], [ 2.4731528, 48.9162587 ], [ 2.4728794, 48.9161783 ], [ 2.4726391, 48.9161227 ], [ 2.4724176, 48.9160485 ], [ 2.472316, 48.9160055 ], [ 2.471231, 48.915483 ], [ 2.4710385, 48.9155639 ], [ 2.4707175, 48.9157551 ], [ 2.470326, 48.9155007 ], [ 2.4699668, 48.9152848 ], [ 2.469706, 48.9151473 ], [ 2.4694811, 48.9150119 ], [ 2.4691728, 48.9147368 ], [ 2.4690564, 48.9146651 ], [ 2.468981, 48.9146559 ], [ 2.46868, 48.9147928 ], [ 2.4683973, 48.9147217 ], [ 2.4681193, 48.9146662 ], [ 2.4675822, 48.9146314 ], [ 2.4674536, 48.9145912 ], [ 2.4670006, 48.9143435 ], [ 2.4669993, 48.9143417 ], [ 2.4672301, 48.9141999 ], [ 2.4672677, 48.9141655 ], [ 2.4672422, 48.9141497 ], [ 2.4671897, 48.9141359 ], [ 2.4667344, 48.9140338 ], [ 2.4660055, 48.9134965 ], [ 2.4656152, 48.9132569 ], [ 2.4654832, 48.9131763 ], [ 2.465078, 48.9130868 ], [ 2.4649209, 48.9130367 ], [ 2.464796, 48.9129725 ], [ 2.4646913, 48.9129072 ], [ 2.4643328, 48.9126261 ], [ 2.4641122, 48.9124109 ], [ 2.4640291, 48.9123558 ], [ 2.4638901, 48.912249 ], [ 2.4636111, 48.9121263 ], [ 2.4631069, 48.9119624 ], [ 2.4627724, 48.911882 ], [ 2.4623956, 48.9118545 ], [ 2.4621084, 48.9118579 ], [ 2.4617317, 48.9118708 ], [ 2.4614539, 48.9118618 ], [ 2.4611006, 48.9118001 ], [ 2.4592158, 48.9112652 ], [ 2.4590227, 48.9112312 ], [ 2.4588202, 48.9112377 ], [ 2.4585416, 48.9112815 ], [ 2.4584196, 48.9111255 ], [ 2.4582556, 48.9109587 ], [ 2.4578327, 48.9105602 ], [ 2.4577992, 48.9105697 ], [ 2.4567295, 48.9108727 ], [ 2.4564809, 48.910944 ], [ 2.4564179, 48.9109621 ], [ 2.4558749, 48.9104182 ], [ 2.4553781, 48.9106506 ], [ 2.4551788, 48.9107776 ], [ 2.4547397, 48.9110192 ], [ 2.4546201, 48.911085 ], [ 2.4544215, 48.9111994 ], [ 2.4543921, 48.9112163 ], [ 2.4543671, 48.9112306 ], [ 2.4540933, 48.9113875 ], [ 2.4537607, 48.9115457 ], [ 2.4534029, 48.9117207 ], [ 2.453187, 48.9118199 ], [ 2.4526918, 48.9120197 ], [ 2.452445, 48.9121108 ], [ 2.4523142, 48.9121591 ], [ 2.4521691, 48.9122197 ], [ 2.4514969, 48.9124743 ], [ 2.4514012, 48.9125106 ], [ 2.4512603, 48.9125704 ], [ 2.4504389, 48.9128635 ], [ 2.4501603, 48.9129685 ], [ 2.449931, 48.9130143 ], [ 2.448353, 48.913306 ], [ 2.4461078, 48.9137241 ], [ 2.4447746, 48.9141876 ], [ 2.4431909, 48.9146608 ], [ 2.4411182, 48.9153293 ], [ 2.4396885, 48.914586 ], [ 2.438207, 48.9138278 ], [ 2.4368344, 48.9131136 ], [ 2.4367085, 48.9131794 ], [ 2.4362891, 48.9132932 ], [ 2.4350388, 48.9134838 ], [ 2.4344867, 48.9135224 ], [ 2.4337265, 48.9136964 ], [ 2.4334109, 48.9136408 ], [ 2.4326721, 48.9138928 ], [ 2.4314712, 48.9143168 ], [ 2.430694, 48.9145913 ], [ 2.4291867, 48.9150914 ], [ 2.4280314, 48.9153017 ], [ 2.4266571, 48.9155726 ], [ 2.4263265, 48.9156535 ], [ 2.426115, 48.9157151 ], [ 2.4254603, 48.9158608 ], [ 2.425024, 48.9159574 ], [ 2.4248525, 48.9159922 ], [ 2.4247685, 48.9160076 ], [ 2.4246097, 48.916027 ], [ 2.4235121, 48.9162699 ], [ 2.4234088, 48.9162493 ], [ 2.423013, 48.9163361 ], [ 2.4227704, 48.9163906 ], [ 2.4225275, 48.9164498 ], [ 2.422368, 48.9164851 ], [ 2.4221277, 48.9165432 ], [ 2.4218201, 48.9166163 ], [ 2.421334, 48.9167286 ], [ 2.4203343, 48.9169647 ], [ 2.4190646, 48.9173515 ], [ 2.4171113, 48.9179891 ], [ 2.4148285, 48.9187107 ], [ 2.4134758, 48.9193804 ], [ 2.4133337, 48.9194431 ], [ 2.4117808, 48.9181882 ], [ 2.4116512, 48.9180731 ], [ 2.4114868, 48.917941 ], [ 2.4112371, 48.9177119 ], [ 2.4100426, 48.9166172 ], [ 2.4101797, 48.9165469 ], [ 2.4104467, 48.9164098 ], [ 2.4105447, 48.916374 ], [ 2.410658, 48.9163326 ], [ 2.411134, 48.9161586 ], [ 2.4111723, 48.9161446 ], [ 2.4113478, 48.9160763 ], [ 2.4114613, 48.9160331 ], [ 2.4120386, 48.9158137 ], [ 2.4124618, 48.915633 ], [ 2.4127021, 48.9155541 ], [ 2.4128394, 48.915492 ], [ 2.412951, 48.9154131 ], [ 2.4130626, 48.9153454 ], [ 2.4130111, 48.9153002 ], [ 2.4130025, 48.9152382 ], [ 2.4131516, 48.9146969 ], [ 2.4132342, 48.9143865 ], [ 2.4133989, 48.9143307 ], [ 2.4133344, 48.9135888 ], [ 2.413652, 48.9132899 ], [ 2.4137636, 48.9129909 ], [ 2.4140468, 48.9127089 ], [ 2.4144502, 48.9123479 ], [ 2.4147335, 48.9122745 ], [ 2.4151798, 48.9120658 ], [ 2.4154685, 48.9119258 ], [ 2.4150594, 48.9112751 ], [ 2.4149858, 48.911219 ], [ 2.4148953, 48.9111676 ], [ 2.4147877, 48.9111261 ], [ 2.4146688, 48.9110989 ], [ 2.4145512, 48.9110681 ], [ 2.4140766, 48.9109592 ], [ 2.413818, 48.9109003 ], [ 2.4136853, 48.9108684 ], [ 2.4138186, 48.9108054 ], [ 2.413906, 48.9107655 ], [ 2.4141497, 48.9106544 ], [ 2.4140813, 48.9105996 ], [ 2.4140608, 48.9105832 ], [ 2.4129649, 48.9097229 ], [ 2.4130326, 48.9096915 ], [ 2.4134233, 48.9095102 ], [ 2.4137891, 48.9093311 ], [ 2.4140962, 48.9091851 ], [ 2.4142031, 48.9091342 ], [ 2.4146039, 48.9089437 ], [ 2.4143274, 48.908692 ], [ 2.4143075, 48.9086738 ], [ 2.4140062, 48.9083993 ], [ 2.4137057, 48.9081255 ], [ 2.4134091, 48.9078552 ], [ 2.4131133, 48.9075857 ], [ 2.4128141, 48.9073131 ], [ 2.4125095, 48.9070355 ], [ 2.4122192, 48.906771 ], [ 2.4119233, 48.9065013 ], [ 2.411628, 48.9062322 ], [ 2.4124637, 48.9058346 ], [ 2.4133256, 48.9054094 ], [ 2.4141815, 48.9050059 ], [ 2.4150074, 48.9046272 ], [ 2.4158427, 48.9042305 ], [ 2.4166691, 48.903838 ], [ 2.4170027, 48.9036796 ], [ 2.4171009, 48.9036329 ], [ 2.4171746, 48.9035979 ], [ 2.4174633, 48.9035392 ], [ 2.4175079, 48.9035077 ], [ 2.4177614, 48.9033273 ], [ 2.4179129, 48.9032293 ], [ 2.4180379, 48.9031652 ], [ 2.4181063, 48.9031305 ], [ 2.4182763, 48.9030571 ], [ 2.4185836, 48.9029459 ], [ 2.4191166, 48.9027461 ], [ 2.4195616, 48.9025749 ], [ 2.4197916, 48.9024898 ], [ 2.4202158, 48.9023551 ], [ 2.4204442, 48.902288 ], [ 2.4206564, 48.9022526 ], [ 2.4208604, 48.9022014 ], [ 2.4209504, 48.9021721 ], [ 2.421259, 48.9020768 ], [ 2.4232824, 48.89863 ], [ 2.4243864, 48.8967493 ], [ 2.4240961, 48.8960922 ], [ 2.4241491, 48.8958225 ], [ 2.4240119, 48.8952633 ], [ 2.4240024, 48.8952245 ], [ 2.4249901, 48.8954079 ], [ 2.4268924, 48.8957563 ], [ 2.4276678, 48.8958983 ], [ 2.4319608, 48.8966751 ], [ 2.4365158, 48.897455 ], [ 2.4383119, 48.8977745 ], [ 2.4391657, 48.8979055 ], [ 2.4394177, 48.8979577 ], [ 2.4417099, 48.8984324 ], [ 2.4451554, 48.8990773 ], [ 2.447928, 48.8996002 ], [ 2.4520433, 48.9003922 ], [ 2.4566163, 48.901259 ], [ 2.4587984, 48.9016808 ], [ 2.4598692, 48.9018878 ], [ 2.4615564, 48.9022139 ], [ 2.4615231, 48.9023425 ], [ 2.4616924, 48.9033162 ], [ 2.4617682, 48.9037518 ], [ 2.4620256, 48.9052314 ], [ 2.462064, 48.9054364 ], [ 2.4622909, 48.9053974 ], [ 2.4633629, 48.9052909 ], [ 2.463883, 48.9052781 ], [ 2.4648215, 48.9052551 ], [ 2.4654946, 48.9052386 ], [ 2.4660454, 48.9052324 ], [ 2.4668864, 48.9052509 ], [ 2.4677946, 48.9052693 ], [ 2.4691823, 48.905312 ], [ 2.4694136, 48.9053062 ], [ 2.4699159, 48.9052343 ], [ 2.4700476, 48.9049714 ], [ 2.4704113, 48.9050543 ], [ 2.4709144, 48.905169 ], [ 2.4713091, 48.9066675 ], [ 2.4715666, 48.9076451 ], [ 2.471616, 48.9076723 ], [ 2.471667, 48.9077004 ], [ 2.4719443, 48.9078353 ], [ 2.4723205, 48.908028 ], [ 2.4723868, 48.9081368 ], [ 2.4724714, 48.9082627 ], [ 2.4726759, 48.9085704 ], [ 2.4730621, 48.909161 ], [ 2.4731334, 48.9092482 ], [ 2.4732123, 48.9093317 ], [ 2.4741597, 48.9104297 ], [ 2.4741951, 48.910476 ], [ 2.4742478, 48.9105449 ], [ 2.4742854, 48.9105967 ] ] ] } },
{ "type": "Feature", "id": "relation/134947", "properties": { "@id": "relation/134947", "admin_level": "8", "boundary": "administrative", "name": "Neuilly-Plaisance", "population": "21415", "population:date": "2021", "postal_code": "93360", "ref:FR:SIREN": "219300498", "ref:INSEE": "93049", "source:population": "INSEE 2024", "source:postal_code": "La Poste - 12/2014", "type": "boundary", "wikidata": "Q685597", "wikipedia": "fr:Neuilly-Plaisance" }, "geometry": { "type": "Polygon", "coordinates": [ [ [ 2.5200793, 48.8540542 ], [ 2.5164098, 48.8533226 ], [ 2.5162963, 48.8535379 ], [ 2.5161675, 48.8561425 ], [ 2.5162583, 48.8561522 ], [ 2.5165029, 48.8561896 ], [ 2.5166848, 48.8562265 ], [ 2.5167985, 48.8562517 ], [ 2.5168662, 48.856289 ], [ 2.5171341, 48.8571059 ], [ 2.5171492, 48.8571531 ], [ 2.5173371, 48.858011 ], [ 2.5174073, 48.8580008 ], [ 2.5178583, 48.8579352 ], [ 2.5182496, 48.8591142 ], [ 2.5183762, 48.859442 ], [ 2.5191092, 48.8593244 ], [ 2.5193617, 48.8603471 ], [ 2.5197136, 48.8603246 ], [ 2.5196964, 48.8610022 ], [ 2.5193073, 48.8609704 ], [ 2.5192581, 48.8614072 ], [ 2.519258, 48.8614308 ], [ 2.5192042, 48.861875 ], [ 2.5189034, 48.8618498 ], [ 2.5188423, 48.8622496 ], [ 2.5186753, 48.8633432 ], [ 2.5184736, 48.8645525 ], [ 2.5181836, 48.8646621 ], [ 2.5175654, 48.8657847 ], [ 2.5173879, 48.8658496 ], [ 2.5165553, 48.8668774 ], [ 2.5162134, 48.8673976 ], [ 2.5165816, 48.8674549 ], [ 2.5170255, 48.8675512 ], [ 2.5172672, 48.8676182 ], [ 2.5179922, 48.867854 ], [ 2.5184985, 48.8680237 ], [ 2.5185758, 48.8680503 ], [ 2.5187401, 48.8681229 ], [ 2.5189025, 48.8682317 ], [ 2.5190098, 48.8683563 ], [ 2.5191512, 48.8684615 ], [ 2.5195658, 48.8688152 ], [ 2.5198541, 48.8689651 ], [ 2.5204942, 48.8692935 ], [ 2.5218802, 48.8702692 ], [ 2.5217848, 48.870313 ], [ 2.522013, 48.8704549 ], [ 2.5220417, 48.8705731 ], [ 2.5227084, 48.8710145 ], [ 2.5228631, 48.8710913 ], [ 2.5227974, 48.8711421 ], [ 2.5228847, 48.8713005 ], [ 2.5230087, 48.871431 ], [ 2.5231076, 48.8715105 ], [ 2.523215, 48.8715968 ], [ 2.5232224, 48.8716028 ], [ 2.5235071, 48.8718993 ], [ 2.5237224, 48.8720341 ], [ 2.5239431, 48.8722499 ], [ 2.5241034, 48.872447 ], [ 2.524129, 48.8724783 ], [ 2.524232, 48.8726475 ], [ 2.5243413, 48.872851 ], [ 2.5244218, 48.8732513 ], [ 2.5234296, 48.873383 ], [ 2.5232934, 48.8731251 ], [ 2.5226332, 48.8732446 ], [ 2.5227034, 48.8733965 ], [ 2.5226415, 48.8734047 ], [ 2.5227488, 48.8736462 ], [ 2.5222289, 48.8737439 ], [ 2.5221917, 48.8736327 ], [ 2.5218616, 48.8736897 ], [ 2.5217506, 48.8734411 ], [ 2.5210174, 48.8735012 ], [ 2.5211021, 48.8738037 ], [ 2.5204769, 48.8745914 ], [ 2.5202228, 48.8744984 ], [ 2.5201079, 48.8744563 ], [ 2.5198619, 48.8743663 ], [ 2.5190522, 48.8744057 ], [ 2.518588, 48.8744256 ], [ 2.5184806, 48.8744032 ], [ 2.5179795, 48.8744853 ], [ 2.5182964, 48.8749841 ], [ 2.5170714, 48.8750974 ], [ 2.5161623, 48.8751815 ], [ 2.515029, 48.874926 ], [ 2.5143639, 48.8751736 ], [ 2.5128707, 48.8756459 ], [ 2.5131428, 48.8760284 ], [ 2.5121433, 48.8763695 ], [ 2.5117477, 48.8765055 ], [ 2.5121165, 48.8766679 ], [ 2.5111796, 48.8772792 ], [ 2.5094157, 48.8780603 ], [ 2.5088575, 48.8773692 ], [ 2.5082969, 48.8766876 ], [ 2.5081542, 48.8765159 ], [ 2.5081125, 48.8764657 ], [ 2.5079902, 48.8763189 ], [ 2.5078709, 48.8761752 ], [ 2.5078246, 48.8760628 ], [ 2.5078391, 48.8758643 ], [ 2.5078088, 48.8757739 ], [ 2.5077485, 48.8757216 ], [ 2.5077281, 48.8756988 ], [ 2.5075858, 48.8755546 ], [ 2.507559, 48.8755038 ], [ 2.5074558, 48.8753851 ], [ 2.5073171, 48.8751979 ], [ 2.5072192, 48.8750962 ], [ 2.5070671, 48.8749076 ], [ 2.5070217, 48.8748349 ], [ 2.5069899, 48.8747724 ], [ 2.5069252, 48.8746831 ], [ 2.5068598, 48.8746137 ], [ 2.5067942, 48.8745406 ], [ 2.5066903, 48.8744766 ], [ 2.50673, 48.8744189 ], [ 2.5066848, 48.8743496 ], [ 2.5057956, 48.8729324 ], [ 2.5061255, 48.8728322 ], [ 2.5054193, 48.8721408 ], [ 2.5051447, 48.8722255 ], [ 2.5050159, 48.872265 ], [ 2.5044065, 48.8725134 ], [ 2.5035482, 48.8729312 ], [ 2.5029388, 48.8731005 ], [ 2.5023208, 48.8730328 ], [ 2.5016256, 48.8729594 ], [ 2.5010773, 48.8729607 ], [ 2.5009235, 48.8728992 ], [ 2.5009218, 48.8728767 ], [ 2.5009524, 48.8726542 ], [ 2.500982, 48.8723793 ], [ 2.500996, 48.8722499 ], [ 2.5009988, 48.8721883 ], [ 2.501015, 48.871838 ], [ 2.5010928, 48.8718056 ], [ 2.5011461, 48.8715467 ], [ 2.5011541, 48.87149 ], [ 2.5012109, 48.8707897 ], [ 2.5012103, 48.8706835 ], [ 2.5010338, 48.8701358 ], [ 2.50101, 48.8700536 ], [ 2.5009615, 48.869839 ], [ 2.5009709, 48.8695524 ], [ 2.5009913, 48.8692383 ], [ 2.5010088, 48.8691113 ], [ 2.5010227, 48.8690268 ], [ 2.5011717, 48.8681656 ], [ 2.5011861, 48.8680424 ], [ 2.5011699, 48.8679238 ], [ 2.501032, 48.8673803 ], [ 2.5009187, 48.8669835 ], [ 2.5008887, 48.8668845 ], [ 2.5005454, 48.8662676 ], [ 2.5004563, 48.8661077 ], [ 2.5003571, 48.8659295 ], [ 2.5002066, 48.865659 ], [ 2.5001424, 48.8655726 ], [ 2.4997394, 48.8650485 ], [ 2.4995519, 48.8645106 ], [ 2.4995324, 48.8644171 ], [ 2.4995009, 48.8640929 ], [ 2.4994907, 48.8640169 ], [ 2.4995085, 48.8639477 ], [ 2.4993287, 48.8635174 ], [ 2.4991346, 48.863205 ], [ 2.4986292, 48.862425 ], [ 2.4985486, 48.8623454 ], [ 2.498465, 48.862242 ], [ 2.4983109, 48.8620252 ], [ 2.4982142, 48.8618725 ], [ 2.4981171, 48.8617226 ], [ 2.4979949, 48.8615333 ], [ 2.497882, 48.8613503 ], [ 2.4977556, 48.8611441 ], [ 2.4977091, 48.86107 ], [ 2.4975904, 48.860882 ], [ 2.4975073, 48.8607392 ], [ 2.4973718, 48.8605076 ], [ 2.4972905, 48.8605342 ], [ 2.4966293, 48.8607073 ], [ 2.496318, 48.8607805 ], [ 2.4961139, 48.8606626 ], [ 2.496565, 48.8599992 ], [ 2.497131, 48.8591833 ], [ 2.4968169, 48.8591481 ], [ 2.4957424, 48.8589643 ], [ 2.4948933, 48.8588191 ], [ 2.4950066, 48.8586217 ], [ 2.4951199, 48.8584242 ], [ 2.4951369, 48.8583945 ], [ 2.4951599, 48.8583531 ], [ 2.495453, 48.8578246 ], [ 2.495717, 48.857377 ], [ 2.4958934, 48.8570833 ], [ 2.4959062, 48.8570621 ], [ 2.4962901, 48.8564472 ], [ 2.4965132, 48.8561338 ], [ 2.4967791, 48.8557422 ], [ 2.4968068, 48.8556985 ], [ 2.497299, 48.8559607 ], [ 2.4981232, 48.8561967 ], [ 2.4983728, 48.8562688 ], [ 2.499309, 48.8565392 ], [ 2.4999571, 48.8557502 ], [ 2.5007611, 48.8560538 ], [ 2.5012162, 48.856258 ], [ 2.501506, 48.856385 ], [ 2.5018301, 48.8565231 ], [ 2.5028938, 48.8569976 ], [ 2.5031023, 48.857122 ], [ 2.503184, 48.8571864 ], [ 2.5042346, 48.8572679 ], [ 2.5045586, 48.8573014 ], [ 2.5055478, 48.8571832 ], [ 2.5057671, 48.8567361 ], [ 2.5058485, 48.8566026 ], [ 2.5065175, 48.8554818 ], [ 2.5070198, 48.8549096 ], [ 2.507072, 48.8548481 ], [ 2.5071347, 48.854781 ], [ 2.507261, 48.8546531 ], [ 2.5072979, 48.8546233 ], [ 2.5073483, 48.8545864 ], [ 2.5075668, 48.8544531 ], [ 2.5077399, 48.8543473 ], [ 2.5079131, 48.8542408 ], [ 2.5079478, 48.8542188 ], [ 2.5080042, 48.8541771 ], [ 2.5080614, 48.8541195 ], [ 2.5081179, 48.8540483 ], [ 2.5083508, 48.8536863 ], [ 2.5084765, 48.8535047 ], [ 2.5085325, 48.8534407 ], [ 2.508617, 48.8533862 ], [ 2.5086711, 48.8533616 ], [ 2.5097148, 48.8529938 ], [ 2.5112143, 48.8525312 ], [ 2.5112541, 48.8525101 ], [ 2.5113434, 48.8524383 ], [ 2.51145, 48.852425 ], [ 2.5115724, 48.8524074 ], [ 2.5121182, 48.8523832 ], [ 2.5134644, 48.8513655 ], [ 2.513505, 48.8512908 ], [ 2.5134934, 48.8511804 ], [ 2.5133613, 48.8509086 ], [ 2.5133669, 48.85067 ], [ 2.5133345, 48.8506007 ], [ 2.5132296, 48.8503763 ], [ 2.5136169, 48.8501128 ], [ 2.514203, 48.8506153 ], [ 2.5145485, 48.8508807 ], [ 2.5155144, 48.8513093 ], [ 2.5166746, 48.851616 ], [ 2.5175485, 48.8518087 ], [ 2.5185114, 48.8519555 ], [ 2.5209608, 48.8522196 ], [ 2.5206611, 48.8528255 ], [ 2.5204356, 48.8533109 ], [ 2.5200793, 48.8540542 ] ] ] } },
{ "type": "Feature", "id": "relation/158481", "properties": { "@id": "relation/158481", "admin_level": "8", "boundary": "administrative", "name": "Drancy", "name:el": "Ντρανσί", "population": "71363", "population:date": "2021", "postal_code": "93700", "ref:FR:SIREN": "219300290", "ref:INSEE": "93029", "source:population": "INSEE 2024", "source:postal_code": "source of postcode is from osm nodes", "type": "boundary", "wikidata": "Q201348", "wikipedia": "fr:Drancy" }, "geometry": { "type": "Polygon", "coordinates": [ [ [ 2.4754798, 48.9164711 ], [ 2.4754561, 48.9167942 ], [ 2.4754421, 48.917031 ], [ 2.4754426, 48.9171005 ], [ 2.4754657, 48.9171182 ], [ 2.4757508, 48.917318 ], [ 2.4743264, 48.9184007 ], [ 2.4741616, 48.9188885 ], [ 2.4740243, 48.9191734 ], [ 2.4740074, 48.9194746 ], [ 2.4739231, 48.9197221 ], [ 2.4736653, 48.9200026 ], [ 2.4734565, 48.9200822 ], [ 2.4732051, 48.9201058 ], [ 2.4728652, 48.9201552 ], [ 2.4725254, 48.920242 ], [ 2.472306, 48.920324 ], [ 2.4721539, 48.9204152 ], [ 2.4720409, 48.9205297 ], [ 2.4720078, 48.9205865 ], [ 2.4719534, 48.9206528 ], [ 2.4688665, 48.9189647 ], [ 2.4688169, 48.9189555 ], [ 2.4681768, 48.9190501 ], [ 2.4685886, 48.9192807 ], [ 2.4685207, 48.9193093 ], [ 2.4662247, 48.9198673 ], [ 2.4655048, 48.9200543 ], [ 2.4653546, 48.9200925 ], [ 2.4652918, 48.9201086 ], [ 2.4643041, 48.9203431 ], [ 2.4641828, 48.9203719 ], [ 2.4640475, 48.9204068 ], [ 2.463866, 48.9204535 ], [ 2.4620445, 48.920908 ], [ 2.4619597, 48.9209292 ], [ 2.4620027, 48.9209829 ], [ 2.4622279, 48.921264 ], [ 2.4619181, 48.921378 ], [ 2.4619433, 48.9214342 ], [ 2.4619654, 48.9215132 ], [ 2.4619608, 48.9217123 ], [ 2.461955, 48.9219153 ], [ 2.4619772, 48.9219949 ], [ 2.4619741, 48.9221607 ], [ 2.4619237, 48.9226621 ], [ 2.462185, 48.9231135 ], [ 2.4623096, 48.9233515 ], [ 2.4623913, 48.9234518 ], [ 2.4624234, 48.9235194 ], [ 2.462413, 48.9236175 ], [ 2.4622625, 48.9238313 ], [ 2.4627228, 48.923978 ], [ 2.4625031, 48.9240928 ], [ 2.4624909, 48.924098 ], [ 2.462219, 48.9242145 ], [ 2.4622112, 48.9242572 ], [ 2.4623787, 48.9246375 ], [ 2.462535, 48.9248124 ], [ 2.4626203, 48.9249197 ], [ 2.4626524, 48.9250013 ], [ 2.4626454, 48.9250644 ], [ 2.462596, 48.9251321 ], [ 2.4623097, 48.9254009 ], [ 2.4621862, 48.9255597 ], [ 2.462024, 48.9258657 ], [ 2.4619923, 48.9259591 ], [ 2.4619855, 48.9260502 ], [ 2.4620388, 48.9261388 ], [ 2.4623762, 48.9264839 ], [ 2.4626818, 48.9268431 ], [ 2.4630473, 48.9270691 ], [ 2.4622156, 48.9278436 ], [ 2.4622146, 48.9278822 ], [ 2.4623683, 48.9280464 ], [ 2.4623779, 48.9281079 ], [ 2.4626545, 48.9286452 ], [ 2.4638327, 48.9308499 ], [ 2.4613161, 48.9326884 ], [ 2.4611376, 48.9328114 ], [ 2.4610208, 48.9328211 ], [ 2.4603926, 48.933013 ], [ 2.4600779, 48.9331095 ], [ 2.4597711, 48.9331935 ], [ 2.4595865, 48.9332576 ], [ 2.4593581, 48.9334543 ], [ 2.4592908, 48.9334959 ], [ 2.459214, 48.9335375 ], [ 2.459054, 48.9336175 ], [ 2.4587231, 48.9338481 ], [ 2.4586628, 48.9338849 ], [ 2.458543, 48.9339581 ], [ 2.4584694, 48.934003 ], [ 2.4583174, 48.934091 ], [ 2.4578921, 48.9343014 ], [ 2.457851, 48.9342661 ], [ 2.4577412, 48.9342923 ], [ 2.4574052, 48.9344153 ], [ 2.4576799, 48.9351597 ], [ 2.4579361, 48.9353943 ], [ 2.4576317, 48.9356275 ], [ 2.457757, 48.935745 ], [ 2.457717, 48.9358229 ], [ 2.4576084, 48.9359196 ], [ 2.4574566, 48.9359718 ], [ 2.4572285, 48.9360472 ], [ 2.4570054, 48.9360941 ], [ 2.4568531, 48.9361457 ], [ 2.4566445, 48.9363396 ], [ 2.4562457, 48.9368144 ], [ 2.4555416, 48.9373912 ], [ 2.455471, 48.9375127 ], [ 2.4553825, 48.9375735 ], [ 2.4550463, 48.9377349 ], [ 2.4547288, 48.9378337 ], [ 2.4545647, 48.9378684 ], [ 2.4542798, 48.9379476 ], [ 2.454108, 48.9380136 ], [ 2.4538919, 48.9381191 ], [ 2.4537801, 48.9381904 ], [ 2.4536311, 48.9383064 ], [ 2.4536104, 48.9383464 ], [ 2.4536291, 48.9384336 ], [ 2.4536192, 48.9384539 ], [ 2.4533743, 48.9386063 ], [ 2.4529984, 48.9388187 ], [ 2.4528701, 48.9388714 ], [ 2.4524982, 48.9390797 ], [ 2.452392, 48.9391218 ], [ 2.4522999, 48.9391383 ], [ 2.4521475, 48.9391244 ], [ 2.451818, 48.9391411 ], [ 2.4512049, 48.9391324 ], [ 2.4507991, 48.9392154 ], [ 2.4505987, 48.9392635 ], [ 2.4504775, 48.9392799 ], [ 2.4501945, 48.9394122 ], [ 2.4496417, 48.939482 ], [ 2.449083, 48.9395549 ], [ 2.4485626, 48.9396229 ], [ 2.4482543, 48.9396232 ], [ 2.4480523, 48.9395883 ], [ 2.4477261, 48.9395163 ], [ 2.4473254, 48.9393836 ], [ 2.4470487, 48.9392251 ], [ 2.4467436, 48.9390737 ], [ 2.4467043, 48.9389313 ], [ 2.4464344, 48.9386562 ], [ 2.4462854, 48.9385793 ], [ 2.445842, 48.9383929 ], [ 2.4453917, 48.9382323 ], [ 2.4446433, 48.9378899 ], [ 2.4444589, 48.9378247 ], [ 2.4438275, 48.9375335 ], [ 2.4432852, 48.9374499 ], [ 2.4429662, 48.9374082 ], [ 2.4425053, 48.9372429 ], [ 2.4439535, 48.9351406 ], [ 2.4447544, 48.9338146 ], [ 2.4451481, 48.9338589 ], [ 2.4447043, 48.9333285 ], [ 2.4440261, 48.9326615 ], [ 2.4407099, 48.9326996 ], [ 2.4393246, 48.9326728 ], [ 2.4382367, 48.9326154 ], [ 2.437241, 48.9325393 ], [ 2.4362417, 48.9324444 ], [ 2.4347958, 48.9322613 ], [ 2.4325524, 48.9318943 ], [ 2.4289855, 48.9312247 ], [ 2.4295668, 48.9309819 ], [ 2.4296384, 48.9309494 ], [ 2.4280862, 48.9307868 ], [ 2.4280367, 48.9308475 ], [ 2.4263782, 48.9306248 ], [ 2.4247197, 48.9303459 ], [ 2.4239508, 48.9302718 ], [ 2.4235008, 48.9302535 ], [ 2.4225352, 48.9300862 ], [ 2.4221628, 48.9295686 ], [ 2.420993, 48.9281774 ], [ 2.4195137, 48.9261111 ], [ 2.4188115, 48.9251069 ], [ 2.418554, 48.9248012 ], [ 2.4184794, 48.9248204 ], [ 2.418126, 48.9244016 ], [ 2.417821, 48.9240535 ], [ 2.4176575, 48.9240392 ], [ 2.4177356, 48.9240149 ], [ 2.4178208, 48.9239889 ], [ 2.4177989, 48.9239244 ], [ 2.4174812, 48.9234716 ], [ 2.4174383, 48.9234105 ], [ 2.4172939, 48.9232158 ], [ 2.4171004, 48.9229424 ], [ 2.4168954, 48.9226558 ], [ 2.4168795, 48.9226262 ], [ 2.4165242, 48.9221233 ], [ 2.4164649, 48.9220538 ], [ 2.4162719, 48.9217855 ], [ 2.4159833, 48.9214981 ], [ 2.4159434, 48.9214573 ], [ 2.4152214, 48.9207509 ], [ 2.4152044, 48.9207372 ], [ 2.4149046, 48.9204962 ], [ 2.413827, 48.9196113 ], [ 2.4135993, 48.9194366 ], [ 2.4135772, 48.9194194 ], [ 2.4135536, 48.9194011 ], [ 2.4134758, 48.9193804 ], [ 2.4148285, 48.9187107 ], [ 2.4171113, 48.9179891 ], [ 2.4190646, 48.9173515 ], [ 2.4203343, 48.9169647 ], [ 2.421334, 48.9167286 ], [ 2.4218201, 48.9166163 ], [ 2.4221277, 48.9165432 ], [ 2.422368, 48.9164851 ], [ 2.4225275, 48.9164498 ], [ 2.4227704, 48.9163906 ], [ 2.423013, 48.9163361 ], [ 2.4234088, 48.9162493 ], [ 2.4235121, 48.9162699 ], [ 2.4246097, 48.916027 ], [ 2.4247685, 48.9160076 ], [ 2.4248525, 48.9159922 ], [ 2.425024, 48.9159574 ], [ 2.4254603, 48.9158608 ], [ 2.426115, 48.9157151 ], [ 2.4263265, 48.9156535 ], [ 2.4266571, 48.9155726 ], [ 2.4280314, 48.9153017 ], [ 2.4291867, 48.9150914 ], [ 2.430694, 48.9145913 ], [ 2.4314712, 48.9143168 ], [ 2.4326721, 48.9138928 ], [ 2.4334109, 48.9136408 ], [ 2.4337265, 48.9136964 ], [ 2.4344867, 48.9135224 ], [ 2.4350388, 48.9134838 ], [ 2.4362891, 48.9132932 ], [ 2.4367085, 48.9131794 ], [ 2.4368344, 48.9131136 ], [ 2.438207, 48.9138278 ], [ 2.4396885, 48.914586 ], [ 2.4411182, 48.9153293 ], [ 2.4431909, 48.9146608 ], [ 2.4447746, 48.9141876 ], [ 2.4461078, 48.9137241 ], [ 2.448353, 48.913306 ], [ 2.449931, 48.9130143 ], [ 2.4501603, 48.9129685 ], [ 2.4504389, 48.9128635 ], [ 2.4512603, 48.9125704 ], [ 2.4514012, 48.9125106 ], [ 2.4514969, 48.9124743 ], [ 2.4521691, 48.9122197 ], [ 2.4523142, 48.9121591 ], [ 2.452445, 48.9121108 ], [ 2.4526918, 48.9120197 ], [ 2.453187, 48.9118199 ], [ 2.4534029, 48.9117207 ], [ 2.4537607, 48.9115457 ], [ 2.4540933, 48.9113875 ], [ 2.4543671, 48.9112306 ], [ 2.4543921, 48.9112163 ], [ 2.4544215, 48.9111994 ], [ 2.4546201, 48.911085 ], [ 2.4547397, 48.9110192 ], [ 2.4551788, 48.9107776 ], [ 2.4553781, 48.9106506 ], [ 2.4558749, 48.9104182 ], [ 2.4564179, 48.9109621 ], [ 2.4564809, 48.910944 ], [ 2.4567295, 48.9108727 ], [ 2.4577992, 48.9105697 ], [ 2.4578327, 48.9105602 ], [ 2.4582556, 48.9109587 ], [ 2.4584196, 48.9111255 ], [ 2.4585416, 48.9112815 ], [ 2.4588202, 48.9112377 ], [ 2.4590227, 48.9112312 ], [ 2.4592158, 48.9112652 ], [ 2.4611006, 48.9118001 ], [ 2.4614539, 48.9118618 ], [ 2.4617317, 48.9118708 ], [ 2.4621084, 48.9118579 ], [ 2.4623956, 48.9118545 ], [ 2.4627724, 48.911882 ], [ 2.4631069, 48.9119624 ], [ 2.4636111, 48.9121263 ], [ 2.4638901, 48.912249 ], [ 2.4640291, 48.9123558 ], [ 2.4641122, 48.9124109 ], [ 2.4643328, 48.9126261 ], [ 2.4646913, 48.9129072 ], [ 2.464796, 48.9129725 ], [ 2.4649209, 48.9130367 ], [ 2.465078, 48.9130868 ], [ 2.4654832, 48.9131763 ], [ 2.4656152, 48.9132569 ], [ 2.4660055, 48.9134965 ], [ 2.4667344, 48.9140338 ], [ 2.4671897, 48.9141359 ], [ 2.4672422, 48.9141497 ], [ 2.4672677, 48.9141655 ], [ 2.4672301, 48.9141999 ], [ 2.4669993, 48.9143417 ], [ 2.4670006, 48.9143435 ], [ 2.4674536, 48.9145912 ], [ 2.4675822, 48.9146314 ], [ 2.4681193, 48.9146662 ], [ 2.4683973, 48.9147217 ], [ 2.46868, 48.9147928 ], [ 2.468981, 48.9146559 ], [ 2.4690564, 48.9146651 ], [ 2.4691728, 48.9147368 ], [ 2.4694811, 48.9150119 ], [ 2.469706, 48.9151473 ], [ 2.4699668, 48.9152848 ], [ 2.470326, 48.9155007 ], [ 2.4707175, 48.9157551 ], [ 2.4710385, 48.9155639 ], [ 2.471231, 48.915483 ], [ 2.472316, 48.9160055 ], [ 2.4724176, 48.9160485 ], [ 2.4726391, 48.9161227 ], [ 2.4728794, 48.9161783 ], [ 2.4731528, 48.9162587 ], [ 2.4737844, 48.9164969 ], [ 2.4739258, 48.9165309 ], [ 2.4740765, 48.9165338 ], [ 2.4744249, 48.9165086 ], [ 2.4751076, 48.9164736 ], [ 2.4753195, 48.9164702 ], [ 2.4754798, 48.9164711 ] ] ] } },
{ "type": "Feature", "id": "relation/162209", "properties": { "@id": "relation/162209", "admin_level": "8", "authority_address": "93150 Le Blanc-Mesnil, Rue Jean Perrin, 2", "boundary": "administrative", "name": "Le Blanc-Mesnil", "name:el": "Λε Μπλαν-Μενίλ", "population": "58257", "population:date": "2021", "postal_code": "93150", "ref:FR:SIREN": "219300076", "ref:INSEE": "93007", "source:population": "INSEE 2024", "source:postal_code": "source of postcode is from osm nodes", "type": "boundary", "wikidata": "Q208313", "wikipedia": "fr:Le Blanc-Mesnil" }, "geometry": { "type": "Polygon", "coordinates": [ [ [ 2.4824178, 48.932206 ], [ 2.4820026, 48.932534 ], [ 2.4819385, 48.9326094 ], [ 2.4818479, 48.9327607 ], [ 2.4818096, 48.9328539 ], [ 2.4817018, 48.9331568 ], [ 2.4816287, 48.933422 ], [ 2.4816231, 48.9335083 ], [ 2.4816785, 48.9337769 ], [ 2.4817707, 48.9340817 ], [ 2.4831006, 48.9340101 ], [ 2.4831442, 48.9340013 ], [ 2.4831957, 48.9339772 ], [ 2.4834204, 48.9342982 ], [ 2.4835096, 48.9344261 ], [ 2.4836081, 48.9346015 ], [ 2.4836205, 48.934693 ], [ 2.4839199, 48.9353286 ], [ 2.4842425, 48.9359577 ], [ 2.4838812, 48.9360367 ], [ 2.4826751, 48.9360905 ], [ 2.4826932, 48.9361289 ], [ 2.482822, 48.9364143 ], [ 2.4829848, 48.9367719 ], [ 2.4830852, 48.9369966 ], [ 2.4831834, 48.9372039 ], [ 2.4832906, 48.9374573 ], [ 2.4827298, 48.9376133 ], [ 2.4820089, 48.9378141 ], [ 2.4816954, 48.9378946 ], [ 2.4803768, 48.9382084 ], [ 2.478363, 48.9386894 ], [ 2.4778106, 48.9389516 ], [ 2.4772975, 48.939196 ], [ 2.4761394, 48.9397518 ], [ 2.4766543, 48.9401761 ], [ 2.476824, 48.940317 ], [ 2.4775201, 48.9408968 ], [ 2.479124, 48.9422362 ], [ 2.4796064, 48.9426375 ], [ 2.4784103, 48.944202 ], [ 2.4784547, 48.9442247 ], [ 2.4783496, 48.9443705 ], [ 2.477879, 48.9443953 ], [ 2.4776467, 48.9444875 ], [ 2.4769049, 48.9446061 ], [ 2.4767532, 48.9449734 ], [ 2.4764661, 48.9450898 ], [ 2.4763758, 48.9452895 ], [ 2.4761786, 48.9453878 ], [ 2.4758886, 48.9455685 ], [ 2.4753725, 48.9459679 ], [ 2.4753372, 48.9459751 ], [ 2.4752498, 48.9459666 ], [ 2.4740585, 48.9459822 ], [ 2.4720085, 48.9469713 ], [ 2.4714795, 48.9471724 ], [ 2.471497, 48.9480243 ], [ 2.4715198, 48.9491344 ], [ 2.4720936, 48.9507426 ], [ 2.472429, 48.9516827 ], [ 2.4689408, 48.9522338 ], [ 2.4673931, 48.9525562 ], [ 2.4666284, 48.9528065 ], [ 2.4661839, 48.952666 ], [ 2.4661661, 48.9526571 ], [ 2.4661423, 48.9526391 ], [ 2.4660453, 48.9525341 ], [ 2.4659719, 48.9525647 ], [ 2.4659432, 48.9525902 ], [ 2.4659457, 48.9526044 ], [ 2.4654845, 48.9528109 ], [ 2.4653471, 48.9529341 ], [ 2.4646988, 48.9531999 ], [ 2.4634154, 48.9532658 ], [ 2.4629337, 48.9532908 ], [ 2.4618862, 48.9535375 ], [ 2.4609743, 48.9538396 ], [ 2.4599034, 48.9545862 ], [ 2.4593303, 48.9551359 ], [ 2.4592696, 48.9551361 ], [ 2.4588903, 48.9552197 ], [ 2.4584412, 48.9553244 ], [ 2.4566899, 48.9557528 ], [ 2.4559113, 48.9556678 ], [ 2.45425, 48.9556582 ], [ 2.4540902, 48.9556549 ], [ 2.4532333, 48.9554955 ], [ 2.4528711, 48.9553491 ], [ 2.4515987, 48.9552085 ], [ 2.4509893, 48.9550547 ], [ 2.450332, 48.9549567 ], [ 2.4492066, 48.9550972 ], [ 2.4488288, 48.9553009 ], [ 2.4480245, 48.9559444 ], [ 2.4475148, 48.9557806 ], [ 2.4475725, 48.9557111 ], [ 2.4473172, 48.9556094 ], [ 2.447693, 48.9551903 ], [ 2.4476832, 48.955166 ], [ 2.4477307, 48.9551129 ], [ 2.4473878, 48.9550318 ], [ 2.4468377, 48.9548138 ], [ 2.4467695, 48.9548825 ], [ 2.446456, 48.9544674 ], [ 2.445383, 48.9548617 ], [ 2.4451381, 48.9547676 ], [ 2.4449238, 48.9548051 ], [ 2.4447029, 48.9547962 ], [ 2.4445174, 48.9545519 ], [ 2.4444347, 48.9545708 ], [ 2.4439163, 48.954319 ], [ 2.4437715, 48.9542119 ], [ 2.4436635, 48.9541155 ], [ 2.4432937, 48.9542176 ], [ 2.442664, 48.9535082 ], [ 2.4425118, 48.9533238 ], [ 2.4423393, 48.9531413 ], [ 2.4417814, 48.9524826 ], [ 2.4400636, 48.9504546 ], [ 2.4378969, 48.9480758 ], [ 2.4375653, 48.9477133 ], [ 2.4371941, 48.9473041 ], [ 2.435251, 48.9451707 ], [ 2.4339355, 48.9437437 ], [ 2.4324848, 48.9420894 ], [ 2.4308723, 48.9402472 ], [ 2.4319659, 48.9404003 ], [ 2.4310213, 48.9390309 ], [ 2.4313109, 48.9389499 ], [ 2.4311479, 48.9387274 ], [ 2.4321099, 48.938414 ], [ 2.4321409, 48.938448 ], [ 2.4328283, 48.938225 ], [ 2.4355361, 48.9377702 ], [ 2.435959, 48.9377544 ], [ 2.4360553, 48.9377496 ], [ 2.438677, 48.937702 ], [ 2.4388807, 48.935917 ], [ 2.4393107, 48.9360525 ], [ 2.4395137, 48.9361384 ], [ 2.4396616, 48.9361858 ], [ 2.4403013, 48.9363143 ], [ 2.4406523, 48.9365246 ], [ 2.4411133, 48.9366963 ], [ 2.4415642, 48.9369496 ], [ 2.4420733, 48.9370918 ], [ 2.4425053, 48.9372429 ], [ 2.4429662, 48.9374082 ], [ 2.4432852, 48.9374499 ], [ 2.4438275, 48.9375335 ], [ 2.4444589, 48.9378247 ], [ 2.4446433, 48.9378899 ], [ 2.4453917, 48.9382323 ], [ 2.445842, 48.9383929 ], [ 2.4462854, 48.9385793 ], [ 2.4464344, 48.9386562 ], [ 2.4467043, 48.9389313 ], [ 2.4467436, 48.9390737 ], [ 2.4470487, 48.9392251 ], [ 2.4473254, 48.9393836 ], [ 2.4477261, 48.9395163 ], [ 2.4480523, 48.9395883 ], [ 2.4482543, 48.9396232 ], [ 2.4485626, 48.9396229 ], [ 2.449083, 48.9395549 ], [ 2.4496417, 48.939482 ], [ 2.4501945, 48.9394122 ], [ 2.4504775, 48.9392799 ], [ 2.4505987, 48.9392635 ], [ 2.4507991, 48.9392154 ], [ 2.4512049, 48.9391324 ], [ 2.451818, 48.9391411 ], [ 2.4521475, 48.9391244 ], [ 2.4522999, 48.9391383 ], [ 2.452392, 48.9391218 ], [ 2.4524982, 48.9390797 ], [ 2.4528701, 48.9388714 ], [ 2.4529984, 48.9388187 ], [ 2.4533743, 48.9386063 ], [ 2.4536192, 48.9384539 ], [ 2.4536291, 48.9384336 ], [ 2.4536104, 48.9383464 ], [ 2.4536311, 48.9383064 ], [ 2.4537801, 48.9381904 ], [ 2.4538919, 48.9381191 ], [ 2.454108, 48.9380136 ], [ 2.4542798, 48.9379476 ], [ 2.4545647, 48.9378684 ], [ 2.4547288, 48.9378337 ], [ 2.4550463, 48.9377349 ], [ 2.4553825, 48.9375735 ], [ 2.455471, 48.9375127 ], [ 2.4555416, 48.9373912 ], [ 2.4562457, 48.9368144 ], [ 2.4566445, 48.9363396 ], [ 2.4568531, 48.9361457 ], [ 2.4570054, 48.9360941 ], [ 2.4572285, 48.9360472 ], [ 2.4574566, 48.9359718 ], [ 2.4576084, 48.9359196 ], [ 2.457717, 48.9358229 ], [ 2.457757, 48.935745 ], [ 2.4576317, 48.9356275 ], [ 2.4579361, 48.9353943 ], [ 2.4576799, 48.9351597 ], [ 2.4574052, 48.9344153 ], [ 2.4577412, 48.9342923 ], [ 2.457851, 48.9342661 ], [ 2.4578921, 48.9343014 ], [ 2.4583174, 48.934091 ], [ 2.4584694, 48.934003 ], [ 2.458543, 48.9339581 ], [ 2.4586628, 48.9338849 ], [ 2.4587231, 48.9338481 ], [ 2.459054, 48.9336175 ], [ 2.459214, 48.9335375 ], [ 2.4592908, 48.9334959 ], [ 2.4593581, 48.9334543 ], [ 2.4595865, 48.9332576 ], [ 2.4597711, 48.9331935 ], [ 2.4600779, 48.9331095 ], [ 2.4603926, 48.933013 ], [ 2.4610208, 48.9328211 ], [ 2.4611376, 48.9328114 ], [ 2.4613161, 48.9326884 ], [ 2.4638327, 48.9308499 ], [ 2.4626545, 48.9286452 ], [ 2.4623779, 48.9281079 ], [ 2.4623683, 48.9280464 ], [ 2.4622146, 48.9278822 ], [ 2.4622156, 48.9278436 ], [ 2.4630473, 48.9270691 ], [ 2.4626818, 48.9268431 ], [ 2.4623762, 48.9264839 ], [ 2.4620388, 48.9261388 ], [ 2.4619855, 48.9260502 ], [ 2.4619923, 48.9259591 ], [ 2.462024, 48.9258657 ], [ 2.4621862, 48.9255597 ], [ 2.4623097, 48.9254009 ], [ 2.462596, 48.9251321 ], [ 2.4626454, 48.9250644 ], [ 2.4626524, 48.9250013 ], [ 2.4626203, 48.9249197 ], [ 2.462535, 48.9248124 ], [ 2.4623787, 48.9246375 ], [ 2.4622112, 48.9242572 ], [ 2.462219, 48.9242145 ], [ 2.4624909, 48.924098 ], [ 2.4625031, 48.9240928 ], [ 2.4627228, 48.923978 ], [ 2.4622625, 48.9238313 ], [ 2.462413, 48.9236175 ], [ 2.4624234, 48.9235194 ], [ 2.4623913, 48.9234518 ], [ 2.4623096, 48.9233515 ], [ 2.462185, 48.9231135 ], [ 2.4619237, 48.9226621 ], [ 2.4619741, 48.9221607 ], [ 2.4619772, 48.9219949 ], [ 2.461955, 48.9219153 ], [ 2.4619608, 48.9217123 ], [ 2.4619654, 48.9215132 ], [ 2.4619433, 48.9214342 ], [ 2.4619181, 48.921378 ], [ 2.4622279, 48.921264 ], [ 2.4620027, 48.9209829 ], [ 2.4619597, 48.9209292 ], [ 2.4620445, 48.920908 ], [ 2.463866, 48.9204535 ], [ 2.4640475, 48.9204068 ], [ 2.4641828, 48.9203719 ], [ 2.4643041, 48.9203431 ], [ 2.4652918, 48.9201086 ], [ 2.4653546, 48.9200925 ], [ 2.4655048, 48.9200543 ], [ 2.4662247, 48.9198673 ], [ 2.4685207, 48.9193093 ], [ 2.4685886, 48.9192807 ], [ 2.4681768, 48.9190501 ], [ 2.4688169, 48.9189555 ], [ 2.4688665, 48.9189647 ], [ 2.4719534, 48.9206528 ], [ 2.4720078, 48.9205865 ], [ 2.4720409, 48.9205297 ], [ 2.4721539, 48.9204152 ], [ 2.472306, 48.920324 ], [ 2.4725254, 48.920242 ], [ 2.4728652, 48.9201552 ], [ 2.4732051, 48.9201058 ], [ 2.4734565, 48.9200822 ], [ 2.4736653, 48.9200026 ], [ 2.4739231, 48.9197221 ], [ 2.4740074, 48.9194746 ], [ 2.4740243, 48.9191734 ], [ 2.4741616, 48.9188885 ], [ 2.4743264, 48.9184007 ], [ 2.4751537, 48.9186405 ], [ 2.4760568, 48.9189021 ], [ 2.4760152, 48.9191069 ], [ 2.4770148, 48.9202457 ], [ 2.4790063, 48.9199807 ], [ 2.4793609, 48.9199336 ], [ 2.4794358, 48.9199235 ], [ 2.4802425, 48.9217285 ], [ 2.4807371, 48.9225551 ], [ 2.4809526, 48.9233117 ], [ 2.480974, 48.9238868 ], [ 2.4803373, 48.9239469 ], [ 2.4801001, 48.9239479 ], [ 2.4803936, 48.9240999 ], [ 2.4804598, 48.9241352 ], [ 2.4805068, 48.9242095 ], [ 2.480496, 48.9242132 ], [ 2.4807431, 48.9247817 ], [ 2.480753, 48.924823 ], [ 2.4807418, 48.9248626 ], [ 2.4807475, 48.925086 ], [ 2.4807839, 48.9253625 ], [ 2.4808317, 48.9256712 ], [ 2.4808526, 48.9258138 ], [ 2.4808738, 48.9259466 ], [ 2.4808566, 48.9267713 ], [ 2.4808555, 48.9274908 ], [ 2.4807959, 48.9275897 ], [ 2.4809008, 48.928194 ], [ 2.4808348, 48.928637 ], [ 2.4807597, 48.9288087 ], [ 2.4807137, 48.928878 ], [ 2.4804889, 48.9290829 ], [ 2.4804029, 48.9290865 ], [ 2.4801634, 48.9290571 ], [ 2.4801139, 48.9291165 ], [ 2.4800373, 48.9291335 ], [ 2.4800746, 48.9292313 ], [ 2.4802502, 48.9292621 ], [ 2.4801026, 48.92943 ], [ 2.4800066, 48.9294701 ], [ 2.4799687, 48.9295074 ], [ 2.4798807, 48.9296357 ], [ 2.4792918, 48.9303718 ], [ 2.479332, 48.9303853 ], [ 2.4795226, 48.9304492 ], [ 2.4797671, 48.9305312 ], [ 2.480336, 48.9306791 ], [ 2.4802915, 48.9307577 ], [ 2.4801751, 48.9309802 ], [ 2.4809613, 48.9309777 ], [ 2.480979, 48.9320832 ], [ 2.4821986, 48.932071 ], [ 2.4824178, 48.932206 ] ] ] } },
{ "type": "Feature", "id": "relation/162259", "properties": { "@id": "relation/162259", "admin_level": "8", "boundary": "administrative", "name": "Aulnay-sous-Bois", "name:el": "Ωλναί-σου-Μπουά", "population": "86135", "population:date": "2021", "postal_code": "93600", "ref:FR:SIREN": "219300050", "ref:INSEE": "93005", "source:population": "INSEE 2024", "source:postal_code": "source of postcode is from osm nodes", "type": "boundary", "wikidata": "Q192773", "wikipedia": "fr:Aulnay-sous-Bois" }, "geometry": { "type": "Polygon", "coordinates": [ [ [ 2.524097, 48.9505405 ], [ 2.523807, 48.9507824 ], [ 2.5235569, 48.950991 ], [ 2.5233261, 48.9510936 ], [ 2.5227593, 48.9514437 ], [ 2.5225833, 48.9516332 ], [ 2.5225413, 48.9518218 ], [ 2.5220133, 48.9522663 ], [ 2.5226884, 48.9526548 ], [ 2.521849, 48.9535218 ], [ 2.5199914, 48.9549736 ], [ 2.5188955, 48.9556448 ], [ 2.5186699, 48.9555012 ], [ 2.5166264, 48.9569288 ], [ 2.5153943, 48.9577331 ], [ 2.5146616, 48.9583613 ], [ 2.5150438, 48.9584698 ], [ 2.5151383, 48.9584723 ], [ 2.515146, 48.958558 ], [ 2.5152411, 48.9586025 ], [ 2.51263, 48.9615236 ], [ 2.512223, 48.9613809 ], [ 2.5085535, 48.9641442 ], [ 2.5077628, 48.9646435 ], [ 2.5052262, 48.9657726 ], [ 2.5051866, 48.9658193 ], [ 2.5049514, 48.9657434 ], [ 2.5014499, 48.9686022 ], [ 2.4981566, 48.9712908 ], [ 2.4977347, 48.9715939 ], [ 2.4974397, 48.9717999 ], [ 2.4971966, 48.9719565 ], [ 2.4961498, 48.9726609 ], [ 2.4948801, 48.9735033 ], [ 2.4947511, 48.9737035 ], [ 2.494756, 48.9737223 ], [ 2.4926702, 48.9748271 ], [ 2.4881051, 48.9711428 ], [ 2.490159, 48.9700817 ], [ 2.4867047, 48.9672754 ], [ 2.485478, 48.9677291 ], [ 2.4841979, 48.968234 ], [ 2.4823645, 48.9692744 ], [ 2.4808966, 48.9699025 ], [ 2.4807313, 48.9697612 ], [ 2.4787431, 48.9674397 ], [ 2.47853, 48.9675162 ], [ 2.4777346, 48.9666586 ], [ 2.4749414, 48.9677349 ], [ 2.4740205, 48.966864 ], [ 2.473044, 48.965971 ], [ 2.4729803, 48.9659966 ], [ 2.4720541, 48.9652206 ], [ 2.47205, 48.9652086 ], [ 2.4706124, 48.9641484 ], [ 2.4704387, 48.963972 ], [ 2.4703956, 48.9639268 ], [ 2.4702955, 48.9638218 ], [ 2.4696046, 48.9631211 ], [ 2.4695559, 48.9630793 ], [ 2.468865, 48.9634197 ], [ 2.4673345, 48.9643738 ], [ 2.4672865, 48.9643376 ], [ 2.4639491, 48.9609672 ], [ 2.4635088, 48.9604355 ], [ 2.4630026, 48.9597883 ], [ 2.4616536, 48.9588933 ], [ 2.4611693, 48.9585612 ], [ 2.4607719, 48.9583162 ], [ 2.460589, 48.9579534 ], [ 2.4603913, 48.9573205 ], [ 2.4603007, 48.956951 ], [ 2.4602187, 48.95641 ], [ 2.4600513, 48.956014 ], [ 2.4596541, 48.9556157 ], [ 2.4594256, 48.9553511 ], [ 2.4593303, 48.9551359 ], [ 2.4599034, 48.9545862 ], [ 2.4609743, 48.9538396 ], [ 2.4618862, 48.9535375 ], [ 2.4629337, 48.9532908 ], [ 2.4634154, 48.9532658 ], [ 2.4646988, 48.9531999 ], [ 2.4653471, 48.9529341 ], [ 2.4654845, 48.9528109 ], [ 2.4659457, 48.9526044 ], [ 2.4659432, 48.9525902 ], [ 2.4659719, 48.9525647 ], [ 2.4660453, 48.9525341 ], [ 2.4661423, 48.9526391 ], [ 2.4661661, 48.9526571 ], [ 2.4661839, 48.952666 ], [ 2.4666284, 48.9528065 ], [ 2.4673931, 48.9525562 ], [ 2.4689408, 48.9522338 ], [ 2.472429, 48.9516827 ], [ 2.4720936, 48.9507426 ], [ 2.4715198, 48.9491344 ], [ 2.471497, 48.9480243 ], [ 2.4714795, 48.9471724 ], [ 2.4720085, 48.9469713 ], [ 2.4740585, 48.9459822 ], [ 2.4752498, 48.9459666 ], [ 2.4753372, 48.9459751 ], [ 2.4753725, 48.9459679 ], [ 2.4758886, 48.9455685 ], [ 2.4761786, 48.9453878 ], [ 2.4763758, 48.9452895 ], [ 2.4764661, 48.9450898 ], [ 2.4767532, 48.9449734 ], [ 2.4769049, 48.9446061 ], [ 2.4776467, 48.9444875 ], [ 2.477879, 48.9443953 ], [ 2.4783496, 48.9443705 ], [ 2.4784547, 48.9442247 ], [ 2.4784103, 48.944202 ], [ 2.4796064, 48.9426375 ], [ 2.479124, 48.9422362 ], [ 2.4775201, 48.9408968 ], [ 2.476824, 48.940317 ], [ 2.4766543, 48.9401761 ], [ 2.4761394, 48.9397518 ], [ 2.4772975, 48.939196 ], [ 2.4778106, 48.9389516 ], [ 2.478363, 48.9386894 ], [ 2.4803768, 48.9382084 ], [ 2.4816954, 48.9378946 ], [ 2.4820089, 48.9378141 ], [ 2.4827298, 48.9376133 ], [ 2.4832906, 48.9374573 ], [ 2.4831834, 48.9372039 ], [ 2.4830852, 48.9369966 ], [ 2.4829848, 48.9367719 ], [ 2.482822, 48.9364143 ], [ 2.4826932, 48.9361289 ], [ 2.4826751, 48.9360905 ], [ 2.4838812, 48.9360367 ], [ 2.4842425, 48.9359577 ], [ 2.4839199, 48.9353286 ], [ 2.4836205, 48.934693 ], [ 2.4836081, 48.9346015 ], [ 2.4835096, 48.9344261 ], [ 2.4834204, 48.9342982 ], [ 2.4831957, 48.9339772 ], [ 2.4831442, 48.9340013 ], [ 2.4831006, 48.9340101 ], [ 2.4817707, 48.9340817 ], [ 2.4816785, 48.9337769 ], [ 2.4816231, 48.9335083 ], [ 2.4816287, 48.933422 ], [ 2.4817018, 48.9331568 ], [ 2.4818096, 48.9328539 ], [ 2.4818479, 48.9327607 ], [ 2.4819385, 48.9326094 ], [ 2.4820026, 48.932534 ], [ 2.4824178, 48.932206 ], [ 2.4821986, 48.932071 ], [ 2.480979, 48.9320832 ], [ 2.4809613, 48.9309777 ], [ 2.4801751, 48.9309802 ], [ 2.4802915, 48.9307577 ], [ 2.480336, 48.9306791 ], [ 2.4797671, 48.9305312 ], [ 2.4795226, 48.9304492 ], [ 2.479332, 48.9303853 ], [ 2.4792918, 48.9303718 ], [ 2.4798807, 48.9296357 ], [ 2.4799687, 48.9295074 ], [ 2.4800066, 48.9294701 ], [ 2.4801026, 48.92943 ], [ 2.4802502, 48.9292621 ], [ 2.4800746, 48.9292313 ], [ 2.4800373, 48.9291335 ], [ 2.4801139, 48.9291165 ], [ 2.4801634, 48.9290571 ], [ 2.4804029, 48.9290865 ], [ 2.4804889, 48.9290829 ], [ 2.4807137, 48.928878 ], [ 2.4807597, 48.9288087 ], [ 2.4808348, 48.928637 ], [ 2.4809008, 48.928194 ], [ 2.4807959, 48.9275897 ], [ 2.4808555, 48.9274908 ], [ 2.4808566, 48.9267713 ], [ 2.4808738, 48.9259466 ], [ 2.4808526, 48.9258138 ], [ 2.4808317, 48.9256712 ], [ 2.4807839, 48.9253625 ], [ 2.4807475, 48.925086 ], [ 2.4807418, 48.9248626 ], [ 2.480753, 48.924823 ], [ 2.4807431, 48.9247817 ], [ 2.480496, 48.9242132 ], [ 2.4805068, 48.9242095 ], [ 2.4804598, 48.9241352 ], [ 2.4803936, 48.9240999 ], [ 2.4801001, 48.9239479 ], [ 2.4803373, 48.9239469 ], [ 2.480974, 48.9238868 ], [ 2.4809526, 48.9233117 ], [ 2.4807371, 48.9225551 ], [ 2.4802425, 48.9217285 ], [ 2.4794358, 48.9199235 ], [ 2.4793833, 48.9197115 ], [ 2.4793668, 48.918763 ], [ 2.4794418, 48.9183913 ], [ 2.4821685, 48.9181467 ], [ 2.4821944, 48.918506 ], [ 2.4834941, 48.9182711 ], [ 2.484213, 48.9181213 ], [ 2.4845134, 48.9180525 ], [ 2.4850448, 48.9179467 ], [ 2.4852564, 48.9179045 ], [ 2.4853402, 48.91789 ], [ 2.4854723, 48.9180166 ], [ 2.485714, 48.918219 ], [ 2.485848, 48.9183709 ], [ 2.4859672, 48.9185061 ], [ 2.4859817, 48.918521 ], [ 2.4861264, 48.9186893 ], [ 2.4869156, 48.9186786 ], [ 2.4883035, 48.9186485 ], [ 2.488729, 48.918632 ], [ 2.4887771, 48.9185293 ], [ 2.4888253, 48.9184563 ], [ 2.4889597, 48.9183459 ], [ 2.4891221, 48.9182142 ], [ 2.4893672, 48.9180428 ], [ 2.4896504, 48.9178874 ], [ 2.4898543, 48.917805 ], [ 2.4902514, 48.9175537 ], [ 2.4912241, 48.9174834 ], [ 2.491406, 48.9174702 ], [ 2.4914793, 48.9173801 ], [ 2.4915891, 48.9172443 ], [ 2.4918177, 48.9169531 ], [ 2.4918648, 48.9169061 ], [ 2.4919572, 48.9169173 ], [ 2.492597, 48.9169949 ], [ 2.4936052, 48.9171171 ], [ 2.4946012, 48.9172379 ], [ 2.4955294, 48.9173504 ], [ 2.4955748, 48.9173559 ], [ 2.4969157, 48.9175185 ], [ 2.4972368, 48.9175555 ], [ 2.4984425, 48.9176943 ], [ 2.5021288, 48.9181479 ], [ 2.5040971, 48.9183745 ], [ 2.5059648, 48.9185944 ], [ 2.5064776, 48.9185188 ], [ 2.5071157, 48.9187373 ], [ 2.5083291, 48.9188831 ], [ 2.5084447, 48.918894 ], [ 2.5085121, 48.9189018 ], [ 2.5091725, 48.918978 ], [ 2.5105989, 48.9191527 ], [ 2.5108247, 48.9191808 ], [ 2.5110368, 48.9192039 ], [ 2.5111011, 48.9192118 ], [ 2.5122611, 48.919342 ], [ 2.5122512, 48.9194098 ], [ 2.5137582, 48.9215514 ], [ 2.5136058, 48.9216186 ], [ 2.5149432, 48.9231791 ], [ 2.51497, 48.9232144 ], [ 2.515366, 48.923004 ], [ 2.5155223, 48.922921 ], [ 2.5156074, 48.9228758 ], [ 2.5156623, 48.9229239 ], [ 2.5159967, 48.9232167 ], [ 2.5160995, 48.9233458 ], [ 2.5163472, 48.9237448 ], [ 2.5165428, 48.9239893 ], [ 2.5174824, 48.9246296 ], [ 2.5175744, 48.924685 ], [ 2.5176022, 48.9248688 ], [ 2.5176428, 48.9251491 ], [ 2.5181419, 48.9251264 ], [ 2.5181739, 48.9253085 ], [ 2.5181059, 48.9253101 ], [ 2.5181274, 48.9254217 ], [ 2.517685, 48.9254751 ], [ 2.5176941, 48.9257109 ], [ 2.517442, 48.9257149 ], [ 2.5173457, 48.925761 ], [ 2.5173578, 48.9257891 ], [ 2.5171147, 48.9258976 ], [ 2.517149, 48.9259324 ], [ 2.5167812, 48.9261052 ], [ 2.5167314, 48.9260584 ], [ 2.5163927, 48.926246 ], [ 2.5164239, 48.926275 ], [ 2.5158258, 48.9265576 ], [ 2.5151853, 48.9268221 ], [ 2.5150373, 48.9269251 ], [ 2.5148231, 48.9271355 ], [ 2.5145319, 48.9273862 ], [ 2.5143617, 48.9274783 ], [ 2.5134142, 48.9279384 ], [ 2.5134578, 48.9279966 ], [ 2.5135041, 48.9280884 ], [ 2.5135165, 48.9281372 ], [ 2.5135269, 48.9281867 ], [ 2.513541, 48.9282759 ], [ 2.5135504, 48.9283383 ], [ 2.5135517, 48.9283933 ], [ 2.5135366, 48.9284475 ], [ 2.5135382, 48.9285122 ], [ 2.5135401, 48.9285871 ], [ 2.5135354, 48.9289593 ], [ 2.5136075, 48.9293315 ], [ 2.5136751, 48.9294648 ], [ 2.5137975, 48.9296337 ], [ 2.5141297, 48.9300074 ], [ 2.5144188, 48.9303343 ], [ 2.5138159, 48.9307119 ], [ 2.5127742, 48.9313936 ], [ 2.5126954, 48.9314344 ], [ 2.5126116, 48.9314582 ], [ 2.5123494, 48.9315146 ], [ 2.5119806, 48.9316168 ], [ 2.5116715, 48.9317225 ], [ 2.5112759, 48.931843 ], [ 2.5110848, 48.9319371 ], [ 2.5110016, 48.931978 ], [ 2.5107009, 48.9321248 ], [ 2.5100381, 48.9323569 ], [ 2.5099881, 48.9324061 ], [ 2.5099852, 48.9324335 ], [ 2.5099897, 48.9324685 ], [ 2.5100264, 48.9325693 ], [ 2.5101244, 48.9325786 ], [ 2.5101265, 48.9326099 ], [ 2.5101213, 48.932631 ], [ 2.5102358, 48.9329529 ], [ 2.5102453, 48.9330082 ], [ 2.5102542, 48.9330603 ], [ 2.5103329, 48.9333153 ], [ 2.5103116, 48.9333714 ], [ 2.5102785, 48.9334038 ], [ 2.5101976, 48.9334357 ], [ 2.5100554, 48.933468 ], [ 2.5099083, 48.9334965 ], [ 2.5095296, 48.9335899 ], [ 2.5093517, 48.9336389 ], [ 2.5089902, 48.9337225 ], [ 2.5087238, 48.933753 ], [ 2.5084629, 48.9337828 ], [ 2.5080834, 48.9338355 ], [ 2.5075399, 48.933918 ], [ 2.5074668, 48.933958 ], [ 2.5072667, 48.9339769 ], [ 2.5072553, 48.93398 ], [ 2.507107, 48.9340074 ], [ 2.5069719, 48.9340049 ], [ 2.5067373, 48.9340383 ], [ 2.5064216, 48.93406 ], [ 2.506318, 48.9340925 ], [ 2.5062018, 48.9340917 ], [ 2.5059788, 48.9341177 ], [ 2.5058222, 48.9341892 ], [ 2.5056568, 48.9342437 ], [ 2.5055574, 48.9343329 ], [ 2.505488, 48.9343759 ], [ 2.5053941, 48.934424 ], [ 2.5053495, 48.9344753 ], [ 2.5052756, 48.9346276 ], [ 2.5052065, 48.9350711 ], [ 2.5052618, 48.9357279 ], [ 2.5053513, 48.9359836 ], [ 2.507219, 48.9356392 ], [ 2.508169, 48.9372292 ], [ 2.5088436, 48.9381054 ], [ 2.5099557, 48.9395337 ], [ 2.5101683, 48.9395374 ], [ 2.5101319, 48.9396122 ], [ 2.5100908, 48.9397452 ], [ 2.5100519, 48.9399188 ], [ 2.5100158, 48.9399783 ], [ 2.5098826, 48.940075 ], [ 2.5096893, 48.940147 ], [ 2.5091815, 48.9401611 ], [ 2.508831, 48.9402067 ], [ 2.5082509, 48.9403377 ], [ 2.5083118, 48.9404438 ], [ 2.5087086, 48.9409743 ], [ 2.5088745, 48.9411467 ], [ 2.5090002, 48.9413509 ], [ 2.5091822, 48.9415339 ], [ 2.5096277, 48.9421333 ], [ 2.5099998, 48.9424966 ], [ 2.5101291, 48.9425681 ], [ 2.510994, 48.9432253 ], [ 2.5120494, 48.9441531 ], [ 2.5121496, 48.9442338 ], [ 2.5133057, 48.9446382 ], [ 2.5136096, 48.9447914 ], [ 2.5140428, 48.9450549 ], [ 2.5143094, 48.9452171 ], [ 2.5144426, 48.94527 ], [ 2.5146367, 48.945429 ], [ 2.5147337, 48.9454872 ], [ 2.5151092, 48.945646 ], [ 2.5151537, 48.9456937 ], [ 2.5152881, 48.9459745 ], [ 2.5154433, 48.9461474 ], [ 2.5152907, 48.9463095 ], [ 2.5172499, 48.9467365 ], [ 2.5169847, 48.9469573 ], [ 2.5169889, 48.9469998 ], [ 2.5172963, 48.947302 ], [ 2.5173007, 48.947379 ], [ 2.5171841, 48.947627 ], [ 2.5170767, 48.9478919 ], [ 2.5170169, 48.948034 ], [ 2.5169884, 48.9482164 ], [ 2.5172121, 48.9483388 ], [ 2.5175257, 48.948461 ], [ 2.5175312, 48.9485358 ], [ 2.5180908, 48.9487214 ], [ 2.5181839, 48.9487523 ], [ 2.518951, 48.9490459 ], [ 2.5196699, 48.9493692 ], [ 2.5199041, 48.9494745 ], [ 2.521308, 48.9497219 ], [ 2.5215864, 48.9497852 ], [ 2.5219738, 48.9498854 ], [ 2.524097, 48.9505405 ] ] ] } },
{ "type": "Feature", "id": "relation/162329", "properties": { "@id": "relation/162329", "admin_level": "8", "boundary": "administrative", "name": "Villemomble", "population": "30332", "population:date": "2021", "postal_code": "93250", "ref:FR:SIREN": "219300779", "ref:INSEE": "93077", "source:population": "INSEE 2024", "type": "boundary", "wikidata": "Q244716", "wikipedia": "fr:Villemomble" }, "geometry": { "type": "Polygon", "coordinates": [ [ [ 2.4939561, 48.8825006 ], [ 2.4951352, 48.8811642 ], [ 2.4951855, 48.8811817 ], [ 2.4952845, 48.8810967 ], [ 2.4955938, 48.8807917 ], [ 2.4961138, 48.8802484 ], [ 2.4962055, 48.8801584 ], [ 2.4965286, 48.8798226 ], [ 2.4967674, 48.8795745 ], [ 2.49678, 48.8795514 ], [ 2.4968191, 48.8794795 ], [ 2.496943, 48.8792517 ], [ 2.4970054, 48.8791127 ], [ 2.4970678, 48.8789734 ], [ 2.4971652, 48.8787283 ], [ 2.4971929, 48.8786682 ], [ 2.4973223, 48.8784533 ], [ 2.4974074, 48.8783736 ], [ 2.4977108, 48.8781554 ], [ 2.4981225, 48.8779414 ], [ 2.498652, 48.8776573 ], [ 2.4990075, 48.8775665 ], [ 2.5007734, 48.8771082 ], [ 2.5011148, 48.8774223 ], [ 2.5015606, 48.8776777 ], [ 2.5015736, 48.8778829 ], [ 2.501661, 48.8781095 ], [ 2.5041373, 48.8772974 ], [ 2.5042073, 48.8773954 ], [ 2.5046126, 48.8779197 ], [ 2.505156, 48.8786258 ], [ 2.5056774, 48.8793034 ], [ 2.5066757, 48.8789689 ], [ 2.5075615, 48.8786736 ], [ 2.5084378, 48.8783766 ], [ 2.5094157, 48.8780603 ], [ 2.5111796, 48.8772792 ], [ 2.5121165, 48.8766679 ], [ 2.5117477, 48.8765055 ], [ 2.5121433, 48.8763695 ], [ 2.5131428, 48.8760284 ], [ 2.5128707, 48.8756459 ], [ 2.5143639, 48.8751736 ], [ 2.515029, 48.874926 ], [ 2.5161623, 48.8751815 ], [ 2.5170714, 48.8750974 ], [ 2.5182964, 48.8749841 ], [ 2.5179795, 48.8744853 ], [ 2.5184806, 48.8744032 ], [ 2.518588, 48.8744256 ], [ 2.5190522, 48.8744057 ], [ 2.5198619, 48.8743663 ], [ 2.5201079, 48.8744563 ], [ 2.5202228, 48.8744984 ], [ 2.5204769, 48.8745914 ], [ 2.520665, 48.8746677 ], [ 2.5210366, 48.8748249 ], [ 2.52119, 48.8748752 ], [ 2.5219636, 48.875129 ], [ 2.522202, 48.8752072 ], [ 2.5225785, 48.8752087 ], [ 2.5229487, 48.8751648 ], [ 2.5236868, 48.8752361 ], [ 2.5237496, 48.8752459 ], [ 2.5241382, 48.8753064 ], [ 2.5241908, 48.8753146 ], [ 2.5248511, 48.8754774 ], [ 2.5250098, 48.8755448 ], [ 2.5254312, 48.875507 ], [ 2.5258469, 48.8754334 ], [ 2.5260175, 48.8754032 ], [ 2.5261277, 48.8753556 ], [ 2.5264931, 48.8751885 ], [ 2.5270449, 48.8749641 ], [ 2.5284703, 48.8743717 ], [ 2.5295353, 48.8739247 ], [ 2.5296958, 48.8738524 ], [ 2.5297898, 48.8739937 ], [ 2.5298613, 48.8741078 ], [ 2.5300517, 48.8743765 ], [ 2.5285542, 48.8789256 ], [ 2.5285264, 48.8789446 ], [ 2.5265065, 48.8796262 ], [ 2.5271605, 48.8797318 ], [ 2.5274611, 48.8799542 ], [ 2.5275041, 48.8799826 ], [ 2.5276357, 48.8800915 ], [ 2.5269642, 48.8805242 ], [ 2.5270938, 48.8807804 ], [ 2.5267355, 48.8809821 ], [ 2.5266158, 48.8811006 ], [ 2.5264623, 48.8812526 ], [ 2.5257593, 48.8819487 ], [ 2.5257878, 48.8829326 ], [ 2.525458, 48.8829249 ], [ 2.5252147, 48.8829193 ], [ 2.5251707, 48.8831179 ], [ 2.525099, 48.8834416 ], [ 2.5250815, 48.8835135 ], [ 2.5249804, 48.8839292 ], [ 2.5246301, 48.8843907 ], [ 2.5244317, 48.8845796 ], [ 2.5221172, 48.8873231 ], [ 2.5205354, 48.8888429 ], [ 2.5202746, 48.8890935 ], [ 2.5181518, 48.8911328 ], [ 2.5171875, 48.8895824 ], [ 2.5164716, 48.8882206 ], [ 2.5164076, 48.8881209 ], [ 2.5162995, 48.8879526 ], [ 2.5161764, 48.8877543 ], [ 2.5161352, 48.8876982 ], [ 2.5157964, 48.8878274 ], [ 2.5153572, 48.8880111 ], [ 2.5149242, 48.8882036 ], [ 2.5136849, 48.8887986 ], [ 2.5128475, 48.8890025 ], [ 2.5122438, 48.8892184 ], [ 2.511576, 48.8894997 ], [ 2.5112912, 48.8896173 ], [ 2.5112129, 48.889656 ], [ 2.5112626, 48.8898238 ], [ 2.5113518, 48.8900577 ], [ 2.5113749, 48.8904042 ], [ 2.5109123, 48.8909262 ], [ 2.5105831, 48.8912846 ], [ 2.5104358, 48.891445 ], [ 2.510179, 48.8915569 ], [ 2.5102395, 48.8916428 ], [ 2.5097594, 48.8921649 ], [ 2.5079716, 48.8924706 ], [ 2.5065778, 48.8927089 ], [ 2.5067304, 48.8933161 ], [ 2.5067546, 48.8933801 ], [ 2.5067796, 48.8934468 ], [ 2.5068703, 48.8936886 ], [ 2.5070595, 48.8942499 ], [ 2.507151, 48.8945183 ], [ 2.5073242, 48.8950236 ], [ 2.5075905, 48.8957823 ], [ 2.5076193, 48.8958693 ], [ 2.5076279, 48.8958954 ], [ 2.507719, 48.8965823 ], [ 2.5078608, 48.8967231 ], [ 2.5077505, 48.8967346 ], [ 2.5078856, 48.8979076 ], [ 2.5078999, 48.8980508 ], [ 2.5078301, 48.8982147 ], [ 2.50792, 48.8984279 ], [ 2.5076192, 48.8981287 ], [ 2.5071654, 48.8976654 ], [ 2.5070209, 48.8977256 ], [ 2.5069045, 48.8977807 ], [ 2.5068604, 48.8978001 ], [ 2.5067911, 48.8978302 ], [ 2.50515, 48.898542 ], [ 2.504801, 48.8981961 ], [ 2.504065, 48.8985165 ], [ 2.5040063, 48.8985418 ], [ 2.504487, 48.8990448 ], [ 2.5045638, 48.8991251 ], [ 2.5044456, 48.8991341 ], [ 2.5028014, 48.8992631 ], [ 2.5023085, 48.8993007 ], [ 2.5015821, 48.8981022 ], [ 2.5014864, 48.8980099 ], [ 2.5014729, 48.8979707 ], [ 2.501452, 48.8979294 ], [ 2.5010177, 48.8972228 ], [ 2.5013922, 48.8970537 ], [ 2.5017558, 48.896885 ], [ 2.502095, 48.896737 ], [ 2.5021588, 48.8967069 ], [ 2.5012925, 48.895838 ], [ 2.5010207, 48.8955657 ], [ 2.5009503, 48.8954978 ], [ 2.5007074, 48.8952635 ], [ 2.5006636, 48.8952091 ], [ 2.5006046, 48.8952668 ], [ 2.5002413, 48.8956221 ], [ 2.5001206, 48.8957402 ], [ 2.5000781, 48.8956375 ], [ 2.4990147, 48.8943045 ], [ 2.4989494, 48.8942226 ], [ 2.4985932, 48.8937483 ], [ 2.4985328, 48.8936678 ], [ 2.4980552, 48.8930503 ], [ 2.4978085, 48.8925956 ], [ 2.4978051, 48.8925839 ], [ 2.4977951, 48.8925489 ], [ 2.4977944, 48.892496 ], [ 2.4977801, 48.8923749 ], [ 2.4977692, 48.892288 ], [ 2.4977102, 48.892208 ], [ 2.4976645, 48.8920981 ], [ 2.4976138, 48.8920002 ], [ 2.4973999, 48.8915511 ], [ 2.4971517, 48.8910707 ], [ 2.4977744, 48.8909836 ], [ 2.4978325, 48.8909755 ], [ 2.4982164, 48.8909197 ], [ 2.4980758, 48.8900802 ], [ 2.4976389, 48.8901198 ], [ 2.4973048, 48.889963 ], [ 2.4968517, 48.8898294 ], [ 2.4966993, 48.8897399 ], [ 2.4963068, 48.8894881 ], [ 2.4961218, 48.8894224 ], [ 2.4959329, 48.8893938 ], [ 2.4955239, 48.8893488 ], [ 2.4955022, 48.889325 ], [ 2.4954224, 48.8893466 ], [ 2.4949013, 48.8894879 ], [ 2.4948613, 48.8895014 ], [ 2.4948023, 48.889519 ], [ 2.4940399, 48.8897179 ], [ 2.4931699, 48.889944 ], [ 2.4926131, 48.8900891 ], [ 2.4918852, 48.8902768 ], [ 2.4911417, 48.8908372 ], [ 2.4910552, 48.8909062 ], [ 2.4899475, 48.8886002 ], [ 2.4898653, 48.8883366 ], [ 2.4873565, 48.8884591 ], [ 2.4873311, 48.8882039 ], [ 2.4872838, 48.8880787 ], [ 2.4869584, 48.8871007 ], [ 2.4869692, 48.8870256 ], [ 2.486962, 48.8869702 ], [ 2.4873253, 48.8868806 ], [ 2.4880657, 48.886723 ], [ 2.4888402, 48.8865779 ], [ 2.4890726, 48.8865351 ], [ 2.490159, 48.8863453 ], [ 2.4910185, 48.8861974 ], [ 2.4913683, 48.8861323 ], [ 2.4917847, 48.886054 ], [ 2.4921021, 48.8859929 ], [ 2.4927253, 48.885852 ], [ 2.4934431, 48.8856602 ], [ 2.49418, 48.8854638 ], [ 2.4952211, 48.885183 ], [ 2.495427, 48.8851372 ], [ 2.4954319, 48.8851027 ], [ 2.495427, 48.8850761 ], [ 2.495352, 48.8848913 ], [ 2.4953363, 48.884854 ], [ 2.4953249, 48.8848257 ], [ 2.4944811, 48.884929 ], [ 2.494935, 48.8840622 ], [ 2.4950676, 48.8838483 ], [ 2.495266, 48.8834441 ], [ 2.4954542, 48.8830607 ], [ 2.4955798, 48.882896 ], [ 2.4954489, 48.8828755 ], [ 2.4949125, 48.8827722 ], [ 2.4944677, 48.8827115 ], [ 2.4939245, 48.8826375 ], [ 2.4938449, 48.8826266 ], [ 2.4939561, 48.8825006 ] ] ] } },
{ "type": "Feature", "id": "relation/162337", "properties": { "@id": "relation/162337", "admin_level": "8", "boundary": "administrative", "name": "Le Raincy", "population": "14877", "population:date": "2021", "postal_code": "93340", "ref:FR:SIREN": "219300621", "ref:INSEE": "93062", "source:population": "INSEE 2024", "source:postal_code": "La Poste - 12/2014", "type": "boundary", "wikidata": "Q259203", "wikipedia": "fr:Le Raincy" }, "geometry": { "type": "Polygon", "coordinates": [ [ [ 2.5181518, 48.8911328 ], [ 2.5185341, 48.8909415 ], [ 2.5192585, 48.8909271 ], [ 2.5196663, 48.890801 ], [ 2.5205698, 48.8917265 ], [ 2.520653, 48.8916701 ], [ 2.5209551, 48.8914713 ], [ 2.5228578, 48.8931593 ], [ 2.5236017, 48.8933628 ], [ 2.5241131, 48.8932162 ], [ 2.5260634, 48.8918204 ], [ 2.5271836, 48.8917084 ], [ 2.528214, 48.8920726 ], [ 2.5304289, 48.8922429 ], [ 2.5325662, 48.8932482 ], [ 2.5322374, 48.8944029 ], [ 2.5321868, 48.8945895 ], [ 2.5321801, 48.8947628 ], [ 2.5320677, 48.8952105 ], [ 2.5320485, 48.8952554 ], [ 2.5319085, 48.8954479 ], [ 2.5315037, 48.8969939 ], [ 2.5311054, 48.8984733 ], [ 2.5305612, 48.9004421 ], [ 2.5300067, 48.9026974 ], [ 2.5298798, 48.9031656 ], [ 2.5297949, 48.9032056 ], [ 2.5289644, 48.9033661 ], [ 2.5282706, 48.9035579 ], [ 2.5276484, 48.9037298 ], [ 2.5271999, 48.9036965 ], [ 2.5264036, 48.9037819 ], [ 2.5259142, 48.9038918 ], [ 2.521964, 48.9035141 ], [ 2.5214154, 48.9034331 ], [ 2.5213358, 48.9033559 ], [ 2.5212804, 48.9033128 ], [ 2.521215, 48.9033402 ], [ 2.5211701, 48.9033312 ], [ 2.5209256, 48.9034271 ], [ 2.5209361, 48.9034589 ], [ 2.5208224, 48.9034977 ], [ 2.5206735, 48.9033297 ], [ 2.5191903, 48.9032548 ], [ 2.5189799, 48.9032483 ], [ 2.5187521, 48.90321 ], [ 2.5186139, 48.9031488 ], [ 2.518179, 48.9030449 ], [ 2.5175443, 48.9030005 ], [ 2.5164023, 48.9028636 ], [ 2.5161233, 48.9029618 ], [ 2.5160924, 48.9030005 ], [ 2.5158853, 48.9029599 ], [ 2.5158783, 48.9029212 ], [ 2.5146005, 48.9024094 ], [ 2.5138763, 48.9024151 ], [ 2.5130682, 48.9021139 ], [ 2.5130132, 48.9021595 ], [ 2.5126917, 48.9019486 ], [ 2.5126607, 48.9019622 ], [ 2.5124983, 48.9018738 ], [ 2.5121425, 48.9017345 ], [ 2.5119002, 48.9014865 ], [ 2.511237, 48.9017575 ], [ 2.5111548, 48.9017898 ], [ 2.5111109, 48.9018064 ], [ 2.5110869, 48.9018156 ], [ 2.5085658, 48.8992046 ], [ 2.5080992, 48.898682 ], [ 2.50792, 48.8984279 ], [ 2.5078301, 48.8982147 ], [ 2.5078999, 48.8980508 ], [ 2.5078856, 48.8979076 ], [ 2.5077505, 48.8967346 ], [ 2.5078608, 48.8967231 ], [ 2.507719, 48.8965823 ], [ 2.5076279, 48.8958954 ], [ 2.5076193, 48.8958693 ], [ 2.5075905, 48.8957823 ], [ 2.5073242, 48.8950236 ], [ 2.507151, 48.8945183 ], [ 2.5070595, 48.8942499 ], [ 2.5068703, 48.8936886 ], [ 2.5067796, 48.8934468 ], [ 2.5067546, 48.8933801 ], [ 2.5067304, 48.8933161 ], [ 2.5065778, 48.8927089 ], [ 2.5079716, 48.8924706 ], [ 2.5097594, 48.8921649 ], [ 2.5102395, 48.8916428 ], [ 2.510179, 48.8915569 ], [ 2.5104358, 48.891445 ], [ 2.5105831, 48.8912846 ], [ 2.5109123, 48.8909262 ], [ 2.5113749, 48.8904042 ], [ 2.5113518, 48.8900577 ], [ 2.5112626, 48.8898238 ], [ 2.5112129, 48.889656 ], [ 2.5112912, 48.8896173 ], [ 2.511576, 48.8894997 ], [ 2.5122438, 48.8892184 ], [ 2.5128475, 48.8890025 ], [ 2.5136849, 48.8887986 ], [ 2.5149242, 48.8882036 ], [ 2.5153572, 48.8880111 ], [ 2.5157964, 48.8878274 ], [ 2.5161352, 48.8876982 ], [ 2.5161764, 48.8877543 ], [ 2.5162995, 48.8879526 ], [ 2.5164076, 48.8881209 ], [ 2.5164716, 48.8882206 ], [ 2.5171875, 48.8895824 ], [ 2.5181518, 48.8911328 ] ] ] } },
{ "type": "Feature", "id": "relation/162521", "properties": { "@id": "relation/162521", "admin_level": "8", "boundary": "administrative", "name": "Les Pavillons-sous-Bois", "population": "24165", "population:date": "2021", "postal_code": "93320", "ref:FR:SIREN": "219300571", "ref:INSEE": "93057", "source:population": "INSEE 2024", "source:postal_code": "source of postcode is from osm nodes", "type": "boundary", "wikidata": "Q498043", "wikipedia": "fr:Les Pavillons-sous-Bois" }, "geometry": { "type": "Polygon", "coordinates": [ [ [ 2.5085658, 48.8992046 ], [ 2.5110869, 48.9018156 ], [ 2.5112986, 48.9020221 ], [ 2.5113455, 48.9020389 ], [ 2.51145, 48.9020043 ], [ 2.5141205, 48.9047523 ], [ 2.5141469, 48.9047837 ], [ 2.5142286, 48.9048534 ], [ 2.5143246, 48.9049071 ], [ 2.5145827, 48.9051707 ], [ 2.5146935, 48.905256 ], [ 2.5151904, 48.9057704 ], [ 2.5153261, 48.9058412 ], [ 2.5159254, 48.9061542 ], [ 2.5162421, 48.9063811 ], [ 2.5176341, 48.907349 ], [ 2.5176967, 48.9074174 ], [ 2.5177428, 48.9075379 ], [ 2.5177424, 48.9076076 ], [ 2.5176608, 48.9078505 ], [ 2.5176034, 48.9080588 ], [ 2.5175244, 48.9080507 ], [ 2.5176159, 48.9084247 ], [ 2.5176867, 48.9085102 ], [ 2.5177988, 48.9085999 ], [ 2.5184743, 48.9092783 ], [ 2.5193108, 48.9101097 ], [ 2.5193641, 48.9101617 ], [ 2.520213, 48.9109906 ], [ 2.5206964, 48.9114888 ], [ 2.5210241, 48.9118192 ], [ 2.5212752, 48.9120923 ], [ 2.5208616, 48.9119607 ], [ 2.520236, 48.9117993 ], [ 2.5196553, 48.9116923 ], [ 2.5187462, 48.9115205 ], [ 2.5123034, 48.9105661 ], [ 2.5101244, 48.9102412 ], [ 2.5101115, 48.9102743 ], [ 2.5100949, 48.9103697 ], [ 2.5097418, 48.9112749 ], [ 2.5096065, 48.9116197 ], [ 2.5095519, 48.9117065 ], [ 2.5095092, 48.9118197 ], [ 2.5092939, 48.9123325 ], [ 2.5089654, 48.913146 ], [ 2.5084634, 48.9143258 ], [ 2.5084545, 48.9143737 ], [ 2.5082844, 48.9146736 ], [ 2.5083356, 48.9147035 ], [ 2.5083795, 48.9147197 ], [ 2.5084493, 48.9147334 ], [ 2.5085232, 48.9147345 ], [ 2.5085347, 48.914819 ], [ 2.5085994, 48.9152984 ], [ 2.5086604, 48.9157454 ], [ 2.5087248, 48.9162177 ], [ 2.5077815, 48.9165957 ], [ 2.5057003, 48.9174414 ], [ 2.5062948, 48.9179823 ], [ 2.5069627, 48.9185912 ], [ 2.5071157, 48.9187373 ], [ 2.5064776, 48.9185188 ], [ 2.5059648, 48.9185944 ], [ 2.5040971, 48.9183745 ], [ 2.5021288, 48.9181479 ], [ 2.4984425, 48.9176943 ], [ 2.4972368, 48.9175555 ], [ 2.4969157, 48.9175185 ], [ 2.4955748, 48.9173559 ], [ 2.4955294, 48.9173504 ], [ 2.4946012, 48.9172379 ], [ 2.4936052, 48.9171171 ], [ 2.492597, 48.9169949 ], [ 2.4919572, 48.9169173 ], [ 2.4918648, 48.9169061 ], [ 2.4918946, 48.9168167 ], [ 2.492025, 48.916426 ], [ 2.492106, 48.9161835 ], [ 2.4921833, 48.9159692 ], [ 2.4919411, 48.9151867 ], [ 2.491811, 48.9147216 ], [ 2.4917755, 48.9145614 ], [ 2.4916834, 48.9141319 ], [ 2.4916458, 48.9139977 ], [ 2.4915939, 48.9138415 ], [ 2.4915563, 48.9135797 ], [ 2.4914154, 48.913314 ], [ 2.4913655, 48.9131314 ], [ 2.4912715, 48.9126069 ], [ 2.4912498, 48.9121613 ], [ 2.4912394, 48.9119477 ], [ 2.4912057, 48.9115403 ], [ 2.4912095, 48.9112525 ], [ 2.4912279, 48.911028 ], [ 2.4911792, 48.9105032 ], [ 2.4911483, 48.910217 ], [ 2.4911068, 48.9100476 ], [ 2.4910744, 48.9099304 ], [ 2.4910254, 48.9097534 ], [ 2.4910069, 48.9096897 ], [ 2.4909834, 48.9096422 ], [ 2.4904936, 48.9090522 ], [ 2.4922268, 48.9078471 ], [ 2.492318, 48.9076044 ], [ 2.4919874, 48.9075551 ], [ 2.4919297, 48.9075465 ], [ 2.4901765, 48.907285 ], [ 2.4903076, 48.9068804 ], [ 2.4912713, 48.9069596 ], [ 2.4937486, 48.9073162 ], [ 2.4936484, 48.9056595 ], [ 2.4972679, 48.905773 ], [ 2.4972325, 48.9053124 ], [ 2.497185, 48.9052923 ], [ 2.4971705, 48.9050263 ], [ 2.4971401, 48.9047316 ], [ 2.4992902, 48.9046789 ], [ 2.4993555, 48.9048329 ], [ 2.4997901, 48.9046651 ], [ 2.499887, 48.9046269 ], [ 2.4994995, 48.903592 ], [ 2.4994032, 48.9032097 ], [ 2.4994129, 48.9030398 ], [ 2.49934, 48.9025256 ], [ 2.4992466, 48.9019757 ], [ 2.499474, 48.902029 ], [ 2.4984332, 48.8996036 ], [ 2.4980527, 48.899632 ], [ 2.4979414, 48.8996412 ], [ 2.4975883, 48.899658 ], [ 2.4974928, 48.8996626 ], [ 2.4971843, 48.8996715 ], [ 2.4969688, 48.8992555 ], [ 2.4965969, 48.8985539 ], [ 2.496464, 48.8983439 ], [ 2.4962095, 48.8983263 ], [ 2.4960839, 48.8982751 ], [ 2.4959173, 48.898159 ], [ 2.4954956, 48.897775 ], [ 2.4960748, 48.8975417 ], [ 2.4955854, 48.8967377 ], [ 2.4957261, 48.8967101 ], [ 2.496215, 48.8965987 ], [ 2.4968914, 48.8964486 ], [ 2.4972064, 48.8963837 ], [ 2.4975216, 48.8963154 ], [ 2.4976557, 48.8962863 ], [ 2.4983185, 48.896137 ], [ 2.4999579, 48.895776 ], [ 2.5001206, 48.8957402 ], [ 2.5002413, 48.8956221 ], [ 2.5006046, 48.8952668 ], [ 2.5006636, 48.8952091 ], [ 2.5007074, 48.8952635 ], [ 2.5009503, 48.8954978 ], [ 2.5010207, 48.8955657 ], [ 2.5012925, 48.895838 ], [ 2.5021588, 48.8967069 ], [ 2.502095, 48.896737 ], [ 2.5017558, 48.896885 ], [ 2.5013922, 48.8970537 ], [ 2.5010177, 48.8972228 ], [ 2.501452, 48.8979294 ], [ 2.5014729, 48.8979707 ], [ 2.5014864, 48.8980099 ], [ 2.5015821, 48.8981022 ], [ 2.5023085, 48.8993007 ], [ 2.5028014, 48.8992631 ], [ 2.5044456, 48.8991341 ], [ 2.5045638, 48.8991251 ], [ 2.504487, 48.8990448 ], [ 2.5040063, 48.8985418 ], [ 2.504065, 48.8985165 ], [ 2.504801, 48.8981961 ], [ 2.50515, 48.898542 ], [ 2.5067911, 48.8978302 ], [ 2.5068604, 48.8978001 ], [ 2.5069045, 48.8977807 ], [ 2.5070209, 48.8977256 ], [ 2.5071654, 48.8976654 ], [ 2.5076192, 48.8981287 ], [ 2.50792, 48.8984279 ], [ 2.5080992, 48.898682 ], [ 2.5085658, 48.8992046 ] ] ] } },
{ "type": "Feature", "id": "relation/162527", "properties": { "@id": "relation/162527", "admin_level": "8", "boundary": "administrative", "name": "Sevran", "name:el": "Σεβράν", "population": "51845", "population:date": "2021", "postal_code": "93270", "ref:FR:SIREN": "219300712", "ref:INSEE": "93071", "source:population": "INSEE 2024", "source:postal_code": "source of postcode is from osm nodes", "type": "boundary", "wikidata": "Q387630", "wikipedia": "fr:Sevran" }, "geometry": { "type": "Polygon", "coordinates": [ [ [ 2.5101683, 48.9395374 ], [ 2.5099557, 48.9395337 ], [ 2.5088436, 48.9381054 ], [ 2.508169, 48.9372292 ], [ 2.507219, 48.9356392 ], [ 2.5053513, 48.9359836 ], [ 2.5052618, 48.9357279 ], [ 2.5052065, 48.9350711 ], [ 2.5052756, 48.9346276 ], [ 2.5053495, 48.9344753 ], [ 2.5053941, 48.934424 ], [ 2.505488, 48.9343759 ], [ 2.5055574, 48.9343329 ], [ 2.5056568, 48.9342437 ], [ 2.5058222, 48.9341892 ], [ 2.5059788, 48.9341177 ], [ 2.5062018, 48.9340917 ], [ 2.506318, 48.9340925 ], [ 2.5064216, 48.93406 ], [ 2.5067373, 48.9340383 ], [ 2.5069719, 48.9340049 ], [ 2.507107, 48.9340074 ], [ 2.5072553, 48.93398 ], [ 2.5072667, 48.9339769 ], [ 2.5074668, 48.933958 ], [ 2.5075399, 48.933918 ], [ 2.5080834, 48.9338355 ], [ 2.5084629, 48.9337828 ], [ 2.5087238, 48.933753 ], [ 2.5089902, 48.9337225 ], [ 2.5093517, 48.9336389 ], [ 2.5095296, 48.9335899 ], [ 2.5099083, 48.9334965 ], [ 2.5100554, 48.933468 ], [ 2.5101976, 48.9334357 ], [ 2.5102785, 48.9334038 ], [ 2.5103116, 48.9333714 ], [ 2.5103329, 48.9333153 ], [ 2.5102542, 48.9330603 ], [ 2.5102453, 48.9330082 ], [ 2.5102358, 48.9329529 ], [ 2.5101213, 48.932631 ], [ 2.5101265, 48.9326099 ], [ 2.5101244, 48.9325786 ], [ 2.5100264, 48.9325693 ], [ 2.5099897, 48.9324685 ], [ 2.5099852, 48.9324335 ], [ 2.5099881, 48.9324061 ], [ 2.5100381, 48.9323569 ], [ 2.5107009, 48.9321248 ], [ 2.5110016, 48.931978 ], [ 2.5110848, 48.9319371 ], [ 2.5112759, 48.931843 ], [ 2.5116715, 48.9317225 ], [ 2.5119806, 48.9316168 ], [ 2.5123494, 48.9315146 ], [ 2.5126116, 48.9314582 ], [ 2.5126954, 48.9314344 ], [ 2.5127742, 48.9313936 ], [ 2.5138159, 48.9307119 ], [ 2.5144188, 48.9303343 ], [ 2.5141297, 48.9300074 ], [ 2.5137975, 48.9296337 ], [ 2.5136751, 48.9294648 ], [ 2.5136075, 48.9293315 ], [ 2.5135354, 48.9289593 ], [ 2.5135401, 48.9285871 ], [ 2.5135382, 48.9285122 ], [ 2.5135366, 48.9284475 ], [ 2.5135517, 48.9283933 ], [ 2.5135504, 48.9283383 ], [ 2.513541, 48.9282759 ], [ 2.5135269, 48.9281867 ], [ 2.5135165, 48.9281372 ], [ 2.5135041, 48.9280884 ], [ 2.5134578, 48.9279966 ], [ 2.5134142, 48.9279384 ], [ 2.5143617, 48.9274783 ], [ 2.5145319, 48.9273862 ], [ 2.5148231, 48.9271355 ], [ 2.5150373, 48.9269251 ], [ 2.5151853, 48.9268221 ], [ 2.5158258, 48.9265576 ], [ 2.5164239, 48.926275 ], [ 2.5163927, 48.926246 ], [ 2.5167314, 48.9260584 ], [ 2.5167812, 48.9261052 ], [ 2.517149, 48.9259324 ], [ 2.5171147, 48.9258976 ], [ 2.5173578, 48.9257891 ], [ 2.5173457, 48.925761 ], [ 2.517442, 48.9257149 ], [ 2.5176941, 48.9257109 ], [ 2.517685, 48.9254751 ], [ 2.5181274, 48.9254217 ], [ 2.5181059, 48.9253101 ], [ 2.5181739, 48.9253085 ], [ 2.5181419, 48.9251264 ], [ 2.5185803, 48.9250747 ], [ 2.5186045, 48.925165 ], [ 2.5188173, 48.9251393 ], [ 2.519057, 48.9251165 ], [ 2.5190935, 48.925113 ], [ 2.5217673, 48.9239566 ], [ 2.5223492, 48.9245396 ], [ 2.5223612, 48.9245516 ], [ 2.522437, 48.9245685 ], [ 2.5225856, 48.9246006 ], [ 2.5226198, 48.9246095 ], [ 2.5241789, 48.9250093 ], [ 2.5235018, 48.9257265 ], [ 2.5241805, 48.9260107 ], [ 2.524446, 48.9265421 ], [ 2.5244293, 48.9266029 ], [ 2.5244413, 48.9266608 ], [ 2.5248556, 48.9275595 ], [ 2.5251955, 48.9274946 ], [ 2.5253648, 48.9278553 ], [ 2.5256962, 48.9277917 ], [ 2.5258375, 48.9277329 ], [ 2.5259355, 48.9276514 ], [ 2.5260314, 48.9275611 ], [ 2.5262218, 48.9273682 ], [ 2.5263653, 48.9271973 ], [ 2.5265189, 48.9270117 ], [ 2.5266489, 48.9268358 ], [ 2.5267187, 48.9267827 ], [ 2.5267803, 48.9267432 ], [ 2.5269782, 48.9266575 ], [ 2.5273035, 48.9265365 ], [ 2.527402, 48.9264839 ], [ 2.5276293, 48.9263227 ], [ 2.5277678, 48.9262267 ], [ 2.5278298, 48.9261958 ], [ 2.5279156, 48.9261707 ], [ 2.5279631, 48.9261625 ], [ 2.5280926, 48.9261496 ], [ 2.5282777, 48.926157 ], [ 2.5287806, 48.9261686 ], [ 2.5291125, 48.9261355 ], [ 2.5293504, 48.9260402 ], [ 2.5296921, 48.9263015 ], [ 2.5300217, 48.9262776 ], [ 2.5303637, 48.9262523 ], [ 2.5307111, 48.926202 ], [ 2.5309619, 48.9261829 ], [ 2.5310451, 48.9261844 ], [ 2.5314377, 48.9262041 ], [ 2.5316153, 48.9263814 ], [ 2.5318194, 48.9272301 ], [ 2.5318337, 48.9272784 ], [ 2.5326218, 48.9270755 ], [ 2.5332238, 48.9269198 ], [ 2.5340321, 48.9265768 ], [ 2.534612, 48.927252 ], [ 2.5366406, 48.9258494 ], [ 2.536735, 48.9259089 ], [ 2.5367875, 48.925942 ], [ 2.5378716, 48.9266516 ], [ 2.5385325, 48.9270857 ], [ 2.5390834, 48.9274475 ], [ 2.5391257, 48.9275061 ], [ 2.5392417, 48.9277118 ], [ 2.5396092, 48.9284305 ], [ 2.5397451, 48.9287299 ], [ 2.5398425, 48.9290307 ], [ 2.5398503, 48.9290508 ], [ 2.5398638, 48.9290827 ], [ 2.5400566, 48.9292683 ], [ 2.5402522, 48.9294334 ], [ 2.5405213, 48.9296502 ], [ 2.5406306, 48.9297207 ], [ 2.5406655, 48.9297445 ], [ 2.540703, 48.929768 ], [ 2.5407759, 48.9297083 ], [ 2.5408137, 48.9297458 ], [ 2.5411186, 48.9301793 ], [ 2.5408901, 48.9303815 ], [ 2.540842, 48.9304996 ], [ 2.5413642, 48.930848 ], [ 2.5416743, 48.9310491 ], [ 2.5417558, 48.9311012 ], [ 2.5420607, 48.9312466 ], [ 2.5416774, 48.9314088 ], [ 2.5416237, 48.9314291 ], [ 2.5413071, 48.9314865 ], [ 2.5411918, 48.9315163 ], [ 2.54085, 48.9316814 ], [ 2.541153, 48.9319802 ], [ 2.541191, 48.9320112 ], [ 2.5412329, 48.931989 ], [ 2.5414111, 48.9321348 ], [ 2.5415538, 48.9322524 ], [ 2.541668, 48.9323302 ], [ 2.5417137, 48.9323629 ], [ 2.5417517, 48.9324713 ], [ 2.5417866, 48.9324894 ], [ 2.5417642, 48.9325095 ], [ 2.5419144, 48.9329017 ], [ 2.5420726, 48.9330564 ], [ 2.5428282, 48.9332891 ], [ 2.5430269, 48.9333525 ], [ 2.5432345, 48.9334158 ], [ 2.5434448, 48.9335253 ], [ 2.5435646, 48.9337199 ], [ 2.5435367, 48.9340674 ], [ 2.5436931, 48.9343089 ], [ 2.543748, 48.9344154 ], [ 2.5437732, 48.9345347 ], [ 2.5437587, 48.934559 ], [ 2.5437685, 48.9346327 ], [ 2.545597, 48.9343062 ], [ 2.5460094, 48.9340976 ], [ 2.5490576, 48.9353318 ], [ 2.5562428, 48.9339473 ], [ 2.5569119, 48.9341823 ], [ 2.5566854, 48.9352656 ], [ 2.5562518, 48.9376108 ], [ 2.5558185, 48.9386848 ], [ 2.5554471, 48.9395976 ], [ 2.5547762, 48.9408258 ], [ 2.5547498, 48.9416635 ], [ 2.5545294, 48.9420804 ], [ 2.55369, 48.9436681 ], [ 2.5535176, 48.943822 ], [ 2.5530972, 48.9440409 ], [ 2.5525491, 48.9443344 ], [ 2.5520239, 48.9446873 ], [ 2.5513416, 48.9452636 ], [ 2.5512038, 48.9454086 ], [ 2.5509788, 48.9456455 ], [ 2.5502054, 48.9470955 ], [ 2.5479084, 48.9468462 ], [ 2.5478883, 48.9472793 ], [ 2.5478808, 48.9472829 ], [ 2.5476286, 48.9483132 ], [ 2.5475135, 48.9483225 ], [ 2.547279, 48.9483754 ], [ 2.5466665, 48.9485168 ], [ 2.5459584, 48.9486931 ], [ 2.5457676, 48.9487521 ], [ 2.5454151, 48.9488861 ], [ 2.5452333, 48.9489654 ], [ 2.5451217, 48.9490443 ], [ 2.5449758, 48.9492021 ], [ 2.544871, 48.9492956 ], [ 2.5447869, 48.9493441 ], [ 2.544136, 48.9496628 ], [ 2.5432527, 48.9500251 ], [ 2.5431636, 48.9500642 ], [ 2.5431115, 48.9500997 ], [ 2.5430662, 48.950136 ], [ 2.5429849, 48.9502378 ], [ 2.5429196, 48.9503829 ], [ 2.5428526, 48.950567 ], [ 2.5423143, 48.9506575 ], [ 2.5409975, 48.9509436 ], [ 2.5396029, 48.95126 ], [ 2.5393394, 48.9513176 ], [ 2.5385815, 48.9514799 ], [ 2.5382981, 48.95153 ], [ 2.5380523, 48.9514946 ], [ 2.5365179, 48.9512748 ], [ 2.5362393, 48.9512306 ], [ 2.5358169, 48.9511719 ], [ 2.5353161, 48.9511023 ], [ 2.5349775, 48.9510556 ], [ 2.5350527, 48.9500662 ], [ 2.5326722, 48.9500487 ], [ 2.5326632, 48.950131 ], [ 2.5326479, 48.9502714 ], [ 2.5326148, 48.9505754 ], [ 2.5326129, 48.9505955 ], [ 2.5310733, 48.9505291 ], [ 2.530897, 48.9516446 ], [ 2.529094, 48.951332 ], [ 2.5280653, 48.9511537 ], [ 2.5279962, 48.9512569 ], [ 2.5279575, 48.9513145 ], [ 2.5278857, 48.9514217 ], [ 2.5268251, 48.9510035 ], [ 2.5264837, 48.9508689 ], [ 2.5256967, 48.9506299 ], [ 2.5254289, 48.9505682 ], [ 2.5251654, 48.950529 ], [ 2.5249021, 48.9505641 ], [ 2.524481, 48.9506491 ], [ 2.524097, 48.9505405 ], [ 2.5219738, 48.9498854 ], [ 2.5215864, 48.9497852 ], [ 2.521308, 48.9497219 ], [ 2.5199041, 48.9494745 ], [ 2.5196699, 48.9493692 ], [ 2.518951, 48.9490459 ], [ 2.5181839, 48.9487523 ], [ 2.5180908, 48.9487214 ], [ 2.5175312, 48.9485358 ], [ 2.5175257, 48.948461 ], [ 2.5172121, 48.9483388 ], [ 2.5169884, 48.9482164 ], [ 2.5170169, 48.948034 ], [ 2.5170767, 48.9478919 ], [ 2.5171841, 48.947627 ], [ 2.5173007, 48.947379 ], [ 2.5172963, 48.947302 ], [ 2.5169889, 48.9469998 ], [ 2.5169847, 48.9469573 ], [ 2.5172499, 48.9467365 ], [ 2.5152907, 48.9463095 ], [ 2.5154433, 48.9461474 ], [ 2.5152881, 48.9459745 ], [ 2.5151537, 48.9456937 ], [ 2.5151092, 48.945646 ], [ 2.5147337, 48.9454872 ], [ 2.5146367, 48.945429 ], [ 2.5144426, 48.94527 ], [ 2.5143094, 48.9452171 ], [ 2.5140428, 48.9450549 ], [ 2.5136096, 48.9447914 ], [ 2.5133057, 48.9446382 ], [ 2.5121496, 48.9442338 ], [ 2.5120494, 48.9441531 ], [ 2.510994, 48.9432253 ], [ 2.5101291, 48.9425681 ], [ 2.5099998, 48.9424966 ], [ 2.5096277, 48.9421333 ], [ 2.5091822, 48.9415339 ], [ 2.5090002, 48.9413509 ], [ 2.5088745, 48.9411467 ], [ 2.5087086, 48.9409743 ], [ 2.5083118, 48.9404438 ], [ 2.5082509, 48.9403377 ], [ 2.508831, 48.9402067 ], [ 2.5091815, 48.9401611 ], [ 2.5096893, 48.940147 ], [ 2.5098826, 48.940075 ], [ 2.5100158, 48.9399783 ], [ 2.5100519, 48.9399188 ], [ 2.5100908, 48.9397452 ], [ 2.5101319, 48.9396122 ], [ 2.5101683, 48.9395374 ] ] ] } },
{ "type": "Feature", "id": "relation/162542", "properties": { "@id": "relation/162542", "admin_level": "8", "boundary": "administrative", "name": "Gagny", "population": "40189", "population:date": "2021", "postal_code": "93220", "ref:FR:SIREN": "219300324", "ref:INSEE": "93032", "source:population": "INSEE 2024", "source:postal_code": "La Poste - 12/2014", "type": "boundary", "wikidata": "Q179821", "wikipedia": "fr:Gagny" }, "geometry": { "type": "Polygon", "coordinates": [ [ [ 2.5675412, 48.8658715 ], [ 2.5675941, 48.8658764 ], [ 2.5676204, 48.8659085 ], [ 2.5676436, 48.8659368 ], [ 2.5678473, 48.8662408 ], [ 2.568742, 48.8674418 ], [ 2.5690666, 48.8679106 ], [ 2.5694958, 48.8684187 ], [ 2.5700429, 48.8688025 ], [ 2.5702776, 48.8689674 ], [ 2.5703715, 48.8690406 ], [ 2.570511, 48.8693653 ], [ 2.5704989, 48.8695126 ], [ 2.5704667, 48.8696326 ], [ 2.5703715, 48.8697684 ], [ 2.5698391, 48.8701424 ], [ 2.5697546, 48.8701918 ], [ 2.5695038, 48.8705279 ], [ 2.5694126, 48.8707749 ], [ 2.5693107, 48.8710845 ], [ 2.569186, 48.8713474 ], [ 2.569021, 48.8716473 ], [ 2.5687541, 48.8719093 ], [ 2.5681118, 48.8723071 ], [ 2.5679092, 48.8724456 ], [ 2.5677939, 48.8725286 ], [ 2.5677644, 48.8725921 ], [ 2.5677832, 48.8726935 ], [ 2.5678757, 48.8727808 ], [ 2.5682754, 48.8730816 ], [ 2.5683317, 48.8731725 ], [ 2.5683572, 48.8733754 ], [ 2.5682941, 48.8737008 ], [ 2.568089, 48.8740563 ], [ 2.5680259, 48.8741886 ], [ 2.5680112, 48.8743439 ], [ 2.5680326, 48.8744691 ], [ 2.5681198, 48.8745626 ], [ 2.568333, 48.8747258 ], [ 2.5684551, 48.874792 ], [ 2.5687394, 48.8749075 ], [ 2.5689057, 48.8749869 ], [ 2.569135, 48.8751051 ], [ 2.5693255, 48.8752215 ], [ 2.5694555, 48.8753679 ], [ 2.5695412, 48.8754765 ], [ 2.5697625, 48.8757566 ], [ 2.5699571, 48.8761327 ], [ 2.569996, 48.8762923 ], [ 2.5702066, 48.876736 ], [ 2.5703366, 48.8769556 ], [ 2.5704283, 48.8770656 ], [ 2.5705637, 48.8772581 ], [ 2.5706128, 48.8773279 ], [ 2.5707256, 48.8774883 ], [ 2.5708382, 48.8776657 ], [ 2.5708616, 48.8777026 ], [ 2.5709147, 48.8777864 ], [ 2.571034, 48.8780105 ], [ 2.5711311, 48.8780955 ], [ 2.5712593, 48.8781278 ], [ 2.5719259, 48.8782204 ], [ 2.5718226, 48.8784435 ], [ 2.5713791, 48.879226 ], [ 2.5714274, 48.8793308 ], [ 2.5714365, 48.8795853 ], [ 2.5713916, 48.8796237 ], [ 2.5714122, 48.8796724 ], [ 2.5714502, 48.8797624 ], [ 2.5706939, 48.8799836 ], [ 2.5701584, 48.8803458 ], [ 2.569871, 48.8804253 ], [ 2.5699019, 48.8804722 ], [ 2.5699274, 48.8805108 ], [ 2.5697673, 48.8805783 ], [ 2.5692179, 48.8807037 ], [ 2.5688432, 48.881149 ], [ 2.5685203, 48.881366 ], [ 2.5684501, 48.8813829 ], [ 2.5683815, 48.8813995 ], [ 2.5680454, 48.8812944 ], [ 2.5679658, 48.8813119 ], [ 2.5679718, 48.8813263 ], [ 2.5674455, 48.8814263 ], [ 2.5672619, 48.8814733 ], [ 2.5671841, 48.8814888 ], [ 2.5670503, 48.8815513 ], [ 2.5669547, 48.8814011 ], [ 2.5657407, 48.8820218 ], [ 2.5647824, 48.8813896 ], [ 2.5637325, 48.8820971 ], [ 2.5637488, 48.8821105 ], [ 2.5624636, 48.8830508 ], [ 2.5626721, 48.8832183 ], [ 2.5621723, 48.8835028 ], [ 2.5612627, 48.8837357 ], [ 2.5613531, 48.8839101 ], [ 2.5603582, 48.8841848 ], [ 2.5604997, 48.8844009 ], [ 2.5606635, 48.8845833 ], [ 2.5597118, 48.8849546 ], [ 2.5597142, 48.8850446 ], [ 2.559204, 48.8851599 ], [ 2.5589391, 48.8849265 ], [ 2.5586769, 48.8846003 ], [ 2.5578821, 48.8849254 ], [ 2.5579357, 48.885512 ], [ 2.557554, 48.8853538 ], [ 2.5567389, 48.8852973 ], [ 2.5567592, 48.8850952 ], [ 2.5551649, 48.885009 ], [ 2.5551267, 48.8852187 ], [ 2.5549327, 48.8852083 ], [ 2.5549276, 48.8851718 ], [ 2.5547303, 48.8851582 ], [ 2.5542297, 48.8850785 ], [ 2.5542018, 48.8850549 ], [ 2.5515086, 48.8848708 ], [ 2.551481, 48.8848859 ], [ 2.5500124, 48.8847718 ], [ 2.549841, 48.8851728 ], [ 2.5494517, 48.8856034 ], [ 2.5496638, 48.8864231 ], [ 2.5496102, 48.8867088 ], [ 2.549514, 48.887222 ], [ 2.5472019, 48.8874376 ], [ 2.5471049, 48.8877169 ], [ 2.5472937, 48.888038 ], [ 2.5476189, 48.8884667 ], [ 2.5483859, 48.8894204 ], [ 2.5484017, 48.8894401 ], [ 2.5489945, 48.8902455 ], [ 2.5490438, 48.8903886 ], [ 2.5489517, 48.8903981 ], [ 2.5487636, 48.8904174 ], [ 2.5483998, 48.8905686 ], [ 2.5475716, 48.8909129 ], [ 2.5468296, 48.8912213 ], [ 2.5467532, 48.891253 ], [ 2.5467892, 48.8912923 ], [ 2.5469332, 48.8914485 ], [ 2.5470111, 48.8915329 ], [ 2.5476592, 48.8922532 ], [ 2.5467952, 48.892715 ], [ 2.5468568, 48.8928257 ], [ 2.5464768, 48.8933201 ], [ 2.5470752, 48.894518 ], [ 2.5476956, 48.8957601 ], [ 2.5460809, 48.8959535 ], [ 2.546052, 48.8959569 ], [ 2.5449567, 48.8960881 ], [ 2.5446756, 48.896123 ], [ 2.5445902, 48.8960397 ], [ 2.5444379, 48.8959353 ], [ 2.5441522, 48.8962367 ], [ 2.5463894, 48.8985682 ], [ 2.5462213, 48.8986687 ], [ 2.5462813, 48.8988933 ], [ 2.5460233, 48.8989107 ], [ 2.5440148, 48.8990447 ], [ 2.5426591, 48.8991342 ], [ 2.5425612, 48.8991407 ], [ 2.5413683, 48.8992202 ], [ 2.5411808, 48.8992327 ], [ 2.5407733, 48.8992599 ], [ 2.5402893, 48.8992922 ], [ 2.5399138, 48.8993172 ], [ 2.5398388, 48.8993234 ], [ 2.5396741, 48.899333 ], [ 2.5392782, 48.8993695 ], [ 2.5391079, 48.8994393 ], [ 2.5390795, 48.8994644 ], [ 2.5385188, 48.8996808 ], [ 2.5368695, 48.8988038 ], [ 2.5371296, 48.8986929 ], [ 2.5372099, 48.8986665 ], [ 2.5362289, 48.8983771 ], [ 2.5361922, 48.8982344 ], [ 2.5356916, 48.8948915 ], [ 2.5342811, 48.8950304 ], [ 2.5320485, 48.8952554 ], [ 2.5320677, 48.8952105 ], [ 2.5321801, 48.8947628 ], [ 2.5321868, 48.8945895 ], [ 2.5322374, 48.8944029 ], [ 2.5325662, 48.8932482 ], [ 2.5304289, 48.8922429 ], [ 2.528214, 48.8920726 ], [ 2.5271836, 48.8917084 ], [ 2.5260634, 48.8918204 ], [ 2.5241131, 48.8932162 ], [ 2.5236017, 48.8933628 ], [ 2.5228578, 48.8931593 ], [ 2.5209551, 48.8914713 ], [ 2.520653, 48.8916701 ], [ 2.5205698, 48.8917265 ], [ 2.5196663, 48.890801 ], [ 2.5192585, 48.8909271 ], [ 2.5185341, 48.8909415 ], [ 2.5181518, 48.8911328 ], [ 2.5202746, 48.8890935 ], [ 2.5205354, 48.8888429 ], [ 2.5221172, 48.8873231 ], [ 2.5244317, 48.8845796 ], [ 2.5246301, 48.8843907 ], [ 2.5249804, 48.8839292 ], [ 2.5250815, 48.8835135 ], [ 2.525099, 48.8834416 ], [ 2.5251707, 48.8831179 ], [ 2.5252147, 48.8829193 ], [ 2.525458, 48.8829249 ], [ 2.5257878, 48.8829326 ], [ 2.5257593, 48.8819487 ], [ 2.5264623, 48.8812526 ], [ 2.5266158, 48.8811006 ], [ 2.5267355, 48.8809821 ], [ 2.5270938, 48.8807804 ], [ 2.5269642, 48.8805242 ], [ 2.5276357, 48.8800915 ], [ 2.5275041, 48.8799826 ], [ 2.5274611, 48.8799542 ], [ 2.5271605, 48.8797318 ], [ 2.5265065, 48.8796262 ], [ 2.5285264, 48.8789446 ], [ 2.5285542, 48.8789256 ], [ 2.5300517, 48.8743765 ], [ 2.5302718, 48.8748058 ], [ 2.5303507, 48.8750379 ], [ 2.5304855, 48.8755077 ], [ 2.5305153, 48.8756116 ], [ 2.5306718, 48.8759175 ], [ 2.530709, 48.8759878 ], [ 2.5309492, 48.8764408 ], [ 2.5312051, 48.8766595 ], [ 2.5335431, 48.8751548 ], [ 2.5331576, 48.8748955 ], [ 2.5334587, 48.8747441 ], [ 2.5338733, 48.8749777 ], [ 2.5343927, 48.8746558 ], [ 2.534922, 48.8743853 ], [ 2.5353311, 48.8744777 ], [ 2.5354105, 48.8743958 ], [ 2.5358544, 48.8739375 ], [ 2.5363231, 48.8731118 ], [ 2.5368759, 48.8726326 ], [ 2.5372191, 48.8727875 ], [ 2.5372934, 48.8726486 ], [ 2.5373266, 48.8725864 ], [ 2.5375976, 48.8722369 ], [ 2.5392066, 48.8696658 ], [ 2.5393149, 48.8697041 ], [ 2.5398317, 48.8698812 ], [ 2.5406874, 48.8701458 ], [ 2.540793, 48.8701783 ], [ 2.5416509, 48.8704577 ], [ 2.541788, 48.8704992 ], [ 2.5419385, 48.8705482 ], [ 2.5431203, 48.8709228 ], [ 2.5443804, 48.8713222 ], [ 2.5444793, 48.8713535 ], [ 2.5445488, 48.8713758 ], [ 2.5447106, 48.8714276 ], [ 2.5462498, 48.871911 ], [ 2.5471287, 48.8721894 ], [ 2.5472657, 48.8722535 ], [ 2.5487078, 48.8728579 ], [ 2.5490573, 48.8730128 ], [ 2.5491727, 48.873064 ], [ 2.5493101, 48.8731105 ], [ 2.5495102, 48.8731999 ], [ 2.550278, 48.8735448 ], [ 2.5505562, 48.873682 ], [ 2.5508196, 48.8738159 ], [ 2.5511116, 48.8739724 ], [ 2.5515321, 48.8742032 ], [ 2.5518553, 48.874378 ], [ 2.5518977, 48.8744007 ], [ 2.5519736, 48.8744483 ], [ 2.5521503, 48.8743105 ], [ 2.5526642, 48.8739194 ], [ 2.5528945, 48.8736731 ], [ 2.5533128, 48.8731327 ], [ 2.5533506, 48.873072 ], [ 2.5534017, 48.8729836 ], [ 2.5537158, 48.8724404 ], [ 2.5537639, 48.8723567 ], [ 2.5538185, 48.8722594 ], [ 2.5541223, 48.8717361 ], [ 2.554241, 48.8715292 ], [ 2.5545194, 48.8710338 ], [ 2.5546058, 48.8708738 ], [ 2.5546409, 48.8708054 ], [ 2.5546488, 48.8707486 ], [ 2.5546984, 48.8706449 ], [ 2.5548208, 48.8703839 ], [ 2.5548549, 48.8703075 ], [ 2.5548977, 48.8702207 ], [ 2.5550101, 48.8700443 ], [ 2.5550891, 48.8699313 ], [ 2.5551646, 48.8698569 ], [ 2.5553268, 48.86965 ], [ 2.5554835, 48.8694899 ], [ 2.5556759, 48.8693224 ], [ 2.5557792, 48.8692206 ], [ 2.5558722, 48.8691579 ], [ 2.5561247, 48.8689567 ], [ 2.556646, 48.8685067 ], [ 2.556798, 48.8683857 ], [ 2.5568588, 48.8683451 ], [ 2.5570313, 48.8682301 ], [ 2.557187, 48.8681317 ], [ 2.5572133, 48.8681147 ], [ 2.558037, 48.8675817 ], [ 2.5580592, 48.8675673 ], [ 2.5582735, 48.8674596 ], [ 2.5587223, 48.8672621 ], [ 2.5605322, 48.8666292 ], [ 2.5617505, 48.866305 ], [ 2.561929, 48.8662595 ], [ 2.5619599, 48.8662516 ], [ 2.5619895, 48.8662452 ], [ 2.5621921, 48.8661947 ], [ 2.5623177, 48.8661616 ], [ 2.5623709, 48.8661473 ], [ 2.5623932, 48.8661414 ], [ 2.5644619, 48.8656304 ], [ 2.5656494, 48.8656999 ], [ 2.5663426, 48.8657617 ], [ 2.5671299, 48.8658329 ], [ 2.5675412, 48.8658715 ] ] ] } },
{ "type": "Feature", "id": "relation/162562", "properties": { "@id": "relation/162562", "admin_level": "8", "boundary": "administrative", "name": "Neuilly-sur-Marne", "population": "37531", "population:date": "2021", "postal_code": "93330", "ref:FR:SIREN": "219300506", "ref:INSEE": "93050", "source:population": "INSEE 2024", "source:postal_code": "La Poste - 12/2014", "type": "boundary", "wikidata": "Q220906", "wikipedia": "fr:Neuilly-sur-Marne" }, "geometry": { "type": "Polygon", "coordinates": [ [ [ 2.5519736, 48.8744483 ], [ 2.5518977, 48.8744007 ], [ 2.5518553, 48.874378 ], [ 2.5515321, 48.8742032 ], [ 2.5511116, 48.8739724 ], [ 2.5508196, 48.8738159 ], [ 2.5505562, 48.873682 ], [ 2.550278, 48.8735448 ], [ 2.5495102, 48.8731999 ], [ 2.5493101, 48.8731105 ], [ 2.5491727, 48.873064 ], [ 2.5490573, 48.8730128 ], [ 2.5487078, 48.8728579 ], [ 2.5472657, 48.8722535 ], [ 2.5471287, 48.8721894 ], [ 2.5462498, 48.871911 ], [ 2.5447106, 48.8714276 ], [ 2.5445488, 48.8713758 ], [ 2.5444793, 48.8713535 ], [ 2.5443804, 48.8713222 ], [ 2.5431203, 48.8709228 ], [ 2.5419385, 48.8705482 ], [ 2.541788, 48.8704992 ], [ 2.5416509, 48.8704577 ], [ 2.540793, 48.8701783 ], [ 2.5406874, 48.8701458 ], [ 2.5398317, 48.8698812 ], [ 2.5393149, 48.8697041 ], [ 2.5392066, 48.8696658 ], [ 2.5375976, 48.8722369 ], [ 2.5373266, 48.8725864 ], [ 2.5372934, 48.8726486 ], [ 2.5372191, 48.8727875 ], [ 2.5368759, 48.8726326 ], [ 2.5363231, 48.8731118 ], [ 2.5358544, 48.8739375 ], [ 2.5354105, 48.8743958 ], [ 2.5353311, 48.8744777 ], [ 2.534922, 48.8743853 ], [ 2.5343927, 48.8746558 ], [ 2.5338733, 48.8749777 ], [ 2.5334587, 48.8747441 ], [ 2.5331576, 48.8748955 ], [ 2.5335431, 48.8751548 ], [ 2.5312051, 48.8766595 ], [ 2.5309492, 48.8764408 ], [ 2.530709, 48.8759878 ], [ 2.5306718, 48.8759175 ], [ 2.5305153, 48.8756116 ], [ 2.5304855, 48.8755077 ], [ 2.5303507, 48.8750379 ], [ 2.5302718, 48.8748058 ], [ 2.5300517, 48.8743765 ], [ 2.5298613, 48.8741078 ], [ 2.5297898, 48.8739937 ], [ 2.5296958, 48.8738524 ], [ 2.5295353, 48.8739247 ], [ 2.5284703, 48.8743717 ], [ 2.5270449, 48.8749641 ], [ 2.5264931, 48.8751885 ], [ 2.5261277, 48.8753556 ], [ 2.5260175, 48.8754032 ], [ 2.5258469, 48.8754334 ], [ 2.5254312, 48.875507 ], [ 2.5250098, 48.8755448 ], [ 2.5248511, 48.8754774 ], [ 2.5241908, 48.8753146 ], [ 2.5241382, 48.8753064 ], [ 2.5237496, 48.8752459 ], [ 2.5236868, 48.8752361 ], [ 2.5229487, 48.8751648 ], [ 2.5225785, 48.8752087 ], [ 2.522202, 48.8752072 ], [ 2.5219636, 48.875129 ], [ 2.52119, 48.8748752 ], [ 2.5210366, 48.8748249 ], [ 2.520665, 48.8746677 ], [ 2.5204769, 48.8745914 ], [ 2.5211021, 48.8738037 ], [ 2.5210174, 48.8735012 ], [ 2.5217506, 48.8734411 ], [ 2.5218616, 48.8736897 ], [ 2.5221917, 48.8736327 ], [ 2.5222289, 48.8737439 ], [ 2.5227488, 48.8736462 ], [ 2.5226415, 48.8734047 ], [ 2.5227034, 48.8733965 ], [ 2.5226332, 48.8732446 ], [ 2.5232934, 48.8731251 ], [ 2.5234296, 48.873383 ], [ 2.5244218, 48.8732513 ], [ 2.5243413, 48.872851 ], [ 2.524232, 48.8726475 ], [ 2.524129, 48.8724783 ], [ 2.5241034, 48.872447 ], [ 2.5239431, 48.8722499 ], [ 2.5237224, 48.8720341 ], [ 2.5235071, 48.8718993 ], [ 2.5232224, 48.8716028 ], [ 2.523215, 48.8715968 ], [ 2.5231076, 48.8715105 ], [ 2.5230087, 48.871431 ], [ 2.5228847, 48.8713005 ], [ 2.5227974, 48.8711421 ], [ 2.5228631, 48.8710913 ], [ 2.5227084, 48.8710145 ], [ 2.5220417, 48.8705731 ], [ 2.522013, 48.8704549 ], [ 2.5217848, 48.870313 ], [ 2.5218802, 48.8702692 ], [ 2.5204942, 48.8692935 ], [ 2.5198541, 48.8689651 ], [ 2.5195658, 48.8688152 ], [ 2.5191512, 48.8684615 ], [ 2.5190098, 48.8683563 ], [ 2.5189025, 48.8682317 ], [ 2.5187401, 48.8681229 ], [ 2.5185758, 48.8680503 ], [ 2.5184985, 48.8680237 ], [ 2.5179922, 48.867854 ], [ 2.5172672, 48.8676182 ], [ 2.5170255, 48.8675512 ], [ 2.5165816, 48.8674549 ], [ 2.5162134, 48.8673976 ], [ 2.5165553, 48.8668774 ], [ 2.5173879, 48.8658496 ], [ 2.5175654, 48.8657847 ], [ 2.5181836, 48.8646621 ], [ 2.5184736, 48.8645525 ], [ 2.5186753, 48.8633432 ], [ 2.5188423, 48.8622496 ], [ 2.5189034, 48.8618498 ], [ 2.5192042, 48.861875 ], [ 2.519258, 48.8614308 ], [ 2.5192581, 48.8614072 ], [ 2.5193073, 48.8609704 ], [ 2.5196964, 48.8610022 ], [ 2.5197136, 48.8603246 ], [ 2.5193617, 48.8603471 ], [ 2.5191092, 48.8593244 ], [ 2.5183762, 48.859442 ], [ 2.5182496, 48.8591142 ], [ 2.5178583, 48.8579352 ], [ 2.5174073, 48.8580008 ], [ 2.5173371, 48.858011 ], [ 2.5171492, 48.8571531 ], [ 2.5171341, 48.8571059 ], [ 2.5168662, 48.856289 ], [ 2.5167985, 48.8562517 ], [ 2.5166848, 48.8562265 ], [ 2.5165029, 48.8561896 ], [ 2.5162583, 48.8561522 ], [ 2.5161675, 48.8561425 ], [ 2.5162963, 48.8535379 ], [ 2.5164098, 48.8533226 ], [ 2.5200793, 48.8540542 ], [ 2.5204356, 48.8533109 ], [ 2.5206611, 48.8528255 ], [ 2.5209608, 48.8522196 ], [ 2.5223613, 48.8523534 ], [ 2.5230388, 48.8524006 ], [ 2.5242563, 48.8524918 ], [ 2.5261607, 48.8526082 ], [ 2.5273677, 48.8527106 ], [ 2.5278067, 48.8527572 ], [ 2.5285621, 48.8528362 ], [ 2.5301585, 48.8531243 ], [ 2.5316005, 48.8534292 ], [ 2.5322614, 48.8535365 ], [ 2.5327775, 48.8535813 ], [ 2.5331157, 48.8536107 ], [ 2.5350938, 48.8536664 ], [ 2.5360715, 48.8536142 ], [ 2.5366052, 48.8535277 ], [ 2.5376647, 48.8533248 ], [ 2.5382092, 48.8532065 ], [ 2.5397166, 48.8529753 ], [ 2.5408726, 48.8529577 ], [ 2.5415459, 48.8530565 ], [ 2.5423559, 48.8532718 ], [ 2.5429674, 48.8535436 ], [ 2.5437541, 48.8539149 ], [ 2.5443354, 48.8541225 ], [ 2.5449442, 48.8542743 ], [ 2.5457838, 48.8543943 ], [ 2.5464168, 48.854449 ], [ 2.5480368, 48.8544913 ], [ 2.550406, 48.8545644 ], [ 2.5517919, 48.8546025 ], [ 2.552846, 48.8545531 ], [ 2.5546619, 48.8544649 ], [ 2.5570061, 48.8541296 ], [ 2.5585698, 48.8539566 ], [ 2.5593423, 48.8539319 ], [ 2.5604747, 48.8538541 ], [ 2.5619312, 48.8539258 ], [ 2.5625608, 48.8540137 ], [ 2.5628104, 48.8540696 ], [ 2.5643768, 48.8547296 ], [ 2.5669678, 48.8552996 ], [ 2.5675095, 48.8555861 ], [ 2.5677107, 48.8560091 ], [ 2.5677584, 48.8565762 ], [ 2.5676309, 48.8569131 ], [ 2.5673993, 48.8572494 ], [ 2.5671339, 48.857571 ], [ 2.5667832, 48.8582105 ], [ 2.5661213, 48.8598302 ], [ 2.5659002, 48.8607274 ], [ 2.5656986, 48.8610564 ], [ 2.5654627, 48.8612638 ], [ 2.5652913, 48.8613707 ], [ 2.5649683, 48.861528 ], [ 2.5648415, 48.8616124 ], [ 2.5647385, 48.8616883 ], [ 2.5645828, 48.8618105 ], [ 2.5645045, 48.8618932 ], [ 2.564445, 48.8619894 ], [ 2.5644093, 48.8620768 ], [ 2.5643761, 48.8621675 ], [ 2.5643618, 48.8622549 ], [ 2.5643552, 48.8623566 ], [ 2.5643662, 48.862448 ], [ 2.5643973, 48.8625422 ], [ 2.564438, 48.8626242 ], [ 2.5644887, 48.8627211 ], [ 2.5645406, 48.8627965 ], [ 2.56459, 48.8628587 ], [ 2.5643634, 48.8639178 ], [ 2.564316, 48.8641444 ], [ 2.5642024, 48.8645979 ], [ 2.5660158, 48.865161 ], [ 2.5666794, 48.865556 ], [ 2.5670762, 48.8656804 ], [ 2.5675818, 48.8657009 ], [ 2.5675412, 48.8658715 ], [ 2.5671299, 48.8658329 ], [ 2.5663426, 48.8657617 ], [ 2.5656494, 48.8656999 ], [ 2.5644619, 48.8656304 ], [ 2.5623932, 48.8661414 ], [ 2.5623709, 48.8661473 ], [ 2.5623177, 48.8661616 ], [ 2.5621921, 48.8661947 ], [ 2.5619895, 48.8662452 ], [ 2.5619599, 48.8662516 ], [ 2.561929, 48.8662595 ], [ 2.5617505, 48.866305 ], [ 2.5605322, 48.8666292 ], [ 2.5587223, 48.8672621 ], [ 2.5582735, 48.8674596 ], [ 2.5580592, 48.8675673 ], [ 2.558037, 48.8675817 ], [ 2.5572133, 48.8681147 ], [ 2.557187, 48.8681317 ], [ 2.5570313, 48.8682301 ], [ 2.5568588, 48.8683451 ], [ 2.556798, 48.8683857 ], [ 2.556646, 48.8685067 ], [ 2.5561247, 48.8689567 ], [ 2.5558722, 48.8691579 ], [ 2.5557792, 48.8692206 ], [ 2.5556759, 48.8693224 ], [ 2.5554835, 48.8694899 ], [ 2.5553268, 48.86965 ], [ 2.5551646, 48.8698569 ], [ 2.5550891, 48.8699313 ], [ 2.5550101, 48.8700443 ], [ 2.5548977, 48.8702207 ], [ 2.5548549, 48.8703075 ], [ 2.5548208, 48.8703839 ], [ 2.5546984, 48.8706449 ], [ 2.5546488, 48.8707486 ], [ 2.5546409, 48.8708054 ], [ 2.5546058, 48.8708738 ], [ 2.5545194, 48.8710338 ], [ 2.554241, 48.8715292 ], [ 2.5541223, 48.8717361 ], [ 2.5538185, 48.8722594 ], [ 2.5537639, 48.8723567 ], [ 2.5537158, 48.8724404 ], [ 2.5534017, 48.8729836 ], [ 2.5533506, 48.873072 ], [ 2.5533128, 48.8731327 ], [ 2.5528945, 48.8736731 ], [ 2.5526642, 48.8739194 ], [ 2.5521503, 48.8743105 ], [ 2.5519736, 48.8744483 ] ] ] } },
{ "type": "Feature", "id": "relation/162566", "properties": { "@id": "relation/162566", "admin_level": "8", "boundary": "administrative", "name": "Livry-Gargan", "population": "46028", "population:date": "2021", "postal_code": "93190", "ref:FR:SIREN": "219300464", "ref:INSEE": "93046", "source:population": "INSEE 2024", "source:postal_code": "source of postcode is from osm nodes", "type": "boundary", "wikidata": "Q180005", "wikipedia": "fr:Livry-Gargan" }, "geometry": { "type": "Polygon", "coordinates": [ [ [ 2.5223612, 48.9245516 ], [ 2.5223492, 48.9245396 ], [ 2.5217673, 48.9239566 ], [ 2.5190935, 48.925113 ], [ 2.519057, 48.9251165 ], [ 2.5188173, 48.9251393 ], [ 2.5186045, 48.925165 ], [ 2.5185803, 48.9250747 ], [ 2.5181419, 48.9251264 ], [ 2.5176428, 48.9251491 ], [ 2.5176022, 48.9248688 ], [ 2.5175744, 48.924685 ], [ 2.5174824, 48.9246296 ], [ 2.5165428, 48.9239893 ], [ 2.5163472, 48.9237448 ], [ 2.5160995, 48.9233458 ], [ 2.5159967, 48.9232167 ], [ 2.5156623, 48.9229239 ], [ 2.5156074, 48.9228758 ], [ 2.5155223, 48.922921 ], [ 2.515366, 48.923004 ], [ 2.51497, 48.9232144 ], [ 2.5149432, 48.9231791 ], [ 2.5136058, 48.9216186 ], [ 2.5137582, 48.9215514 ], [ 2.5122512, 48.9194098 ], [ 2.5122611, 48.919342 ], [ 2.5111011, 48.9192118 ], [ 2.5110368, 48.9192039 ], [ 2.5108247, 48.9191808 ], [ 2.5105989, 48.9191527 ], [ 2.5091725, 48.918978 ], [ 2.5085121, 48.9189018 ], [ 2.5084447, 48.918894 ], [ 2.5083291, 48.9188831 ], [ 2.5071157, 48.9187373 ], [ 2.5069627, 48.9185912 ], [ 2.5062948, 48.9179823 ], [ 2.5057003, 48.9174414 ], [ 2.5077815, 48.9165957 ], [ 2.5087248, 48.9162177 ], [ 2.5086604, 48.9157454 ], [ 2.5085994, 48.9152984 ], [ 2.5085347, 48.914819 ], [ 2.5085232, 48.9147345 ], [ 2.5084493, 48.9147334 ], [ 2.5083795, 48.9147197 ], [ 2.5083356, 48.9147035 ], [ 2.5082844, 48.9146736 ], [ 2.5084545, 48.9143737 ], [ 2.5084634, 48.9143258 ], [ 2.5089654, 48.913146 ], [ 2.5092939, 48.9123325 ], [ 2.5095092, 48.9118197 ], [ 2.5095519, 48.9117065 ], [ 2.5096065, 48.9116197 ], [ 2.5097418, 48.9112749 ], [ 2.5100949, 48.9103697 ], [ 2.5101115, 48.9102743 ], [ 2.5101244, 48.9102412 ], [ 2.5123034, 48.9105661 ], [ 2.5187462, 48.9115205 ], [ 2.5196553, 48.9116923 ], [ 2.520236, 48.9117993 ], [ 2.5208616, 48.9119607 ], [ 2.5212752, 48.9120923 ], [ 2.5210241, 48.9118192 ], [ 2.5206964, 48.9114888 ], [ 2.520213, 48.9109906 ], [ 2.5193641, 48.9101617 ], [ 2.5193108, 48.9101097 ], [ 2.5184743, 48.9092783 ], [ 2.5177988, 48.9085999 ], [ 2.5176867, 48.9085102 ], [ 2.5176159, 48.9084247 ], [ 2.5175244, 48.9080507 ], [ 2.5176034, 48.9080588 ], [ 2.5176608, 48.9078505 ], [ 2.5177424, 48.9076076 ], [ 2.5177428, 48.9075379 ], [ 2.5176967, 48.9074174 ], [ 2.5176341, 48.907349 ], [ 2.5162421, 48.9063811 ], [ 2.5159254, 48.9061542 ], [ 2.5153261, 48.9058412 ], [ 2.5151904, 48.9057704 ], [ 2.5146935, 48.905256 ], [ 2.5145827, 48.9051707 ], [ 2.5143246, 48.9049071 ], [ 2.5142286, 48.9048534 ], [ 2.5141469, 48.9047837 ], [ 2.5141205, 48.9047523 ], [ 2.51145, 48.9020043 ], [ 2.5113455, 48.9020389 ], [ 2.5112986, 48.9020221 ], [ 2.5110869, 48.9018156 ], [ 2.5111109, 48.9018064 ], [ 2.5111548, 48.9017898 ], [ 2.511237, 48.9017575 ], [ 2.5119002, 48.9014865 ], [ 2.5121425, 48.9017345 ], [ 2.5124983, 48.9018738 ], [ 2.5126607, 48.9019622 ], [ 2.5126917, 48.9019486 ], [ 2.5130132, 48.9021595 ], [ 2.5130682, 48.9021139 ], [ 2.5138763, 48.9024151 ], [ 2.5146005, 48.9024094 ], [ 2.5158783, 48.9029212 ], [ 2.5158853, 48.9029599 ], [ 2.5160924, 48.9030005 ], [ 2.5161233, 48.9029618 ], [ 2.5164023, 48.9028636 ], [ 2.5175443, 48.9030005 ], [ 2.518179, 48.9030449 ], [ 2.5186139, 48.9031488 ], [ 2.5187521, 48.90321 ], [ 2.5189799, 48.9032483 ], [ 2.5191903, 48.9032548 ], [ 2.5206735, 48.9033297 ], [ 2.5208224, 48.9034977 ], [ 2.5209361, 48.9034589 ], [ 2.5209256, 48.9034271 ], [ 2.5211701, 48.9033312 ], [ 2.521215, 48.9033402 ], [ 2.522174, 48.9043458 ], [ 2.5222891, 48.9043811 ], [ 2.5225228, 48.9044529 ], [ 2.5229241, 48.904646 ], [ 2.5235747, 48.9049491 ], [ 2.5240539, 48.9050557 ], [ 2.5248362, 48.9053348 ], [ 2.5249081, 48.9053762 ], [ 2.5249332, 48.9053665 ], [ 2.5252355, 48.9052458 ], [ 2.5253141, 48.9053365 ], [ 2.5269865, 48.9069594 ], [ 2.5271071, 48.9070376 ], [ 2.5272944, 48.9071191 ], [ 2.5276219, 48.9072093 ], [ 2.5285806, 48.9074856 ], [ 2.5288793, 48.9075507 ], [ 2.5290812, 48.9075897 ], [ 2.529469, 48.9075961 ], [ 2.5300518, 48.9075527 ], [ 2.5307276, 48.907705 ], [ 2.5309531, 48.907753 ], [ 2.5325535, 48.9081356 ], [ 2.5326991, 48.9081576 ], [ 2.5330616, 48.9082157 ], [ 2.5332207, 48.908275 ], [ 2.5334862, 48.9083278 ], [ 2.5336419, 48.9083562 ], [ 2.5338208, 48.9083944 ], [ 2.534127, 48.9084581 ], [ 2.5344539, 48.9085144 ], [ 2.5345569, 48.9085257 ], [ 2.5353628, 48.908582 ], [ 2.5355537, 48.9085956 ], [ 2.5356891, 48.908605 ], [ 2.5361357, 48.9086324 ], [ 2.5362569, 48.9086459 ], [ 2.5363472, 48.9086667 ], [ 2.5363898, 48.9086807 ], [ 2.5365982, 48.9087554 ], [ 2.536673, 48.9087822 ], [ 2.5373884, 48.9090591 ], [ 2.5381946, 48.9093837 ], [ 2.5382804, 48.9094232 ], [ 2.5383178, 48.9094446 ], [ 2.5383405, 48.9094684 ], [ 2.5383558, 48.9094946 ], [ 2.5383637, 48.9095208 ], [ 2.5384233, 48.9101895 ], [ 2.5384291, 48.9102463 ], [ 2.5384812, 48.9108858 ], [ 2.5384896, 48.9109911 ], [ 2.5384984, 48.9110814 ], [ 2.5385071, 48.9111547 ], [ 2.5385294, 48.9113883 ], [ 2.5385426, 48.9115918 ], [ 2.5385468, 48.9116564 ], [ 2.5394677, 48.9117064 ], [ 2.5395879, 48.9117121 ], [ 2.5396583, 48.9117337 ], [ 2.5397215, 48.9117645 ], [ 2.5397757, 48.9118227 ], [ 2.5398065, 48.9118874 ], [ 2.539828, 48.911958 ], [ 2.5398261, 48.9120412 ], [ 2.5398032, 48.9121034 ], [ 2.539766, 48.9121929 ], [ 2.5397502, 48.9122576 ], [ 2.5397537, 48.912313 ], [ 2.539819, 48.9125375 ], [ 2.539861, 48.9126821 ], [ 2.5398702, 48.9127111 ], [ 2.5398882, 48.9127622 ], [ 2.5399119, 48.9128201 ], [ 2.5399294, 48.9128646 ], [ 2.5399427, 48.9128936 ], [ 2.5400027, 48.9130572 ], [ 2.5400238, 48.913116 ], [ 2.5402739, 48.9137405 ], [ 2.5403896, 48.9140295 ], [ 2.5407862, 48.9150199 ], [ 2.5408338, 48.9151317 ], [ 2.5409972, 48.9154996 ], [ 2.5416431, 48.9162238 ], [ 2.542386, 48.9168741 ], [ 2.5430199, 48.9173133 ], [ 2.5433133, 48.9175166 ], [ 2.5439385, 48.9177963 ], [ 2.5445563, 48.9181412 ], [ 2.5451826, 48.9174657 ], [ 2.5452569, 48.9174009 ], [ 2.5453175, 48.9173575 ], [ 2.5453875, 48.917318 ], [ 2.5456809, 48.917174 ], [ 2.5457139, 48.9171553 ], [ 2.5457421, 48.9171393 ], [ 2.5458297, 48.917081 ], [ 2.5459437, 48.9170048 ], [ 2.5460362, 48.9169377 ], [ 2.5461647, 48.9168502 ], [ 2.5462307, 48.9168095 ], [ 2.5463021, 48.9167676 ], [ 2.5463915, 48.9167265 ], [ 2.5464713, 48.9167027 ], [ 2.5465309, 48.9166873 ], [ 2.546862, 48.9166367 ], [ 2.5471173, 48.9165994 ], [ 2.5471904, 48.9165816 ], [ 2.5472749, 48.9165565 ], [ 2.5473353, 48.9165345 ], [ 2.547408, 48.9164992 ], [ 2.547534, 48.9164106 ], [ 2.5476057, 48.9163438 ], [ 2.5477457, 48.9163088 ], [ 2.549075, 48.9162502 ], [ 2.5505471, 48.9161884 ], [ 2.5515532, 48.915482 ], [ 2.5528888, 48.9149321 ], [ 2.555189, 48.9168375 ], [ 2.5552533, 48.9169316 ], [ 2.5568992, 48.9193379 ], [ 2.5569057, 48.9193474 ], [ 2.5569429, 48.9194018 ], [ 2.5584479, 48.9202732 ], [ 2.5592087, 48.921381 ], [ 2.5600945, 48.9236626 ], [ 2.5609737, 48.9247572 ], [ 2.5611902, 48.9248906 ], [ 2.5618225, 48.9250348 ], [ 2.5619467, 48.9255511 ], [ 2.5617803, 48.9259797 ], [ 2.5620317, 48.9262685 ], [ 2.5630071, 48.9266124 ], [ 2.563831, 48.9273347 ], [ 2.5642182, 48.9277407 ], [ 2.5645304, 48.9280035 ], [ 2.5642798, 48.9298044 ], [ 2.5637447, 48.9309258 ], [ 2.5631928, 48.9317826 ], [ 2.5621758, 48.9324516 ], [ 2.5615759, 48.9328697 ], [ 2.5616008, 48.9331252 ], [ 2.560728, 48.9329305 ], [ 2.5606162, 48.9329395 ], [ 2.5599184, 48.9337057 ], [ 2.5598851, 48.9337701 ], [ 2.5596356, 48.9337379 ], [ 2.5595375, 48.9337252 ], [ 2.5587821, 48.9336187 ], [ 2.5586003, 48.933608 ], [ 2.5583867, 48.9336133 ], [ 2.5580515, 48.9336332 ], [ 2.5574945, 48.9336706 ], [ 2.5574067, 48.9342038 ], [ 2.5569119, 48.9341823 ], [ 2.5562428, 48.9339473 ], [ 2.5490576, 48.9353318 ], [ 2.5460094, 48.9340976 ], [ 2.545597, 48.9343062 ], [ 2.5437685, 48.9346327 ], [ 2.5437587, 48.934559 ], [ 2.5437732, 48.9345347 ], [ 2.543748, 48.9344154 ], [ 2.5436931, 48.9343089 ], [ 2.5435367, 48.9340674 ], [ 2.5435646, 48.9337199 ], [ 2.5434448, 48.9335253 ], [ 2.5432345, 48.9334158 ], [ 2.5430269, 48.9333525 ], [ 2.5428282, 48.9332891 ], [ 2.5420726, 48.9330564 ], [ 2.5419144, 48.9329017 ], [ 2.5417642, 48.9325095 ], [ 2.5417866, 48.9324894 ], [ 2.5417517, 48.9324713 ], [ 2.5417137, 48.9323629 ], [ 2.541668, 48.9323302 ], [ 2.5415538, 48.9322524 ], [ 2.5414111, 48.9321348 ], [ 2.5412329, 48.931989 ], [ 2.541191, 48.9320112 ], [ 2.541153, 48.9319802 ], [ 2.54085, 48.9316814 ], [ 2.5411918, 48.9315163 ], [ 2.5413071, 48.9314865 ], [ 2.5416237, 48.9314291 ], [ 2.5416774, 48.9314088 ], [ 2.5420607, 48.9312466 ], [ 2.5417558, 48.9311012 ], [ 2.5416743, 48.9310491 ], [ 2.5413642, 48.930848 ], [ 2.540842, 48.9304996 ], [ 2.5408901, 48.9303815 ], [ 2.5411186, 48.9301793 ], [ 2.5408137, 48.9297458 ], [ 2.5407759, 48.9297083 ], [ 2.540703, 48.929768 ], [ 2.5406655, 48.9297445 ], [ 2.5406306, 48.9297207 ], [ 2.5405213, 48.9296502 ], [ 2.5402522, 48.9294334 ], [ 2.5400566, 48.9292683 ], [ 2.5398638, 48.9290827 ], [ 2.5398503, 48.9290508 ], [ 2.5398425, 48.9290307 ], [ 2.5397451, 48.9287299 ], [ 2.5396092, 48.9284305 ], [ 2.5392417, 48.9277118 ], [ 2.5391257, 48.9275061 ], [ 2.5390834, 48.9274475 ], [ 2.5385325, 48.9270857 ], [ 2.5378716, 48.9266516 ], [ 2.5367875, 48.925942 ], [ 2.536735, 48.9259089 ], [ 2.5366406, 48.9258494 ], [ 2.534612, 48.927252 ], [ 2.5340321, 48.9265768 ], [ 2.5332238, 48.9269198 ], [ 2.5326218, 48.9270755 ], [ 2.5318337, 48.9272784 ], [ 2.5318194, 48.9272301 ], [ 2.5316153, 48.9263814 ], [ 2.5314377, 48.9262041 ], [ 2.5310451, 48.9261844 ], [ 2.5309619, 48.9261829 ], [ 2.5307111, 48.926202 ], [ 2.5303637, 48.9262523 ], [ 2.5300217, 48.9262776 ], [ 2.5296921, 48.9263015 ], [ 2.5293504, 48.9260402 ], [ 2.5291125, 48.9261355 ], [ 2.5287806, 48.9261686 ], [ 2.5282777, 48.926157 ], [ 2.5280926, 48.9261496 ], [ 2.5279631, 48.9261625 ], [ 2.5279156, 48.9261707 ], [ 2.5278298, 48.9261958 ], [ 2.5277678, 48.9262267 ], [ 2.5276293, 48.9263227 ], [ 2.527402, 48.9264839 ], [ 2.5273035, 48.9265365 ], [ 2.5269782, 48.9266575 ], [ 2.5267803, 48.9267432 ], [ 2.5267187, 48.9267827 ], [ 2.5266489, 48.9268358 ], [ 2.5265189, 48.9270117 ], [ 2.5263653, 48.9271973 ], [ 2.5262218, 48.9273682 ], [ 2.5260314, 48.9275611 ], [ 2.5259355, 48.9276514 ], [ 2.5258375, 48.9277329 ], [ 2.5256962, 48.9277917 ], [ 2.5253648, 48.9278553 ], [ 2.5251955, 48.9274946 ], [ 2.5248556, 48.9275595 ], [ 2.5244413, 48.9266608 ], [ 2.5244293, 48.9266029 ], [ 2.524446, 48.9265421 ], [ 2.5241805, 48.9260107 ], [ 2.5235018, 48.9257265 ], [ 2.5241789, 48.9250093 ], [ 2.5226198, 48.9246095 ], [ 2.5225856, 48.9246006 ], [ 2.522437, 48.9245685 ], [ 2.5223612, 48.9245516 ] ] ] } },
{ "type": "Feature", "id": "way/23188735", "properties": { "@id": "way/23188735", "admin_level": "8", "boundary": "administrative", "source": "cadastre-dgi-fr source : Direction Générale des Impôts - Cadastre. Mise à jour : 2011", "@relations": [ { "role": "outer", "rel": 130580, "reltags": { "admin_level": "8", "boundary": "administrative", "name": "Rosny-sous-Bois", "population": "45655", "population:date": "2021", "postal_code": "93110", "ref:FR:SIREN": "219300647", "ref:INSEE": "93064", "source:population": "INSEE 2024", "source:postal_code": "La Poste - 12/2014", "type": "boundary", "wikidata": "Q275547", "wikipedia": "fr:Rosny-sous-Bois" } }, { "role": "outer", "rel": 134947, "reltags": { "admin_level": "8", "boundary": "administrative", "name": "Neuilly-Plaisance", "population": "21415", "population:date": "2021", "postal_code": "93360", "ref:FR:SIREN": "219300498", "ref:INSEE": "93049", "source:population": "INSEE 2024", "source:postal_code": "La Poste - 12/2014", "type": "boundary", "wikidata": "Q685597", "wikipedia": "fr:Neuilly-Plaisance" } } ] }, "geometry": { "type": "LineString", "coordinates": [ [ 2.5094157, 48.8780603 ], [ 2.5088575, 48.8773692 ], [ 2.5082969, 48.8766876 ], [ 2.5081542, 48.8765159 ], [ 2.5081125, 48.8764657 ], [ 2.5079902, 48.8763189 ], [ 2.5078709, 48.8761752 ], [ 2.5078246, 48.8760628 ], [ 2.5078391, 48.8758643 ], [ 2.5078088, 48.8757739 ], [ 2.5077485, 48.8757216 ], [ 2.5077281, 48.8756988 ], [ 2.5075858, 48.8755546 ], [ 2.507559, 48.8755038 ], [ 2.5074558, 48.8753851 ], [ 2.5073171, 48.8751979 ], [ 2.5072192, 48.8750962 ], [ 2.5070671, 48.8749076 ], [ 2.5070217, 48.8748349 ], [ 2.5069899, 48.8747724 ], [ 2.5069252, 48.8746831 ], [ 2.5068598, 48.8746137 ], [ 2.5067942, 48.8745406 ], [ 2.5066903, 48.8744766 ], [ 2.50673, 48.8744189 ], [ 2.5066848, 48.8743496 ], [ 2.5057956, 48.8729324 ], [ 2.5061255, 48.8728322 ], [ 2.5054193, 48.8721408 ], [ 2.5051447, 48.8722255 ], [ 2.5050159, 48.872265 ], [ 2.5044065, 48.8725134 ], [ 2.5035482, 48.8729312 ], [ 2.5029388, 48.8731005 ], [ 2.5023208, 48.8730328 ], [ 2.5016256, 48.8729594 ], [ 2.5010773, 48.8729607 ], [ 2.5009235, 48.8728992 ], [ 2.5009218, 48.8728767 ], [ 2.5009524, 48.8726542 ], [ 2.500982, 48.8723793 ], [ 2.500996, 48.8722499 ], [ 2.5009988, 48.8721883 ], [ 2.501015, 48.871838 ], [ 2.5010928, 48.8718056 ], [ 2.5011461, 48.8715467 ], [ 2.5011541, 48.87149 ], [ 2.5012109, 48.8707897 ] ] } },
{ "type": "Feature", "id": "way/23195463", "properties": { "@id": "way/23195463", "admin_level": "8", "boundary": "administrative", "source": "cadastre-dgi-fr source : Direction Générale des Impôts - Cadastre. Mise à jour : 2011", "@relations": [ { "role": "outer", "rel": 134947, "reltags": { "admin_level": "8", "boundary": "administrative", "name": "Neuilly-Plaisance", "population": "21415", "population:date": "2021", "postal_code": "93360", "ref:FR:SIREN": "219300498", "ref:INSEE": "93049", "source:population": "INSEE 2024", "source:postal_code": "La Poste - 12/2014", "type": "boundary", "wikidata": "Q685597", "wikipedia": "fr:Neuilly-Plaisance" } }, { "role": "outer", "rel": 162329, "reltags": { "admin_level": "8", "boundary": "administrative", "name": "Villemomble", "population": "30332", "population:date": "2021", "postal_code": "93250", "ref:FR:SIREN": "219300779", "ref:INSEE": "93077", "source:population": "INSEE 2024", "type": "boundary", "wikidata": "Q244716", "wikipedia": "fr:Villemomble" } } ] }, "geometry": { "type": "LineString", "coordinates": [ [ 2.5204769, 48.8745914 ], [ 2.5202228, 48.8744984 ], [ 2.5201079, 48.8744563 ], [ 2.5198619, 48.8743663 ] ] } },
{ "type": "Feature", "id": "way/23197353", "properties": { "@id": "way/23197353", "admin_level": "8", "boundary": "administrative", "source": "cadastre-dgi-fr source : Direction Générale des Impôts - Cadastre. Mise à jour : 2011", "@relations": [ { "role": "outer", "rel": 130580, "reltags": { "admin_level": "8", "boundary": "administrative", "name": "Rosny-sous-Bois", "population": "45655", "population:date": "2021", "postal_code": "93110", "ref:FR:SIREN": "219300647", "ref:INSEE": "93064", "source:population": "INSEE 2024", "source:postal_code": "La Poste - 12/2014", "type": "boundary", "wikidata": "Q275547", "wikipedia": "fr:Rosny-sous-Bois" } }, { "role": "outer", "rel": 162329, "reltags": { "admin_level": "8", "boundary": "administrative", "name": "Villemomble", "population": "30332", "population:date": "2021", "postal_code": "93250", "ref:FR:SIREN": "219300779", "ref:INSEE": "93077", "source:population": "INSEE 2024", "type": "boundary", "wikidata": "Q244716", "wikipedia": "fr:Villemomble" } } ] }, "geometry": { "type": "LineString", "coordinates": [ [ 2.4939561, 48.8825006 ], [ 2.4951352, 48.8811642 ], [ 2.4951855, 48.8811817 ], [ 2.4952845, 48.8810967 ], [ 2.4955938, 48.8807917 ], [ 2.4961138, 48.8802484 ], [ 2.4962055, 48.8801584 ], [ 2.4965286, 48.8798226 ], [ 2.4967674, 48.8795745 ], [ 2.49678, 48.8795514 ], [ 2.4968191, 48.8794795 ], [ 2.496943, 48.8792517 ], [ 2.4970054, 48.8791127 ], [ 2.4970678, 48.8789734 ], [ 2.4971652, 48.8787283 ], [ 2.4971929, 48.8786682 ], [ 2.4973223, 48.8784533 ], [ 2.4974074, 48.8783736 ], [ 2.4977108, 48.8781554 ], [ 2.4981225, 48.8779414 ], [ 2.498652, 48.8776573 ], [ 2.4990075, 48.8775665 ], [ 2.5007734, 48.8771082 ], [ 2.5011148, 48.8774223 ], [ 2.5015606, 48.8776777 ], [ 2.5015736, 48.8778829 ], [ 2.501661, 48.8781095 ], [ 2.5041373, 48.8772974 ], [ 2.5042073, 48.8773954 ], [ 2.5046126, 48.8779197 ], [ 2.505156, 48.8786258 ], [ 2.5056774, 48.8793034 ], [ 2.5066757, 48.8789689 ], [ 2.5075615, 48.8786736 ], [ 2.5084378, 48.8783766 ], [ 2.5094157, 48.8780603 ] ] } },
{ "type": "Feature", "id": "way/23199089", "properties": { "@id": "way/23199089", "admin_level": "8", "boundary": "administrative", "source": "cadastre-dgi-fr source : Direction Générale des Impôts - Cadastre. Mise à jour : 2009", "@relations": [ { "role": "outer", "rel": 162329, "reltags": { "admin_level": "8", "boundary": "administrative", "name": "Villemomble", "population": "30332", "population:date": "2021", "postal_code": "93250", "ref:FR:SIREN": "219300779", "ref:INSEE": "93077", "source:population": "INSEE 2024", "type": "boundary", "wikidata": "Q244716", "wikipedia": "fr:Villemomble" } }, { "role": "outer", "rel": 162562, "reltags": { "admin_level": "8", "boundary": "administrative", "name": "Neuilly-sur-Marne", "population": "37531", "population:date": "2021", "postal_code": "93330", "ref:FR:SIREN": "219300506", "ref:INSEE": "93050", "source:population": "INSEE 2024", "source:postal_code": "La Poste - 12/2014", "type": "boundary", "wikidata": "Q220906", "wikipedia": "fr:Neuilly-sur-Marne" } } ] }, "geometry": { "type": "LineString", "coordinates": [ [ 2.5300517, 48.8743765 ], [ 2.5298613, 48.8741078 ], [ 2.5297898, 48.8739937 ], [ 2.5296958, 48.8738524 ], [ 2.5295353, 48.8739247 ], [ 2.5284703, 48.8743717 ], [ 2.5270449, 48.8749641 ], [ 2.5264931, 48.8751885 ], [ 2.5261277, 48.8753556 ], [ 2.5260175, 48.8754032 ], [ 2.5258469, 48.8754334 ], [ 2.5254312, 48.875507 ], [ 2.5250098, 48.8755448 ], [ 2.5248511, 48.8754774 ], [ 2.5241908, 48.8753146 ], [ 2.5241382, 48.8753064 ], [ 2.5237496, 48.8752459 ], [ 2.5236868, 48.8752361 ], [ 2.5229487, 48.8751648 ], [ 2.5225785, 48.8752087 ], [ 2.522202, 48.8752072 ], [ 2.5219636, 48.875129 ], [ 2.52119, 48.8748752 ], [ 2.5210366, 48.8748249 ], [ 2.520665, 48.8746677 ], [ 2.5204769, 48.8745914 ] ] } },
{ "type": "Feature", "id": "way/23199312", "properties": { "@id": "way/23199312", "admin_level": "8", "boundary": "administrative", "source": "cadastre-dgi-fr source : Direction Générale des Impôts - Cadastre. Mise à jour : 2011", "@relations": [ { "role": "outer", "rel": 134947, "reltags": { "admin_level": "8", "boundary": "administrative", "name": "Neuilly-Plaisance", "population": "21415", "population:date": "2021", "postal_code": "93360", "ref:FR:SIREN": "219300498", "ref:INSEE": "93049", "source:population": "INSEE 2024", "source:postal_code": "La Poste - 12/2014", "type": "boundary", "wikidata": "Q685597", "wikipedia": "fr:Neuilly-Plaisance" } }, { "role": "outer", "rel": 162562, "reltags": { "admin_level": "8", "boundary": "administrative", "name": "Neuilly-sur-Marne", "population": "37531", "population:date": "2021", "postal_code": "93330", "ref:FR:SIREN": "219300506", "ref:INSEE": "93050", "source:population": "INSEE 2024", "source:postal_code": "La Poste - 12/2014", "type": "boundary", "wikidata": "Q220906", "wikipedia": "fr:Neuilly-sur-Marne" } } ] }, "geometry": { "type": "LineString", "coordinates": [ [ 2.5204769, 48.8745914 ], [ 2.5211021, 48.8738037 ], [ 2.5210174, 48.8735012 ], [ 2.5217506, 48.8734411 ], [ 2.5218616, 48.8736897 ], [ 2.5221917, 48.8736327 ], [ 2.5222289, 48.8737439 ], [ 2.5227488, 48.8736462 ], [ 2.5226415, 48.8734047 ], [ 2.5227034, 48.8733965 ], [ 2.5226332, 48.8732446 ], [ 2.5232934, 48.8731251 ], [ 2.5234296, 48.873383 ], [ 2.5244218, 48.8732513 ], [ 2.5243413, 48.872851 ], [ 2.524232, 48.8726475 ], [ 2.524129, 48.8724783 ], [ 2.5241034, 48.872447 ], [ 2.5239431, 48.8722499 ], [ 2.5237224, 48.8720341 ], [ 2.5235071, 48.8718993 ], [ 2.5232224, 48.8716028 ], [ 2.523215, 48.8715968 ], [ 2.5231076, 48.8715105 ], [ 2.5230087, 48.871431 ], [ 2.5228847, 48.8713005 ], [ 2.5227974, 48.8711421 ], [ 2.5228631, 48.8710913 ], [ 2.5227084, 48.8710145 ], [ 2.5220417, 48.8705731 ], [ 2.522013, 48.8704549 ], [ 2.5217848, 48.870313 ], [ 2.5218802, 48.8702692 ], [ 2.5204942, 48.8692935 ], [ 2.5198541, 48.8689651 ], [ 2.5195658, 48.8688152 ], [ 2.5191512, 48.8684615 ], [ 2.5190098, 48.8683563 ], [ 2.5189025, 48.8682317 ], [ 2.5187401, 48.8681229 ], [ 2.5185758, 48.8680503 ], [ 2.5184985, 48.8680237 ], [ 2.5179922, 48.867854 ], [ 2.5172672, 48.8676182 ], [ 2.5170255, 48.8675512 ], [ 2.5165816, 48.8674549 ], [ 2.5162134, 48.8673976 ], [ 2.5165553, 48.8668774 ], [ 2.5173879, 48.8658496 ], [ 2.5175654, 48.8657847 ], [ 2.5181836, 48.8646621 ], [ 2.5184736, 48.8645525 ] ] } },
{ "type": "Feature", "id": "way/29997779", "properties": { "@id": "way/29997779", "admin_level": "8", "boundary": "administrative", "@relations": [ { "role": "outer", "rel": 162521, "reltags": { "admin_level": "8", "boundary": "administrative", "name": "Les Pavillons-sous-Bois", "population": "24165", "population:date": "2021", "postal_code": "93320", "ref:FR:SIREN": "219300571", "ref:INSEE": "93057", "source:population": "INSEE 2024", "source:postal_code": "source of postcode is from osm nodes", "type": "boundary", "wikidata": "Q498043", "wikipedia": "fr:Les Pavillons-sous-Bois" } }, { "role": "outer", "rel": 162566, "reltags": { "admin_level": "8", "boundary": "administrative", "name": "Livry-Gargan", "population": "46028", "population:date": "2021", "postal_code": "93190", "ref:FR:SIREN": "219300464", "ref:INSEE": "93046", "source:population": "INSEE 2024", "source:postal_code": "source of postcode is from osm nodes", "type": "boundary", "wikidata": "Q180005", "wikipedia": "fr:Livry-Gargan" } } ] }, "geometry": { "type": "LineString", "coordinates": [ [ 2.5071157, 48.9187373 ], [ 2.5069627, 48.9185912 ], [ 2.5062948, 48.9179823 ], [ 2.5057003, 48.9174414 ], [ 2.5077815, 48.9165957 ], [ 2.5087248, 48.9162177 ], [ 2.5086604, 48.9157454 ], [ 2.5085994, 48.9152984 ], [ 2.5085347, 48.914819 ], [ 2.5085232, 48.9147345 ], [ 2.5084493, 48.9147334 ], [ 2.5083795, 48.9147197 ], [ 2.5083356, 48.9147035 ], [ 2.5082844, 48.9146736 ], [ 2.5084545, 48.9143737 ], [ 2.5084634, 48.9143258 ], [ 2.5089654, 48.913146 ], [ 2.5092939, 48.9123325 ], [ 2.5095092, 48.9118197 ], [ 2.5095519, 48.9117065 ], [ 2.5096065, 48.9116197 ], [ 2.5097418, 48.9112749 ], [ 2.5100949, 48.9103697 ], [ 2.5101115, 48.9102743 ], [ 2.5101244, 48.9102412 ], [ 2.5123034, 48.9105661 ], [ 2.5187462, 48.9115205 ], [ 2.5196553, 48.9116923 ], [ 2.520236, 48.9117993 ], [ 2.5208616, 48.9119607 ], [ 2.5212752, 48.9120923 ] ] } },
{ "type": "Feature", "id": "way/34160083", "properties": { "@id": "way/34160083", "admin_level": "8", "boundary": "administrative", "source": "cadastre-dgi-fr source : Direction Générale des Impôts - Cadastre. Mise à jour : 2009", "@relations": [ { "role": "outer", "rel": 129550, "reltags": { "addr:postcode": "93170", "admin_level": "8", "boundary": "administrative", "name": "Bagnolet", "name:ar": "باينوليه", "name:el": "Μπανιολέ", "population": "39366", "population:date": "2021", "postal_code": "93170", "ref:FR:SIREN": "219300068", "ref:INSEE": "93006", "source": "source of postcode is from osm nodes", "source:population": "INSEE 2024", "source:postal_code": "La Poste - 11/2014", "type": "boundary", "wikidata": "Q208943", "wikipedia": "fr:Bagnolet" } }, { "role": "outer", "rel": 130632, "reltags": { "admin_level": "8", "boundary": "administrative", "name": "Romainville", "population": "33266", "population:date": "2021", "postal_code": "93230", "ref:FR:SIREN": "219300639", "ref:INSEE": "93063", "source": "source of postcode is from osm nodes", "source:population": "INSEE 2024", "source:postal_code": "La Poste - 11/2014", "type": "boundary", "wikidata": "Q372111", "wikipedia": "fr:Romainville" } } ] }, "geometry": { "type": "LineString", "coordinates": [ [ 2.4297763, 48.8783207 ], [ 2.4302844, 48.8784004 ], [ 2.4307409, 48.8784759 ], [ 2.4309502, 48.8785142 ], [ 2.4316558, 48.8786467 ], [ 2.4322766, 48.8788249 ], [ 2.432578, 48.8789126 ], [ 2.4329028, 48.8790076 ], [ 2.4329548, 48.8789439 ], [ 2.4331073, 48.8788901 ], [ 2.4337211, 48.8785753 ], [ 2.4340175, 48.8784223 ], [ 2.4343413, 48.878279 ], [ 2.4346481, 48.8781752 ], [ 2.4347512, 48.8781398 ], [ 2.4350175, 48.8780484 ], [ 2.4352187, 48.8779676 ], [ 2.4352429, 48.8779586 ], [ 2.4370591, 48.877303 ], [ 2.4367657, 48.8768574 ], [ 2.4368296, 48.876832 ], [ 2.4365667, 48.8764731 ], [ 2.4366247, 48.8764605 ], [ 2.4367034, 48.8764434 ], [ 2.4366852, 48.8763817 ], [ 2.4365326, 48.8757712 ], [ 2.4362782, 48.874803 ], [ 2.4362701, 48.8747684 ], [ 2.4359459, 48.8747759 ], [ 2.4353919, 48.8746145 ] ] } },
{ "type": "Feature", "id": "way/34160991", "properties": { "@id": "way/34160991", "admin_level": "8", "boundary": "administrative", "source": "cadastre-dgi-fr source : Direction Générale des Impôts - Cadastre. Mise à jour : 2009", "@relations": [ { "role": "outer", "rel": 130632, "reltags": { "admin_level": "8", "boundary": "administrative", "name": "Romainville", "population": "33266", "population:date": "2021", "postal_code": "93230", "ref:FR:SIREN": "219300639", "ref:INSEE": "93063", "source": "source of postcode is from osm nodes", "source:population": "INSEE 2024", "source:postal_code": "La Poste - 11/2014", "type": "boundary", "wikidata": "Q372111", "wikipedia": "fr:Romainville" } }, { "role": "outer", "rel": 131216, "reltags": { "admin_level": "8", "boundary": "administrative", "name": "Noisy-le-Sec", "population": "46094", "population:date": "2021", "postal_code": "93130", "ref:FR:SIREN": "219300530", "ref:INSEE": "93053", "source:population": "INSEE 2024", "source:postal_code": "source of postcode is from osm nodes", "type": "boundary", "wikidata": "Q370224", "wikipedia": "fr:Noisy-le-Sec" } } ] }, "geometry": { "type": "LineString", "coordinates": [ [ 2.441008, 48.8926406 ], [ 2.4420812, 48.8922776 ], [ 2.441567, 48.8916506 ], [ 2.4424368, 48.8912938 ], [ 2.442227, 48.8910002 ], [ 2.4428579, 48.8907517 ], [ 2.4427386, 48.8905612 ], [ 2.4434249, 48.8906586 ], [ 2.4444137, 48.8907609 ], [ 2.4444747, 48.8890083 ], [ 2.4448929, 48.8887942 ], [ 2.4449494, 48.8887264 ], [ 2.4447979, 48.8885966 ], [ 2.4448658, 48.8884655 ], [ 2.4442886, 48.8879573 ], [ 2.4441724, 48.8878473 ], [ 2.4440024, 48.8879134 ], [ 2.4438145, 48.887693 ], [ 2.4437417, 48.8875962 ], [ 2.4435773, 48.8874222 ], [ 2.4431147, 48.8870575 ], [ 2.4427221, 48.8866251 ], [ 2.4427004, 48.8865521 ], [ 2.4423453, 48.8861344 ], [ 2.4419482, 48.8858884 ], [ 2.4417091, 48.885678 ], [ 2.4414444, 48.8854814 ], [ 2.4412981, 48.8853662 ], [ 2.4412769, 48.8853476 ], [ 2.4409792, 48.8850864 ], [ 2.4406612, 48.8848089 ], [ 2.4404135, 48.8845928 ], [ 2.4404646, 48.8845577 ], [ 2.4405785, 48.8844836 ], [ 2.4407824, 48.8841673 ], [ 2.4408699, 48.8841012 ], [ 2.4409881, 48.884309 ], [ 2.4409976, 48.884324 ], [ 2.4410302, 48.8843693 ], [ 2.441051, 48.8844268 ], [ 2.4421114, 48.8838988 ], [ 2.4420071, 48.8837885 ], [ 2.4416971, 48.8834502 ], [ 2.4431522, 48.8828619 ], [ 2.4436603, 48.8832936 ], [ 2.4446064, 48.8837255 ], [ 2.4455659, 48.8840808 ], [ 2.4452645, 48.8845584 ], [ 2.4455375, 48.8846864 ], [ 2.445562, 48.8847487 ], [ 2.4458215, 48.8848749 ], [ 2.4460026, 48.8849353 ], [ 2.4461729, 48.8850242 ], [ 2.4461891, 48.8849993 ], [ 2.4463161, 48.8850348 ], [ 2.4463215, 48.8850152 ], [ 2.4464835, 48.8850275 ], [ 2.4465079, 48.8850399 ], [ 2.4464809, 48.8850756 ], [ 2.4465002, 48.8852554 ], [ 2.4466706, 48.8853443 ], [ 2.4466437, 48.885396 ], [ 2.446741, 48.8854493 ], [ 2.4467276, 48.8854707 ], [ 2.446806, 48.885517 ], [ 2.4468303, 48.8854991 ], [ 2.4469465, 48.8855685 ], [ 2.4468899, 48.8856077 ], [ 2.4469629, 48.8856522 ], [ 2.4469926, 48.8856308 ], [ 2.4472386, 48.8857552 ], [ 2.447209, 48.8857891 ], [ 2.4472495, 48.8858086 ], [ 2.4472765, 48.885789 ], [ 2.4474036, 48.885853 ], [ 2.4474713, 48.8859242 ], [ 2.4473985, 48.8859866 ], [ 2.4476715, 48.886095 ], [ 2.4477065, 48.8860647 ], [ 2.4477687, 48.8860878 ], [ 2.4475531, 48.8862874 ], [ 2.4476983, 48.8863631 ], [ 2.4485076, 48.8867852 ], [ 2.4487501, 48.8865374 ], [ 2.4484609, 48.8864415 ], [ 2.4492746, 48.8855858 ], [ 2.4498828, 48.8858381 ], [ 2.4499879, 48.8857116 ], [ 2.4502561, 48.8860675 ], [ 2.4504639, 48.8860085 ], [ 2.450798, 48.885668 ], [ 2.4512917, 48.8854538 ], [ 2.4514565, 48.8854803 ], [ 2.451781, 48.8856457 ], [ 2.4521594, 48.8857539 ], [ 2.4521604, 48.8850433 ], [ 2.452487, 48.8849361 ], [ 2.4529162, 48.8848502 ], [ 2.453197, 48.8848427 ], [ 2.4535991, 48.8846874 ], [ 2.4533151, 48.8845042 ], [ 2.452988, 48.8843638 ], [ 2.4541303, 48.8843502 ] ] } },
{ "type": "Feature", "id": "way/34167325", "properties": { "@id": "way/34167325", "admin_level": "8", "boundary": "administrative", "source": "cadastre-dgi-fr source : Direction Générale des Impôts - Cadastre. Mise à jour : 2009", "@relations": [ { "role": "outer", "rel": 130632, "reltags": { "admin_level": "8", "boundary": "administrative", "name": "Romainville", "population": "33266", "population:date": "2021", "postal_code": "93230", "ref:FR:SIREN": "219300639", "ref:INSEE": "93063", "source": "source of postcode is from osm nodes", "source:population": "INSEE 2024", "source:postal_code": "La Poste - 11/2014", "type": "boundary", "wikidata": "Q372111", "wikipedia": "fr:Romainville" } }, { "role": "outer", "rel": 131240, "reltags": { "admin_level": "8", "boundary": "administrative", "name": "Bobigny", "population": "55056", "population:date": "2021", "postal_code": "93000", "ref:FR:SIREN": "219300084", "ref:INSEE": "93008", "source": "source of postcode is from osm nodes", "source:population": "INSEE 2024", "source:postal_code": "La Poste - 11/2014", "type": "boundary", "wikidata": "Q154724", "wikipedia": "fr:Bobigny" } } ] }, "geometry": { "type": "LineString", "coordinates": [ [ 2.4417099, 48.8984324 ], [ 2.4394177, 48.8979577 ], [ 2.4391657, 48.8979055 ], [ 2.4383119, 48.8977745 ], [ 2.4365158, 48.897455 ], [ 2.4319608, 48.8966751 ], [ 2.4276678, 48.8958983 ] ] } },
{ "type": "Feature", "id": "way/34167326", "properties": { "@id": "way/34167326", "admin_level": "8", "boundary": "administrative", "source": "cadastre-dgi-fr source : Direction Générale des Impôts - Cadastre. Mise à jour : 2009", "@relations": [ { "role": "outer", "rel": 131216, "reltags": { "admin_level": "8", "boundary": "administrative", "name": "Noisy-le-Sec", "population": "46094", "population:date": "2021", "postal_code": "93130", "ref:FR:SIREN": "219300530", "ref:INSEE": "93053", "source:population": "INSEE 2024", "source:postal_code": "source of postcode is from osm nodes", "type": "boundary", "wikidata": "Q370224", "wikipedia": "fr:Noisy-le-Sec" } }, { "role": "outer", "rel": 131240, "reltags": { "admin_level": "8", "boundary": "administrative", "name": "Bobigny", "population": "55056", "population:date": "2021", "postal_code": "93000", "ref:FR:SIREN": "219300084", "ref:INSEE": "93008", "source": "source of postcode is from osm nodes", "source:population": "INSEE 2024", "source:postal_code": "La Poste - 11/2014", "type": "boundary", "wikidata": "Q154724", "wikipedia": "fr:Bobigny" } } ] }, "geometry": { "type": "LineString", "coordinates": [ [ 2.463883, 48.9052781 ], [ 2.4633629, 48.9052909 ], [ 2.4622909, 48.9053974 ], [ 2.462064, 48.9054364 ], [ 2.4620256, 48.9052314 ], [ 2.4617682, 48.9037518 ], [ 2.4616924, 48.9033162 ], [ 2.4615231, 48.9023425 ], [ 2.4615564, 48.9022139 ], [ 2.4598692, 48.9018878 ], [ 2.4587984, 48.9016808 ] ] } },
{ "type": "Feature", "id": "way/34203930", "properties": { "@id": "way/34203930", "admin_level": "8", "boundary": "administrative", "source": "cadastre-dgi-fr source : Direction Générale des Impôts - Cadastre. Mise à jour : 2009", "@relations": [ { "role": "outer", "rel": 131216, "reltags": { "admin_level": "8", "boundary": "administrative", "name": "Noisy-le-Sec", "population": "46094", "population:date": "2021", "postal_code": "93130", "ref:FR:SIREN": "219300530", "ref:INSEE": "93053", "source:population": "INSEE 2024", "source:postal_code": "source of postcode is from osm nodes", "type": "boundary", "wikidata": "Q370224", "wikipedia": "fr:Noisy-le-Sec" } }, { "role": "outer", "rel": 158667, "reltags": { "admin_level": "8", "boundary": "administrative", "name": "Bondy", "population": "52905", "population:date": "2021", "postal_code": "93140", "ref:FR:SIREN": "219300100", "ref:INSEE": "93010", "source:population": "INSEE 2024", "source:postal_code": "La Poste - 12/2014", "type": "boundary", "wikidata": "Q237394", "wikipedia": "fr:Bondy" } } ] }, "geometry": { "type": "LineString", "coordinates": [ [ 2.469944, 48.8993065 ], [ 2.4702912, 48.8992176 ], [ 2.470908, 48.8990628 ], [ 2.4710104, 48.8990371 ], [ 2.4711357, 48.898997 ], [ 2.4736684, 48.8983343 ], [ 2.4740116, 48.8982445 ], [ 2.4746291, 48.8981474 ], [ 2.4746045, 48.8980906 ], [ 2.474278, 48.8976448 ], [ 2.4740828, 48.8973783 ], [ 2.473904, 48.8971267 ], [ 2.4737855, 48.8969703 ], [ 2.4736794, 48.89682 ], [ 2.4735747, 48.8966885 ], [ 2.4732807, 48.8962835 ], [ 2.4732504, 48.8962391 ], [ 2.4732173, 48.8961955 ], [ 2.4728659, 48.8957196 ], [ 2.4727898, 48.8956367 ], [ 2.4728954, 48.8956109 ], [ 2.472847, 48.895521 ], [ 2.4744368, 48.8951119 ], [ 2.4741637, 48.8946996 ] ] } },
{ "type": "Feature", "id": "way/36241060", "properties": { "@id": "way/36241060", "admin_level": "8", "boundary": "administrative", "source": "cadastre-dgi-fr source : Direction Générale des Impôts - Cadastre. Mise à jour : 2009", "@relations": [ { "role": "outer", "rel": 131240, "reltags": { "admin_level": "8", "boundary": "administrative", "name": "Bobigny", "population": "55056", "population:date": "2021", "postal_code": "93000", "ref:FR:SIREN": "219300084", "ref:INSEE": "93008", "source": "source of postcode is from osm nodes", "source:population": "INSEE 2024", "source:postal_code": "La Poste - 11/2014", "type": "boundary", "wikidata": "Q154724", "wikipedia": "fr:Bobigny" } }, { "role": "outer", "rel": 158667, "reltags": { "admin_level": "8", "boundary": "administrative", "name": "Bondy", "population": "52905", "population:date": "2021", "postal_code": "93140", "ref:FR:SIREN": "219300100", "ref:INSEE": "93010", "source:population": "INSEE 2024", "source:postal_code": "La Poste - 12/2014", "type": "boundary", "wikidata": "Q237394", "wikipedia": "fr:Bondy" } } ] }, "geometry": { "type": "LineString", "coordinates": [ [ 2.4754798, 48.9164711 ], [ 2.4754859, 48.9164329 ], [ 2.4754925, 48.9163914 ], [ 2.4755443, 48.9159051 ], [ 2.475573, 48.9156399 ], [ 2.4755817, 48.9155636 ], [ 2.4756105, 48.9153424 ], [ 2.4756829, 48.9148868 ], [ 2.4756896, 48.9148405 ], [ 2.4757071, 48.9145858 ], [ 2.4757198, 48.9142548 ], [ 2.4757225, 48.9141561 ], [ 2.4757366, 48.9140698 ], [ 2.4757507, 48.913997 ], [ 2.4757775, 48.9139292 ], [ 2.476031, 48.9135202 ], [ 2.4760497, 48.9134903 ], [ 2.4760994, 48.9134184 ], [ 2.4761637, 48.9132496 ], [ 2.4762214, 48.9130923 ], [ 2.4762254, 48.9130042 ], [ 2.476204, 48.9129301 ], [ 2.4760325, 48.9125867 ], [ 2.4758869, 48.912402 ], [ 2.4753644, 48.9119516 ], [ 2.4749529, 48.9115851 ], [ 2.4749237, 48.9115494 ], [ 2.4746776, 48.9112485 ], [ 2.4746379, 48.9111861 ], [ 2.474546, 48.911024 ] ] } },
{ "type": "Feature", "id": "way/36243901", "properties": { "@id": "way/36243901", "admin_level": "8", "boundary": "administrative", "source": "cadastre-dgi-fr source : Direction Générale des Impôts - Cadastre. Mise à jour : 2009", "@relations": [ { "role": "outer", "rel": 158481, "reltags": { "admin_level": "8", "boundary": "administrative", "name": "Drancy", "name:el": "Ντρανσί", "population": "71363", "population:date": "2021", "postal_code": "93700", "ref:FR:SIREN": "219300290", "ref:INSEE": "93029", "source:population": "INSEE 2024", "source:postal_code": "source of postcode is from osm nodes", "type": "boundary", "wikidata": "Q201348", "wikipedia": "fr:Drancy" } }, { "role": "outer", "rel": 162209, "reltags": { "admin_level": "8", "authority_address": "93150 Le Blanc-Mesnil, Rue Jean Perrin, 2", "boundary": "administrative", "name": "Le Blanc-Mesnil", "name:el": "Λε Μπλαν-Μενίλ", "population": "58257", "population:date": "2021", "postal_code": "93150", "ref:FR:SIREN": "219300076", "ref:INSEE": "93007", "source:population": "INSEE 2024", "source:postal_code": "source of postcode is from osm nodes", "type": "boundary", "wikidata": "Q208313", "wikipedia": "fr:Le Blanc-Mesnil" } } ] }, "geometry": { "type": "LineString", "coordinates": [ [ 2.4425053, 48.9372429 ], [ 2.4429662, 48.9374082 ], [ 2.4432852, 48.9374499 ], [ 2.4438275, 48.9375335 ], [ 2.4444589, 48.9378247 ], [ 2.4446433, 48.9378899 ], [ 2.4453917, 48.9382323 ], [ 2.445842, 48.9383929 ], [ 2.4462854, 48.9385793 ], [ 2.4464344, 48.9386562 ], [ 2.4467043, 48.9389313 ], [ 2.4467436, 48.9390737 ], [ 2.4470487, 48.9392251 ], [ 2.4473254, 48.9393836 ], [ 2.4477261, 48.9395163 ], [ 2.4480523, 48.9395883 ], [ 2.4482543, 48.9396232 ], [ 2.4485626, 48.9396229 ], [ 2.449083, 48.9395549 ], [ 2.4496417, 48.939482 ], [ 2.4501945, 48.9394122 ], [ 2.4504775, 48.9392799 ], [ 2.4505987, 48.9392635 ], [ 2.4507991, 48.9392154 ], [ 2.4512049, 48.9391324 ], [ 2.451818, 48.9391411 ], [ 2.4521475, 48.9391244 ], [ 2.4522999, 48.9391383 ], [ 2.452392, 48.9391218 ], [ 2.4524982, 48.9390797 ], [ 2.4528701, 48.9388714 ], [ 2.4529984, 48.9388187 ], [ 2.4533743, 48.9386063 ], [ 2.4536192, 48.9384539 ], [ 2.4536291, 48.9384336 ], [ 2.4536104, 48.9383464 ], [ 2.4536311, 48.9383064 ], [ 2.4537801, 48.9381904 ], [ 2.4538919, 48.9381191 ], [ 2.454108, 48.9380136 ], [ 2.4542798, 48.9379476 ], [ 2.4545647, 48.9378684 ], [ 2.4547288, 48.9378337 ], [ 2.4550463, 48.9377349 ], [ 2.4553825, 48.9375735 ], [ 2.455471, 48.9375127 ], [ 2.4555416, 48.9373912 ], [ 2.4562457, 48.9368144 ], [ 2.4566445, 48.9363396 ], [ 2.4568531, 48.9361457 ], [ 2.4570054, 48.9360941 ], [ 2.4572285, 48.9360472 ], [ 2.4574566, 48.9359718 ], [ 2.4576084, 48.9359196 ], [ 2.457717, 48.9358229 ], [ 2.457757, 48.935745 ], [ 2.4576317, 48.9356275 ], [ 2.4579361, 48.9353943 ], [ 2.4576799, 48.9351597 ], [ 2.4574052, 48.9344153 ], [ 2.4577412, 48.9342923 ], [ 2.457851, 48.9342661 ], [ 2.4578921, 48.9343014 ], [ 2.4583174, 48.934091 ], [ 2.4584694, 48.934003 ], [ 2.458543, 48.9339581 ], [ 2.4586628, 48.9338849 ], [ 2.4587231, 48.9338481 ], [ 2.459054, 48.9336175 ], [ 2.459214, 48.9335375 ], [ 2.4592908, 48.9334959 ], [ 2.4593581, 48.9334543 ], [ 2.4595865, 48.9332576 ], [ 2.4597711, 48.9331935 ], [ 2.4600779, 48.9331095 ], [ 2.4603926, 48.933013 ], [ 2.4610208, 48.9328211 ], [ 2.4611376, 48.9328114 ], [ 2.4613161, 48.9326884 ], [ 2.4638327, 48.9308499 ], [ 2.4626545, 48.9286452 ], [ 2.4623779, 48.9281079 ], [ 2.4623683, 48.9280464 ], [ 2.4622146, 48.9278822 ], [ 2.4622156, 48.9278436 ], [ 2.4630473, 48.9270691 ], [ 2.4626818, 48.9268431 ], [ 2.4623762, 48.9264839 ], [ 2.4620388, 48.9261388 ], [ 2.4619855, 48.9260502 ], [ 2.4619923, 48.9259591 ], [ 2.462024, 48.9258657 ], [ 2.4621862, 48.9255597 ], [ 2.4623097, 48.9254009 ], [ 2.462596, 48.9251321 ], [ 2.4626454, 48.9250644 ], [ 2.4626524, 48.9250013 ], [ 2.4626203, 48.9249197 ], [ 2.462535, 48.9248124 ], [ 2.4623787, 48.9246375 ], [ 2.4622112, 48.9242572 ], [ 2.462219, 48.9242145 ], [ 2.4624909, 48.924098 ], [ 2.4625031, 48.9240928 ], [ 2.4627228, 48.923978 ], [ 2.4622625, 48.9238313 ], [ 2.462413, 48.9236175 ], [ 2.4624234, 48.9235194 ], [ 2.4623913, 48.9234518 ], [ 2.4623096, 48.9233515 ], [ 2.462185, 48.9231135 ], [ 2.4619237, 48.9226621 ], [ 2.4619741, 48.9221607 ], [ 2.4619772, 48.9219949 ], [ 2.461955, 48.9219153 ], [ 2.4619608, 48.9217123 ], [ 2.4619654, 48.9215132 ], [ 2.4619433, 48.9214342 ], [ 2.4619181, 48.921378 ], [ 2.4622279, 48.921264 ], [ 2.4620027, 48.9209829 ], [ 2.4619597, 48.9209292 ] ] } },
{ "type": "Feature", "id": "way/36822899", "properties": { "@id": "way/36822899", "admin_level": "8", "boundary": "administrative", "source": "cadastre-dgi-fr source : Direction Générale des Impôts - Cadastre. Mise à jour : 2009", "@relations": [ { "role": "outer", "rel": 162259, "reltags": { "admin_level": "8", "boundary": "administrative", "name": "Aulnay-sous-Bois", "name:el": "Ωλναί-σου-Μπουά", "population": "86135", "population:date": "2021", "postal_code": "93600", "ref:FR:SIREN": "219300050", "ref:INSEE": "93005", "source:population": "INSEE 2024", "source:postal_code": "source of postcode is from osm nodes", "type": "boundary", "wikidata": "Q192773", "wikipedia": "fr:Aulnay-sous-Bois" } }, { "role": "outer", "rel": 162527, "reltags": { "admin_level": "8", "boundary": "administrative", "name": "Sevran", "name:el": "Σεβράν", "population": "51845", "population:date": "2021", "postal_code": "93270", "ref:FR:SIREN": "219300712", "ref:INSEE": "93071", "source:population": "INSEE 2024", "source:postal_code": "source of postcode is from osm nodes", "type": "boundary", "wikidata": "Q387630", "wikipedia": "fr:Sevran" } } ] }, "geometry": { "type": "LineString", "coordinates": [ [ 2.5110848, 48.9319371 ], [ 2.5112759, 48.931843 ], [ 2.5116715, 48.9317225 ], [ 2.5119806, 48.9316168 ], [ 2.5123494, 48.9315146 ], [ 2.5126116, 48.9314582 ], [ 2.5126954, 48.9314344 ], [ 2.5127742, 48.9313936 ], [ 2.5138159, 48.9307119 ], [ 2.5144188, 48.9303343 ], [ 2.5141297, 48.9300074 ], [ 2.5137975, 48.9296337 ], [ 2.5136751, 48.9294648 ], [ 2.5136075, 48.9293315 ], [ 2.5135354, 48.9289593 ], [ 2.5135401, 48.9285871 ], [ 2.5135382, 48.9285122 ], [ 2.5135366, 48.9284475 ], [ 2.5135517, 48.9283933 ], [ 2.5135504, 48.9283383 ], [ 2.513541, 48.9282759 ], [ 2.5135269, 48.9281867 ], [ 2.5135165, 48.9281372 ], [ 2.5135041, 48.9280884 ], [ 2.5134578, 48.9279966 ], [ 2.5134142, 48.9279384 ], [ 2.5143617, 48.9274783 ], [ 2.5145319, 48.9273862 ], [ 2.5148231, 48.9271355 ], [ 2.5150373, 48.9269251 ], [ 2.5151853, 48.9268221 ], [ 2.5158258, 48.9265576 ], [ 2.5164239, 48.926275 ], [ 2.5163927, 48.926246 ], [ 2.5167314, 48.9260584 ], [ 2.5167812, 48.9261052 ], [ 2.517149, 48.9259324 ], [ 2.5171147, 48.9258976 ], [ 2.5173578, 48.9257891 ], [ 2.5173457, 48.925761 ], [ 2.517442, 48.9257149 ], [ 2.5176941, 48.9257109 ], [ 2.517685, 48.9254751 ], [ 2.5181274, 48.9254217 ], [ 2.5181059, 48.9253101 ], [ 2.5181739, 48.9253085 ], [ 2.5181419, 48.9251264 ] ] } },
{ "type": "Feature", "id": "way/36828652", "properties": { "@id": "way/36828652", "admin_level": "8", "boundary": "administrative", "source": "cadastre-dgi-fr source : Direction Générale des Impôts - Cadastre. Mise à jour : 2009", "@relations": [ { "role": "outer", "rel": 162329, "reltags": { "admin_level": "8", "boundary": "administrative", "name": "Villemomble", "population": "30332", "population:date": "2021", "postal_code": "93250", "ref:FR:SIREN": "219300779", "ref:INSEE": "93077", "source:population": "INSEE 2024", "type": "boundary", "wikidata": "Q244716", "wikipedia": "fr:Villemomble" } }, { "role": "outer", "rel": 162337, "reltags": { "admin_level": "8", "boundary": "administrative", "name": "Le Raincy", "population": "14877", "population:date": "2021", "postal_code": "93340", "ref:FR:SIREN": "219300621", "ref:INSEE": "93062", "source:population": "INSEE 2024", "source:postal_code": "La Poste - 12/2014", "type": "boundary", "wikidata": "Q259203", "wikipedia": "fr:Le Raincy" } } ] }, "geometry": { "type": "LineString", "coordinates": [ [ 2.5076279, 48.8958954 ], [ 2.5076193, 48.8958693 ], [ 2.5075905, 48.8957823 ], [ 2.5073242, 48.8950236 ], [ 2.507151, 48.8945183 ], [ 2.5070595, 48.8942499 ], [ 2.5068703, 48.8936886 ], [ 2.5067796, 48.8934468 ], [ 2.5067546, 48.8933801 ], [ 2.5067304, 48.8933161 ], [ 2.5065778, 48.8927089 ], [ 2.5079716, 48.8924706 ], [ 2.5097594, 48.8921649 ], [ 2.5102395, 48.8916428 ], [ 2.510179, 48.8915569 ], [ 2.5104358, 48.891445 ], [ 2.5105831, 48.8912846 ], [ 2.5109123, 48.8909262 ], [ 2.5113749, 48.8904042 ], [ 2.5113518, 48.8900577 ], [ 2.5112626, 48.8898238 ], [ 2.5112129, 48.889656 ], [ 2.5112912, 48.8896173 ], [ 2.511576, 48.8894997 ], [ 2.5122438, 48.8892184 ], [ 2.5128475, 48.8890025 ], [ 2.5136849, 48.8887986 ], [ 2.5149242, 48.8882036 ], [ 2.5153572, 48.8880111 ], [ 2.5157964, 48.8878274 ], [ 2.5161352, 48.8876982 ], [ 2.5161764, 48.8877543 ], [ 2.5162995, 48.8879526 ], [ 2.5164076, 48.8881209 ], [ 2.5164716, 48.8882206 ], [ 2.5171875, 48.8895824 ], [ 2.5181518, 48.8911328 ] ] } },
{ "type": "Feature", "id": "way/36828654", "properties": { "@id": "way/36828654", "admin_level": "8", "boundary": "administrative", "source": "cadastre-dgi-fr source : Direction Générale des Impôts - Cadastre. Mise à jour : 2009", "@relations": [ { "role": "outer", "rel": 162329, "reltags": { "admin_level": "8", "boundary": "administrative", "name": "Villemomble", "population": "30332", "population:date": "2021", "postal_code": "93250", "ref:FR:SIREN": "219300779", "ref:INSEE": "93077", "source:population": "INSEE 2024", "type": "boundary", "wikidata": "Q244716", "wikipedia": "fr:Villemomble" } }, { "role": "outer", "rel": 162521, "reltags": { "admin_level": "8", "boundary": "administrative", "name": "Les Pavillons-sous-Bois", "population": "24165", "population:date": "2021", "postal_code": "93320", "ref:FR:SIREN": "219300571", "ref:INSEE": "93057", "source:population": "INSEE 2024", "source:postal_code": "source of postcode is from osm nodes", "type": "boundary", "wikidata": "Q498043", "wikipedia": "fr:Les Pavillons-sous-Bois" } } ] }, "geometry": { "type": "LineString", "coordinates": [ [ 2.50792, 48.8984279 ], [ 2.5076192, 48.8981287 ], [ 2.5071654, 48.8976654 ], [ 2.5070209, 48.8977256 ], [ 2.5069045, 48.8977807 ], [ 2.5068604, 48.8978001 ], [ 2.5067911, 48.8978302 ], [ 2.50515, 48.898542 ], [ 2.504801, 48.8981961 ], [ 2.504065, 48.8985165 ], [ 2.5040063, 48.8985418 ], [ 2.504487, 48.8990448 ], [ 2.5045638, 48.8991251 ], [ 2.5044456, 48.8991341 ], [ 2.5028014, 48.8992631 ], [ 2.5023085, 48.8993007 ], [ 2.5015821, 48.8981022 ], [ 2.5014864, 48.8980099 ], [ 2.5014729, 48.8979707 ], [ 2.501452, 48.8979294 ], [ 2.5010177, 48.8972228 ], [ 2.5013922, 48.8970537 ], [ 2.5017558, 48.896885 ], [ 2.502095, 48.896737 ], [ 2.5021588, 48.8967069 ], [ 2.5012925, 48.895838 ], [ 2.5010207, 48.8955657 ], [ 2.5009503, 48.8954978 ], [ 2.5007074, 48.8952635 ], [ 2.5006636, 48.8952091 ] ] } },
{ "type": "Feature", "id": "way/36828655", "properties": { "@id": "way/36828655", "admin_level": "8", "boundary": "administrative", "source": "cadastre-dgi-fr source : Direction Générale des Impôts - Cadastre. Mise à jour : 2009", "@relations": [ { "role": "outer", "rel": 162337, "reltags": { "admin_level": "8", "boundary": "administrative", "name": "Le Raincy", "population": "14877", "population:date": "2021", "postal_code": "93340", "ref:FR:SIREN": "219300621", "ref:INSEE": "93062", "source:population": "INSEE 2024", "source:postal_code": "La Poste - 12/2014", "type": "boundary", "wikidata": "Q259203", "wikipedia": "fr:Le Raincy" } }, { "role": "outer", "rel": 162521, "reltags": { "admin_level": "8", "boundary": "administrative", "name": "Les Pavillons-sous-Bois", "population": "24165", "population:date": "2021", "postal_code": "93320", "ref:FR:SIREN": "219300571", "ref:INSEE": "93057", "source:population": "INSEE 2024", "source:postal_code": "source of postcode is from osm nodes", "type": "boundary", "wikidata": "Q498043", "wikipedia": "fr:Les Pavillons-sous-Bois" } } ] }, "geometry": { "type": "LineString", "coordinates": [ [ 2.5085658, 48.8992046 ], [ 2.5080992, 48.898682 ], [ 2.50792, 48.8984279 ] ] } },
{ "type": "Feature", "id": "way/36846147", "properties": { "@id": "way/36846147", "admin_level": "8", "boundary": "administrative", "source": "cadastre-dgi-fr source : Direction Générale des Impôts - Cadastre. Mise à jour : 2009", "@relations": [ { "role": "outer", "rel": 162337, "reltags": { "admin_level": "8", "boundary": "administrative", "name": "Le Raincy", "population": "14877", "population:date": "2021", "postal_code": "93340", "ref:FR:SIREN": "219300621", "ref:INSEE": "93062", "source:population": "INSEE 2024", "source:postal_code": "La Poste - 12/2014", "type": "boundary", "wikidata": "Q259203", "wikipedia": "fr:Le Raincy" } }, { "role": "outer", "rel": 162566, "reltags": { "admin_level": "8", "boundary": "administrative", "name": "Livry-Gargan", "population": "46028", "population:date": "2021", "postal_code": "93190", "ref:FR:SIREN": "219300464", "ref:INSEE": "93046", "source:population": "INSEE 2024", "source:postal_code": "source of postcode is from osm nodes", "type": "boundary", "wikidata": "Q180005", "wikipedia": "fr:Livry-Gargan" } } ] }, "geometry": { "type": "LineString", "coordinates": [ [ 2.521215, 48.9033402 ], [ 2.5211701, 48.9033312 ], [ 2.5209256, 48.9034271 ], [ 2.5209361, 48.9034589 ], [ 2.5208224, 48.9034977 ], [ 2.5206735, 48.9033297 ], [ 2.5191903, 48.9032548 ], [ 2.5189799, 48.9032483 ], [ 2.5187521, 48.90321 ], [ 2.5186139, 48.9031488 ], [ 2.518179, 48.9030449 ], [ 2.5175443, 48.9030005 ], [ 2.5164023, 48.9028636 ], [ 2.5161233, 48.9029618 ], [ 2.5160924, 48.9030005 ], [ 2.5158853, 48.9029599 ], [ 2.5158783, 48.9029212 ], [ 2.5146005, 48.9024094 ], [ 2.5138763, 48.9024151 ], [ 2.5130682, 48.9021139 ], [ 2.5130132, 48.9021595 ], [ 2.5126917, 48.9019486 ], [ 2.5126607, 48.9019622 ], [ 2.5124983, 48.9018738 ], [ 2.5121425, 48.9017345 ], [ 2.5119002, 48.9014865 ], [ 2.511237, 48.9017575 ], [ 2.5111548, 48.9017898 ], [ 2.5111109, 48.9018064 ], [ 2.5110869, 48.9018156 ] ] } },
{ "type": "Feature", "id": "way/36846148", "properties": { "@id": "way/36846148", "admin_level": "8", "boundary": "administrative", "source": "cadastre-dgi-fr source : Direction Générale des Impôts - Cadastre. Mise à jour : 2009", "@relations": [ { "role": "outer", "rel": 162259, "reltags": { "admin_level": "8", "boundary": "administrative", "name": "Aulnay-sous-Bois", "name:el": "Ωλναί-σου-Μπουά", "population": "86135", "population:date": "2021", "postal_code": "93600", "ref:FR:SIREN": "219300050", "ref:INSEE": "93005", "source:population": "INSEE 2024", "source:postal_code": "source of postcode is from osm nodes", "type": "boundary", "wikidata": "Q192773", "wikipedia": "fr:Aulnay-sous-Bois" } }, { "role": "outer", "rel": 162521, "reltags": { "admin_level": "8", "boundary": "administrative", "name": "Les Pavillons-sous-Bois", "population": "24165", "population:date": "2021", "postal_code": "93320", "ref:FR:SIREN": "219300571", "ref:INSEE": "93057", "source:population": "INSEE 2024", "source:postal_code": "source of postcode is from osm nodes", "type": "boundary", "wikidata": "Q498043", "wikipedia": "fr:Les Pavillons-sous-Bois" } } ] }, "geometry": { "type": "LineString", "coordinates": [ [ 2.4918648, 48.9169061 ], [ 2.4919572, 48.9169173 ], [ 2.492597, 48.9169949 ], [ 2.4936052, 48.9171171 ], [ 2.4946012, 48.9172379 ], [ 2.4955294, 48.9173504 ], [ 2.4955748, 48.9173559 ], [ 2.4969157, 48.9175185 ] ] } },
{ "type": "Feature", "id": "way/36846631", "properties": { "@id": "way/36846631", "admin_level": "8", "boundary": "administrative", "source": "cadastre-dgi-fr source : Direction Générale des Impôts - Cadastre. Mise à jour : 2009", "@relations": [ { "role": "outer", "rel": 162259, "reltags": { "admin_level": "8", "boundary": "administrative", "name": "Aulnay-sous-Bois", "name:el": "Ωλναί-σου-Μπουά", "population": "86135", "population:date": "2021", "postal_code": "93600", "ref:FR:SIREN": "219300050", "ref:INSEE": "93005", "source:population": "INSEE 2024", "source:postal_code": "source of postcode is from osm nodes", "type": "boundary", "wikidata": "Q192773", "wikipedia": "fr:Aulnay-sous-Bois" } }, { "role": "outer", "rel": 162566, "reltags": { "admin_level": "8", "boundary": "administrative", "name": "Livry-Gargan", "population": "46028", "population:date": "2021", "postal_code": "93190", "ref:FR:SIREN": "219300464", "ref:INSEE": "93046", "source:population": "INSEE 2024", "source:postal_code": "source of postcode is from osm nodes", "type": "boundary", "wikidata": "Q180005", "wikipedia": "fr:Livry-Gargan" } } ] }, "geometry": { "type": "LineString", "coordinates": [ [ 2.5181419, 48.9251264 ], [ 2.5176428, 48.9251491 ], [ 2.5176022, 48.9248688 ], [ 2.5175744, 48.924685 ], [ 2.5174824, 48.9246296 ], [ 2.5165428, 48.9239893 ], [ 2.5163472, 48.9237448 ], [ 2.5160995, 48.9233458 ], [ 2.5159967, 48.9232167 ], [ 2.5156623, 48.9229239 ], [ 2.5156074, 48.9228758 ], [ 2.5155223, 48.922921 ], [ 2.515366, 48.923004 ], [ 2.51497, 48.9232144 ], [ 2.5149432, 48.9231791 ], [ 2.5136058, 48.9216186 ], [ 2.5137582, 48.9215514 ], [ 2.5122512, 48.9194098 ], [ 2.5122611, 48.919342 ], [ 2.5111011, 48.9192118 ], [ 2.5110368, 48.9192039 ], [ 2.5108247, 48.9191808 ], [ 2.5105989, 48.9191527 ], [ 2.5091725, 48.918978 ] ] } },
{ "type": "Feature", "id": "way/165356793", "properties": { "@id": "way/165356793", "admin_level": "8", "boundary": "administrative", "source": "cadastre-dgi-fr source : Direction Générale des Impôts - Cadastre. Mise à jour : 2009", "@relations": [ { "role": "outer", "rel": 131216, "reltags": { "admin_level": "8", "boundary": "administrative", "name": "Noisy-le-Sec", "population": "46094", "population:date": "2021", "postal_code": "93130", "ref:FR:SIREN": "219300530", "ref:INSEE": "93053", "source:population": "INSEE 2024", "source:postal_code": "source of postcode is from osm nodes", "type": "boundary", "wikidata": "Q370224", "wikipedia": "fr:Noisy-le-Sec" } }, { "role": "outer", "rel": 158667, "reltags": { "admin_level": "8", "boundary": "administrative", "name": "Bondy", "population": "52905", "population:date": "2021", "postal_code": "93140", "ref:FR:SIREN": "219300100", "ref:INSEE": "93010", "source:population": "INSEE 2024", "source:postal_code": "La Poste - 12/2014", "type": "boundary", "wikidata": "Q237394", "wikipedia": "fr:Bondy" } } ] }, "geometry": { "type": "LineString", "coordinates": [ [ 2.4725911, 48.8923046 ], [ 2.472456, 48.8919071 ], [ 2.4723001, 48.8912229 ], [ 2.4718753, 48.8900524 ], [ 2.4713134, 48.8891135 ], [ 2.4713292, 48.8890341 ], [ 2.4714231, 48.8890307 ], [ 2.4717403, 48.8890192 ], [ 2.4722631, 48.8889899 ], [ 2.4727405, 48.8889621 ], [ 2.4729102, 48.8889531 ], [ 2.4729926, 48.8889487 ], [ 2.4734063, 48.8889267 ] ] } },
{ "type": "Feature", "id": "way/195026408", "properties": { "@id": "way/195026408", "admin_level": "8", "boundary": "administrative", "source": "cadastre-dgi-fr source : Direction Générale des Impôts - Cadastre. Mise à jour : 2009", "@relations": [ { "role": "outer", "rel": 131240, "reltags": { "admin_level": "8", "boundary": "administrative", "name": "Bobigny", "population": "55056", "population:date": "2021", "postal_code": "93000", "ref:FR:SIREN": "219300084", "ref:INSEE": "93008", "source": "source of postcode is from osm nodes", "source:population": "INSEE 2024", "source:postal_code": "La Poste - 11/2014", "type": "boundary", "wikidata": "Q154724", "wikipedia": "fr:Bobigny" } }, { "role": "outer", "rel": 158667, "reltags": { "admin_level": "8", "boundary": "administrative", "name": "Bondy", "population": "52905", "population:date": "2021", "postal_code": "93140", "ref:FR:SIREN": "219300100", "ref:INSEE": "93010", "source:population": "INSEE 2024", "source:postal_code": "La Poste - 12/2014", "type": "boundary", "wikidata": "Q237394", "wikipedia": "fr:Bondy" } } ] }, "geometry": { "type": "LineString", "coordinates": [ [ 2.474546, 48.911024 ], [ 2.4744888, 48.9109347 ] ] } },
{ "type": "Feature", "id": "way/261382628", "properties": { "@id": "way/261382628", "admin_level": "8", "boundary": "administrative", "source": "cadastre-dgi-fr source : Direction Générale des Impôts - Cadastre. Mise à jour : 2011", "@relations": [ { "role": "outer", "rel": 134947, "reltags": { "admin_level": "8", "boundary": "administrative", "name": "Neuilly-Plaisance", "population": "21415", "population:date": "2021", "postal_code": "93360", "ref:FR:SIREN": "219300498", "ref:INSEE": "93049", "source:population": "INSEE 2024", "source:postal_code": "La Poste - 12/2014", "type": "boundary", "wikidata": "Q685597", "wikipedia": "fr:Neuilly-Plaisance" } }, { "role": "outer", "rel": 162329, "reltags": { "admin_level": "8", "boundary": "administrative", "name": "Villemomble", "population": "30332", "population:date": "2021", "postal_code": "93250", "ref:FR:SIREN": "219300779", "ref:INSEE": "93077", "source:population": "INSEE 2024", "type": "boundary", "wikidata": "Q244716", "wikipedia": "fr:Villemomble" } } ] }, "geometry": { "type": "LineString", "coordinates": [ [ 2.5198619, 48.8743663 ], [ 2.5190522, 48.8744057 ], [ 2.518588, 48.8744256 ], [ 2.5184806, 48.8744032 ], [ 2.5179795, 48.8744853 ], [ 2.5182964, 48.8749841 ], [ 2.5170714, 48.8750974 ], [ 2.5161623, 48.8751815 ], [ 2.515029, 48.874926 ], [ 2.5143639, 48.8751736 ], [ 2.5128707, 48.8756459 ], [ 2.5131428, 48.8760284 ], [ 2.5121433, 48.8763695 ], [ 2.5117477, 48.8765055 ], [ 2.5121165, 48.8766679 ], [ 2.5111796, 48.8772792 ], [ 2.5094157, 48.8780603 ] ] } },
{ "type": "Feature", "id": "way/329384043", "properties": { "@id": "way/329384043", "admin_level": "8", "boundary": "administrative", "source": "cadastre-dgi-fr source : Direction Générale des Impôts - Cadastre. Mise à jour : 2009", "@relations": [ { "role": "outer", "rel": 158481, "reltags": { "admin_level": "8", "boundary": "administrative", "name": "Drancy", "name:el": "Ντρανσί", "population": "71363", "population:date": "2021", "postal_code": "93700", "ref:FR:SIREN": "219300290", "ref:INSEE": "93029", "source:population": "INSEE 2024", "source:postal_code": "source of postcode is from osm nodes", "type": "boundary", "wikidata": "Q201348", "wikipedia": "fr:Drancy" } }, { "role": "outer", "rel": 162209, "reltags": { "admin_level": "8", "authority_address": "93150 Le Blanc-Mesnil, Rue Jean Perrin, 2", "boundary": "administrative", "name": "Le Blanc-Mesnil", "name:el": "Λε Μπλαν-Μενίλ", "population": "58257", "population:date": "2021", "postal_code": "93150", "ref:FR:SIREN": "219300076", "ref:INSEE": "93007", "source:population": "INSEE 2024", "source:postal_code": "source of postcode is from osm nodes", "type": "boundary", "wikidata": "Q208313", "wikipedia": "fr:Le Blanc-Mesnil" } } ] }, "geometry": { "type": "LineString", "coordinates": [ [ 2.4619597, 48.9209292 ], [ 2.4620445, 48.920908 ], [ 2.463866, 48.9204535 ], [ 2.4640475, 48.9204068 ], [ 2.4641828, 48.9203719 ], [ 2.4643041, 48.9203431 ], [ 2.4652918, 48.9201086 ], [ 2.4653546, 48.9200925 ], [ 2.4655048, 48.9200543 ], [ 2.4662247, 48.9198673 ], [ 2.4685207, 48.9193093 ], [ 2.4685886, 48.9192807 ], [ 2.4681768, 48.9190501 ], [ 2.4688169, 48.9189555 ], [ 2.4688665, 48.9189647 ], [ 2.4719534, 48.9206528 ], [ 2.4720078, 48.9205865 ], [ 2.4720409, 48.9205297 ], [ 2.4721539, 48.9204152 ], [ 2.472306, 48.920324 ], [ 2.4725254, 48.920242 ], [ 2.4728652, 48.9201552 ], [ 2.4732051, 48.9201058 ], [ 2.4734565, 48.9200822 ], [ 2.4736653, 48.9200026 ], [ 2.4739231, 48.9197221 ], [ 2.4740074, 48.9194746 ], [ 2.4740243, 48.9191734 ], [ 2.4741616, 48.9188885 ], [ 2.4743264, 48.9184007 ] ] } },
{ "type": "Feature", "id": "way/329384799", "properties": { "@id": "way/329384799", "admin_level": "8", "boundary": "administrative", "source": "cadastre-dgi-fr source : Direction Générale des Impôts - Cadastre. Mise à jour : 2009", "@relations": [ { "role": "outer", "rel": 131240, "reltags": { "admin_level": "8", "boundary": "administrative", "name": "Bobigny", "population": "55056", "population:date": "2021", "postal_code": "93000", "ref:FR:SIREN": "219300084", "ref:INSEE": "93008", "source": "source of postcode is from osm nodes", "source:population": "INSEE 2024", "source:postal_code": "La Poste - 11/2014", "type": "boundary", "wikidata": "Q154724", "wikipedia": "fr:Bobigny" } }, { "role": "outer", "rel": 158667, "reltags": { "admin_level": "8", "boundary": "administrative", "name": "Bondy", "population": "52905", "population:date": "2021", "postal_code": "93140", "ref:FR:SIREN": "219300100", "ref:INSEE": "93010", "source:population": "INSEE 2024", "source:postal_code": "La Poste - 12/2014", "type": "boundary", "wikidata": "Q237394", "wikipedia": "fr:Bondy" } } ] }, "geometry": { "type": "LineString", "coordinates": [ [ 2.4742854, 48.9105967 ], [ 2.4742478, 48.9105449 ], [ 2.4741951, 48.910476 ], [ 2.4741597, 48.9104297 ], [ 2.4732123, 48.9093317 ], [ 2.4731334, 48.9092482 ], [ 2.4730621, 48.909161 ], [ 2.4726759, 48.9085704 ], [ 2.4724714, 48.9082627 ], [ 2.4723868, 48.9081368 ], [ 2.4723205, 48.908028 ], [ 2.4719443, 48.9078353 ], [ 2.471667, 48.9077004 ], [ 2.471616, 48.9076723 ], [ 2.4715666, 48.9076451 ], [ 2.4713091, 48.9066675 ], [ 2.4709144, 48.905169 ], [ 2.4704113, 48.9050543 ], [ 2.4700476, 48.9049714 ] ] } },
{ "type": "Feature", "id": "way/329384800", "properties": { "@id": "way/329384800", "admin_level": "8", "boundary": "administrative", "source": "cadastre-dgi-fr source : Direction Générale des Impôts - Cadastre. Mise à jour : 2009", "@relations": [ { "role": "outer", "rel": 131240, "reltags": { "admin_level": "8", "boundary": "administrative", "name": "Bobigny", "population": "55056", "population:date": "2021", "postal_code": "93000", "ref:FR:SIREN": "219300084", "ref:INSEE": "93008", "source": "source of postcode is from osm nodes", "source:population": "INSEE 2024", "source:postal_code": "La Poste - 11/2014", "type": "boundary", "wikidata": "Q154724", "wikipedia": "fr:Bobigny" } }, { "role": "outer", "rel": 158667, "reltags": { "admin_level": "8", "boundary": "administrative", "name": "Bondy", "population": "52905", "population:date": "2021", "postal_code": "93140", "ref:FR:SIREN": "219300100", "ref:INSEE": "93010", "source:population": "INSEE 2024", "source:postal_code": "La Poste - 12/2014", "type": "boundary", "wikidata": "Q237394", "wikipedia": "fr:Bondy" } } ] }, "geometry": { "type": "LineString", "coordinates": [ [ 2.4744888, 48.9109347 ], [ 2.4743792, 48.9107955 ], [ 2.4742854, 48.9105967 ] ] } },
{ "type": "Feature", "id": "way/547398687", "properties": { "@id": "way/547398687", "admin_level": "8", "boundary": "administrative", "source": "cadastre-dgi-fr source : Direction Générale des Impôts - Cadastre. Mise à jour : 2009", "@relations": [ { "role": "outer", "rel": 162329, "reltags": { "admin_level": "8", "boundary": "administrative", "name": "Villemomble", "population": "30332", "population:date": "2021", "postal_code": "93250", "ref:FR:SIREN": "219300779", "ref:INSEE": "93077", "source:population": "INSEE 2024", "type": "boundary", "wikidata": "Q244716", "wikipedia": "fr:Villemomble" } }, { "role": "outer", "rel": 162521, "reltags": { "admin_level": "8", "boundary": "administrative", "name": "Les Pavillons-sous-Bois", "population": "24165", "population:date": "2021", "postal_code": "93320", "ref:FR:SIREN": "219300571", "ref:INSEE": "93057", "source:population": "INSEE 2024", "source:postal_code": "source of postcode is from osm nodes", "type": "boundary", "wikidata": "Q498043", "wikipedia": "fr:Les Pavillons-sous-Bois" } } ] }, "geometry": { "type": "LineString", "coordinates": [ [ 2.5006636, 48.8952091 ], [ 2.5006046, 48.8952668 ], [ 2.5002413, 48.8956221 ], [ 2.5001206, 48.8957402 ] ] } },
{ "type": "Feature", "id": "way/601317058", "properties": { "@id": "way/601317058", "admin_level": "8", "boundary": "administrative", "source": "cadastre-dgi-fr source : Direction Générale des Impôts - Cadastre. Mise à jour : 2009", "@relations": [ { "role": "outer", "rel": 129423, "reltags": { "admin_level": "8", "boundary": "administrative", "name": "Montreuil", "name:el": "Μοντρέιγ", "old_name": "Montreuil-sous-Bois", "population": "111455", "population:date": "2021", "postal_code": "93100", "ref:FR:SIREN": "219300480", "ref:INSEE": "93048", "source:population": "INSEE 2024", "source:postal_code": "source of postcode is from osm nodes", "type": "boundary", "wikidata": "Q193370", "wikipedia": "fr:Montreuil (Seine-Saint-Denis)" } }, { "role": "outer", "rel": 131216, "reltags": { "admin_level": "8", "boundary": "administrative", "name": "Noisy-le-Sec", "population": "46094", "population:date": "2021", "postal_code": "93130", "ref:FR:SIREN": "219300530", "ref:INSEE": "93053", "source:population": "INSEE 2024", "source:postal_code": "source of postcode is from osm nodes", "type": "boundary", "wikidata": "Q370224", "wikipedia": "fr:Noisy-le-Sec" } } ] }, "geometry": { "type": "LineString", "coordinates": [ [ 2.4517781, 48.8785156 ], [ 2.4518329, 48.8785119 ], [ 2.4518837, 48.8785084 ], [ 2.4549308, 48.8783059 ] ] } },
{ "type": "Feature", "id": "way/635299840", "properties": { "@id": "way/635299840", "admin_level": "8", "boundary": "administrative", "source": "cadastre-dgi-fr source : Direction Générale des Impôts - Cadastre. Mise à jour : 2009", "@relations": [ { "role": "outer", "rel": 129423, "reltags": { "admin_level": "8", "boundary": "administrative", "name": "Montreuil", "name:el": "Μοντρέιγ", "old_name": "Montreuil-sous-Bois", "population": "111455", "population:date": "2021", "postal_code": "93100", "ref:FR:SIREN": "219300480", "ref:INSEE": "93048", "source:population": "INSEE 2024", "source:postal_code": "source of postcode is from osm nodes", "type": "boundary", "wikidata": "Q193370", "wikipedia": "fr:Montreuil (Seine-Saint-Denis)" } }, { "role": "outer", "rel": 131216, "reltags": { "admin_level": "8", "boundary": "administrative", "name": "Noisy-le-Sec", "population": "46094", "population:date": "2021", "postal_code": "93130", "ref:FR:SIREN": "219300530", "ref:INSEE": "93053", "source:population": "INSEE 2024", "source:postal_code": "source of postcode is from osm nodes", "type": "boundary", "wikidata": "Q370224", "wikipedia": "fr:Noisy-le-Sec" } } ] }, "geometry": { "type": "LineString", "coordinates": [ [ 2.4578646, 48.8786457 ], [ 2.4587779, 48.8787303 ], [ 2.4591415, 48.8787474 ], [ 2.4592844, 48.8784753 ], [ 2.4599678, 48.8783816 ], [ 2.4599911, 48.8784409 ], [ 2.4612098, 48.8783544 ], [ 2.4612463, 48.8783179 ], [ 2.4612935, 48.8783544 ], [ 2.462849, 48.8781808 ], [ 2.4630625, 48.878477 ], [ 2.4632511, 48.8784216 ], [ 2.4636071, 48.878366 ], [ 2.4649038, 48.8780347 ], [ 2.4649281, 48.8780701 ] ] } },
{ "type": "Feature", "id": "way/635307351", "properties": { "@id": "way/635307351", "admin_level": "8", "boundary": "administrative", "source": "cadastre-dgi-fr source : Direction Générale des Impôts - Cadastre. Mise à jour : 2009", "@relations": [ { "role": "outer", "rel": 129423, "reltags": { "admin_level": "8", "boundary": "administrative", "name": "Montreuil", "name:el": "Μοντρέιγ", "old_name": "Montreuil-sous-Bois", "population": "111455", "population:date": "2021", "postal_code": "93100", "ref:FR:SIREN": "219300480", "ref:INSEE": "93048", "source:population": "INSEE 2024", "source:postal_code": "source of postcode is from osm nodes", "type": "boundary", "wikidata": "Q193370", "wikipedia": "fr:Montreuil (Seine-Saint-Denis)" } }, { "role": "outer", "rel": 131216, "reltags": { "admin_level": "8", "boundary": "administrative", "name": "Noisy-le-Sec", "population": "46094", "population:date": "2021", "postal_code": "93130", "ref:FR:SIREN": "219300530", "ref:INSEE": "93053", "source:population": "INSEE 2024", "source:postal_code": "source of postcode is from osm nodes", "type": "boundary", "wikidata": "Q370224", "wikipedia": "fr:Noisy-le-Sec" } } ] }, "geometry": { "type": "LineString", "coordinates": [ [ 2.4549308, 48.8783059 ], [ 2.4556369, 48.878425 ], [ 2.4567073, 48.8785421 ], [ 2.4577392, 48.878635 ], [ 2.4578646, 48.8786457 ] ] } },
{ "type": "Feature", "id": "way/635315693", "properties": { "@id": "way/635315693", "admin_level": "8", "boundary": "administrative", "source": "cadastre-dgi-fr source : Direction Générale des Impôts - Cadastre. Mise à jour : 2009", "@relations": [ { "role": "outer", "rel": 130632, "reltags": { "admin_level": "8", "boundary": "administrative", "name": "Romainville", "population": "33266", "population:date": "2021", "postal_code": "93230", "ref:FR:SIREN": "219300639", "ref:INSEE": "93063", "source": "source of postcode is from osm nodes", "source:population": "INSEE 2024", "source:postal_code": "La Poste - 11/2014", "type": "boundary", "wikidata": "Q372111", "wikipedia": "fr:Romainville" } }, { "role": "outer", "rel": 131216, "reltags": { "admin_level": "8", "boundary": "administrative", "name": "Noisy-le-Sec", "population": "46094", "population:date": "2021", "postal_code": "93130", "ref:FR:SIREN": "219300530", "ref:INSEE": "93053", "source:population": "INSEE 2024", "source:postal_code": "source of postcode is from osm nodes", "type": "boundary", "wikidata": "Q370224", "wikipedia": "fr:Noisy-le-Sec" } } ] }, "geometry": { "type": "LineString", "coordinates": [ [ 2.4505261, 48.8785953 ], [ 2.4517781, 48.8785156 ] ] } },
{ "type": "Feature", "id": "way/675430783", "properties": { "@id": "way/675430783", "admin_level": "8", "boundary": "administrative", "source": "cadastre-dgi-fr source : Direction Générale des Impôts - Cadastre. Mise à jour : 2009", "@relations": [ { "role": "outer", "rel": 162259, "reltags": { "admin_level": "8", "boundary": "administrative", "name": "Aulnay-sous-Bois", "name:el": "Ωλναί-σου-Μπουά", "population": "86135", "population:date": "2021", "postal_code": "93600", "ref:FR:SIREN": "219300050", "ref:INSEE": "93005", "source:population": "INSEE 2024", "source:postal_code": "source of postcode is from osm nodes", "type": "boundary", "wikidata": "Q192773", "wikipedia": "fr:Aulnay-sous-Bois" } }, { "role": "outer", "rel": 162521, "reltags": { "admin_level": "8", "boundary": "administrative", "name": "Les Pavillons-sous-Bois", "population": "24165", "population:date": "2021", "postal_code": "93320", "ref:FR:SIREN": "219300571", "ref:INSEE": "93057", "source:population": "INSEE 2024", "source:postal_code": "source of postcode is from osm nodes", "type": "boundary", "wikidata": "Q498043", "wikipedia": "fr:Les Pavillons-sous-Bois" } } ] }, "geometry": { "type": "LineString", "coordinates": [ [ 2.4972368, 48.9175555 ], [ 2.4984425, 48.9176943 ], [ 2.5021288, 48.9181479 ], [ 2.5040971, 48.9183745 ], [ 2.5059648, 48.9185944 ], [ 2.5064776, 48.9185188 ], [ 2.5071157, 48.9187373 ] ] } },
{ "type": "Feature", "id": "way/720014962", "properties": { "@id": "way/720014962", "admin_level": "8", "boundary": "administrative", "source": "cadastre-dgi-fr source : Direction Générale des Impôts - Cadastre. Mise à jour : 2009", "@relations": [ { "role": "outer", "rel": 131216, "reltags": { "admin_level": "8", "boundary": "administrative", "name": "Noisy-le-Sec", "population": "46094", "population:date": "2021", "postal_code": "93130", "ref:FR:SIREN": "219300530", "ref:INSEE": "93053", "source:population": "INSEE 2024", "source:postal_code": "source of postcode is from osm nodes", "type": "boundary", "wikidata": "Q370224", "wikipedia": "fr:Noisy-le-Sec" } }, { "role": "outer", "rel": 158667, "reltags": { "admin_level": "8", "boundary": "administrative", "name": "Bondy", "population": "52905", "population:date": "2021", "postal_code": "93140", "ref:FR:SIREN": "219300100", "ref:INSEE": "93010", "source:population": "INSEE 2024", "source:postal_code": "La Poste - 12/2014", "type": "boundary", "wikidata": "Q237394", "wikipedia": "fr:Bondy" } } ] }, "geometry": { "type": "LineString", "coordinates": [ [ 2.4744262, 48.8888753 ], [ 2.474685, 48.8888601 ], [ 2.4751898, 48.888833 ], [ 2.4752571, 48.888828 ], [ 2.4757707, 48.8887968 ], [ 2.4758632, 48.8887919 ], [ 2.476098, 48.8887782 ], [ 2.4762545, 48.8887724 ], [ 2.4765712, 48.8887703 ] ] } },
{ "type": "Feature", "id": "way/720014963", "properties": { "@id": "way/720014963", "admin_level": "8", "boundary": "administrative", "source": "cadastre-dgi-fr source : Direction Générale des Impôts - Cadastre. Mise à jour : 2009", "@relations": [ { "role": "outer", "rel": 131216, "reltags": { "admin_level": "8", "boundary": "administrative", "name": "Noisy-le-Sec", "population": "46094", "population:date": "2021", "postal_code": "93130", "ref:FR:SIREN": "219300530", "ref:INSEE": "93053", "source:population": "INSEE 2024", "source:postal_code": "source of postcode is from osm nodes", "type": "boundary", "wikidata": "Q370224", "wikipedia": "fr:Noisy-le-Sec" } }, { "role": "outer", "rel": 158667, "reltags": { "admin_level": "8", "boundary": "administrative", "name": "Bondy", "population": "52905", "population:date": "2021", "postal_code": "93140", "ref:FR:SIREN": "219300100", "ref:INSEE": "93010", "source:population": "INSEE 2024", "source:postal_code": "La Poste - 12/2014", "type": "boundary", "wikidata": "Q237394", "wikipedia": "fr:Bondy" } } ] }, "geometry": { "type": "LineString", "coordinates": [ [ 2.4734063, 48.8889267 ], [ 2.4744262, 48.8888753 ] ] } },
{ "type": "Feature", "id": "way/720014966", "properties": { "@id": "way/720014966", "admin_level": "8", "boundary": "administrative", "source": "cadastre-dgi-fr source : Direction Générale des Impôts - Cadastre. Mise à jour : 2009", "@relations": [ { "role": "outer", "rel": 131216, "reltags": { "admin_level": "8", "boundary": "administrative", "name": "Noisy-le-Sec", "population": "46094", "population:date": "2021", "postal_code": "93130", "ref:FR:SIREN": "219300530", "ref:INSEE": "93053", "source:population": "INSEE 2024", "source:postal_code": "source of postcode is from osm nodes", "type": "boundary", "wikidata": "Q370224", "wikipedia": "fr:Noisy-le-Sec" } }, { "role": "outer", "rel": 158667, "reltags": { "admin_level": "8", "boundary": "administrative", "name": "Bondy", "population": "52905", "population:date": "2021", "postal_code": "93140", "ref:FR:SIREN": "219300100", "ref:INSEE": "93010", "source:population": "INSEE 2024", "source:postal_code": "La Poste - 12/2014", "type": "boundary", "wikidata": "Q237394", "wikipedia": "fr:Bondy" } } ] }, "geometry": { "type": "LineString", "coordinates": [ [ 2.4729335, 48.8930119 ], [ 2.4727503, 48.8927729 ], [ 2.4725911, 48.8923046 ] ] } },
{ "type": "Feature", "id": "way/720014967", "properties": { "@id": "way/720014967", "admin_level": "8", "boundary": "administrative", "source": "cadastre-dgi-fr source : Direction Générale des Impôts - Cadastre. Mise à jour : 2009", "@relations": [ { "role": "outer", "rel": 131216, "reltags": { "admin_level": "8", "boundary": "administrative", "name": "Noisy-le-Sec", "population": "46094", "population:date": "2021", "postal_code": "93130", "ref:FR:SIREN": "219300530", "ref:INSEE": "93053", "source:population": "INSEE 2024", "source:postal_code": "source of postcode is from osm nodes", "type": "boundary", "wikidata": "Q370224", "wikipedia": "fr:Noisy-le-Sec" } }, { "role": "outer", "rel": 158667, "reltags": { "admin_level": "8", "boundary": "administrative", "name": "Bondy", "population": "52905", "population:date": "2021", "postal_code": "93140", "ref:FR:SIREN": "219300100", "ref:INSEE": "93010", "source:population": "INSEE 2024", "source:postal_code": "La Poste - 12/2014", "type": "boundary", "wikidata": "Q237394", "wikipedia": "fr:Bondy" } } ] }, "geometry": { "type": "LineString", "coordinates": [ [ 2.4741637, 48.8946996 ], [ 2.4734054, 48.893626 ], [ 2.4734142, 48.8935771 ], [ 2.4732406, 48.8934127 ], [ 2.4730131, 48.8931158 ], [ 2.472991, 48.893087 ], [ 2.4729335, 48.8930119 ] ] } },
{ "type": "Feature", "id": "way/720014968", "properties": { "@id": "way/720014968", "admin_level": "8", "boundary": "administrative", "source": "cadastre-dgi-fr source : Direction Générale des Impôts - Cadastre. Mise à jour : 2009", "@relations": [ { "role": "outer", "rel": 131216, "reltags": { "admin_level": "8", "boundary": "administrative", "name": "Noisy-le-Sec", "population": "46094", "population:date": "2021", "postal_code": "93130", "ref:FR:SIREN": "219300530", "ref:INSEE": "93053", "source:population": "INSEE 2024", "source:postal_code": "source of postcode is from osm nodes", "type": "boundary", "wikidata": "Q370224", "wikipedia": "fr:Noisy-le-Sec" } }, { "role": "outer", "rel": 158667, "reltags": { "admin_level": "8", "boundary": "administrative", "name": "Bondy", "population": "52905", "population:date": "2021", "postal_code": "93140", "ref:FR:SIREN": "219300100", "ref:INSEE": "93010", "source:population": "INSEE 2024", "source:postal_code": "La Poste - 12/2014", "type": "boundary", "wikidata": "Q237394", "wikipedia": "fr:Bondy" } } ] }, "geometry": { "type": "LineString", "coordinates": [ [ 2.4692049, 48.8995137 ], [ 2.469944, 48.8993065 ] ] } },
{ "type": "Feature", "id": "way/720014969", "properties": { "@id": "way/720014969", "admin_level": "8", "boundary": "administrative", "source": "cadastre-dgi-fr source : Direction Générale des Impôts - Cadastre. Mise à jour : 2009", "@relations": [ { "role": "outer", "rel": 131216, "reltags": { "admin_level": "8", "boundary": "administrative", "name": "Noisy-le-Sec", "population": "46094", "population:date": "2021", "postal_code": "93130", "ref:FR:SIREN": "219300530", "ref:INSEE": "93053", "source:population": "INSEE 2024", "source:postal_code": "source of postcode is from osm nodes", "type": "boundary", "wikidata": "Q370224", "wikipedia": "fr:Noisy-le-Sec" } }, { "role": "outer", "rel": 158667, "reltags": { "admin_level": "8", "boundary": "administrative", "name": "Bondy", "population": "52905", "population:date": "2021", "postal_code": "93140", "ref:FR:SIREN": "219300100", "ref:INSEE": "93010", "source:population": "INSEE 2024", "source:postal_code": "La Poste - 12/2014", "type": "boundary", "wikidata": "Q237394", "wikipedia": "fr:Bondy" } } ] }, "geometry": { "type": "LineString", "coordinates": [ [ 2.4693159, 48.9002666 ], [ 2.4690859, 48.8995464 ], [ 2.4692049, 48.8995137 ] ] } },
{ "type": "Feature", "id": "way/720014972", "properties": { "@id": "way/720014972", "admin_level": "8", "boundary": "administrative", "source": "cadastre-dgi-fr source : Direction Générale des Impôts - Cadastre. Mise à jour : 2009", "@relations": [ { "role": "outer", "rel": 131216, "reltags": { "admin_level": "8", "boundary": "administrative", "name": "Noisy-le-Sec", "population": "46094", "population:date": "2021", "postal_code": "93130", "ref:FR:SIREN": "219300530", "ref:INSEE": "93053", "source:population": "INSEE 2024", "source:postal_code": "source of postcode is from osm nodes", "type": "boundary", "wikidata": "Q370224", "wikipedia": "fr:Noisy-le-Sec" } }, { "role": "outer", "rel": 158667, "reltags": { "admin_level": "8", "boundary": "administrative", "name": "Bondy", "population": "52905", "population:date": "2021", "postal_code": "93140", "ref:FR:SIREN": "219300100", "ref:INSEE": "93010", "source:population": "INSEE 2024", "source:postal_code": "La Poste - 12/2014", "type": "boundary", "wikidata": "Q237394", "wikipedia": "fr:Bondy" } } ] }, "geometry": { "type": "LineString", "coordinates": [ [ 2.4696814, 48.9014057 ], [ 2.4695602, 48.9011845 ], [ 2.4693159, 48.9002666 ] ] } },
{ "type": "Feature", "id": "way/720014973", "properties": { "@id": "way/720014973", "admin_level": "8", "boundary": "administrative", "source": "cadastre-dgi-fr source : Direction Générale des Impôts - Cadastre. Mise à jour : 2009", "@relations": [ { "role": "outer", "rel": 131216, "reltags": { "admin_level": "8", "boundary": "administrative", "name": "Noisy-le-Sec", "population": "46094", "population:date": "2021", "postal_code": "93130", "ref:FR:SIREN": "219300530", "ref:INSEE": "93053", "source:population": "INSEE 2024", "source:postal_code": "source of postcode is from osm nodes", "type": "boundary", "wikidata": "Q370224", "wikipedia": "fr:Noisy-le-Sec" } }, { "role": "outer", "rel": 131240, "reltags": { "admin_level": "8", "boundary": "administrative", "name": "Bobigny", "population": "55056", "population:date": "2021", "postal_code": "93000", "ref:FR:SIREN": "219300084", "ref:INSEE": "93008", "source": "source of postcode is from osm nodes", "source:population": "INSEE 2024", "source:postal_code": "La Poste - 11/2014", "type": "boundary", "wikidata": "Q154724", "wikipedia": "fr:Bobigny" } } ] }, "geometry": { "type": "LineString", "coordinates": [ [ 2.4648215, 48.9052551 ], [ 2.463883, 48.9052781 ] ] } },
{ "type": "Feature", "id": "way/720014974", "properties": { "@id": "way/720014974", "admin_level": "8", "boundary": "administrative", "source": "cadastre-dgi-fr source : Direction Générale des Impôts - Cadastre. Mise à jour : 2009", "@relations": [ { "role": "outer", "rel": 131216, "reltags": { "admin_level": "8", "boundary": "administrative", "name": "Noisy-le-Sec", "population": "46094", "population:date": "2021", "postal_code": "93130", "ref:FR:SIREN": "219300530", "ref:INSEE": "93053", "source:population": "INSEE 2024", "source:postal_code": "source of postcode is from osm nodes", "type": "boundary", "wikidata": "Q370224", "wikipedia": "fr:Noisy-le-Sec" } }, { "role": "outer", "rel": 131240, "reltags": { "admin_level": "8", "boundary": "administrative", "name": "Bobigny", "population": "55056", "population:date": "2021", "postal_code": "93000", "ref:FR:SIREN": "219300084", "ref:INSEE": "93008", "source": "source of postcode is from osm nodes", "source:population": "INSEE 2024", "source:postal_code": "La Poste - 11/2014", "type": "boundary", "wikidata": "Q154724", "wikipedia": "fr:Bobigny" } } ] }, "geometry": { "type": "LineString", "coordinates": [ [ 2.4700476, 48.9049714 ], [ 2.4699159, 48.9052343 ], [ 2.4694136, 48.9053062 ], [ 2.4691823, 48.905312 ], [ 2.4677946, 48.9052693 ], [ 2.4668864, 48.9052509 ], [ 2.4660454, 48.9052324 ], [ 2.4654946, 48.9052386 ], [ 2.4648215, 48.9052551 ] ] } },
{ "type": "Feature", "id": "way/720014976", "properties": { "@id": "way/720014976", "admin_level": "8", "boundary": "administrative", "source": "cadastre-dgi-fr source : Direction Générale des Impôts - Cadastre. Mise à jour : 2009", "@relations": [ { "role": "outer", "rel": 131216, "reltags": { "admin_level": "8", "boundary": "administrative", "name": "Noisy-le-Sec", "population": "46094", "population:date": "2021", "postal_code": "93130", "ref:FR:SIREN": "219300530", "ref:INSEE": "93053", "source:population": "INSEE 2024", "source:postal_code": "source of postcode is from osm nodes", "type": "boundary", "wikidata": "Q370224", "wikipedia": "fr:Noisy-le-Sec" } }, { "role": "outer", "rel": 158667, "reltags": { "admin_level": "8", "boundary": "administrative", "name": "Bondy", "population": "52905", "population:date": "2021", "postal_code": "93140", "ref:FR:SIREN": "219300100", "ref:INSEE": "93010", "source:population": "INSEE 2024", "source:postal_code": "La Poste - 12/2014", "type": "boundary", "wikidata": "Q237394", "wikipedia": "fr:Bondy" } } ] }, "geometry": { "type": "LineString", "coordinates": [ [ 2.4705553, 48.9039469 ], [ 2.4705819, 48.9038933 ], [ 2.4706056, 48.9035701 ], [ 2.4706065, 48.9035572 ], [ 2.470617, 48.9034136 ], [ 2.4706524, 48.9029301 ], [ 2.4705207, 48.9027282 ], [ 2.4704248, 48.9025813 ], [ 2.4698049, 48.901631 ], [ 2.4696814, 48.9014057 ] ] } },
{ "type": "Feature", "id": "way/752017693", "properties": { "@id": "way/752017693", "admin_level": "8", "boundary": "administrative", "source": "cadastre-dgi-fr source : Direction Générale des Impôts - Cadastre. Mise à jour : 2011", "@relations": [ { "role": "outer", "rel": 129423, "reltags": { "admin_level": "8", "boundary": "administrative", "name": "Montreuil", "name:el": "Μοντρέιγ", "old_name": "Montreuil-sous-Bois", "population": "111455", "population:date": "2021", "postal_code": "93100", "ref:FR:SIREN": "219300480", "ref:INSEE": "93048", "source:population": "INSEE 2024", "source:postal_code": "source of postcode is from osm nodes", "type": "boundary", "wikidata": "Q193370", "wikipedia": "fr:Montreuil (Seine-Saint-Denis)" } }, { "role": "outer", "rel": 130632, "reltags": { "admin_level": "8", "boundary": "administrative", "name": "Romainville", "population": "33266", "population:date": "2021", "postal_code": "93230", "ref:FR:SIREN": "219300639", "ref:INSEE": "93063", "source": "source of postcode is from osm nodes", "source:population": "INSEE 2024", "source:postal_code": "La Poste - 11/2014", "type": "boundary", "wikidata": "Q372111", "wikipedia": "fr:Romainville" } } ] }, "geometry": { "type": "LineString", "coordinates": [ [ 2.446615, 48.8731492 ], [ 2.4467971, 48.8732541 ], [ 2.4469369, 48.8735083 ], [ 2.4469771, 48.8735869 ], [ 2.4472381, 48.8739553 ], [ 2.4474309, 48.8741745 ], [ 2.4476796, 48.8744778 ], [ 2.4477084, 48.8745442 ], [ 2.4477444, 48.8745966 ], [ 2.4478203, 48.8747008 ], [ 2.4478489, 48.8747381 ], [ 2.4487916, 48.8759686 ], [ 2.4488324, 48.8760202 ], [ 2.4489292, 48.8761353 ], [ 2.4491156, 48.8764385 ], [ 2.4493252, 48.8768629 ], [ 2.4501853, 48.8769254 ], [ 2.4512539, 48.8770156 ], [ 2.4512716, 48.8770727 ], [ 2.45129, 48.8771274 ], [ 2.4513017, 48.8771605 ], [ 2.4513122, 48.8771904 ], [ 2.451355, 48.8773184 ], [ 2.4513647, 48.8773458 ], [ 2.4517781, 48.8785156 ] ] } },
{ "type": "Feature", "id": "way/754928662", "properties": { "@id": "way/754928662", "admin_level": "8", "boundary": "administrative", "source": "cadastre-dgi-fr source : Direction Générale des Impôts - Cadastre. Mise à jour : 2009", "@relations": [ { "role": "outer", "rel": 162259, "reltags": { "admin_level": "8", "boundary": "administrative", "name": "Aulnay-sous-Bois", "name:el": "Ωλναί-σου-Μπουά", "population": "86135", "population:date": "2021", "postal_code": "93600", "ref:FR:SIREN": "219300050", "ref:INSEE": "93005", "source:population": "INSEE 2024", "source:postal_code": "source of postcode is from osm nodes", "type": "boundary", "wikidata": "Q192773", "wikipedia": "fr:Aulnay-sous-Bois" } }, { "role": "outer", "rel": 162521, "reltags": { "admin_level": "8", "boundary": "administrative", "name": "Les Pavillons-sous-Bois", "population": "24165", "population:date": "2021", "postal_code": "93320", "ref:FR:SIREN": "219300571", "ref:INSEE": "93057", "source:population": "INSEE 2024", "source:postal_code": "source of postcode is from osm nodes", "type": "boundary", "wikidata": "Q498043", "wikipedia": "fr:Les Pavillons-sous-Bois" } } ] }, "geometry": { "type": "LineString", "coordinates": [ [ 2.4969157, 48.9175185 ], [ 2.4972368, 48.9175555 ] ] } },
{ "type": "Feature", "id": "way/754928669", "properties": { "@id": "way/754928669", "admin_level": "8", "boundary": "administrative", "source": "cadastre-dgi-fr source : Direction Générale des Impôts - Cadastre. Mise à jour : 2009", "@relations": [ { "role": "outer", "rel": 162209, "reltags": { "admin_level": "8", "authority_address": "93150 Le Blanc-Mesnil, Rue Jean Perrin, 2", "boundary": "administrative", "name": "Le Blanc-Mesnil", "name:el": "Λε Μπλαν-Μενίλ", "population": "58257", "population:date": "2021", "postal_code": "93150", "ref:FR:SIREN": "219300076", "ref:INSEE": "93007", "source:population": "INSEE 2024", "source:postal_code": "source of postcode is from osm nodes", "type": "boundary", "wikidata": "Q208313", "wikipedia": "fr:Le Blanc-Mesnil" } }, { "role": "outer", "rel": 162259, "reltags": { "admin_level": "8", "boundary": "administrative", "name": "Aulnay-sous-Bois", "name:el": "Ωλναί-σου-Μπουά", "population": "86135", "population:date": "2021", "postal_code": "93600", "ref:FR:SIREN": "219300050", "ref:INSEE": "93005", "source:population": "INSEE 2024", "source:postal_code": "source of postcode is from osm nodes", "type": "boundary", "wikidata": "Q192773", "wikipedia": "fr:Aulnay-sous-Bois" } } ] }, "geometry": { "type": "LineString", "coordinates": [ [ 2.4824178, 48.932206 ], [ 2.4821986, 48.932071 ], [ 2.480979, 48.9320832 ], [ 2.4809613, 48.9309777 ], [ 2.4801751, 48.9309802 ], [ 2.4802915, 48.9307577 ], [ 2.480336, 48.9306791 ], [ 2.4797671, 48.9305312 ], [ 2.4795226, 48.9304492 ], [ 2.479332, 48.9303853 ], [ 2.4792918, 48.9303718 ], [ 2.4798807, 48.9296357 ], [ 2.4799687, 48.9295074 ], [ 2.4800066, 48.9294701 ], [ 2.4801026, 48.92943 ], [ 2.4802502, 48.9292621 ], [ 2.4800746, 48.9292313 ], [ 2.4800373, 48.9291335 ], [ 2.4801139, 48.9291165 ], [ 2.4801634, 48.9290571 ], [ 2.4804029, 48.9290865 ], [ 2.4804889, 48.9290829 ], [ 2.4807137, 48.928878 ], [ 2.4807597, 48.9288087 ], [ 2.4808348, 48.928637 ], [ 2.4809008, 48.928194 ], [ 2.4807959, 48.9275897 ], [ 2.4808555, 48.9274908 ], [ 2.4808566, 48.9267713 ], [ 2.4808738, 48.9259466 ], [ 2.4808526, 48.9258138 ], [ 2.4808317, 48.9256712 ], [ 2.4807839, 48.9253625 ], [ 2.4807475, 48.925086 ], [ 2.4807418, 48.9248626 ], [ 2.480753, 48.924823 ], [ 2.4807431, 48.9247817 ], [ 2.480496, 48.9242132 ], [ 2.4805068, 48.9242095 ], [ 2.4804598, 48.9241352 ], [ 2.4803936, 48.9240999 ], [ 2.4801001, 48.9239479 ], [ 2.4803373, 48.9239469 ], [ 2.480974, 48.9238868 ], [ 2.4809526, 48.9233117 ], [ 2.4807371, 48.9225551 ], [ 2.4802425, 48.9217285 ], [ 2.4794358, 48.9199235 ] ] } },
{ "type": "Feature", "id": "way/822480135", "properties": { "@id": "way/822480135", "admin_level": "8", "boundary": "administrative", "@relations": [ { "role": "outer", "rel": 162521, "reltags": { "admin_level": "8", "boundary": "administrative", "name": "Les Pavillons-sous-Bois", "population": "24165", "population:date": "2021", "postal_code": "93320", "ref:FR:SIREN": "219300571", "ref:INSEE": "93057", "source:population": "INSEE 2024", "source:postal_code": "source of postcode is from osm nodes", "type": "boundary", "wikidata": "Q498043", "wikipedia": "fr:Les Pavillons-sous-Bois" } }, { "role": "outer", "rel": 162566, "reltags": { "admin_level": "8", "boundary": "administrative", "name": "Livry-Gargan", "population": "46028", "population:date": "2021", "postal_code": "93190", "ref:FR:SIREN": "219300464", "ref:INSEE": "93046", "source:population": "INSEE 2024", "source:postal_code": "source of postcode is from osm nodes", "type": "boundary", "wikidata": "Q180005", "wikipedia": "fr:Livry-Gargan" } } ] }, "geometry": { "type": "LineString", "coordinates": [ [ 2.5212752, 48.9120923 ], [ 2.5210241, 48.9118192 ], [ 2.5206964, 48.9114888 ], [ 2.520213, 48.9109906 ], [ 2.5193641, 48.9101617 ], [ 2.5193108, 48.9101097 ], [ 2.5184743, 48.9092783 ], [ 2.5177988, 48.9085999 ], [ 2.5176867, 48.9085102 ], [ 2.5176159, 48.9084247 ], [ 2.5175244, 48.9080507 ], [ 2.5176034, 48.9080588 ], [ 2.5176608, 48.9078505 ], [ 2.5177424, 48.9076076 ], [ 2.5177428, 48.9075379 ], [ 2.5176967, 48.9074174 ], [ 2.5176341, 48.907349 ], [ 2.5162421, 48.9063811 ], [ 2.5159254, 48.9061542 ], [ 2.5153261, 48.9058412 ], [ 2.5151904, 48.9057704 ], [ 2.5146935, 48.905256 ], [ 2.5145827, 48.9051707 ], [ 2.5143246, 48.9049071 ], [ 2.5142286, 48.9048534 ], [ 2.5141469, 48.9047837 ], [ 2.5141205, 48.9047523 ], [ 2.51145, 48.9020043 ], [ 2.5113455, 48.9020389 ], [ 2.5112986, 48.9020221 ], [ 2.5110869, 48.9018156 ] ] } },
{ "type": "Feature", "id": "way/822492701", "properties": { "@id": "way/822492701", "admin_level": "8", "boundary": "administrative", "source": "cadastre-dgi-fr source : Direction Générale des Impôts - Cadastre. Mise à jour : 2009", "@relations": [ { "role": "outer", "rel": 162527, "reltags": { "admin_level": "8", "boundary": "administrative", "name": "Sevran", "name:el": "Σεβράν", "population": "51845", "population:date": "2021", "postal_code": "93270", "ref:FR:SIREN": "219300712", "ref:INSEE": "93071", "source:population": "INSEE 2024", "source:postal_code": "source of postcode is from osm nodes", "type": "boundary", "wikidata": "Q387630", "wikipedia": "fr:Sevran" } }, { "role": "outer", "rel": 162566, "reltags": { "admin_level": "8", "boundary": "administrative", "name": "Livry-Gargan", "population": "46028", "population:date": "2021", "postal_code": "93190", "ref:FR:SIREN": "219300464", "ref:INSEE": "93046", "source:population": "INSEE 2024", "source:postal_code": "source of postcode is from osm nodes", "type": "boundary", "wikidata": "Q180005", "wikipedia": "fr:Livry-Gargan" } } ] }, "geometry": { "type": "LineString", "coordinates": [ [ 2.5223612, 48.9245516 ], [ 2.5223492, 48.9245396 ], [ 2.5217673, 48.9239566 ], [ 2.5190935, 48.925113 ], [ 2.519057, 48.9251165 ], [ 2.5188173, 48.9251393 ], [ 2.5186045, 48.925165 ], [ 2.5185803, 48.9250747 ], [ 2.5181419, 48.9251264 ] ] } },
{ "type": "Feature", "id": "way/868645013", "properties": { "@id": "way/868645013", "admin_level": "8", "boundary": "administrative", "source": "cadastre-dgi-fr source : Direction Générale des Impôts - Cadastre. Mise à jour : 2009", "@relations": [ { "role": "outer", "rel": 162329, "reltags": { "admin_level": "8", "boundary": "administrative", "name": "Villemomble", "population": "30332", "population:date": "2021", "postal_code": "93250", "ref:FR:SIREN": "219300779", "ref:INSEE": "93077", "source:population": "INSEE 2024", "type": "boundary", "wikidata": "Q244716", "wikipedia": "fr:Villemomble" } }, { "role": "outer", "rel": 162337, "reltags": { "admin_level": "8", "boundary": "administrative", "name": "Le Raincy", "population": "14877", "population:date": "2021", "postal_code": "93340", "ref:FR:SIREN": "219300621", "ref:INSEE": "93062", "source:population": "INSEE 2024", "source:postal_code": "La Poste - 12/2014", "type": "boundary", "wikidata": "Q259203", "wikipedia": "fr:Le Raincy" } } ] }, "geometry": { "type": "LineString", "coordinates": [ [ 2.50792, 48.8984279 ], [ 2.5078301, 48.8982147 ], [ 2.5078999, 48.8980508 ], [ 2.5078856, 48.8979076 ], [ 2.5077505, 48.8967346 ], [ 2.5078608, 48.8967231 ], [ 2.507719, 48.8965823 ], [ 2.5076279, 48.8958954 ] ] } },
{ "type": "Feature", "id": "way/868645017", "properties": { "@id": "way/868645017", "admin_level": "8", "boundary": "administrative", "source": "cadastre-dgi-fr source : Direction Générale des Impôts - Cadastre. Mise à jour : 2009", "@relations": [ { "role": "outer", "rel": 162337, "reltags": { "admin_level": "8", "boundary": "administrative", "name": "Le Raincy", "population": "14877", "population:date": "2021", "postal_code": "93340", "ref:FR:SIREN": "219300621", "ref:INSEE": "93062", "source:population": "INSEE 2024", "source:postal_code": "La Poste - 12/2014", "type": "boundary", "wikidata": "Q259203", "wikipedia": "fr:Le Raincy" } }, { "role": "outer", "rel": 162542, "reltags": { "admin_level": "8", "boundary": "administrative", "name": "Gagny", "population": "40189", "population:date": "2021", "postal_code": "93220", "ref:FR:SIREN": "219300324", "ref:INSEE": "93032", "source:population": "INSEE 2024", "source:postal_code": "La Poste - 12/2014", "type": "boundary", "wikidata": "Q179821", "wikipedia": "fr:Gagny" } } ] }, "geometry": { "type": "LineString", "coordinates": [ [ 2.5236017, 48.8933628 ], [ 2.5228578, 48.8931593 ], [ 2.5209551, 48.8914713 ], [ 2.520653, 48.8916701 ], [ 2.5205698, 48.8917265 ], [ 2.5196663, 48.890801 ], [ 2.5192585, 48.8909271 ], [ 2.5185341, 48.8909415 ], [ 2.5181518, 48.8911328 ] ] } },
{ "type": "Feature", "id": "way/868645028", "properties": { "@id": "way/868645028", "admin_level": "8", "boundary": "administrative", "source": "cadastre-dgi-fr source : Direction Générale des Impôts - Cadastre. Mise à jour : 2009", "@relations": [ { "role": "outer", "rel": 162337, "reltags": { "admin_level": "8", "boundary": "administrative", "name": "Le Raincy", "population": "14877", "population:date": "2021", "postal_code": "93340", "ref:FR:SIREN": "219300621", "ref:INSEE": "93062", "source:population": "INSEE 2024", "source:postal_code": "La Poste - 12/2014", "type": "boundary", "wikidata": "Q259203", "wikipedia": "fr:Le Raincy" } }, { "role": "outer", "rel": 162521, "reltags": { "admin_level": "8", "boundary": "administrative", "name": "Les Pavillons-sous-Bois", "population": "24165", "population:date": "2021", "postal_code": "93320", "ref:FR:SIREN": "219300571", "ref:INSEE": "93057", "source:population": "INSEE 2024", "source:postal_code": "source of postcode is from osm nodes", "type": "boundary", "wikidata": "Q498043", "wikipedia": "fr:Les Pavillons-sous-Bois" } } ] }, "geometry": { "type": "LineString", "coordinates": [ [ 2.5110869, 48.9018156 ], [ 2.5085658, 48.8992046 ] ] } },
{ "type": "Feature", "id": "way/931796875", "properties": { "@id": "way/931796875", "admin_level": "8", "boundary": "administrative", "source": "cadastre-dgi-fr source : Direction Générale des Impôts - Cadastre. Mise à jour : 2009", "@relations": [ { "role": "outer", "rel": 130632, "reltags": { "admin_level": "8", "boundary": "administrative", "name": "Romainville", "population": "33266", "population:date": "2021", "postal_code": "93230", "ref:FR:SIREN": "219300639", "ref:INSEE": "93063", "source": "source of postcode is from osm nodes", "source:population": "INSEE 2024", "source:postal_code": "La Poste - 11/2014", "type": "boundary", "wikidata": "Q372111", "wikipedia": "fr:Romainville" } }, { "role": "outer", "rel": 131216, "reltags": { "admin_level": "8", "boundary": "administrative", "name": "Noisy-le-Sec", "population": "46094", "population:date": "2021", "postal_code": "93130", "ref:FR:SIREN": "219300530", "ref:INSEE": "93053", "source:population": "INSEE 2024", "source:postal_code": "source of postcode is from osm nodes", "type": "boundary", "wikidata": "Q370224", "wikipedia": "fr:Noisy-le-Sec" } } ] }, "geometry": { "type": "LineString", "coordinates": [ [ 2.4417099, 48.8984324 ], [ 2.4395882, 48.8945493 ], [ 2.4390208, 48.8931968 ], [ 2.4405637, 48.8927908 ], [ 2.441008, 48.8926406 ] ] } },
{ "type": "Feature", "id": "way/931796888", "properties": { "@id": "way/931796888", "admin_level": "8", "boundary": "administrative", "source": "cadastre-dgi-fr source : Direction Générale des Impôts - Cadastre. Mise à jour : 2009", "@relations": [ { "role": "outer", "rel": 131216, "reltags": { "admin_level": "8", "boundary": "administrative", "name": "Noisy-le-Sec", "population": "46094", "population:date": "2021", "postal_code": "93130", "ref:FR:SIREN": "219300530", "ref:INSEE": "93053", "source:population": "INSEE 2024", "source:postal_code": "source of postcode is from osm nodes", "type": "boundary", "wikidata": "Q370224", "wikipedia": "fr:Noisy-le-Sec" } }, { "role": "outer", "rel": 131240, "reltags": { "admin_level": "8", "boundary": "administrative", "name": "Bobigny", "population": "55056", "population:date": "2021", "postal_code": "93000", "ref:FR:SIREN": "219300084", "ref:INSEE": "93008", "source": "source of postcode is from osm nodes", "source:population": "INSEE 2024", "source:postal_code": "La Poste - 11/2014", "type": "boundary", "wikidata": "Q154724", "wikipedia": "fr:Bobigny" } } ] }, "geometry": { "type": "LineString", "coordinates": [ [ 2.4587984, 48.9016808 ], [ 2.4566163, 48.901259 ], [ 2.4520433, 48.9003922 ], [ 2.447928, 48.8996002 ], [ 2.4451554, 48.8990773 ], [ 2.4417099, 48.8984324 ] ] } },
{ "type": "Feature", "id": "way/931796900", "properties": { "@id": "way/931796900", "admin_level": "8", "boundary": "administrative", "source": "cadastre-dgi-fr source : Direction Générale des Impôts - Cadastre. Mise à jour : 2009", "@relations": [ { "role": "outer", "rel": 130632, "reltags": { "admin_level": "8", "boundary": "administrative", "name": "Romainville", "population": "33266", "population:date": "2021", "postal_code": "93230", "ref:FR:SIREN": "219300639", "ref:INSEE": "93063", "source": "source of postcode is from osm nodes", "source:population": "INSEE 2024", "source:postal_code": "La Poste - 11/2014", "type": "boundary", "wikidata": "Q372111", "wikipedia": "fr:Romainville" } }, { "role": "outer", "rel": 131216, "reltags": { "admin_level": "8", "boundary": "administrative", "name": "Noisy-le-Sec", "population": "46094", "population:date": "2021", "postal_code": "93130", "ref:FR:SIREN": "219300530", "ref:INSEE": "93053", "source:population": "INSEE 2024", "source:postal_code": "source of postcode is from osm nodes", "type": "boundary", "wikidata": "Q370224", "wikipedia": "fr:Noisy-le-Sec" } } ] }, "geometry": { "type": "LineString", "coordinates": [ [ 2.4541303, 48.8843502 ], [ 2.4540693, 48.883661 ], [ 2.4539062, 48.8832123 ], [ 2.453709, 48.883209 ], [ 2.4532676, 48.8827018 ], [ 2.4530259, 48.8823444 ], [ 2.45245, 48.8817993 ], [ 2.4522068, 48.8814011 ], [ 2.4521519, 48.8812985 ], [ 2.4519402, 48.8812288 ], [ 2.451792, 48.8811734 ], [ 2.4504558, 48.8808181 ], [ 2.4502375, 48.880767 ], [ 2.4500558, 48.8806675 ], [ 2.4499259, 48.8805137 ], [ 2.4498586, 48.8803742 ], [ 2.4498696, 48.8802125 ], [ 2.4499012, 48.880139 ], [ 2.4499659, 48.8800492 ], [ 2.4500801, 48.8799479 ], [ 2.4501816, 48.8798537 ] ] } },
{ "type": "Feature", "id": "way/931796910", "properties": { "@id": "way/931796910", "admin_level": "8", "boundary": "administrative", "source": "cadastre-dgi-fr source : Direction Générale des Impôts - Cadastre. Mise à jour : 2009", "@relations": [ { "role": "outer", "rel": 130632, "reltags": { "admin_level": "8", "boundary": "administrative", "name": "Romainville", "population": "33266", "population:date": "2021", "postal_code": "93230", "ref:FR:SIREN": "219300639", "ref:INSEE": "93063", "source": "source of postcode is from osm nodes", "source:population": "INSEE 2024", "source:postal_code": "La Poste - 11/2014", "type": "boundary", "wikidata": "Q372111", "wikipedia": "fr:Romainville" } }, { "role": "outer", "rel": 131216, "reltags": { "admin_level": "8", "boundary": "administrative", "name": "Noisy-le-Sec", "population": "46094", "population:date": "2021", "postal_code": "93130", "ref:FR:SIREN": "219300530", "ref:INSEE": "93053", "source:population": "INSEE 2024", "source:postal_code": "source of postcode is from osm nodes", "type": "boundary", "wikidata": "Q370224", "wikipedia": "fr:Noisy-le-Sec" } } ] }, "geometry": { "type": "LineString", "coordinates": [ [ 2.4501816, 48.8798537 ], [ 2.4502461, 48.8797938 ], [ 2.4502956, 48.8797097 ], [ 2.450291, 48.8796268 ], [ 2.4502539, 48.8795329 ], [ 2.4491592, 48.8790133 ], [ 2.4492959, 48.8788456 ], [ 2.4494327, 48.8786779 ], [ 2.4497764, 48.8786351 ], [ 2.4505261, 48.8785953 ] ] } },
{ "type": "Feature", "id": "way/931881310", "properties": { "@id": "way/931881310", "admin_level": "8", "boundary": "administrative", "source": "cadastre-dgi-fr source : Direction Générale des Impôts - Cadastre. Mise à jour : 2009", "@relations": [ { "role": "outer", "rel": 162329, "reltags": { "admin_level": "8", "boundary": "administrative", "name": "Villemomble", "population": "30332", "population:date": "2021", "postal_code": "93250", "ref:FR:SIREN": "219300779", "ref:INSEE": "93077", "source:population": "INSEE 2024", "type": "boundary", "wikidata": "Q244716", "wikipedia": "fr:Villemomble" } }, { "role": "outer", "rel": 162542, "reltags": { "admin_level": "8", "boundary": "administrative", "name": "Gagny", "population": "40189", "population:date": "2021", "postal_code": "93220", "ref:FR:SIREN": "219300324", "ref:INSEE": "93032", "source:population": "INSEE 2024", "source:postal_code": "La Poste - 12/2014", "type": "boundary", "wikidata": "Q179821", "wikipedia": "fr:Gagny" } } ] }, "geometry": { "type": "LineString", "coordinates": [ [ 2.5181518, 48.8911328 ], [ 2.5202746, 48.8890935 ], [ 2.5205354, 48.8888429 ], [ 2.5221172, 48.8873231 ], [ 2.5244317, 48.8845796 ], [ 2.5246301, 48.8843907 ], [ 2.5249804, 48.8839292 ] ] } },
{ "type": "Feature", "id": "way/932519585", "properties": { "@id": "way/932519585", "admin_level": "8", "boundary": "administrative", "source": "cadastre-dgi-fr source : Direction Générale des Impôts - Cadastre. Mise à jour : 2009", "@relations": [ { "role": "outer", "rel": 131216, "reltags": { "admin_level": "8", "boundary": "administrative", "name": "Noisy-le-Sec", "population": "46094", "population:date": "2021", "postal_code": "93130", "ref:FR:SIREN": "219300530", "ref:INSEE": "93053", "source:population": "INSEE 2024", "source:postal_code": "source of postcode is from osm nodes", "type": "boundary", "wikidata": "Q370224", "wikipedia": "fr:Noisy-le-Sec" } }, { "role": "outer", "rel": 158667, "reltags": { "admin_level": "8", "boundary": "administrative", "name": "Bondy", "population": "52905", "population:date": "2021", "postal_code": "93140", "ref:FR:SIREN": "219300100", "ref:INSEE": "93010", "source:population": "INSEE 2024", "source:postal_code": "La Poste - 12/2014", "type": "boundary", "wikidata": "Q237394", "wikipedia": "fr:Bondy" } } ] }, "geometry": { "type": "LineString", "coordinates": [ [ 2.4700476, 48.9049714 ], [ 2.4705553, 48.9039469 ] ] } },
{ "type": "Feature", "id": "way/935669751", "properties": { "@id": "way/935669751", "admin_level": "8", "boundary": "administrative", "source": "cadastre-dgi-fr source : Direction Générale des Impôts - Cadastre. Mise à jour : 2009", "@relations": [ { "role": "outer", "rel": 162259, "reltags": { "admin_level": "8", "boundary": "administrative", "name": "Aulnay-sous-Bois", "name:el": "Ωλναί-σου-Μπουά", "population": "86135", "population:date": "2021", "postal_code": "93600", "ref:FR:SIREN": "219300050", "ref:INSEE": "93005", "source:population": "INSEE 2024", "source:postal_code": "source of postcode is from osm nodes", "type": "boundary", "wikidata": "Q192773", "wikipedia": "fr:Aulnay-sous-Bois" } }, { "role": "outer", "rel": 162566, "reltags": { "admin_level": "8", "boundary": "administrative", "name": "Livry-Gargan", "population": "46028", "population:date": "2021", "postal_code": "93190", "ref:FR:SIREN": "219300464", "ref:INSEE": "93046", "source:population": "INSEE 2024", "source:postal_code": "source of postcode is from osm nodes", "type": "boundary", "wikidata": "Q180005", "wikipedia": "fr:Livry-Gargan" } } ] }, "geometry": { "type": "LineString", "coordinates": [ [ 2.5091725, 48.918978 ], [ 2.5085121, 48.9189018 ], [ 2.5084447, 48.918894 ], [ 2.5083291, 48.9188831 ], [ 2.5071157, 48.9187373 ] ] } },
{ "type": "Feature", "id": "way/1260689488", "properties": { "@id": "way/1260689488", "admin_level": "8", "boundary": "administrative", "source": "cadastre-dgi-fr source : Direction Générale des Impôts - Cadastre. Mise à jour : 2011", "@relations": [ { "role": "outer", "rel": 130580, "reltags": { "admin_level": "8", "boundary": "administrative", "name": "Rosny-sous-Bois", "population": "45655", "population:date": "2021", "postal_code": "93110", "ref:FR:SIREN": "219300647", "ref:INSEE": "93064", "source:population": "INSEE 2024", "source:postal_code": "La Poste - 12/2014", "type": "boundary", "wikidata": "Q275547", "wikipedia": "fr:Rosny-sous-Bois" } }, { "role": "outer", "rel": 162329, "reltags": { "admin_level": "8", "boundary": "administrative", "name": "Villemomble", "population": "30332", "population:date": "2021", "postal_code": "93250", "ref:FR:SIREN": "219300779", "ref:INSEE": "93077", "source:population": "INSEE 2024", "type": "boundary", "wikidata": "Q244716", "wikipedia": "fr:Villemomble" } } ] }, "geometry": { "type": "LineString", "coordinates": [ [ 2.4944811, 48.884929 ], [ 2.494935, 48.8840622 ], [ 2.4950676, 48.8838483 ], [ 2.495266, 48.8834441 ], [ 2.4954542, 48.8830607 ], [ 2.4955798, 48.882896 ], [ 2.4954489, 48.8828755 ], [ 2.4949125, 48.8827722 ], [ 2.4944677, 48.8827115 ], [ 2.4939245, 48.8826375 ], [ 2.4938449, 48.8826266 ], [ 2.4939561, 48.8825006 ] ] } },
{ "type": "Feature", "id": "way/1260689489", "properties": { "@id": "way/1260689489", "admin_level": "8", "boundary": "administrative", "source": "cadastre-dgi-fr source : Direction Générale des Impôts - Cadastre. Mise à jour : 2011", "@relations": [ { "role": "outer", "rel": 130580, "reltags": { "admin_level": "8", "boundary": "administrative", "name": "Rosny-sous-Bois", "population": "45655", "population:date": "2021", "postal_code": "93110", "ref:FR:SIREN": "219300647", "ref:INSEE": "93064", "source:population": "INSEE 2024", "source:postal_code": "La Poste - 12/2014", "type": "boundary", "wikidata": "Q275547", "wikipedia": "fr:Rosny-sous-Bois" } }, { "role": "outer", "rel": 162329, "reltags": { "admin_level": "8", "boundary": "administrative", "name": "Villemomble", "population": "30332", "population:date": "2021", "postal_code": "93250", "ref:FR:SIREN": "219300779", "ref:INSEE": "93077", "source:population": "INSEE 2024", "type": "boundary", "wikidata": "Q244716", "wikipedia": "fr:Villemomble" } } ] }, "geometry": { "type": "LineString", "coordinates": [ [ 2.486962, 48.8869702 ], [ 2.4873253, 48.8868806 ], [ 2.4880657, 48.886723 ], [ 2.4888402, 48.8865779 ], [ 2.4890726, 48.8865351 ], [ 2.490159, 48.8863453 ], [ 2.4910185, 48.8861974 ], [ 2.4913683, 48.8861323 ], [ 2.4917847, 48.886054 ], [ 2.4921021, 48.8859929 ], [ 2.4927253, 48.885852 ], [ 2.4934431, 48.8856602 ], [ 2.49418, 48.8854638 ], [ 2.4952211, 48.885183 ], [ 2.495427, 48.8851372 ], [ 2.4954319, 48.8851027 ], [ 2.495427, 48.8850761 ], [ 2.495352, 48.8848913 ], [ 2.4953363, 48.884854 ], [ 2.4953249, 48.8848257 ], [ 2.4944811, 48.884929 ] ] } },
{ "type": "Feature", "id": "node/26691435", "properties": { "@id": "node/26691435", "@relations": [ { "role": "admin_centre", "rel": 134947, "reltags": { "admin_level": "8", "boundary": "administrative", "name": "Neuilly-Plaisance", "population": "21415", "population:date": "2021", "postal_code": "93360", "ref:FR:SIREN": "219300498", "ref:INSEE": "93049", "source:population": "INSEE 2024", "source:postal_code": "La Poste - 12/2014", "type": "boundary", "wikidata": "Q685597", "wikipedia": "fr:Neuilly-Plaisance" } } ] }, "geometry": { "type": "Point", "coordinates": [ 2.5060144, 48.8608712 ] } },
{ "type": "Feature", "id": "node/26691437", "properties": { "@id": "node/26691437", "@relations": [ { "role": "admin_centre", "rel": 162562, "reltags": { "admin_level": "8", "boundary": "administrative", "name": "Neuilly-sur-Marne", "population": "37531", "population:date": "2021", "postal_code": "93330", "ref:FR:SIREN": "219300506", "ref:INSEE": "93050", "source:population": "INSEE 2024", "source:postal_code": "La Poste - 12/2014", "type": "boundary", "wikidata": "Q220906", "wikipedia": "fr:Neuilly-sur-Marne" } } ] }, "geometry": { "type": "Point", "coordinates": [ 2.5290045, 48.8565557 ] } },
{ "type": "Feature", "id": "node/26691509", "properties": { "@id": "node/26691509", "@relations": [ { "role": "admin_centre", "rel": 162209, "reltags": { "admin_level": "8", "authority_address": "93150 Le Blanc-Mesnil, Rue Jean Perrin, 2", "boundary": "administrative", "name": "Le Blanc-Mesnil", "name:el": "Λε Μπλαν-Μενίλ", "population": "58257", "population:date": "2021", "postal_code": "93150", "ref:FR:SIREN": "219300076", "ref:INSEE": "93007", "source:population": "INSEE 2024", "source:postal_code": "source of postcode is from osm nodes", "type": "boundary", "wikidata": "Q208313", "wikipedia": "fr:Le Blanc-Mesnil" } } ] }, "geometry": { "type": "Point", "coordinates": [ 2.4631476, 48.9385489 ] } },
{ "type": "Feature", "id": "node/26691585", "properties": { "@id": "node/26691585", "@relations": [ { "role": "admin_centre", "rel": 162259, "reltags": { "admin_level": "8", "boundary": "administrative", "name": "Aulnay-sous-Bois", "name:el": "Ωλναί-σου-Μπουά", "population": "86135", "population:date": "2021", "postal_code": "93600", "ref:FR:SIREN": "219300050", "ref:INSEE": "93005", "source:population": "INSEE 2024", "source:postal_code": "source of postcode is from osm nodes", "type": "boundary", "wikidata": "Q192773", "wikipedia": "fr:Aulnay-sous-Bois" } } ] }, "geometry": { "type": "Point", "coordinates": [ 2.499789, 48.934231 ] } },
{ "type": "Feature", "id": "node/26691648", "properties": { "@id": "node/26691648", "@relations": [ { "role": "admin_centre", "rel": 162329, "reltags": { "admin_level": "8", "boundary": "administrative", "name": "Villemomble", "population": "30332", "population:date": "2021", "postal_code": "93250", "ref:FR:SIREN": "219300779", "ref:INSEE": "93077", "source:population": "INSEE 2024", "type": "boundary", "wikidata": "Q244716", "wikipedia": "fr:Villemomble" } } ] }, "geometry": { "type": "Point", "coordinates": [ 2.5076181, 48.881886 ] } },
{ "type": "Feature", "id": "node/26691662", "properties": { "@id": "node/26691662", "@relations": [ { "role": "admin_centre", "rel": 162521, "reltags": { "admin_level": "8", "boundary": "administrative", "name": "Les Pavillons-sous-Bois", "population": "24165", "population:date": "2021", "postal_code": "93320", "ref:FR:SIREN": "219300571", "ref:INSEE": "93057", "source:population": "INSEE 2024", "source:postal_code": "source of postcode is from osm nodes", "type": "boundary", "wikidata": "Q498043", "wikipedia": "fr:Les Pavillons-sous-Bois" } } ] }, "geometry": { "type": "Point", "coordinates": [ 2.5034999, 48.9082988 ] } },
{ "type": "Feature", "id": "node/26691722", "properties": { "@id": "node/26691722", "@relations": [ { "role": "admin_centre", "rel": 130580, "reltags": { "admin_level": "8", "boundary": "administrative", "name": "Rosny-sous-Bois", "population": "45655", "population:date": "2021", "postal_code": "93110", "ref:FR:SIREN": "219300647", "ref:INSEE": "93064", "source:population": "INSEE 2024", "source:postal_code": "La Poste - 12/2014", "type": "boundary", "wikidata": "Q275547", "wikipedia": "fr:Rosny-sous-Bois" } } ] }, "geometry": { "type": "Point", "coordinates": [ 2.4875193, 48.8716626 ] } },
{ "type": "Feature", "id": "node/26691858", "properties": { "@id": "node/26691858", "@relations": [ { "role": "admin_centre", "rel": 162566, "reltags": { "admin_level": "8", "boundary": "administrative", "name": "Livry-Gargan", "population": "46028", "population:date": "2021", "postal_code": "93190", "ref:FR:SIREN": "219300464", "ref:INSEE": "93046", "source:population": "INSEE 2024", "source:postal_code": "source of postcode is from osm nodes", "type": "boundary", "wikidata": "Q180005", "wikipedia": "fr:Livry-Gargan" } } ] }, "geometry": { "type": "Point", "coordinates": [ 2.5298854, 48.917335 ] } },
{ "type": "Feature", "id": "node/26692030", "properties": { "@id": "node/26692030", "@relations": [ { "role": "admin_centre", "rel": 131216, "reltags": { "admin_level": "8", "boundary": "administrative", "name": "Noisy-le-Sec", "population": "46094", "population:date": "2021", "postal_code": "93130", "ref:FR:SIREN": "219300530", "ref:INSEE": "93053", "source:population": "INSEE 2024", "source:postal_code": "source of postcode is from osm nodes", "type": "boundary", "wikidata": "Q370224", "wikipedia": "fr:Noisy-le-Sec" } } ] }, "geometry": { "type": "Point", "coordinates": [ 2.4516055, 48.8897751 ] } },
{ "type": "Feature", "id": "node/26692041", "properties": { "@id": "node/26692041", "@relations": [ { "role": "admin_centre", "rel": 131240, "reltags": { "admin_level": "8", "boundary": "administrative", "name": "Bobigny", "population": "55056", "population:date": "2021", "postal_code": "93000", "ref:FR:SIREN": "219300084", "ref:INSEE": "93008", "source": "source of postcode is from osm nodes", "source:population": "INSEE 2024", "source:postal_code": "La Poste - 11/2014", "type": "boundary", "wikidata": "Q154724", "wikipedia": "fr:Bobigny" } } ] }, "geometry": { "type": "Point", "coordinates": [ 2.4452231, 48.906387 ] } },
{ "type": "Feature", "id": "node/26692090", "properties": { "@id": "node/26692090", "@relations": [ { "role": "admin_centre", "rel": 162527, "reltags": { "admin_level": "8", "boundary": "administrative", "name": "Sevran", "name:el": "Σεβράν", "population": "51845", "population:date": "2021", "postal_code": "93270", "ref:FR:SIREN": "219300712", "ref:INSEE": "93071", "source:population": "INSEE 2024", "source:postal_code": "source of postcode is from osm nodes", "type": "boundary", "wikidata": "Q387630", "wikipedia": "fr:Sevran" } } ] }, "geometry": { "type": "Point", "coordinates": [ 2.5298164, 48.937634 ] } },
{ "type": "Feature", "id": "node/26692150", "properties": { "@id": "node/26692150", "@relations": [ { "role": "admin_centre", "rel": 129550, "reltags": { "addr:postcode": "93170", "admin_level": "8", "boundary": "administrative", "name": "Bagnolet", "name:ar": "باينوليه", "name:el": "Μπανιολέ", "population": "39366", "population:date": "2021", "postal_code": "93170", "ref:FR:SIREN": "219300068", "ref:INSEE": "93006", "source": "source of postcode is from osm nodes", "source:population": "INSEE 2024", "source:postal_code": "La Poste - 11/2014", "type": "boundary", "wikidata": "Q208943", "wikipedia": "fr:Bagnolet" } } ] }, "geometry": { "type": "Point", "coordinates": [ 2.4173658, 48.8688199 ] } },
{ "type": "Feature", "id": "node/26692198", "properties": { "@id": "node/26692198", "@relations": [ { "role": "admin_centre", "rel": 162337, "reltags": { "admin_level": "8", "boundary": "administrative", "name": "Le Raincy", "population": "14877", "population:date": "2021", "postal_code": "93340", "ref:FR:SIREN": "219300621", "ref:INSEE": "93062", "source:population": "INSEE 2024", "source:postal_code": "La Poste - 12/2014", "type": "boundary", "wikidata": "Q259203", "wikipedia": "fr:Le Raincy" } } ] }, "geometry": { "type": "Point", "coordinates": [ 2.5155626, 48.8986666 ] } },
{ "type": "Feature", "id": "node/26692216", "properties": { "@id": "node/26692216", "@relations": [ { "role": "admin_centre", "rel": 129423, "reltags": { "admin_level": "8", "boundary": "administrative", "name": "Montreuil", "name:el": "Μοντρέιγ", "old_name": "Montreuil-sous-Bois", "population": "111455", "population:date": "2021", "postal_code": "93100", "ref:FR:SIREN": "219300480", "ref:INSEE": "93048", "source:population": "INSEE 2024", "source:postal_code": "source of postcode is from osm nodes", "type": "boundary", "wikidata": "Q193370", "wikipedia": "fr:Montreuil (Seine-Saint-Denis)" } } ] }, "geometry": { "type": "Point", "coordinates": [ 2.4412184, 48.8623357 ] } },
{ "type": "Feature", "id": "node/26692309", "properties": { "@id": "node/26692309", "@relations": [ { "role": "admin_centre", "rel": 130632, "reltags": { "admin_level": "8", "boundary": "administrative", "name": "Romainville", "population": "33266", "population:date": "2021", "postal_code": "93230", "ref:FR:SIREN": "219300639", "ref:INSEE": "93063", "source": "source of postcode is from osm nodes", "source:population": "INSEE 2024", "source:postal_code": "La Poste - 11/2014", "type": "boundary", "wikidata": "Q372111", "wikipedia": "fr:Romainville" } } ] }, "geometry": { "type": "Point", "coordinates": [ 2.4358326, 48.8852958 ] } },
{ "type": "Feature", "id": "node/26692387", "properties": { "@id": "node/26692387", "@relations": [ { "role": "admin_centre", "rel": 162542, "reltags": { "admin_level": "8", "boundary": "administrative", "name": "Gagny", "population": "40189", "population:date": "2021", "postal_code": "93220", "ref:FR:SIREN": "219300324", "ref:INSEE": "93032", "source:population": "INSEE 2024", "source:postal_code": "La Poste - 12/2014", "type": "boundary", "wikidata": "Q179821", "wikipedia": "fr:Gagny" } } ] }, "geometry": { "type": "Point", "coordinates": [ 2.5358323, 48.8853743 ] } },
{ "type": "Feature", "id": "node/26692592", "properties": { "@id": "node/26692592", "@relations": [ { "role": "admin_centre", "rel": 158481, "reltags": { "admin_level": "8", "boundary": "administrative", "name": "Drancy", "name:el": "Ντρανσί", "population": "71363", "population:date": "2021", "postal_code": "93700", "ref:FR:SIREN": "219300290", "ref:INSEE": "93029", "source:population": "INSEE 2024", "source:postal_code": "source of postcode is from osm nodes", "type": "boundary", "wikidata": "Q201348", "wikipedia": "fr:Drancy" } } ] }, "geometry": { "type": "Point", "coordinates": [ 2.4455201, 48.9229803 ] } },
{ "type": "Feature", "id": "node/26692632", "properties": { "@id": "node/26692632", "@relations": [ { "role": "admin_centre", "rel": 158667, "reltags": { "admin_level": "8", "boundary": "administrative", "name": "Bondy", "population": "52905", "population:date": "2021", "postal_code": "93140", "ref:FR:SIREN": "219300100", "ref:INSEE": "93010", "source:population": "INSEE 2024", "source:postal_code": "La Poste - 12/2014", "type": "boundary", "wikidata": "Q237394", "wikipedia": "fr:Bondy" } } ] }, "geometry": { "type": "Point", "coordinates": [ 2.48291, 48.9031 ] } }
]
}
