objectid;idtup;idprocpte;idprocpt_l;idcom;idcomtxt;ccodep;typetup;npar;idpar_l;dcntpa;ctpdl;jannatmin;jannatmax;jannatminh;jannatmaxh;nsuf;ssuf;cgrnumd;cgrnumdtxt;dcntarti;dcntnaf;dcnt01;dcnt02;dcnt03;dcnt04;dcnt05;dcnt06;dcnt07;dcnt08;dcnt09;dcnt10;dcnt11;dcnt12;dcnt13;nlocal;nloccom;nloccomrdc;nloccomter;ncomtersd;nloccomsec;nlocdep;nlocburx;tlocdomin;nbat;nlogh;nloghmais;nloghappt;npevph;stoth;stotdsueic;nloghvac;nloghmeu;nloghloue;nloghpp;nloghautre;nloghnonh;nloghvac2a;nloghvac5a;nmediocre;nloghlls;stotd;sprincp;ssecp;ssecncp;sparkp;sparkncp;slocal;nparcopro;ncp;catpro2;catpro2txt;catpro3;catpropro2;catproges2;locprop;locproptxt;split_uf;nparloc;nvecteur;ncontour;rnb_id_l;rnb_n;rnb_emp;idcopro;num_immat;date_immat;date_lastm;last_syndi;admin_prov;syndic_pro;idtup_2;source;typeapp;copro_tup;copro_ff;commune;dep;nepci;nom_epci;an_const;nbat_cop;nlocal_cop;nlogh_cop;slocal_2;slogh;nloghmais_2;nloghappt_2;nrp;nrplp;nrpls;nrppo;nrpa;nrs;nmeub;nnr;nloghvac_2;nloghvac2a_2;nloghvac5a_2;nb_t1;nb_t2;nb_t3;nb_t4;nb_t5;n_pers_mor;nprop;nproplog;nlogh_prop;lovac;lovac_5a;translogh8;tr_appt8a;ind_marche;ndpemais;ndpemaisfg;ndpeappt;ndpeapptfg;dpe_imm_l;typ_syndic;repre_lega;code_ape;com_rl;mandat;dfinmandat;nom_usage;adress_ref;ad_compl1;ad_compl2;ad_compl3;nb_adr_com;date_reg;res_servic;syndic_coo;syndic_p_s;immat_p;nb_asl;nb_aful;nb_unions;tot_lots;lots_hbc;lots_hab;lots_stat;ar_sante;ar_perilpc;ar_equipc;p_constr;insee_com;prefixe;section_c;num_parcel;insee_com1;prefixe1;section1;num_parc_1;insee_com2;prefixe2;section2;num_parc_2;nb_parcell;mdt_ah_en_;ordo_caren;exe_compta;deb_exe_co;fin_exe_co;dte_ag_cpt;charge_ope;charge_tr_;dette_four;dette_copr;nb_copro_3;mont_trava;employe_sy;an_fin_con;dpe_a;dpe_b;dpe_c;dpe_d;dpe_e;dpe_f;dpe_g;dpe_indet;typchauffa;chauf_urba;nrj_non_ur;pluri_trav;date_pluri;ind_risque;tx_fiab_do;nb_ascensc;ident_ign;nlogement;anciennete;hori_vert;part_loc;idpar_l_2;idbat_l;multimill;rnb_id_l_2;rnb_n_2;rnb_emp_2;geom_rnic_;geom_rnic1;geom_ff_x;geom_ff_y;ref_geom_x;ref_geom_y;immat;abssynd_2a;abs_miseaj;pres_adpro;carence;mand_ad_ho;syndic_sec;pres_asl;pres_aful;struc_emp;syndbene_2;part_log;log_min;domi_loc;part_hlm;domi_hlm;prop_80a;prop_80a_3;pb_extd;pb_extd50;part_sci;part_sci_3;prop_30a;prop_30a_3;pdeb3_prop;deb3_prop;evol_deb3;p_impayes_;impayes_bu;evol_impay;p_dette_fo;dette_fo_1;char_chauf;char_cha_1;char_haut;part_vac_5;vac5a_5;part_vente;rotation;decrochage;adjudi;adjudi_3;copro_qpv;ppom_25;part_acc_a;part_acc_1;psurocc_le;surocc_leg;po_80a;po_80a50;part_all;part_all_5;pres_arr;cons_all;pres_dpeba;dpelogfg_1;nmediocre_2;pres_cc_7_;note_gest;note_finan;note_march;note_occup;note_bati;note_glob;nature_fra;nb_ind_glo;nb_ind_ges;nb_ind_fin;nb_ind_mar;nb_ind_occ;nb_ind_bat;classe_fra;st_area(shape);st_perimeter(shape);energieurbs;dpeurbs;inscription_cc;date_insc_cc;acte_sare_cc;a1_cc;a2_cc;a4_cc;sare_recent_cc;energie;dpe;concat_dpe_r;x;y
"6 066";930100000A0028;93010*00478;"[""93010*00478""]";93010;BONDY;93;SIMPLE;"1";"[""930100000A0028""]";"268";CL;"1 939";"1 939";"1 939";"1 939";"1";"268";13;SOL;"268";"0";"0";"0";"0";"0";"0";"0";"0";"0";"0";"0";"0";"0";"268";"4";"0";"0";"0";"0";"0";"2";"0";MIXTE;"1";"2";"2";"0";"2";"186";"23";"0";"0";"0";"2";"0";"0";"0";"0";"0";"0";"47";"0";"0";"0";"0";"0";"256";"1";"3";G2;PROPRIETE DIVISEE EN LOT;G2a;G2;99;1;MEME COMMUNE;;"1";"1";"1";"[""JF3SHW5QT8J7""]";"1";"164";FF_930100000A0028;;;;;;;930100000A0028;Copropriété non immatriculée;;"0";;"93 010";"93";"200 054 781";Métropole du Grand Paris;"1 939";"1";"4";"2";"256";"209";"2";"0";"2";"0";"0";"2";"0";"0";"0";"0";"0";"0";"0";"0";"0";"0";"1";"1";"0";"2";"2";"1";"0";"0";"1";;;"0";"0";"0";"0";;;;;;;;;13 RUE JULES LECOMTE, BONDY;;;;;;;;;;;;;;;;;;;;;;;;;;;;;;;;;;;;;;;;;;;;;;;;;;;;;;;;;;;;;;;;;"2";AVANT_1949;H;"0";{930100000A0028};{930100000A0028A};2_FF;JF3SHW5QT8J7;"1";"164";;;"661 546,109";"6 868 783,043";"661 546,109";"6 868 783,043";"1";;;;"0";"0";;;;;;1;"0";"0";0;"0";"0";"0";"0";"0";"0";"0";"0";"0";;;;;;;;;;;;0;"0";"0,5";"1";;"0";"0";"0";"1";"-1";"-1";"-1";"-1";"0";"0";-1;"-1";;"-1";"0";"0";"0";"0";"3,333";;1.4285714285714286;2.5;"0";"2,5";gestion;"13";"4";"0";"4";"5";"0";autres;"260,916";"71,247";Gaz;D;;;;;;;; ;;;;
"6 089";930100000A0093;93010*00301;"[""93010*00301""]";93010;BONDY;93;SIMPLE;"1";"[""930100000A0093""]";"255";CL;"1 925";"1 925";"1 925";"1 925";"1";"255";13;SOL;"255";"0";"0";"0";"0";"0";"0";"0";"0";"0";"0";"0";"0";"0";"255";"3";"0";"0";"0";"0";"0";"1";"0";MIXTE;"2";"2";"1";"1";"2";"121";"33";"2";"0";"0";"0";"0";"0";"1";"1";"0";"0";"53";"0";"0";"0";"0";"0";"207";"1";"3";G2;PROPRIETE DIVISEE EN LOT;G2a;G2;99;1;MEME COMMUNE;;"1";"1";"1";"[""BVZ21Y3THK14""]";"1";"130";FF_930100000A0093;;;;;;;930100000A0093;Copropriété non immatriculée;;"0";;"93 010";"93";"200 054 781";Métropole du Grand Paris;"1 925";"2";"2";"2";"154";"154";"1";"1";"0";"0";"0";"0";"0";"0";"0";"0";"2";"1";"1";"0";"0";"1";"1";"0";"0";"2";"2";"1";"2";"1";"1";;;"1";"1";"0";"0";;;;;;;;;42 RUE DE MEAUX, BONDY;;;;;;;;;;;;;;;;;;;;;;;;;;;;;;;;;;;;;;;;;;;;;;;;;;;;;;;;;;;;;;;;;"2";AVANT_1949;M;"0";{930100000A0093};{930100000A0093A,930100000A0093B};2_FF;BVZ21Y3THK14;"1";"130";;;"661 983,632";"6 868 562,589";"661 983,632";"6 868 562,589";"1";;;;"0";"0";;;;;;1;"0";"0";0;"0";"50";"1";"0";"0";"0";"0";"0";"0";;;;;;;;;;;;0.5;"1";"0,5";"1";;"0";"0";"1";"0";"-1";"-1";"-1";"-1";"0";"0";-1;"-1";;"-1";"0";"1";"0";"0";"8,333";;5.714285714285714;;"10";"7,333";bati;"8";"3";"0";"4";"0";"1";présumée fragile;"261,558";"76,114";Gaz;F;;;;;;;;gaz;F;;;
"6 107";930100000A0112;93010*00259;"[""93010*00259""]";93010;BONDY;93;SIMPLE;"1";"[""930100000A0112""]";"263";CL;"1 970";"1 990";"1 970";"1 970";"1";"263";13;SOL;"263";"0";"0";"0";"0";"0";"0";"0";"0";"0";"0";"0";"0";"0";"263";"8";"0";"0";"0";"0";"0";"5";"0";DEPENDANCE;"2";"3";"0";"3";"3";"162";"0";"1";"0";"0";"2";"0";"0";"0";"0";"0";"0";"101";"0";"0";"0";"0";"0";"263";"1";"4";G2;PROPRIETE DIVISEE EN LOT;G2a;G2;99;4;FRANCE METROPOLITAINE;;"1";"1";"1";"[""REYE2DRHA752"",""V89FXWD3SX3E""]";"2";"134";RNC_AE1700277;AE1700277;2018-12-28 00:00:00.0;2021-08-31 00:00:00.0;SYNDIC ONE 82091825800014;non connu;non connu;930100000A0112;Copropriété immatriculée;3_2;"1";OUI;"93 010";"93";"200 054 781";Métropole du Grand Paris;"1 970";"2";"7";"3";"216";"162";"0";"3";"2";"0";"0";"2";"0";"0";"0";"0";"1";"0";"0";"1";"0";"2";"0";"0";"0";"3";"3";"1";"1";"0";"1";1;47.00;"0";"0";"1";"1";;non connu;non connu;non connu;non connu;Pas de mandat en cours;2022-09-30 00:00:00.0;43 RUE DE MEAUX;43 r de meaux 93140 Bondy;non connu;non connu;non connu;0;1973-10-23 00:00:00.0;non;non;oui;non connu;0;0;0;11;3;3;3;0;0;0;DE_1961_A_1974;;;;;;;;;;;;;0;non;non connu;non;2020-01-01 00:00:00.0;2020-12-31 00:00:00.0;14/03/2021;8145.0;0.0;4537.0;835.0;1;978.0;non;non renseigné;0;0;0;0;0;0;0;1;individuel;non renseigné;non renseigné;Non renseigné;Non renseigné;16;90.0;0;ADRNIVX_0000000268223454;"3";DE_1961_A_1974;V;"0";{930100000A0112};{930100000A011201,930100000A0112A};2_RNIC_FF;REYE2DRHA752,V89FXWD3SX3E;"2";"134";661969.1192642311;6868541.166910868;"661 967,781";"6 868 526,647";"661 969,119";"6 868 541,167";"0";1;1;;"0";"0";0;0;0;0;;1;"0";"0";0;"0";"0";"0";"0";"0";"0";"0";"0";"0";0.3333333333333333;1;0;0.10251688152240638428;0;0;0.55702885205647636587;1;;2715.0000000000000000;1;0;"0";"0,333";"1";0;"0";"0";"1";"0";"-1";"-1";"-1";"-1";"0";"0";-1;"-1";0;"-1";"0";"1";"0";"0";"3,529";4;2.2222222222222223;0;"5";"3,043";bati;"23";"7";"5";"5";"4";"2";a surveiller;"263,807";"75,949";Electricité;G;;;;;;;; ;G;;;
"6 140";930100000A0153;93010*00608;"[""93010*00608""]";93010;BONDY;93;SIMPLE;"1";"[""930100000A0153""]";"513";CL;"1 950";"1 950";"1 950";"1 950";"1";"513";13;SOL;"513";"0";"0";"0";"0";"0";"0";"0";"0";"0";"0";"0";"0";"0";"513";"2";"0";"0";"0";"0";"0";"0";"0";MAISON;"2";"2";"2";"0";"2";"115";"53";"2";"0";"0";"0";"0";"0";"0";"0";"0";"0";"0";"0";"0";"0";"0";"0";"168";"1";"3";G2;PROPRIETE DIVISEE EN LOT;G2a;G2;99;1;MEME COMMUNE;;"1";"1";"1";"[""V47Y6ANZG6QJ""]";"1";"76";FF_930100000A0153;;;;;;;930100000A0153;Copropriété non immatriculée;;"0";;"93 010";"93";"200 054 781";Métropole du Grand Paris;"1 950";"2";"2";"2";"168";"168";"2";"0";"0";"0";"0";"0";"0";"0";"0";"0";"2";"0";"0";"0";"1";"0";"1";"0";"2";"2";"2";"1";"2";"0";"1";;;"1";"1";"0";"0";;;;;;;;;42 RUE DE VERSAILLES, BONDY;;;;;;;;;;;;;;;;;;;;;;;;;;;;;;;;;;;;;;;;;;;;;;;;;;;;;;;;;;;;;;;;;"2";DE_1949_A_1960;H;"0";{930100000A0153};{930100000A0153A,930100000A0153B};2_FF;V47Y6ANZG6QJ;"1";"76";;;"661 975,591";"6 868 495,48";"661 975,591";"6 868 495,48";"1";;;;"0";"0";;;;;;1;"0";"0";0;"0";"0";"0";"0";"0";"1";"1";"0";"0";;;;;;;;;;;;0;"0";"0,5";"1";;"0";"0";"1";"0";"-1";"-1";"-1";"-1";"0";"0";-1;"-1";;"-1";"0";"1";"0";"0";"7,5";;2.857142857142857;;"10";"5,385";bati;"7";"2";"0";"4";"0";"1";présumée fragile;"507,582";"92,842";Gaz;G;;;;;;;;fioul;G;;;
"6 159";930100000A0177;93010*00581;"[""93010*00581""]";93010;BONDY;93;SIMPLE;"1";"[""930100000A0177""]";"254";CL;"1 922";"1 948";"1 922";"1 948";"1";"254";13;SOL;"254";"0";"0";"0";"0";"0";"0";"0";"0";"0";"0";"0";"0";"0";"254";"4";"0";"0";"0";"0";"0";"2";"0";MIXTE;"2";"2";"2";"0";"2";"155";"10";"0";"0";"1";"1";"0";"0";"0";"0";"0";"0";"23";"0";"0";"0";"0";"0";"188";"1";"3";G2;PROPRIETE DIVISEE EN LOT;G2a;G2;99;1;MEME COMMUNE;;"1";"1";"1";"[""C8JY9FP19KDR"",""EGK6F8NQ5Q1K"",""TP5N2KYZEXM8""]";"3";"117";FF_930100000A0177;;;;;;;930100000A0177;Copropriété non immatriculée;;"0";;"93 010";"93";"200 054 781";Métropole du Grand Paris;"1 922";"2";"4";"2";"188";"165";"2";"0";"2";"1";"0";"1";"0";"0";"0";"0";"0";"0";"0";"0";"1";"0";"1";"0";"0";"2";"2";"1";"0";"0";"0";;;"0";"0";"0";"0";;;;;;;;;29 RUE DE VERSAILLES, BONDY;;;;;;;;;;;;;;;;;;;;;;;;;;;;;;;;;;;;;;;;;;;;;;;;;;;;;;;;;;;;;;;;;"2";AVANT_1949;H;"0,5";{930100000A0177};{930100000A0177A,930100000A0177B};2_FF;C8JY9FP19KDR,EGK6F8NQ5Q1K,TP5N2KYZEXM8;"3";"117";;;"662 008,205";"6 868 449,739";"662 008,205";"6 868 449,739";"1";;;;"0";"0";;;;;;1;"0";"0";0;"0";"0";"0";"0";"1";"0";"0";"0";"0";;;;;;;;;;;;0;"0";"0";"0";;"0";"0";"1";"0";"-1";"-1";"-1";"-1";"0";"0";-1;"-1";;"-1";"0";"0";"0";"0";"4,545";;1.6666666666666667;0;"0";"2,609";gestion;"12";"5";"0";"3";"4";"0";a surveiller;"253,971";"75,591";Gaz;D;;;;;;;; ;;;;
"6 170";930100000A0188;93010*00729;"[""93010*00729""]";93010;BONDY;93;SIMPLE;"1";"[""930100000A0188""]";"265";CL;"1 926";"1 970";"1 926";"1 970";"1";"265";13;SOL;"265";"0";"0";"0";"0";"0";"0";"0";"0";"0";"0";"0";"0";"0";"265";"2";"0";"0";"0";"0";"0";"0";"0";MAISON;"2";"2";"2";"0";"2";"125";"0";"0";"0";"0";"2";"0";"0";"0";"0";"0";"0";"0";"0";"0";"0";"0";"0";"125";"1";"3";G2;PROPRIETE DIVISEE EN LOT;G2a;G2;99;1;MEME COMMUNE;;"1";"1";"1";"[""75K4SZ3D6B6X"",""PYXV15JNFTCY""]";"2";"120";FF_930100000A0188;;;;;;;930100000A0188;Copropriété non immatriculée;;"0";;"93 010";"93";"200 054 781";Métropole du Grand Paris;"1 926";"2";"2";"2";"125";"125";"2";"0";"2";"0";"0";"2";"0";"0";"0";"0";"0";"0";"0";"1";"0";"0";"0";"1";"0";"2";"2";"1";"0";"0";"0";;;"1";"0";"0";"0";;;;;;;;;5 RUE DE VERSAILLES, BONDY;;;;;;;;;;;;;;;;;;;;;;;;;;;;;;;;;;;;;;;;;;;;;;;;;;;;;;;;;;;;;;;;;"2";AVANT_1949;H;"0";{930100000A0188};{930100000A0188A,930100000A0188B};2_FF;75K4SZ3D6B6X,PYXV15JNFTCY;"2";"120";;;"662 114,156";"6 868 428,931";"662 114,156";"6 868 428,931";"1";;;;"0";"0";;;;;;1;"0";"0";0;"0";"0";"0";"0";"0";"0";"0";"0";"0";;;;;;;;;;;;0;"0";"0";"0";;"0";"0";"1";"0";"-1";"-1";"-1";"-1";"0";"0";-1;"-1";;"-1";"0";"0";"0";"0";"3,333";;1.6666666666666667;0;"0";"1,739";gestion;"12";"4";"0";"3";"4";"1";autres;"270,987";"77,428";Electricité;F;;;;;;;;electricite;;;;
"6 180";930100000A0212;93010*00801;"[""93010*00801""]";93010;BONDY;93;SIMPLE;"1";"[""930100000A0212""]";"5 059";CL;"1 964";"1 964";"1 964";"1 964";"1";"5 059";13;SOL;"5 059";"0";"0";"0";"0";"0";"0";"0";"0";"0";"0";"0";"0";"0";"5 059";"134";"4";"4";"2";"2";"2";"68";"8";DEPENDANCE;"1";"62";"0";"62";"62";"3 609";"0";"7";"0";"21";"31";"3";"0";"1";"0";"0";"0";"718";"60";"30";"0";"0";"0";"4 417";"1";"63";G2 M1;PROPRIETE DIVISEE EN LOT ET PERSONNE MORALE AUTRE;G2a M1a;G2;M1;3;MEME REGION;;"1";"1";"1";"[""RY3MGJ82ZBCB""]";"1";"1 574";RNC_AC1000652;AC1000652;2018-02-08 00:00:00.0;2023-11-24 00:00:00.0;BESOINS ET SERVICES GESTION IMMOBILIERE 40292514300065;non connu;non connu;930100000A0212;Copropriété immatriculée;3_2;"1";OUI;"93 010";"93";"200 054 781";Métropole du Grand Paris;"1 964";"1";"125";"62";"4 007";"3 609";"0";"62";"51";"21";"0";"27";"3";"4";"0";"0";"7";"0";"0";"0";"12";"27";"14";"9";"3";"62";"61";"1,016";"7";"0";"18";17;7.65;"0";"0";"11";"4";;non connu;non connu;non connu;non connu;Pas de mandat en cours;2024-06-19 00:00:00.0;SDC LA NOUE CAILLET;49/57 av henri varagnat 93140 Bondy;2-8 Rue Rabelais 93140;non connu;non connu;1;1965-02-25 00:00:00.0;non;non;oui;non connu;0;0;0;126;63;63;0;0;0;0;DE_1961_A_1974;93010;000;0A;0001;;;;;;;;;1;non;non connu;non;2022-01-01 00:00:00.0;2022-12-31 00:00:00.0;26/10/2023;191971.0;0.0;103289.0;82024.0;25;35303.0;non;non renseigné;0;0;0;0;0;0;0;6;collectif;non;gaz_naturel;Non renseigné;Non renseigné;non connu;non connu;1;non connu;"62";DE_1961_A_1974;V;"0,412";{930100000A0212};{930100000A0212A};2_RNIC_FF;RY3MGJ82ZBCB;"1";"1 574";662210.7792309354;6868622.207971385;"662 193,005";"6 868 633,47";"662 210,779";"6 868 622,208";"0";0;0;;"0";"0";0;0;0;0;;0.96875;"0";"0";0;"0";"8";"0";"68";"0";"0,048";"0";"0";"0";0.4032258064516129;0;1;0.42727286933963984143;0;0;0.53804480885133692068;0;3015.4126984126984127;;1;0;"0";"0,29";"0";0;"0";"0";"1";"1";"-1";"0";"0";"1";"10";"0";0.2549019607843137;"0";0;"0";"0";"0";"0";"0";"0";1;1.1111111111111112;5;"0";"1,2";occup;"25";"8";"5";"5";"5";"2";autres;"5 043,308";"390,239";Gaz;E;;;;;;;;gaz;E;E;;
"6 184";930100000A0224;93010*00345;"[""93010*00345""]";93010;BONDY;93;PDLMP;"7";"[""930100000A0224"",""930100000A0225"",""930100000A0226"",""930100000A0227"",""930100000A0229"",""930100000A0232"",""930100000A0234""]";"32 960";CL;"1 972";"1 973";"1 972";"1 973";"7";"32 960";13;SOL;"32 960";"0";"0";"0";"0";"0";"0";"0";"0";"0";"0";"0";"0";"0";"32 960";"795";"8";"8";"8";"8";"0";"526";"32";DEPENDANCE;"4";"261";"1";"260";"261";"16 555";"11";"29";"0";"57";"171";"4";"0";"9";"0";"0";"0";"4 502";"973";"37";"0";"0";"0";"22 078";"7";"275";G2;PROPRIETE DIVISEE EN LOT;G2a;G2;99;2;MEME DEPARTEMENT;;"7";"7";"7";"[""22BSQVFB51FH"",""23ZDGTJYF5WM"",""313V2Z8SS241"",""D46HCFR4TJJ1"",""GPKQ9VRPCYGN"",""JJTMZN2GBAG4"",""KMKH6KBS5P78"",""PE6WYHC5DK51"",""TWKCNS312B98"",""V24Z3VXHA283"",""2WJY6JANYDG5"",""77CFBCAW11HX""]";"12";"6 574";FF_930100000A0224;;;;;;;930100000A0224;Copropriété non immatriculée;;"0";;"93 010";"93";"200 054 781";Métropole du Grand Paris;"1 972";"4";"788";"261";"21 397";"16 566";"1";"260";"225";"57";"0";"164";"4";"7";"0";"0";"29";"4";"0";"2";"44";"75";"113";"27";"8";"275";"260";"1,004";"30";"3";"104";;;"0";"0";"53";"13";E,E,E,E,E,F,E,E,F,E,F,F;;;;;;;;18 RUE DU VERGER, BONDY;;;;;;;;;;;;;;;;;;;;;;;;;;;;;;;;;;;;;;;;;;;;;;;;;;;;;;;;;;;;;;;;;"261";DE_1961_A_1974;M;"0,253";{930100000A0224,930100000A0225,930100000A0226,930100000A0227,930100000A0229,930100000A0232,930100000A0234};{930100000A0224A,930100000A0224B,930100000A0224H,930100000A0224I};2_FF;22BSQVFB51FH,23ZDGTJYF5WM,313V2Z8SS241,D46HCFR4TJJ1,GPKQ9VRPCYGN,JJTMZN2GBAG4,KMKH6KBS5P78,PE6WYHC5DK51,TWKCNS312B98,V24Z3VXHA283,2WJY6JANYDG5,77CFBCAW11HX;"12";"6 574";;;"661 671,062";"6 868 906,339";"661 671,062";"6 868 906,339";"1";;;;"0";"0";;;;;;0.9702602230483272;"0";"0";0;"0";"4";"0";"56";"0";"0,031";"0";"6";"0";;;;;;;;;;;;0;"0";"0,398";"0";;"4";"0";"1";"1";"0";"0";"0";"0";"4";"0";0.15555555555555556;"0";;"0";"1";"0";"0";"0";"2,727";;1.4285714285714286;2.5;"5";"2,667";bati;"16";"5";"0";"4";"5";"2";a surveiller;"33 018,813";"1 009,8";Gaz;D;;;;;;;;gaz;D;D, D, D, D, D, D, D, D, D, D, D, D, D, D;;
"6 199";930100000A0287;93010*00050;"[""93010*00050""]";93010;BONDY;93;SIMPLE;"1";"[""930100000A0287""]";"4 356";CL;"1 964";"1 964";"1 964";"1 964";"1";"4 356";13;SOL;"4 356";"0";"0";"0";"0";"0";"0";"0";"0";"0";"0";"0";"0";"0";"4 356";"46";"0";"0";"0";"0";"0";"36";"0";DEPENDANCE;"1";"10";"10";"0";"10";"859";"71";"1";"0";"0";"9";"0";"0";"0";"0";"0";"0";"543";"0";"0";"0";"0";"0";"1 473";"1";"37";G2;PROPRIETE DIVISEE EN LOT;G2a;G2;99;1;MEME COMMUNE;;"1";"1";"1";"[""2RF9EHDGZXYX"",""3E2V3CH1ANBK"",""4KBBMDZQKVTG"",""F8DC7SHBXY6P"",""MNRD18TE9C7D"",""PNDRYQ2VWCVG""]";"6";"1 301";RNC_AB2574515;AB2574515;2017-10-12 00:00:00.0;2024-06-18 00:00:00.0;ATM SARL 34863116900045;non;non;930100000A0287;Copropriété immatriculée;3_1;"1";OUI;"93 010";"93";"200 054 781";Métropole du Grand Paris;"1 964";"1";"46";"10";"1 473";"930";"10";"0";"8";"0";"0";"8";"0";"1";"0";"0";"1";"0";"0";"0";"0";"0";"4";"6";"0";"36";"10";"1";"1";"0";"8";6;21.00;"1";"1";"0";"0";;professionnel;ATM SARL 34863116900045;6832A;BONDY;Mandat en cours;2026-05-24 00:00:00.0;SDC ALLEE DE LA DEVINIERE;2 Allee de la Deviniere 93140 Bondy;non connu;non connu;non connu;0;1965-07-19 00:00:00.0;non;non;oui;;0;0;0;45;10;10;35;0;0;0;DE_1961_A_1974;;;;;;;;;;;;;0;non;non connu;non;2023-01-01 00:00:00.0;2023-12-31 00:00:00.0;06/06/2024;18301.0;0.0;1948.0;6254.0;6;5999.0;non;non renseigné;0;0;0;0;0;0;0;1;individuel;non renseigné;non renseigné;Non renseigné;Non renseigné;13;90.0;0;93010_2560_00002;"10";DE_1961_A_1974;H;"0";{930100000A0287};{930100000A0287A};2_RNIC_FF;2RF9EHDGZXYX,3E2V3CH1ANBK,4KBBMDZQKVTG,F8DC7SHBXY6P,MNRD18TE9C7D,PNDRYQ2VWCVG;"6";"1 301";662174.9721408773;6868772.900263491;"662 175,176";"6 868 774,256";"662 174,972";"6 868 772,9";"0";0;0;0;"0";"0";0;0;0;0;0;1;"0";"0";0;"0";"12";"0";"0";"0";"0";"0";"3";"0";0.16666666666666666;0;0;0.34172996011146931862;0;0;0.10644227091415769630;0;;1830.1000000000000000;1;0;"0";"0,8";"1";0;"0";"0";"0";"0";"0";"0";"0";"0";"0";"0";;"0";0;"0";"0";"1";"0";"0";"0";1;1.1111111111111112;0;"5";"0,833";bati;"24";"8";"5";"5";"4";"2";autres;"4 338,31";"262,53";Gaz;F;;;;;;;;gaz;;;;
"6 222";930100000A0359;93010*00827;"[""93010*00827""]";93010;BONDY;93;SIMPLE;"1";"[""930100000A0359""]";"2 860";CL;"2 018";"2 018";"2 018";"2 018";"1";"2 860";13;SOL;"2 860";"0";"0";"0";"0";"0";"0";"0";"0";"0";"0";"0";"0";"0";"2 860";"36";"0";"0";"0";"0";"0";"18";"0";MIXTE;"1";"18";"18";"0";"18";"1 238";"444";"3";"0";"7";"8";"0";"0";"2";"0";"0";"18";"72";"0";"0";"0";"0";"0";"1 754";"1";"18";G2;PROPRIETE DIVISEE EN LOT;G2a;G2;99;1;MEME COMMUNE;;"1";"1";"1";"[""B578R2E9R7ZC"",""BDW85M1R13GB"",""DRXQQVJ5Y1GB"",""ET871VSA5P4X"",""JX57FCATRNN1""]";"5";"808";RNC_AG1241801;AG1241801;2020-05-29 00:00:00.0;2023-09-22 00:00:00.0;FONCIA CHADEFAUX LECOQ 59202763500032;non;non;930100000A0359;Copropriété immatriculée;1_1;"1";OUI;"93 010";"93";"200 054 781";Métropole du Grand Paris;"2 018";"1";"36";"18";"1 754";"1 682";"18";"0";"15";"5";"2";"8";"0";"0";"0";"0";"3";"0";"0";"0";"0";"9";"9";"0";"0";"17";"17";"1,059";"0";"0";"13";0;;"1";"0";"0";"0";;professionnel;FONCIA CHADEFAUX LECOQ 59202763500032;6831Z;AUBERVILLIERS;Mandat en cours;2025-09-30 00:00:00.0;1-18 Passage du Vercors, 93140 BONDY;1-18 Passage du Vercors, avenue Suzanne Buisson, 93140 BONDY;non connu;non connu;non connu;0;2018-02-12 00:00:00.0;non;non;oui;non connu;0;0;0;36;18;18;18;0;0;0;A_COMPTER_DE_2011;93010;000;0A;0255;93010;000;0A;0359;;;;;2;non;non connu;non;2022-01-01 00:00:00.0;2022-12-31 00:00:00.0;06/07/2023;6635.0;0.0;0.0;11206.0;10;0.0;non;2018;0;0;0;0;0;0;0;1;individuel;non renseigné;non renseigné;Non;Sans objet;non connu;non connu;0;non connu;"18";A_COMPTER_DE_2011;H;"0,467";{930100000A0359};{930100000A0359A};2_RNIC_FF;B578R2E9R7ZC,BDW85M1R13GB,DRXQQVJ5Y1GB,ET871VSA5P4X,JX57FCATRNN1;"5";"808";661974.9446689752;6868412.6887746155;"661 915,951";"6 868 438,298";"661 974,945";"6 868 412,689";"0";0;0;0;"0";"0";0;0;0;0;0;1;"0";"0";0.1111111111111111;"0";"0";"0";"100";"0";"0";"0";"13";"0";0.5882352941176471;1;1;1.6889223813112283;1;1;0.00000000000000000000;0;;368.6111111111111111;0;0;"0";"0,722";"1";;"0";"0";"1";"0";"-1";"0";"-1";"0";"0";"0";-1;"0";0;"0";"0";"0";"0";"0";"0";7;2.857142857142857;0;"0";"1,875";finan;"24";"9";"5";"4";"4";"2";autres;"2 893,064";"265,4";Gaz;E;;;;;;;;gaz;;;;
"6 258";930100000B0030;93010*00203;"[""93010*00203""]";93010;BONDY;93;SIMPLE;"1";"[""930100000B0030""]";"318";CL;"1 927";"1 957";"1 927";"1 957";"1";"318";13;SOL;"318";"0";"0";"0";"0";"0";"0";"0";"0";"0";"0";"0";"0";"0";"318";"3";"0";"0";"0";"0";"0";"1";"0";MAISON;"2";"2";"2";"0";"2";"163";"64";"0";"0";"1";"1";"0";"0";"0";"0";"0";"0";"40";"0";"0";"0";"0";"0";"267";"1";"3";G2;PROPRIETE DIVISEE EN LOT;G2a;G2;99;1;MEME COMMUNE;;"1";"1";"1";"[""9YYKZXRH258A"",""EDKFNWGF3NC2""]";"2";"164";FF_930100000B0030;;;;;;;930100000B0030;Copropriété non immatriculée;;"0";;"93 010";"93";"200 054 781";Métropole du Grand Paris;"1 927";"2";"3";"2";"267";"227";"2";"0";"2";"1";"0";"1";"0";"0";"0";"0";"0";"0";"0";"0";"0";"0";"1";"1";"0";"2";"2";"1";"0";"0";"0";;;"0";"0";"0";"0";;;;;;;;;20 RUE DU BON AIR, BONDY;;;;;;;;;;;;;;;;;;;;;;;;;;;;;;;;;;;;;;;;;;;;;;;;;;;;;;;;;;;;;;;;;"2";AVANT_1949;H;"0,5";{930100000B0030};{930100000B0030A,930100000B0030B};2_FF;9YYKZXRH258A,EDKFNWGF3NC2;"2";"164";;;"661 670,525";"6 868 581,209";"661 670,525";"6 868 581,209";"1";;;;"0";"0";;;;;;1;"0";"0";0;"0";"0";"0";"100";"0";"0";"0";"0";"0";;;;;;;;;;;;0;"0";"0";"0";;"0";"0";"0";"1";"-1";"-1";"-1";"-1";"0";"0";-1;"-1";;"-1";"0";"0";"0";"0";"2,727";;0;2.5;"0";"2";gestion;"13";"5";"0";"3";"5";"0";autres;"317,7";"95,316";Gaz;F;;;;;;;; ;;;;
"6 261";930100000B0091;93010*00077;"[""93010*00077""]";93010;BONDY;93;SIMPLE;"1";"[""930100000B0091""]";"4 576";CL;"1 955";"1 955";"1 955";"1 955";"1";"4 576";13;SOL;"4 576";"0";"0";"0";"0";"0";"0";"0";"0";"0";"0";"0";"0";"0";"4 576";"14";"0";"0";"0";"0";"0";"2";"0";MAISON;"1";"12";"12";"0";"12";"729";"17";"0";"0";"2";"9";"1";"0";"0";"0";"0";"0";"40";"0";"0";"0";"0";"0";"786";"1";"13";G2;PROPRIETE DIVISEE EN LOT;G2a;G2;99;1;MEME COMMUNE;;"1";"1";"1";"[""35A1V9Q3YV5D"",""8PV9GRPD9ZJ5"",""9KX4VH74MHGG"",""A1PVEYKM6TGM"",""CY1WS3QGGVW6"",""NBHZ5P1Y1AG3"",""PGHTBXZ827K7"",""VDJF4R6MF671"",""X7P7K1WXYY1M"",""YJG4G2P5M76W"",""WTZ35JQ8WHAN""]";"11";"1 001";FF_930100000B0091;;;;;;;930100000B0091;Copropriété non immatriculée;;"0";;"93 010";"93";"200 054 781";Métropole du Grand Paris;"1 955";"1";"14";"12";"786";"746";"12";"0";"12";"2";"0";"9";"1";"0";"0";"0";"0";"0";"0";"0";"0";"2";"8";"2";"0";"12";"12";"1";"0";"0";"3";;;"3";"1";"0";"0";;;;;;;;;93 RTE D AULNAY, BONDY;;;;;;;;;;;;;;;;;;;;;;;;;;;;;;;;;;;;;;;;;;;;;;;;;;;;;;;;;;;;;;;;;"12";DE_1949_A_1960;H;"0,167";{930100000B0091};{930100000B0091A};1_FF;35A1V9Q3YV5D,8PV9GRPD9ZJ5,9KX4VH74MHGG,A1PVEYKM6TGM,CY1WS3QGGVW6,NBHZ5P1Y1AG3,PGHTBXZ827K7,VDJF4R6MF671,X7P7K1WXYY1M,YJG4G2P5M76W,WTZ35JQ8WHAN;"11";"1 001";;;"661 914,97";"6 868 028,047";"661 914,97";"6 868 028,047";"1";;;;"0";"0";;;;;;1;"0";"0";0;"0";"25";"0";"100";"0";"0";"0";"0";"0";;;;;;;;;;;;0;"0";"0,25";"0";;"0";"0";"1";"0";"-1";"0";"-1";"0";"33";"1";-1;"0";;"0";"0";"0";"0";"0";"2,727";;1.4285714285714286;1.6666666666666667;"0";"1,923";gestion;"14";"5";"0";"4";"4";"1";autres;"4 567,409";"354,885";Gaz;F;;;;;;;;gaz;F;;;
"6 267";930100000B0151;93010*00511;"[""93010*00511""]";93010;BONDY;93;SIMPLE;"1";"[""930100000B0151""]";"1 949";CL;"1 990";"1 990";"1 990";"1 990";"1";"1 949";13;SOL;"1 949";"0";"0";"0";"0";"0";"0";"0";"0";"0";"0";"0";"0";"0";"1 949";"23";"0";"0";"0";"0";"0";"13";"0";DEPENDANCE;"11";"10";"10";"0";"10";"861";"65";"0";"0";"1";"8";"1";"0";"0";"0";"0";"0";"166";"0";"0";"0";"0";"0";"1 092";"1";"11";G2;PROPRIETE DIVISEE EN LOT;G2a;G2;99;1;MEME COMMUNE;;"1";"1";"1";"[""1BC2HJS7JCDF"",""35DQ6YMABK6A"",""AQ82MB97EV3N"",""FQE1J7H7SXAB"",""K427TAQGQDDQ"",""WSW8QDQ7ZT5J"",""Z9J8XXGN2F4C"",""GGEQG8RCC6VE"",""PAC5TWR4DMYA"",""ZS9SA884P9CG""]";"10";"604";RNC_AG2204915;AG2204915;2020-07-22 00:00:00.0;2020-07-22 00:00:00.0;non connu;non connu;non connu;930100000B0151;Plusieurs copropriétés immatriculées;1_1;"2";OUI;"93 010";"93";"200 054 781";Métropole du Grand Paris;"1 990";"11";"23";"10";"1 092";"926";"10";"0";"10";"1";"0";"8";"1";"0";"0";"0";"0";"0";"0";"0";"0";"0";"5";"5";"0";"10";"10";"1";"0";"0";"1";0;;"1";"0";"0";"0";;non connu;non connu;non connu;non connu;Pas de mandat en cours;non connu;152 Chemin de Groslay;152 che de groslay 93140 Bondy;non connu;non connu;non connu;0;1989-06-28 00:00:00.0;non;non connu;oui;non connu;;;;21;10;10;11;0;0;0;DE_1975_A_1993;93010;000;0B;0151;;;;;;;;;1;non;non connu;non renseigné;non connu;non connu;non connu;;;;;;;non renseigné;non renseigné;1;0;0;0;0;0;0;0;individuel;non renseigné;non renseigné;Non renseigné;Non renseigné;non connu;non connu;0;ADRNIVX_0000000268224816;"10";DE_1975_A_1993;H;"0,1";{930100000B0151};{930100000B015101,930100000B0151A,930100000B0151B,930100000B0151C,930100000B0151D,930100000B0151E,930100000B0151F,930100000B0151G,930100000B0151H,930100000B0151I,930100000B0151J};2_RNIC;1BC2HJS7JCDF,35DQ6YMABK6A,AQ82MB97EV3N,FQE1J7H7SXAB,K427TAQGQDDQ,WSW8QDQ7ZT5J,Z9J8XXGN2F4C,GGEQG8RCC6VE,PAC5TWR4DMYA,ZS9SA884P9CG;"10";"604";661573.1868085616;6868506.751661268;"661 610,073";"6 868 508";"661 573,187";"6 868 506,752";"0";1;1;;"0";"0";0;;;;;1;"0";"0";0;"0";"0";"0";"0";"0";"0";"0";"0";"0";;;;;;;;;;;;0;"0";"0,1";"0";;"0";"0";"0";"1";"-1";"0";"-1";"0";"0";"0";-1;"0";0;"0";"0";"0";"0";"0";"6";;0;10;"0";"4,706";occup;"8";"4";"0";"1";"1";"2";présumée fragile;"1 978,778";"198,292";Gaz;C;;;;;;;;gaz;;;;
"6 268";930100000B0151;93010*00511;"[""93010*00511""]";93010;BONDY;93;SIMPLE;"1";"[""930100000B0151""]";"1 949";CL;"1 990";"1 990";"1 990";"1 990";"1";"1 949";13;SOL;"1 949";"0";"0";"0";"0";"0";"0";"0";"0";"0";"0";"0";"0";"0";"1 949";"23";"0";"0";"0";"0";"0";"13";"0";DEPENDANCE;"11";"10";"10";"0";"10";"861";"65";"0";"0";"1";"8";"1";"0";"0";"0";"0";"0";"166";"0";"0";"0";"0";"0";"1 092";"1";"11";G2;PROPRIETE DIVISEE EN LOT;G2a;G2;99;1;MEME COMMUNE;;"1";"1";"1";"[""1BC2HJS7JCDF"",""35DQ6YMABK6A"",""AQ82MB97EV3N"",""FQE1J7H7SXAB"",""K427TAQGQDDQ"",""WSW8QDQ7ZT5J"",""Z9J8XXGN2F4C"",""GGEQG8RCC6VE"",""PAC5TWR4DMYA"",""ZS9SA884P9CG""]";"10";"604";RNC_AF8990541;AF8990541;2020-01-30 00:00:00.0;2020-01-23 00:00:00.0;SELARL ANDREEA DINCA, NOTAIRE 83054352600016;non connu;non connu;930100000B0151;Plusieurs copropriétés immatriculées;1_1;"2";OUI;"93 010";"93";"200 054 781";Métropole du Grand Paris;"1 990";"11";"23";"10";"1 092";"926";"10";"0";"10";"1";"0";"8";"1";"0";"0";"0";"0";"0";"0";"0";"0";"0";"5";"5";"0";"10";"10";"1";"0";"0";"1";0;;"1";"0";"0";"0";;non connu;non connu;non connu;non connu;Pas de mandat en cours;2021-01-15 00:00:00.0;LES JARDINS DE BONDY;152 CHEMIN DE GROSLAY;non connu;non connu;non connu;0;1989-06-28 00:00:00.0;non;non;oui;non connu;0;0;0;21;10;10;11;0;0;0;DE_1975_A_1993;93010;000;0B;0151;;;;;;;;;1;non;non connu;oui;2020-01-16 00:00:00.0;2020-02-29 00:00:00.0;non connu;;;;;;;non renseigné;non renseigné;0;0;0;0;0;0;0;10;individuel;non renseigné;non renseigné;Non renseigné;Non renseigné;non connu;non connu;0;non connu;"10";DE_1975_A_1993;H;"0,1";{930100000B0151};{930100000B015101,930100000B0151A,930100000B0151B,930100000B0151C,930100000B0151D,930100000B0151E,930100000B0151F,930100000B0151G,930100000B0151H,930100000B0151I,930100000B0151J};2_RNIC;1BC2HJS7JCDF,35DQ6YMABK6A,AQ82MB97EV3N,FQE1J7H7SXAB,K427TAQGQDDQ,WSW8QDQ7ZT5J,Z9J8XXGN2F4C,GGEQG8RCC6VE,PAC5TWR4DMYA,ZS9SA884P9CG;"10";"604";661610.6049316351;6868512.619510808;"661 610,073";"6 868 508";"661 610,605";"6 868 512,62";"0";1;1;;"0";"0";0;0;0;0;;1;"0";"0";0;"0";"0";"0";"0";"0";"0";"0";"0";"0";;;;;;;;;;;;0;"0";"0,1";"0";;"0";"0";"0";"1";"-1";"0";"-1";"0";"0";"0";-1;"0";0;"0";"0";"0";"0";"0";"5";;0;10;"0";"4,211";occup;"9";"5";"0";"1";"1";"2";présumée fragile;"1 978,778";"198,292";Gaz;C;;;;;;;;gaz;;;;
"6 273";930100000B0192;93010*00841;"[""93010*00841""]";93010;BONDY;93;PDLMP;"3";"[""930100000B0192"",""930100000B0354"",""930100000B0381""]";"1 784";CL;"2 023";"2 023";"2 023";"2 023";"3";"1 784";13;SOL;"1 784";"0";"0";"0";"0";"0";"0";"0";"0";"0";"0";"0";"0";"0";"1 784";"78";"0";"0";"0";"0";"0";"39";"0";MIXTE;"4";"39";"0";"39";"39";"2 337";"349";"0";"0";"0";"0";"0";"0";"0";"0";"0";"0";"468";"0";"0";"0";"0";"0";"3 154";"3";"40";G2;PROPRIETE DIVISEE EN LOT;G2a;G2;99;1;MEME COMMUNE;;"3";"3";"3";"[""69BZCNTRH6M3"",""7B41TJNC8RX4""]";"2";"867";RNC_AI0915207;AI0915207;2023-04-07 00:00:00.0;2023-04-07 00:00:00.0;CABINET CHARLES BAUMANN 35308281100020;non;non;930100000B0192;Copropriété immatriculée;1_1;"1";OUI;"93 010";"93";"200 054 781";Métropole du Grand Paris;"2 023";"4";"78";"39";"3 154";"2 686";"0";"39";"0";"0";"0";"0";"0";"0";"0";"39";"0";"0";"0";"0";"11";"17";"10";"1";"0";"39";"38";"1,026";"0";"0";"37";30;-24.10;"0";"0";"1";"0";;professionnel;CABINET CHARLES BAUMANN 35308281100020;6832A;ROMAINVILLE;Mandat en cours;2025-03-30 00:00:00.0;NOUE CAILLET;2 av suzanne buisson 93140 Bondy;non connu;non connu;non connu;0;2021-03-11 00:00:00.0;non;non;oui;non connu;0;0;;78;39;39;39;0;0;0;A_COMPTER_DE_2011;93010;000;0B;0192;;;;;;;;;1;non;non connu;non renseigné;non connu;non connu;non connu;;;;;;;non renseigné;2022;0;0;0;0;0;0;0;3;collectif;oui;non renseigné;Non renseigné;Non renseigné;non connu;non connu;3;ADRNIVX_0000000268227318;"39";A_COMPTER_DE_2011;V;"0";{930100000B0192,930100000B0354,930100000B0381};{930100000B019201,930100000B019202,930100000B019203,930100000B0192P};1_RNIC_FF;69BZCNTRH6M3,7B41TJNC8RX4;"2";"867";661864.3178511729;6868364.153661428;"661 842,695";"6 868 370,946";"661 864,318";"6 868 364,154";"0";0;1;0;"0";"0";0;0;0;0;0;1;"0";"0";0;"0";"0";"0";"0";"0";"0";"0";"42";"1";;;;;;;;;;;;0;"0";"0,949";"1";1;"0";"0";"1";"0";"0";"0";"0";"0";"0";"0";;"0";0;"0";"0";"0";"0";"0";"1,875";;4.444444444444445;;"0";"2,414";marche;"14";"7";"0";"5";"0";"2";autres;"1 785,121";"190,203";; ;;;;;;;; ;;;;
"6 278";930100000B0235;93010*00833;"[""93010*00833""]";93010;BONDY;93;PDLMP;"3";"[""930100000B0235"",""930100000B0374"",""930100000B0380""]";"1 315";CL;"2 023";"2 023";"2 023";"2 023";"3";"1 315";13;SOL;"1 315";"0";"0";"0";"0";"0";"0";"0";"0";"0";"0";"0";"0";"0";"1 315";"40";"0";"0";"0";"0";"0";"0";"0";APPARTEMENT;"1";"40";"0";"40";"40";"2 272";"229";"0";"0";"0";"0";"0";"0";"0";"0";"0";"0";"0";"0";"0";"0";"0";"0";"2 501";"3";"2";G2;PROPRIETE DIVISEE EN LOT;G2c;G2;99;1;MEME COMMUNE;;"3";"3";"3";"[""ZR5Z8968X4MM""]";"1";"667";RNC_AI3175528;AI3175528;2023-09-19 00:00:00.0;2023-09-19 00:00:00.0;PICHET IMMOBILIER SERVICES 43229623400029;non connu;non connu;930100000B0235;Copropriété immatriculée;1_1;"1";OUI;"93 010";"93";"200 054 781";Métropole du Grand Paris;"2 023";"1";"40";"40";"2 501";"2 501";"0";"40";"0";"0";"0";"0";"0";"0";"0";"40";"0";"0";"0";"2";"14";"15";"9";"0";"40";"1";"1";"40";"0";"0";"0";0;;"0";"0";"0";"0";;non connu;non connu;non connu;non connu;Mandat expiré sans successeur déclaré;2024-09-13 00:00:00.0;Carré Nature;1 rue odette pain, 93140 Bondy;non connu;non connu;non connu;0;2020-12-30 00:00:00.0;non;non;oui;non connu;0;0;0;47;41;40;0;0;0;0;A_COMPTER_DE_2011;93010;000;0B;0249;93010;000;0B;0380;93010;000;0B;0374;3;non;non connu;non renseigné;non connu;non connu;non connu;;;;;;;non renseigné;2023;0;0;0;0;0;0;0;1;collectif;oui;non renseigné;Non;Sans objet;non connu;non connu;1;non connu;"40";A_COMPTER_DE_2011;V;"0";{930100000B0235,930100000B0374,930100000B0380};{930100000B0235A};0;ZR5Z8968X4MM;"1";"667";661801.816991271;6868322.642234578;"661 812,985";"6 868 352,588";"661 801,817";"6 868 322,642";"0";0;1;;"0";"0";0;0;0;0;;0.975609756097561;"0";"0";0;"0";"0";"0";"0";"0";"1";"1";"0";"0";;;;;;;;;;;;0;"0";"0";"0";;"0";"0";"1";"0";"-1";"0";"-1";"0";"0";"0";;"0";0;"0";"0";"0";"0";"0";"2,5";;1.4285714285714286;;"0";"1,905";gestion;"10";"5";"0";"4";"0";"1";autres;"1 318,162";"154,943";;;;;;;;;;;;;;
"6 280";930100000B0245;93010*00538;"[""93010*00538""]";93010;BONDY;93;SIMPLE;"1";"[""930100000B0245""]";"5 219";CL;"1 954";"1 957";"1 954";"1 957";"1";"5 219";13;SOL;"5 219";"0";"0";"0";"0";"0";"0";"0";"0";"0";"0";"0";"0";"0";"5 219";"16";"1";"1";"1";"1";"0";"1";"4";MAISON;"12";"14";"12";"2";"14";"856";"769";"0";"0";"4";"10";"0";"0";"0";"0";"0";"0";"30";"68";"0";"0";"0";"0";"1 723";"1";"13";G2;PROPRIETE DIVISEE EN LOT;G2a;G2;99;1;MEME COMMUNE;;"1";"1";"1";"[""48ETHP6EG99F"",""4PJKJXQQVHQV"",""7CKRZ9B354KK"",""A8PYS7QPJXJA"",""G2YDR5V8W892"",""H6XYSFNHQ2NF"",""HW73ZSY2SJFN"",""J6MYGG84AKBW"",""PSMHBX3FS1CM"",""SXEXY7SMBFVY"",""V1ZZNK1VRV8W"",""3PVK1QCGQT3C"",""Y2GEQ5FZ9RJW""]";"13";"992";RNC_AG9178724;AG9178724;2021-06-11 00:00:00.0;2021-06-09 00:00:00.0;LOGIM IDF 83517005100022;non connu;non connu;930100000B0245;Copropriété immatriculée;1_1;"1";OUI;"93 010";"93";"200 054 781";Métropole du Grand Paris;"1 954";"12";"16";"14";"1 723";"1 625";"12";"2";"13";"4";"0";"9";"0";"1";"0";"0";"0";"0";"0";"0";"2";"0";"12";"0";"1";"12";"12";"1,167";"1";"0";"1";0;;"0";"0";"0";"0";;non connu;non connu;non connu;non connu;Pas de mandat en cours;2024-05-29 00:00:00.0;SDC 1 A 12 RUE DES FLORALIES;1 r des floralies 93140 Bondy;12 r des floralies 93140 Bondy;non connu;non connu;1;1970-06-22 00:00:00.0;non;non;oui;non connu;0;0;0;12;12;12;0;0;0;0;DE_1949_A_1960;93010;000;0B;0245;;;;;;;;;1;non;non connu;oui;2021-07-01 00:00:00.0;2021-12-31 00:00:00.0;non connu;;;;;;;non;non renseigné;0;0;0;0;0;0;0;12;individuel;non renseigné;non renseigné;Non renseigné;Non renseigné;non connu;non connu;0;non connu;"14";DE_1949_A_1960;M;"0,308";{930100000B0245};{930100000B0245A,930100000B0245B,930100000B0245C,930100000B0245D,930100000B0245E,930100000B0245F,930100000B0245G,930100000B0245H,930100000B0245J,930100000B0245K,930100000B0245L,930100000B0245M};2_RNIC_FF;48ETHP6EG99F,4PJKJXQQVHQV,7CKRZ9B354KK,A8PYS7QPJXJA,G2YDR5V8W892,H6XYSFNHQ2NF,HW73ZSY2SJFN,J6MYGG84AKBW,PSMHBX3FS1CM,SXEXY7SMBFVY,V1ZZNK1VRV8W,3PVK1QCGQT3C,Y2GEQ5FZ9RJW;"13";"992";661810.7103213373;6867937.598618605;"661 820,129";"6 867 997,08";"661 810,71";"6 867 937,599";"0";0;1;;"0";"0";0;0;0;0;;0.9333333333333333;"0";"0";0;"0";"18";"0";"100";"0";"0,071";"0";"0";"0";;;;;;;;;;;;0;"0";"0,071";"0";;"0";"0";"1";"0";"-1";"0";"-1";"0";"22";"0";-1;"0";0;"0";"0";"0";"0";"0";"1,579";;1.4285714285714286;0;"0";"1,176";gestion;"17";"8";"0";"4";"4";"1";autres;"5 237,387";"333,423";Gaz;E;;;;;;;;gaz;;;;
"6 282";930100000B0248;93010*00837;"[""93010*00837""]";93010;BONDY;93;SIMPLE;"1";"[""930100000B0248""]";"3 968";CL;"1 974";"1 974";"1 974";"1 974";"1";"3 968";13;SOL;"3 968";"0";"0";"0";"0";"0";"0";"0";"0";"0";"0";"0";"0";"0";"3 968";"137";"0";"0";"0";"0";"0";"93";"0";DEPENDANCE;"1";"44";"0";"44";"44";"2 530";"0";"3";"0";"12";"27";"2";"0";"0";"0";"0";"0";"1 036";"0";"0";"0";"0";"0";"3 566";"1";"49";G2;PROPRIETE DIVISEE EN LOT;G2a;G2;99;2;MEME DEPARTEMENT;;"1";"1";"1";"[""CM6PS4EBB1H5"",""JEPENN361WM2"",""Y9V1SBWBMFJT"",""1YY4VSZJGWK4""]";"4";"1 050";RNC_AB5074000;AB5074000;2017-11-22 00:00:00.0;2024-06-07 00:00:00.0;MATERA 82518857600045;non;non;930100000B0248;Plusieurs copropriétés immatriculées;3_2;"2";OUI;"93 010";"93";"200 054 781";Métropole du Grand Paris;"1 974";"1";"135";"44";"3 311";"2 530";"0";"44";"37";"12";"0";"23";"2";"4";"0";"0";"3";"0";"0";"4";"12";"12";"12";"4";"1";"48";"43";"1,023";"4";"0";"22";32;-0.63;"0";"0";"13";"4";;professionnel;MATERA 82518857600045;6312Z;PARIS;Mandat en cours;2025-09-21 00:00:00.0;SDC 156/162 CHEMIN DE GROSLAY;156 che de groslay 93140 Bondy;162 che de groslay 93140 Bondy;160 che de groslay 93140 Bondy;158 che de groslay 93140 Bondy;3;1973-04-18 00:00:00.0;non;non;oui;non connu;0;0;0;148;44;44;60;0;0;0;DE_1961_A_1974;93010;000;0B;0178;93010;000;0B;0176;;;;;2;non;non connu;non;2023-01-01 00:00:00.0;2023-12-31 00:00:00.0;21/03/2024;185711.0;12859.0;40127.0;56827.0;28;43658.0;non;1972;0;0;0;0;0;0;0;2;collectif;non;gaz_naturel;Non;Sans objet;non connu;non connu;2;non connu;"44";DE_1961_A_1974;V;"0,324";{930100000B0248};{930100000B0248A};2_RNIC;CM6PS4EBB1H5,JEPENN361WM2,Y9V1SBWBMFJT,1YY4VSZJGWK4;"4";"1 050";661571.4710559368;6868535.342335305;"661 626,958";"6 868 552,132";"661 571,471";"6 868 535,342";"0";0;0;0;"0";"0";0;0;0;0;0;1;"0";"0";0;"0";"2";"0";"55";"0";"0";"0";"11";"0";0.5833333333333334;1;1;0.28618119554816941129;1;1;0.20207987107820919575;0;4129.7954545454545455;;1;0;"0";"0,5";"0";;"0";"0";"0";"1";"-1";"0";"-1";"0";"0";"0";;"0";0;"0";"0";"0";"0";"0";"0";8;0;10;"0";"3,226";occup;"15";"6";"5";"1";"1";"2";a surveiller;"3 975,823";"285,329";Gaz;D;;;;;;;;gaz;D;D, D, D, D;;
"6 283";930100000B0248;93010*00837;"[""93010*00837""]";93010;BONDY;93;SIMPLE;"1";"[""930100000B0248""]";"3 968";CL;"1 974";"1 974";"1 974";"1 974";"1";"3 968";13;SOL;"3 968";"0";"0";"0";"0";"0";"0";"0";"0";"0";"0";"0";"0";"0";"3 968";"137";"0";"0";"0";"0";"0";"93";"0";DEPENDANCE;"1";"44";"0";"44";"44";"2 530";"0";"3";"0";"12";"27";"2";"0";"0";"0";"0";"0";"1 036";"0";"0";"0";"0";"0";"3 566";"1";"49";G2;PROPRIETE DIVISEE EN LOT;G2a;G2;99;2;MEME DEPARTEMENT;;"1";"1";"1";"[""CM6PS4EBB1H5"",""JEPENN361WM2"",""Y9V1SBWBMFJT"",""1YY4VSZJGWK4""]";"4";"1 050";RNC_AB3631926;AB3631926;2017-10-30 00:00:00.0;2021-08-25 00:00:00.0;CABINET IMMOBILIER RIVET-LENOBLE 40926757200017;non connu;non connu;930100000B0248;Plusieurs copropriétés immatriculées;3_2;"2";OUI;"93 010";"93";"200 054 781";Métropole du Grand Paris;"1 974";"1";"135";"44";"3 311";"2 530";"0";"44";"37";"12";"0";"23";"2";"4";"0";"0";"3";"0";"0";"4";"12";"12";"12";"4";"1";"48";"43";"1,023";"4";"0";"22";32;-0.63;"0";"0";"13";"4";;non connu;non connu;non connu;non connu;Pas de mandat en cours;2023-06-30 00:00:00.0;SDC ROBESPIERRE - 209/211 CHEMIN DE GROSLAY;209 che de groslay 93000 Bobigny;non connu;non connu;non connu;0;1965-04-28 00:00:00.0;non;non;oui;non connu;0;0;0;287;96;96;95;0;0;0;DE_1961_A_1974;93008;000;BF;0043;93008;000;BF;0044;93008;000;BF;0045;3;non;non connu;non;2020-01-01 00:00:00.0;2020-12-31 00:00:00.0;03/05/2021;211561.0;17591.0;36676.0;120087.0;38;36402.0;non;1965;0;0;0;0;0;0;0;9;collectif;non;gaz_naturel;Non renseigné;Non renseigné;21;94.0;0;non connu;"96";DE_1961_A_1974;V;"0,324";{930100000B0248};{930100000B0248A};2_RNIC;CM6PS4EBB1H5,JEPENN361WM2,Y9V1SBWBMFJT,1YY4VSZJGWK4;"4";"1 050";661559.3174826301;6868548.322652777;"661 626,958";"6 868 552,132";"661 559,317";"6 868 548,323";"0";1;1;;"0";"0";0;0;0;0;;1;"0";"0";0;"0";"2";"0";"55";"0";"0";"0";"11";"0";0.7916666666666666;1;0;0.52404953917050691244;1;0;0.16005097053484150258;0;2203.7604166666666667;;0;0;"0";"0,229";"0";;"0";"0";"0";"1";"-1";"0";"-1";"0";"0";"0";;"0";0;"0";"0";"0";"0";"0";"5";4;0;10;"0";"4,138";occup;"14";"5";"5";"1";"1";"2";présumée fragile;"3 975,823";"285,329";Gaz;D;;;;;;;;gaz;D;;;
"6 290";930100000B0263;93010*00512;"[""93010*00512""]";93010;BONDY;93;PDLMP;"4";"[""930100000B0263"",""930100000B0265"",""930100000B0267"",""930100000B0268""]";"5 900";CL;"1 989";"1 990";"1 989";"1 990";"4";"5 900";13;SOL;"5 900";"0";"0";"0";"0";"0";"0";"0";"0";"0";"0";"0";"0";"0";"5 900";"39";"0";"0";"0";"0";"0";"7";"0";MAISON;"32";"32";"32";"0";"32";"2 657";"509";"0";"0";"3";"28";"1";"0";"0";"0";"0";"0";"89";"0";"0";"0";"0";"0";"3 255";"4";"33";G2;PROPRIETE DIVISEE EN LOT;G2a;G2;99;1;MEME COMMUNE;;"4";"4";"4";"[""37Z9477HWR3X"",""3FPBGPR2JC3H"",""3QKTH7NVJYSX"",""3W2DHHGTCZG1"",""4QZ65ZSG3ECG"",""7CX2YEBGRBSN"",""8W781B6E5BXE"",""9F97Y5P5VQ36"",""9KSMQRMRZ4JH"",""AT74X5YT47E6"",""AWRJ99D2B1AF"",""B56B9BSM9EDF"",""B6C3R5983ZH8"",""BVH87NXW6FG7"",""C1S6THHJ6R6V"",""F8FQG968NB6P"",""NJ6PRCAYAGEW"",""QD3B4W2K27E9"",""QXW7C876JY4F"",""SFCD9EWFRVD2"",""T499EHE4PKWP"",""V7TMGYQV3DQE"",""VD32BBTW3HS6"",""W84T458ERN26"",""WDMDEEHAV5Q3"",""WXB236V319DT"",""WXDTRR7FZDQS"",""YYWCVPRMMXTE"",""ZSFHF2M4QJKD"",""SPE1B7WZSCRG"",""3K722WWGZTB2"",""4G3TTRSC1GE3"",""8MBXFBVZZNHN"",""9JC1KQE8JE6E"",""BPPKTNJZ6HZD"",""EG2691A4PK2P"",""M62M6Q8TZTEY"",""PH1E17RBC9AA""]";"38";"2 107";RNC_AC9009283;AC9009283;2018-07-20 00:00:00.0;2023-06-28 00:00:00.0;EVAM-GID 39072049800034;non;non;930100000B0263;Copropriété immatriculée;1_1;"1";OUI;"93 010";"93";"200 054 781";Métropole du Grand Paris;"1 989";"32";"39";"32";"3 255";"3 166";"32";"0";"32";"3";"0";"28";"1";"0";"0";"0";"0";"0";"0";"0";"0";"0";"11";"21";"0";"32";"32";"1";"0";"0";"3";0;;"6";"0";"0";"0";;professionnel;EVAM-GID 39072049800034;6832A;AULNAY SOUS BOIS;Mandat en cours;2024-10-20 00:00:00.0;SDC LES DEMEURES DU VERGER;all des vignes, 93140 Bondy;non connu;non connu;non connu;0;1989-02-08 00:00:00.0;non;non;oui;non connu;0;0;0;32;32;32;0;0;0;0;DE_1975_A_1993;93010;000;0B;0270;93010;000;0B;0269;93010;000;0B;0268;8;non;non connu;non;2022-01-01 00:00:00.0;2022-12-31 00:00:00.0;20/04/2023;5222.0;0.0;0.0;;;0.0;non;1989;0;0;0;0;0;0;0;32;individuel;non renseigné;non renseigné;Non renseigné;Non renseigné;non connu;non connu;0;non connu;"32";DE_1975_A_1993;H;"0,094";{930100000B0263,930100000B0265,930100000B0267,930100000B0268};{930100000B026301,930100000B026302,930100000B026303,930100000B026304,930100000B026305,930100000B026306,930100000B026307,930100000B026308,930100000B026309,930100000B026310,930100000B026311,930100000B026312,930100000B026313,930100000B026314,930100000B02631;2_RNIC_FF;37Z9477HWR3X,3FPBGPR2JC3H,3QKTH7NVJYSX,3W2DHHGTCZG1,4QZ65ZSG3ECG,7CX2YEBGRBSN,8W781B6E5BXE,9F97Y5P5VQ36,9KSMQRMRZ4JH,AT74X5YT47E6,AWRJ99D2B1AF,B56B9BSM9EDF,B6C3R5983ZH8,BVH87NXW6FG7,C1S6THHJ6R6V,F8FQG968NB6P,NJ6PRCAYAGEW,QD3B4W2K27E9,QXW7C876JY4F,SFCD9EW;"38";"2 107";661655.4060085472;6868681.46299611;"661 663,501";"6 868 671,128";"661 655,406";"6 868 681,463";"0";0;0;0;"0";"0";0;0;0;0;0;1;"0";"0";0;"0";"6";"0";"33";"1";"0";"0";"0";"0";;;;;;;0.00000000000000000000;0;;163.1875000000000000;0;0;"0";"0,094";"0";;"0";"0";"0";"1";"-1";"0";"-1";"0";"7";"0";-1;"0";0;"0";"0";"0";"0";"0";"0,952";0;0;2.5;"0";"0,93";occup;"22";"9";"2";"4";"5";"2";autres;"5 907,811";"724,394";Gaz;E;;;;;;;;gaz;E;E, E, E, E, E, E, E, E, E, E, E, E, E, E, E, E, E, E, E, E, E, E, E, E, E, E, E, E, E, E, E, E, E, E, E, E, E, E, E, E, E, E, E, E, E, E;;
"6 331";930100000B0357;93010*00826;"[""93010*00826""]";93010;BONDY;93;PDLMP;"9";"[""930100000B0357"",""930100000B0358"",""930100000B0370"",""930100000B0371"",""930100000B0372"",""930100000B0376"",""930100000B0383"",""930100000B0384"",""930100000B0385""]";"6 313";CL;"2 022";"2 022";"2 022";"2 022";"9";"6 313";10;TERRAINS A BATIR;"6 313";"0";"0";"0";"0";"0";"0";"0";"0";"0";"0";"3 644";"0";"0";"2 669";"441";"0";"0";"0";"0";"0";"249";"0";DEPENDANCE;"3";"192";"0";"192";"192";"10 324";"2 146";"0";"0";"5";"11";"0";"0";"0";"0";"0";"0";"2 988";"0";"0";"0";"0";"0";"15 458";"9";"192";G2;PROPRIETE DIVISEE EN LOT;G2a;G2;99;1;MEME COMMUNE;;"9";"9";"9";"[""31DFQGJHDQ4Y"",""MEDPEH9XT46N"",""STEPT6DGS1P7"",""Q9WXP6BTWPXY""]";"4";"2 903";RNC_AH4732079;AH4732079;2022-04-12 00:00:00.0;2022-04-12 00:00:00.0;E3L & MAJ 91857358500018;non connu;non connu;930100000B0357;Plusieurs copropriétés immatriculées;3_2;"2";OUI;"93 010";"93";"200 054 781";Métropole du Grand Paris;"2 022";"3";"441";"192";"15 458";"12 470";"0";"192";"14";"5";"0";"9";"0";"2";"0";"176";"0";"0";"0";"14";"68";"75";"32";"3";"4";"191";"189";"1,016";"176";"0";"160";202;1.31;"0";"0";"226";"0";D;non connu;non connu;non connu;non connu;Pas de mandat en cours;2024-02-21 00:00:00.0;SDC Le Patio - av Jean Moulin 93140 BONDY;av jean moulin, 93140 Bondy;av leon blum, 93140 Bondy;r odette pain, 93140 Bondy;non connu;2;2019-12-19 00:00:00.0;non;non;oui;non connu;0;0;0;447;197;192;250;0;0;0;A_COMPTER_DE_2011;93010;000;0B;0197;93010;000;0B;0250;93010;000;0B;0249;5;non;non connu;non renseigné;non connu;non connu;non connu;;;;;;;non renseigné;2022;0;0;0;0;0;0;0;7;collectif;non;gaz_naturel;Non renseigné;Non renseigné;non connu;non connu;8;non connu;"192";A_COMPTER_DE_2011;V;"0,357";{930100000B0357,930100000B0358,930100000B0370,930100000B0371,930100000B0372,930100000B0376,930100000B0383,930100000B0384,930100000B0385};{930100000B0357A,930100000B0357B,930100000B0357P};2_RNIC;31DFQGJHDQ4Y,MEDPEH9XT46N,STEPT6DGS1P7,Q9WXP6BTWPXY;"4";"2 903";661844.7782046045;6868235.2867506975;"661 848,956";"6 868 182,865";"661 844,778";"6 868 235,287";"0";1;1;;"0";"0";0;0;0;0;;0.9746192893401016;"0";"0";0;"0";"0";"0";"0";"0";"0";"0";"19";"0";;;;;;;;;;;;0;"0";"0,833";"0";;"0";"0";"1";"0";"-1";"0";"0";"0";"0";"0";;"0";0;"0";"0";"0";"0";"0";"5";;10;;"0";"3,684";marche;"9";"5";"0";"1";"0";"3";présumée fragile;"6 314,482";"409,041";Autre;;;;;;;;;;;;;
"6 332";930100000B0357;93010*00826;"[""93010*00826""]";93010;BONDY;93;PDLMP;"9";"[""930100000B0357"",""930100000B0358"",""930100000B0370"",""930100000B0371"",""930100000B0372"",""930100000B0376"",""930100000B0383"",""930100000B0384"",""930100000B0385""]";"6 313";CL;"2 022";"2 022";"2 022";"2 022";"9";"6 313";10;TERRAINS A BATIR;"6 313";"0";"0";"0";"0";"0";"0";"0";"0";"0";"0";"3 644";"0";"0";"2 669";"441";"0";"0";"0";"0";"0";"249";"0";DEPENDANCE;"3";"192";"0";"192";"192";"10 324";"2 146";"0";"0";"5";"11";"0";"0";"0";"0";"0";"0";"2 988";"0";"0";"0";"0";"0";"15 458";"9";"192";G2;PROPRIETE DIVISEE EN LOT;G2a;G2;99;1;MEME COMMUNE;;"9";"9";"9";"[""31DFQGJHDQ4Y"",""MEDPEH9XT46N"",""STEPT6DGS1P7"",""Q9WXP6BTWPXY""]";"4";"2 903";RNC_AA4342416;AA4342416;2017-05-16 00:00:00.0;2023-12-08 00:00:00.0;ATRIUM GESTION PARIS 17 83495692200019;non;non;930100000B0357;Plusieurs copropriétés immatriculées;3_2;"2";OUI;"93 010";"93";"200 054 781";Métropole du Grand Paris;"2 022";"3";"441";"192";"15 458";"12 470";"0";"192";"14";"5";"0";"9";"0";"2";"0";"176";"0";"0";"0";"14";"68";"75";"32";"3";"4";"191";"189";"1,016";"176";"0";"160";202;1.31;"0";"0";"226";"0";D;professionnel;ATRIUM GESTION PARIS 17 83495692200019;6832A;PARIS 17;Mandat en cours;2026-03-30 00:00:00.0;LES JARDINS DE LA NOUE;ctre commercial noue caillet 93140 BONDY;non connu;non connu;non connu;0;1970-01-01 00:00:00.0;non;non;oui;non connu;0;0;0;731;260;260;260;0;0;0;DE_1961_A_1974;;;;;;;;;;;;;0;non;non connu;non;2022-01-01 00:00:00.0;2022-12-31 00:00:00.0;08/11/2023;899429.0;0.0;116303.0;531598.0;105;104646.0;oui;non renseigné;0;0;0;0;0;0;0;1;collectif;non;gaz_naturel;Non;Sans objet;non connu;non connu;0;ADRNIVX_0000000311836510;"260";DE_1961_A_1974;V;"0,357";{930100000B0357,930100000B0358,930100000B0370,930100000B0371,930100000B0372,930100000B0376,930100000B0383,930100000B0384,930100000B0385};{930100000B0357A,930100000B0357B,930100000B0357P};2_RNIC;31DFQGJHDQ4Y,MEDPEH9XT46N,STEPT6DGS1P7,Q9WXP6BTWPXY;"4";"2 903";661843.170917707;6868247.1960832635;"661 848,956";"6 868 182,865";"661 843,171";"6 868 247,196";"0";0;0;0;"0";"0";0;0;0;0;0;1;"0";"0";0;"0";"0";"0";"0";"0";"0";"0";"19";"0";0.5497382198952879;1;0;0.59103942612479695451;1;0;0.12930759404021884996;0;3305.4961538461538462;;1;0;"0";"0,615";"0";;"0";"0";"1";"0";"-1";"0";"0";"0";"0";"0";;"0";0;"0";"0";"0";"0";"0";"0";5;10;;"0";"1,935";marche;"15";"6";"5";"1";"0";"3";autres;"6 314,482";"409,041";Autre;;;;;;;;;;;;;
"6 444";930100000D0004;93010*00282;"[""93010*00282""]";93010;BONDY;93;SIMPLE;"1";"[""930100000D0004""]";"314";CL;"1 930";"1 930";"1 930";"1 930";"1";"314";13;SOL;"314";"0";"0";"0";"0";"0";"0";"0";"0";"0";"0";"0";"0";"0";"314";"2";"0";"0";"0";"0";"0";"0";"0";MAISON;"1";"2";"2";"0";"2";"144";"30";"0";"0";"0";"2";"0";"0";"0";"0";"0";"0";"0";"0";"0";"0";"0";"0";"174";"1";"3";G2;PROPRIETE DIVISEE EN LOT;G2a;G2;99;1;MEME COMMUNE;;"1";"1";"1";"[""4BEKGGD4BNKK"",""SVQDN6H5NVCW""]";"2";"134";FF_930100000D0004;;;;;;;930100000D0004;Copropriété non immatriculée;;"0";;"93 010";"93";"200 054 781";Métropole du Grand Paris;"1 930";"1";"2";"2";"174";"174";"2";"0";"2";"0";"0";"2";"0";"0";"0";"0";"0";"0";"0";"0";"0";"0";"1";"1";"0";"2";"2";"1";"0";"0";"0";;;"0";"0";"0";"0";;;;;;;;;45 AV DU QUATORZE JUILLET, BONDY;;;;;;;;;;;;;;;;;;;;;;;;;;;;;;;;;;;;;;;;;;;;;;;;;;;;;;;;;;;;;;;;;"2";AVANT_1949;H;"0";{930100000D0004};{930100000D0004A};2_FF;4BEKGGD4BNKK,SVQDN6H5NVCW;"2";"134";;;"662 697,741";"6 868 197,897";"662 697,741";"6 868 197,897";"1";;;;"0";"0";;;;;;1;"0";"0";0;"0";"0";"0";"0";"0";"0";"0";"0";"0";;;;;;;;;;;;0;"0";"0";"0";;"0";"0";"1";"0";"-1";"-1";"-1";"-1";"0";"0";-1;"-1";;"-1";"0";"0";"0";"0";"3,333";;1.6666666666666667;0;"0";"1,739";gestion;"12";"4";"0";"3";"5";"0";autres;"313,577";"73,063";Fioul;E;;;;;;;; ;;;;
"6 446";930100000D0005;93010*00073;"[""93010*00073""]";93010;BONDY;93;SIMPLE;"1";"[""930100000D0005""]";"400";CL;"1 910";"1 930";"1 910";"1 930";"1";"400";13;SOL;"400";"0";"0";"0";"0";"0";"0";"0";"0";"0";"0";"0";"0";"0";"400";"4";"0";"0";"0";"0";"0";"2";"0";MIXTE;"2";"2";"2";"0";"2";"136";"64";"0";"0";"1";"1";"0";"0";"0";"0";"0";"0";"35";"0";"0";"0";"0";"0";"235";"1";"3";G2;PROPRIETE DIVISEE EN LOT;G2a;G2;99;1;MEME COMMUNE;;"1";"1";"1";"[""HSZSXT6MK2A4"",""RPS7QWW2CQPG"",""ZHYZV783HS1G""]";"3";"183";FF_930100000D0005;;;;;;;930100000D0005;Copropriété non immatriculée;;"0";;"93 010";"93";"200 054 781";Métropole du Grand Paris;"1 910";"2";"4";"2";"235";"200";"2";"0";"2";"1";"0";"1";"0";"0";"0";"0";"0";"0";"0";"1";"0";"0";"0";"1";"0";"2";"2";"1";"0";"0";"0";;;"0";"0";"0";"0";;;;;;;;;51 B AV DE LA VILLEGIATURE, BONDY;;;;;;;;;;;;;;;;;;;;;;;;;;;;;;;;;;;;;;;;;;;;;;;;;;;;;;;;;;;;;;;;;"2";AVANT_1949;H;"0,5";{930100000D0005};{930100000D0005A,930100000D0005C};2_FF;HSZSXT6MK2A4,RPS7QWW2CQPG,ZHYZV783HS1G;"3";"183";;;"662 680,535";"6 868 208,391";"662 680,535";"6 868 208,391";"1";;;;"0";"0";;;;;;1;"0";"0";0;"0";"0";"0";"100";"0";"0";"0";"0";"0";;;;;;;;;;;;0;"0";"0";"0";;"0";"0";"1";"0";"-1";"-1";"-1";"-1";"0";"0";-1;"-1";;"-1";"0";"0";"0";"0";"2,727";;1.6666666666666667;0;"0";"1,6";gestion;"13";"5";"0";"3";"5";"0";autres;"402,04";"95,068";Gaz;G;;;;;;;; ;;;;
"6 460";930100000D0021;93010*00019;"[""93010*00019""]";93010;BONDY;93;SIMPLE;"1";"[""930100000D0021""]";"402";CL;"1 930";"1 930";"1 930";"1 930";"4";"161";13;SOL;"161";"0";"0";"0";"0";"0";"0";"0";"0";"0";"0";"0";"0";"0";"161";"4";"0";"0";"0";"0";"0";"1";"0";MAISON;"3";"3";"2";"1";"3";"145";"6";"0";"0";"0";"2";"1";"0";"0";"0";"0";"0";"13";"0";"0";"0";"0";"0";"164";"1";"4";G2;PROPRIETE DIVISEE EN LOT;G2a;G2;99;1;MEME COMMUNE;;"1";"1";"1";"[""7QCJMCNNFA93"",""PFFGF1FZ139N""]";"2";"144";RNC_AH0733618;AH0733618;2021-09-01 00:00:00.0;2021-09-01 00:00:00.0;non connu;non connu;non connu;930100000D0021;Copropriété immatriculée;1_1;"1";OUI;"93 010";"93";"200 054 781";Métropole du Grand Paris;"1 930";"3";"4";"3";"164";"151";"2";"1";"3";"0";"0";"2";"1";"0";"0";"0";"0";"0";"0";"0";"1";"2";"0";"0";"0";"3";"3";"1";"0";"0";"1";0;;"0";"0";"0";"0";;non connu;non connu;non connu;non connu;Pas de mandat en cours;non connu;19 AVENUE DE LA VILLEGIATURE 93140 BONDY;19 av de la villegiature 93140 Bondy;non connu;non connu;non connu;0;1964-11-23 00:00:00.0;non;non connu;oui;non connu;0;0;0;9;3;3;1;0;0;0;NON_CONNUE;93010;000;0D;0021;;;;;;;;;1;non;non connu;non renseigné;non connu;non connu;non connu;;;;;;;non renseigné;non renseigné;0;0;0;0;0;0;1;0;individuel;non renseigné;non renseigné;Non renseigné;Non renseigné;non connu;non connu;0;ADRNIVX_0000000268231963;"3";AVANT_1949;M;"0";{930100000D0021};{930100000D0021A,930100000D0021B,930100000D0021C};2_RNIC_FF;7QCJMCNNFA93,PFFGF1FZ139N;"2";"144";662492.4296245147;6868180.122145036;"662 491,008";"6 868 201,536";"662 492,43";"6 868 180,122";"0";1;1;;"0";"0";0;0;0;0;;1;"0";"0";0;"0";"0";"0";"0";"0";"0";"0";"0";"0";;;;;;;;;;;;0;"0";"0,333";"1";;"0";"0";"1";"0";"-1";"-1";"-1";"-1";"0";"0";-1;"-1";0;"-1";"0";"0";"0";"0";"3,529";;2.857142857142857;0;"0";"2,5";gestion;"16";"7";"0";"4";"4";"1";autres;"401,032";"92,65";Electricité;E;;;;;;;;electricite;;;;
"6 461";930100000D0022;93010*00551;"[""93010*00551""]";93010;BONDY;93;SIMPLE;"1";"[""930100000D0022""]";"401";CL;"1 992";"1 992";"1 992";"1 992";"5";"401";13;SOL;"401";"0";"0";"0";"0";"0";"0";"0";"0";"0";"0";"0";"0";"0";"401";"2";"0";"0";"0";"0";"0";"0";"0";MAISON;"2";"2";"2";"0";"2";"190";"74";"0";"0";"0";"2";"0";"0";"0";"0";"0";"0";"0";"0";"0";"0";"0";"0";"264";"1";"3";G2;PROPRIETE DIVISEE EN LOT;G2a;G2;99;1;MEME COMMUNE;;"1";"1";"1";"[""JFGBFT57JKY7""]";"1";"109";FF_930100000D0022;;;;;;;930100000D0022;Copropriété non immatriculée;;"0";;"93 010";"93";"200 054 781";Métropole du Grand Paris;"1 992";"2";"2";"2";"264";"264";"2";"0";"1";"0";"0";"1";"0";"1";"0";"0";"0";"0";"0";"0";"0";"0";"2";"0";"0";"2";"2";"1";"0";"0";"1";;;"0";"0";"0";"0";;;;;;;;;17 AV DE LA VILLEGIATURE, BONDY;;;;;;;;;;;;;;;;;;;;;;;;;;;;;;;;;;;;;;;;;;;;;;;;;;;;;;;;;;;;;;;;;"2";DE_1975_A_1993;H;"0";{930100000D0022};{930100000D0022A,930100000D0022B};2_FF;JFGBFT57JKY7;"1";"109";;;"662 479,634";"6 868 197,752";"662 479,634";"6 868 197,752";"1";;;;"0";"0";;;;;;1;"0";"0";0;"0";"0";"0";"0";"0";"0";"0";"0";"0";;;;;;;;;;;;0;"0";"0,5";"1";;"0";"0";"1";"0";"-1";"-1";"-1";"-1";"0";"0";-1;"-1";;"-1";"0";"0";"0";"0";"3,333";;2.857142857142857;0;"0";"2,273";gestion;"12";"4";"0";"4";"4";"0";autres;"403,134";"92,868";Gaz;C;;;;;;;; ;;;;
"6 462";930100000D0023;93010*00208;"[""93010*00208""]";93010;BONDY;93;SIMPLE;"1";"[""930100000D0023""]";"398";CL;"1 940";"1 963";"1 940";"1 963";"2";"138";13;SOL;"138";"0";"0";"0";"0";"0";"0";"0";"0";"0";"0";"0";"0";"0";"138";"3";"0";"0";"0";"0";"0";"0";"0";MAISON;"3";"3";"3";"0";"3";"119";"60";"0";"0";"1";"2";"0";"0";"0";"0";"0";"0";"0";"0";"0";"0";"0";"0";"179";"1";"4";G2;PROPRIETE DIVISEE EN LOT;G2a;G2;99;1;MEME COMMUNE;;"1";"1";"1";"[""259EWX79H54A"",""DNRPFG9ZEM5C"",""HYJG6548TYQB""]";"3";"135";FF_930100000D0023;;;;;;;930100000D0023;Copropriété non immatriculée;;"0";;"93 010";"93";"200 054 781";Métropole du Grand Paris;"1 940";"3";"3";"3";"179";"179";"3";"0";"3";"1";"0";"2";"0";"0";"0";"0";"0";"0";"0";"1";"1";"0";"0";"1";"0";"3";"3";"1";"0";"0";"0";;;"0";"0";"0";"0";;;;;;;;;15 AV DE LA VILLEGIATURE, BONDY;;;;;;;;;;;;;;;;;;;;;;;;;;;;;;;;;;;;;;;;;;;;;;;;;;;;;;;;;;;;;;;;;"3";AVANT_1949;H;"0,333";{930100000D0023};{930100000D0023A,930100000D0023B,930100000D0023C};2_FF;259EWX79H54A,DNRPFG9ZEM5C,HYJG6548TYQB;"3";"135";;;"662 468,096";"6 868 197,162";"662 468,096";"6 868 197,162";"1";;;;"0";"0";;;;;;1;"0";"0";0;"0";"0";"0";"0";"1";"0";"0";"0";"0";;;;;;;;;;;;0;"0";"0";"0";;"0";"0";"1";"0";"-1";"-1";"-1";"-1";"0";"0";-1;"-1";;"-1";"0";"0";"0";"0";"4,545";;1.6666666666666667;0;"0";"2,609";gestion;"12";"5";"0";"3";"4";"0";a surveiller;"400,399";"92,523";Gaz;F;;;;;;;; ;;;;
"6 466";930100000D0028;93010*00492;"[""93010*00492""]";93010;BONDY;93;SIMPLE;"1";"[""930100000D0028""]";"402";CL;"1 948";"1 991";"1 948";"1 991";"4";"402";13;SOL;"402";"0";"0";"0";"0";"0";"0";"0";"0";"0";"0";"0";"0";"0";"402";"4";"0";"0";"0";"0";"0";"1";"0";MAISON;"3";"3";"2";"1";"3";"159";"21";"0";"0";"0";"3";"0";"0";"0";"0";"1";"0";"18";"0";"0";"0";"0";"0";"198";"1";"4";G2;PROPRIETE DIVISEE EN LOT;G2a;G2;99;1;MEME COMMUNE;;"1";"1";"1";"[""SFVTHZ7DGMM3"",""TKHS2MJZTRYZ"",""WBPH73CTR5FZ""]";"3";"133";FF_930100000D0028;;;;;;;930100000D0028;Copropriété non immatriculée;;"0";;"93 010";"93";"200 054 781";Métropole du Grand Paris;"1 948";"3";"4";"3";"198";"180";"2";"1";"3";"0";"0";"3";"0";"0";"0";"0";"0";"0";"0";"2";"0";"0";"0";"1";"0";"3";"3";"1";"0";"0";"0";;;"0";"0";"0";"0";;;;;;;;;3 AV DE LA VILLEGIATURE, BONDY;;;;;;;;;;;;;;;;;;;;;;;;;;;;;;;;;;;;;;;;;;;;;;;;;;;;;;;;;;;;;;;;;"3";AVANT_1949;M;"0";{930100000D0028};{930100000D0028A,930100000D0028B,930100000D0028C};2_FF;SFVTHZ7DGMM3,TKHS2MJZTRYZ,WBPH73CTR5FZ;"3";"133";;;"662 406,245";"6 868 208,543";"662 406,245";"6 868 208,543";"1";;;;"0";"0";;;;;;1;"0";"0";0;"0";"0";"0";"0";"0";"0";"0";"0";"0";;;;;;;;;;;;0;"0";"0";"0";;"0";"0";"1";"0";"-1";"-1";"-1";"-1";"0";"0";-1;"-1";;"-1";"0";"0";"1";"1";"3,333";;1.6666666666666667;0;"0";"1,905";gestion;"11";"4";"0";"3";"4";"0";autres;"402,223";"105,497";Electricité;D;;;;;;;; ;;;;
"6 468";930100000D0036;93010*00441;"[""93010*00441""]";93010;BONDY;93;SIMPLE;"1";"[""930100000D0036""]";"404";CL;"1 936";"1 936";"1 936";"1 936";"1";"404";13;SOL;"404";"0";"0";"0";"0";"0";"0";"0";"0";"0";"0";"0";"0";"0";"404";"3";"0";"0";"0";"0";"0";"1";"0";MAISON;"1";"2";"2";"0";"2";"189";"8";"1";"0";"0";"1";"0";"0";"0";"0";"0";"0";"8";"0";"0";"0";"0";"0";"205";"1";"3";G2;PROPRIETE DIVISEE EN LOT;G2a;G2;99;1;MEME COMMUNE;;"1";"1";"1";"[""MJXB3P1HZA2S"",""P2FTTT56TZTX""]";"2";"133";FF_930100000D0036;;;;;;;930100000D0036;Copropriété non immatriculée;;"0";;"93 010";"93";"200 054 781";Métropole du Grand Paris;"1 936";"1";"3";"2";"205";"197";"2";"0";"1";"0";"0";"1";"0";"0";"0";"0";"1";"0";"0";"0";"0";"1";"0";"1";"0";"2";"2";"1";"1";"0";"1";;;"1";"1";"0";"0";;;;;;;;;23 AV DE LA PARISIENNE, BONDY;;;;;;;;;;;;;;;;;;;;;;;;;;;;;;;;;;;;;;;;;;;;;;;;;;;;;;;;;;;;;;;;;"2";AVANT_1949;H;"0";{930100000D0036};{930100000D0036A};2_FF;MJXB3P1HZA2S,P2FTTT56TZTX;"2";"133";;;"662 313,186";"6 868 159,698";"662 313,186";"6 868 159,698";"1";;;;"0";"0";;;;;;1;"0";"0";0;"0";"0";"0";"0";"0";"0";"0";"0";"0";;;;;;;;;;;;0;"0";"0,5";"1";;"0";"0";"1";"0";"-1";"-1";"-1";"-1";"0";"0";-1;"-1";;"-1";"0";"1";"0";"0";"3,333";;2.857142857142857;5;"10";"4,167";bati;"13";"4";"0";"4";"4";"1";présumée fragile;"406,23";"113,253";Gaz;G;;;;;;;;gaz;G;;;
"6 500";930100000D0083;93010*00005;"[""93010*00005""]";93010;BONDY;93;SIMPLE;"1";"[""930100000D0083""]";"277";CL;"1 920";"1 920";"1 920";"1 920";"1";"277";13;SOL;"277";"0";"0";"0";"0";"0";"0";"0";"0";"0";"0";"0";"0";"0";"277";"4";"0";"0";"0";"0";"0";"1";"0";MAISON;"1";"3";"2";"1";"3";"158";"45";"1";"0";"2";"0";"0";"0";"1";"0";"0";"0";"10";"0";"0";"0";"0";"0";"213";"1";"3";G2;PROPRIETE DIVISEE EN LOT;G2a;G2;99;1;MEME COMMUNE;;"1";"1";"1";"[""8A3CPDBN1FEB"",""DAZD5YKRFCNJ"",""K6SYHP7QAYY5"",""R8ZCAS7X73AG"",""YJ714X762J4S""]";"5";"159";RNC_AG6054852;AG6054852;2021-01-21 00:00:00.0;2021-01-21 00:00:00.0;non connu;non connu;non connu;930100000D0083;Copropriété immatriculée;1_1;"1";OUI;"93 010";"93";"200 054 781";Métropole du Grand Paris;"1 920";"1";"4";"3";"213";"203";"2";"1";"2";"2";"0";"0";"0";"0";"0";"0";"1";"1";"0";"0";"1";"2";"0";"0";"1";"2";"2";"1,5";"1";"0";"1";0;;"0";"0";"3";"1";;non connu;non connu;non connu;non connu;Pas de mandat en cours;non connu;3 et 3bis allée de la Jardinière 93140 BONDY;3 all de la jardiniere 93140 Bondy;non connu;non connu;non connu;0;1958-02-19 00:00:00.0;non;non connu;oui;non connu;;;;2;2;2;0;0;0;0;AVANT_1949;93010;000;0D;0083;;;;;;;;;1;non;non connu;non renseigné;non connu;non connu;non connu;;;;;;;non renseigné;1930;0;0;0;0;0;0;0;2;individuel;non renseigné;non renseigné;Non renseigné;Non renseigné;non connu;non connu;0;ADRNIVX_0000000268235335;"3";AVANT_1949;M;"1";{930100000D0083};{930100000D0083A};2_RNIC_FF;8A3CPDBN1FEB,DAZD5YKRFCNJ,K6SYHP7QAYY5,R8ZCAS7X73AG,YJ714X762J4S;"5";"159";662495.5162836866;6868045.657784762;"662 495,548";"6 868 054,137";"662 495,516";"6 868 045,658";"0";1;1;;"0";"0";0;;;;;1;"0";"1";0;"0";"0";"0";"0";"1";"0,333";"1";"0";"0";;;;;;;;;;;;0;"0";"0,333";"1";;"0";"0";"1";"1";"-1";"-1";"-1";"-1";"0";"0";-1;"-1";0;"-1";"0";"1";"0";"0";"6,471";;2.857142857142857;3.3333333333333335;"5";"5";gestion;"16";"7";"0";"4";"3";"2";présumée fragile;"277,385";"66,493";Electricité;G;;;;;;;;electricite;G;;;
"6 549";930100000D0146;93010*00451;"[""93010*00451""]";93010;BONDY;93;SIMPLE;"1";"[""930100000D0146""]";"392";CL;"1 968";"1 968";"1 968";"1 968";"1";"392";13;SOL;"392";"0";"0";"0";"0";"0";"0";"0";"0";"0";"0";"0";"0";"0";"392";"10";"0";"0";"0";"0";"0";"5";"0";MIXTE;"1";"5";"0";"5";"5";"193";"0";"1";"0";"3";"1";"0";"0";"0";"0";"0";"0";"95";"0";"0";"0";"0";"0";"288";"1";"6";G2;PROPRIETE DIVISEE EN LOT;G2a;G2;99;1;MEME COMMUNE;;"1";"1";"1";"[""BEMVDB69RNYT""]";"1";"96";FF_930100000D0146;;;;;;;930100000D0146;Copropriété non immatriculée;;"0";;"93 010";"93";"200 054 781";Métropole du Grand Paris;"1 968";"1";"10";"5";"288";"193";"0";"5";"4";"3";"0";"1";"0";"0";"0";"0";"1";"0";"0";"0";"3";"2";"0";"0";"1";"5";"5";"1";"1";"0";"3";;;"0";"0";"2";"2";;;;;;;;;7 AV DE LA VILLEGIATURE, BONDY;;;;;;;;;;;;;;;;;;;;;;;;;;;;;;;;;;;;;;;;;;;;;;;;;;;;;;;;;;;;;;;;;"5";DE_1961_A_1974;V;"0,75";{930100000D0146};{930100000D0146A};2_FF;BEMVDB69RNYT;"1";"96";;;"662 425,109";"6 868 203,763";"662 425,109";"6 868 203,763";"1";;;;"0";"0";;;;;;1;"0";"0";0;"0";"0";"0";"50";"0";"0,2";"0";"25";"0";;;;;;;;;;;;0;"0";"0,6";"1";;"0";"0";"1";"0";"-1";"0";"-1";"0";"0";"0";-1;"0";;"0";"0";"1";"0";"0";"2,727";;2.857142857142857;0;"10";"2,692";bati;"14";"5";"0";"4";"4";"1";a surveiller;"395,29";"99,984";Electricité;F;;;;;;;;electricite;F;;;
"6 550";930100000D0147;93010*00018;"[""93010*00018""]";93010;BONDY;93;SIMPLE;"1";"[""930100000D0147""]";"409";CL;"1 923";"1 923";"1 923";"1 923";"1";"409";13;SOL;"409";"0";"0";"0";"0";"0";"0";"0";"0";"0";"0";"0";"0";"0";"409";"4";"0";"0";"0";"0";"0";"1";"0";APPARTEMENT;"1";"3";"1";"2";"3";"97";"0";"1";"0";"1";"1";"0";"0";"0";"0";"0";"0";"9";"0";"0";"0";"0";"0";"106";"1";"3";G2;PROPRIETE DIVISEE EN LOT;G2a;G2;99;1;MEME COMMUNE;;"1";"1";"1";"[""AGB38P5B3M6S"",""VX126GYX8PW9""]";"2";"48";FF_930100000D0147;;;;;;;930100000D0147;Copropriété non immatriculée;;"0";;"93 010";"93";"200 054 781";Métropole du Grand Paris;"1 923";"1";"4";"3";"106";"97";"1";"2";"2";"1";"0";"1";"0";"0";"0";"0";"1";"0";"0";"0";"1";"2";"0";"0";"2";"2";"2";"1,5";"1";"0";"0";;;"0";"0";"0";"0";;;;;;;;;5 AV DE LA VILLEGIATURE, BONDY;;;;;;;;;;;;;;;;;;;;;;;;;;;;;;;;;;;;;;;;;;;;;;;;;;;;;;;;;;;;;;;;;"3";AVANT_1949;M;"0,5";{930100000D0147};{930100000D0147A};2_FF;AGB38P5B3M6S,VX126GYX8PW9;"2";"48";;;"662 415,532";"6 868 206,196";"662 415,532";"6 868 206,196";"1";;;;"0";"0";;;;;;1;"0";"0";0;"0";"0";"0";"0";"0";"0,667";"1";"0";"0";;;;;;;;;;;;0;"0";"0";"0";;"0";"0";"1";"0";"-1";"-1";"-1";"-1";"0";"0";-1;"-1";;"-1";"0";"0";"0";"0";"3,333";;1.6666666666666667;0;"0";"1,905";gestion;"11";"4";"0";"3";"4";"0";autres;"408,369";"102,782";Gaz;F;;;;;;;; ;;;;
"6 554";930100000D0151;93010*00420;"[""93010*00420""]";93010;BONDY;93;SIMPLE;"1";"[""930100000D0151""]";"255";CL;"1 970";"1 970";"1 970";"1 970";"1";"255";13;SOL;"255";"0";"0";"0";"0";"0";"0";"0";"0";"0";"0";"0";"0";"0";"255";"4";"0";"0";"0";"0";"0";"1";"0";APPARTEMENT;"1";"3";"0";"3";"3";"166";"0";"1";"0";"2";"0";"0";"0";"0";"0";"0";"0";"28";"0";"0";"0";"0";"0";"194";"1";"2";G2;PROPRIETE DIVISEE EN LOT;G2a;G2;99;1;MEME COMMUNE;;"1";"1";"1";"[""EA43V7GTCJ9C"",""VP1VVT2GHH8N""]";"2";"104";FF_930100000D0151;;;;;;;930100000D0151;Copropriété non immatriculée;;"0";;"93 010";"93";"200 054 781";Métropole du Grand Paris;"1 970";"1";"4";"3";"194";"166";"0";"3";"2";"2";"0";"0";"0";"0";"0";"0";"1";"0";"0";"0";"2";"1";"0";"0";"0";"1";"1";"3";"1";"0";"0";;;"1";"0";"0";"0";;;;;;;;;1 B AV DE LA VILLEGIATURE, BONDY;;;;;;;;;;;;;;;;;;;;;;;;;;;;;;;;;;;;;;;;;;;;;;;;;;;;;;;;;;;;;;;;;"3";DE_1961_A_1974;V;"1";{930100000D0151};{930100000D0151A};2_FF;EA43V7GTCJ9C,VP1VVT2GHH8N;"2";"104";;;"662 394,176";"6 868 199,474";"662 394,176";"6 868 199,474";"1";;;;"0";"0";;;;;;1;"0";"1";0;"0";"0";"0";"100";"0";"0";"0";"0";"0";;;;;;;;;;;;0;"0";"0";"0";;"0";"0";"1";"0";"-1";"-1";"-1";"-1";"0";"0";-1;"-1";;"-1";"0";"0";"0";"0";"5,455";;1.6666666666666667;5;"0";"3,913";gestion;"11";"5";"0";"3";"2";"1";présumée fragile;"249,075";"65,984";Electricité;D;;;;;;;; ;;;;
"6 559";930100000D0166;93010*00335;"[""93010*00335""]";93010;BONDY;93;SIMPLE;"1";"[""930100000D0166""]";"2 151";CL;"1 977";"1 977";"1 977";"1 977";"1";"2 151";13;SOL;"2 151";"0";"0";"0";"0";"0";"0";"0";"0";"0";"0";"0";"0";"0";"2 151";"74";"0";"0";"0";"0";"0";"51";"0";DEPENDANCE;"2";"23";"0";"23";"23";"1 723";"0";"1";"0";"2";"20";"0";"0";"0";"0";"0";"0";"390";"0";"0";"0";"0";"0";"2 113";"1";"24";G2;PROPRIETE DIVISEE EN LOT;G2a;G2;99;1;MEME COMMUNE;;"1";"1";"1";"[""74XWQ6ECZ3PA""]";"1";"454";RNC_AB9903907;AB9903907;2018-01-18 00:00:00.0;2024-04-10 00:00:00.0;CABINET AJOA GESTION 80506069600020;non;non;930100000D0166;Copropriété immatriculée;2;"1";OUI;"93 010";"93";"200 054 781";Métropole du Grand Paris;"1 977";"2";"74";"23";"2 113";"1 723";"0";"23";"22";"2";"0";"20";"0";"0";"0";"0";"1";"0";"0";"1";"1";"7";"10";"4";"0";"23";"23";"1";"1";"0";"5";5;-5.80;"0";"0";"1";"0";;professionnel;CABINET AJOA GESTION 80506069600020;6832A;AULNAY SOUS BOIS;Mandat en cours;2025-04-10 00:00:00.0;SDC LE BAUDELAIRE;65 av du 14 juillet 93140 Bondy;non connu;non connu;non connu;0;1977-03-03 00:00:00.0;non;non;oui;non connu;0;0;0;77;23;23;34;0;0;0;DE_1961_A_1974;93010;000;0D;0122;;;;;;;;;1;non;non connu;non;2023-01-01 00:00:00.0;2023-12-31 00:00:00.0;09/04/2024;72127.0;0.0;7087.0;45814.0;1;14571.0;non;non renseigné;0;0;0;0;0;0;0;2;collectif;non;gaz_naturel;Non;Sans objet;21;90.0;2;non connu;"23";DE_1975_A_1993;V;"0,091";{930100000D0166};{930100000D0166A,930100000D0166B};2_RNIC_FF;74XWQ6ECZ3PA;"1";"454";662760.1490749338;6868471.191060507;"662 692,74";"6 868 297,245";"662 760,149";"6 868 471,191";"0";0;0;0;"0";"0";0;0;0;0;0;1;"0";"0";0;"0";"13";"0";"50";"0";"0";"0";"0";"0";0.043478260869565216;0;0;0.63518515951030820636;1;1;0.09825724070043118388;0;2962.0434782608695652;;0;0;"0";"0,217";"0";0;"1";"1";"0";"1";"-1";"0";"-1";"0";"15";"0";-1;"0";0;"0";"0";"0";"0";"0";"0";6;3.3333333333333335;2.5;"0";"2,115";finan;"26";"9";"5";"5";"5";"2";autres;"2 178,577";"195,898";Autre;E;;;;;;;; ;;;;
"6 560";930100000D0168;93010*00280;"[""93010*00280""]";93010;BONDY;93;SIMPLE;"1";"[""930100000D0168""]";"818";CL;"1 927";"1 927";"1 927";"1 927";"1";"818";13;SOL;"818";"0";"0";"0";"0";"0";"0";"0";"0";"0";"0";"0";"0";"0";"818";"3";"0";"0";"0";"0";"0";"0";"0";MAISON;"1";"3";"3";"0";"3";"281";"0";"1";"0";"0";"2";"0";"0";"0";"0";"0";"0";"0";"0";"0";"0";"0";"0";"281";"1";"3";G2;PROPRIETE DIVISEE EN LOT;G2a;G2;99;1;MEME COMMUNE;;"1";"1";"1";"[""694JDHRX1M1F"",""Q8Y5B62492FB""]";"2";"196";FF_930100000D0168;;;;;;;930100000D0168;Copropriété non immatriculée;;"0";;"93 010";"93";"200 054 781";Métropole du Grand Paris;"1 927";"1";"3";"3";"281";"281";"3";"0";"2";"0";"0";"2";"0";"0";"0";"0";"1";"0";"0";"0";"1";"0";"0";"2";"0";"2";"2";"1,5";"1";"0";"0";;;"0";"0";"0";"0";;;;;;;;;32 AV DE LA VILLEGIATURE, BONDY;;;;;;;;;;;;;;;;;;;;;;;;;;;;;;;;;;;;;;;;;;;;;;;;;;;;;;;;;;;;;;;;;"3";AVANT_1949;H;"0";{930100000D0168};{930100000D0168A};2_FF;694JDHRX1M1F,Q8Y5B62492FB;"2";"196";;;"662 583,878";"6 868 158,961";"662 583,878";"6 868 158,961";"1";;;;"0";"0";;;;;;1;"0";"0";0;"0";"0";"0";"0";"0";"0";"0";"0";"0";;;;;;;;;;;;0;"0";"0";"0";;"0";"0";"1";"0";"-1";"-1";"-1";"-1";"0";"0";-1;"-1";;"-1";"0";"0";"0";"0";"3,333";;1.6666666666666667;2.5;"0";"2,609";gestion;"12";"4";"0";"3";"5";"0";a surveiller;"814,802";"117,756";Gaz;G;;;;;;;; ;;;;
"6 567";930100000D0181;93010*00600;"[""93010*00600""]";93010;BONDY;93;SIMPLE;"1";"[""930100000D0181""]";"400";CL;"1 996";"1 996";"1 996";"1 996";"1";"400";13;SOL;"400";"0";"0";"0";"0";"0";"0";"0";"0";"0";"0";"0";"0";"0";"400";"2";"0";"0";"0";"0";"0";"0";"0";MAISON;"2";"2";"2";"0";"2";"176";"62";"0";"0";"0";"2";"0";"0";"0";"0";"0";"0";"0";"0";"0";"0";"0";"0";"238";"1";"3";G2;PROPRIETE DIVISEE EN LOT;G2a;G2;99;1;MEME COMMUNE;;"1";"1";"1";"[""1HYY9BG7S5GH""]";"1";"159";FF_930100000D0181;;;;;;;930100000D0181;Copropriété non immatriculée;;"0";;"93 010";"93";"200 054 781";Métropole du Grand Paris;"1 996";"2";"2";"2";"238";"238";"2";"0";"2";"0";"0";"2";"0";"0";"0";"0";"0";"0";"0";"0";"0";"0";"2";"0";"0";"2";"2";"1";"0";"0";"0";;;"0";"0";"0";"0";;;;;;;;;34 RUE DU QUATRE SEPTEMBRE, BONDY;;;;;;;;;;;;;;;;;;;;;;;;;;;;;;;;;;;;;;;;;;;;;;;;;;;;;;;;;;;;;;;;;"2";DE_1994_A_2000;H;"0";{930100000D0181};{930100000D0181A,930100000D0181B};2_FF;1HYY9BG7S5GH;"1";"159";;;"662 578,255";"6 868 091,045";"662 578,255";"6 868 091,045";"1";;;;"0";"0";;;;;;1;"0";"0";0;"0";"0";"0";"0";"0";"0";"0";"0";"0";;;;;;;;;;;;0;"0";"0";"0";;"0";"0";"1";"1";"-1";"-1";"-1";"-1";"0";"0";-1;"-1";;"-1";"0";"0";"0";"0";"3,333";;1.6666666666666667;2.5;"0";"2,609";gestion;"12";"4";"0";"3";"5";"0";a surveiller;"395,561";"82,605";Electricité;D;;;;;;;; ;;;;
"6 568";930100000D0183;93010*00631;"[""93010*00631""]";93010;BONDY;93;SIMPLE;"1";"[""930100000D0183""]";"363";CL;"1 930";"1 985";"1 930";"1 985";"1";"363";13;SOL;"363";"0";"0";"0";"0";"0";"0";"0";"0";"0";"0";"0";"0";"0";"363";"3";"0";"0";"0";"0";"0";"1";"0";MAISON;"2";"2";"2";"0";"2";"170";"83";"0";"0";"0";"2";"0";"0";"0";"0";"0";"0";"24";"0";"0";"0";"0";"0";"277";"1";"3";G2;PROPRIETE DIVISEE EN LOT;G2a;G2;99;1;MEME COMMUNE;;"1";"1";"1";"[""59V631B7844V"",""AQ3P4C5X6ZPR""]";"2";"146";FF_930100000D0183;;;;;;;930100000D0183;Copropriété non immatriculée;;"0";;"93 010";"93";"200 054 781";Métropole du Grand Paris;"1 930";"2";"3";"2";"277";"253";"2";"0";"2";"0";"0";"2";"0";"0";"0";"0";"0";"0";"0";"0";"0";"0";"2";"0";"0";"2";"2";"1";"0";"0";"0";;;"0";"0";"0";"0";;;;;;;;;29 B RUE DU QUATRE SEPTEMBRE, BONDY;;;;;;;;;;;;;;;;;;;;;;;;;;;;;;;;;;;;;;;;;;;;;;;;;;;;;;;;;;;;;;;;;"2";AVANT_1949;H;"0";{930100000D0183};{930100000D0183A,930100000D0183B};2_FF;59V631B7844V,AQ3P4C5X6ZPR;"2";"146";;;"662 554,371";"6 868 126,03";"662 554,371";"6 868 126,03";"1";;;;"0";"0";;;;;;1;"0";"0";0;"0";"0";"0";"0";"0";"0";"0";"0";"0";;;;;;;;;;;;0;"0";"0";"0";;"0";"0";"1";"1";"-1";"-1";"-1";"-1";"0";"0";-1;"-1";;"-1";"0";"0";"0";"0";"3,333";;1.6666666666666667;2.5;"0";"2,609";gestion;"12";"4";"0";"3";"5";"0";a surveiller;"363,987";"79,018";Gaz;E;;;;;;;; ;;;;
"6 586";930100000D0213;93010+00082;"[""93010+00082""]";93010;BONDY;93;SIMPLE;"1";"[""930100000D0213""]";"1 333";;"-1";"-1";"-1";"-1";"1";"1 333";10;TERRAINS A BATIR;"1 333";"0";"0";"0";"0";"0";"0";"0";"0";"0";"0";"1 333";"0";"0";"0";"0";"0";"0";"0";"0";"0";"0";"0";AUCUN LOCAL;"0";"0";"0";"0";"0";"0";"0";"0";"0";"0";"0";"0";"0";"0";"0";"0";"0";"0";"0";"0";"0";"0";"0";"0";"0";"1";F1;ORGANISME DE LOGEMENT SOCIAL;F1a;F1;99;3;MEME REGION;;"1";"1";"1";"[""4HAVJ5S45239""]";"1";"304";RNC_AI6630701;AI6630701;2024-05-21 00:00:00.0;2024-05-21 00:00:00.0;non connu;non connu;non connu;930100000D0213;Copropriété immatriculée;1_2;"1";NON;"93 010";"93";"200 054 781";Métropole du Grand Paris;"0";"0";"0";"0";"0";"0";"0";"0";"0";"0";"0";"0";"0";"0";"0";"0";"0";"0";"0";"0";"0";"0";"0";"0";"0";"0";"0";"0";"0";"0";"0";;;"0";"0";"67";"0";D;non connu;non connu;non connu;non connu;Pas de mandat en cours;non connu;SDC 33-35 rue François Villon à BONDY;33 Rue François Villon 93140 Bondy;35 Rue François Villon 93140 Bondy;non connu;non connu;1;2024-05-16 00:00:00.0;non;non;oui;non connu;0;0;0;40;20;20;0;0;0;0;DE_1961_A_1974;93010;000;0D;0213;;;;;;;;;1;non;non connu;non renseigné;non connu;non connu;non connu;;;;;;;non renseigné;1963;0;0;0;1;0;0;0;0;collectif;non;gaz_naturel;Non;Sans objet;non connu;non connu;0;Bondy;"20";DE_1961_A_1974;;"0";{930100000D0213};;0;4HAVJ5S45239;"1";"304";662685.3685820437;6868251.824126716;"662 692,664";"6 868 238,794";"662 685,369";"6 868 251,824";"0";0;1;;"0";"0";0;0;0;0;;1;"0";"0";;"0";"0";"0";"0";"0";"0";"0";"0";"0";;;;;;;;;;;;;"0";"0";"0";;"0";"0";"1";"0";"0";"0";"0";"0";"0";"0";;"0";0;"0";"0";"0";"0";"0";"2,5";;10;0;"0";"1,905";marche;"10";"5";"0";"1";"1";"3";autres;"1 343,895";"152,395";; ;;;;;;;; ;;;;
"6 596";930100000E0003;93010*00161;"[""93010*00161""]";93010;BONDY;93;PDLMP;"2";"[""930100000E0003"",""930100000E0004""]";"501";CL;"1 910";"1 935";"1 910";"1 935";"2";"501";13;SOL;"501";"0";"0";"0";"0";"0";"0";"0";"0";"0";"0";"0";"0";"0";"501";"7";"0";"0";"0";"0";"0";"3";"0";MAISON;"3";"4";"4";"0";"4";"170";"61";"0";"0";"0";"3";"1";"0";"0";"0";"1";"0";"15";"0";"0";"0";"0";"0";"246";"2";"5";G2;PROPRIETE DIVISEE EN LOT;G2a;G2;99;1;MEME COMMUNE;;"2";"2";"2";"[""2MX67WHBG7P2"",""43YBZM2MNB32"",""5WZQF9MKVHF7"",""7R9CXC1J687R"",""DQ7EYS5SBQDF""]";"5";"206";RNC_AG4901443;AG4901443;2020-11-25 00:00:00.0;2020-11-25 00:00:00.0;non connu;non connu;non connu;930100000E0003;Copropriété immatriculée;1_1;"1";OUI;"93 010";"93";"200 054 781";Métropole du Grand Paris;"1 910";"3";"7";"4";"246";"231";"4";"0";"4";"0";"0";"3";"1";"0";"0";"0";"0";"0";"0";"1";"0";"3";"0";"0";"0";"4";"4";"1";"0";"0";"1";0;;"0";"0";"0";"0";;non connu;non connu;non connu;non connu;Pas de mandat en cours;non connu;36 Allée de la Jardinière 93140 BONDY;36 all de la jardiniere 93140 Bondy;non connu;non connu;non connu;0;1954-12-14 00:00:00.0;non;non connu;oui;non connu;;;;5;4;4;0;0;0;0;non renseigné;93010;000;0E;0004;93010;000;0E;0003;;;;;2;non;non connu;non renseigné;non connu;non connu;non connu;;;;;;;non renseigné;non renseigné;0;0;0;0;0;0;0;1;non renseigné;non renseigné;non renseigné;Non renseigné;Non renseigné;non connu;non connu;;non connu;"4";AVANT_1949;H;"0";{930100000E0003,930100000E0004};{930100000E0003A,930100000E0003B,930100000E0003C};2_RNIC_FF;2MX67WHBG7P2,43YBZM2MNB32,5WZQF9MKVHF7,7R9CXC1J687R,DQ7EYS5SBQDF;"5";"206";662663.1658710225;6868059.586200141;"662 663,963";"6 868 053,115";"662 663,166";"6 868 059,586";"0";1;1;;"0";"0";0;;;;;1;"0";"0";0;"0";"0";"0";"0";"0";"0";"0";"0";"0";;;;;;;;;;;;0;"0";"0,25";"0";;"0";"0";"1";"0";"-1";"-1";"-1";"-1";"0";"0";-1;"-1";0;"-1";"0";"0";"1";"1";"4";;1.4285714285714286;0;"0";"2,188";gestion;"16";"6";"0";"4";"5";"1";autres;"496,759";"97,771";Gaz;F;;;;;;;; ;;;;
"6 620";930100000E0034;93010*00071;"[""93010*00071""]";93010;BONDY;93;SIMPLE;"1";"[""930100000E0034""]";"330";CL;"1 925";"1 939";"1 925";"1 939";"1";"330";13;SOL;"330";"0";"0";"0";"0";"0";"0";"0";"0";"0";"0";"0";"0";"0";"330";"2";"0";"0";"0";"0";"0";"0";"0";MAISON;"2";"2";"2";"0";"2";"95";"26";"0";"0";"0";"1";"1";"0";"0";"0";"0";"0";"0";"0";"0";"0";"0";"0";"121";"1";"3";G2;PROPRIETE DIVISEE EN LOT;G2a;G2;99;1;MEME COMMUNE;;"1";"1";"1";"[""DT2CY64T4KBY"",""KQCSS6N1WSKD""]";"2";"96";FF_930100000E0034;;;;;;;930100000E0034;Copropriété non immatriculée;;"0";;"93 010";"93";"200 054 781";Métropole du Grand Paris;"1 925";"2";"2";"2";"121";"121";"2";"0";"2";"0";"0";"1";"1";"0";"0";"0";"0";"0";"0";"0";"0";"2";"0";"0";"0";"2";"2";"1";"0";"0";"0";;;"0";"0";"0";"0";;;;;;;;;27 AV DE LA VILLAGEOISE, BONDY;;;;;;;;;;;;;;;;;;;;;;;;;;;;;;;;;;;;;;;;;;;;;;;;;;;;;;;;;;;;;;;;;"2";AVANT_1949;H;"0";{930100000E0034};{930100000E0034A,930100000E0034B};2_FF;DT2CY64T4KBY,KQCSS6N1WSKD;"2";"96";;;"662 555,61";"6 867 992,241";"662 555,61";"6 867 992,241";"1";;;;"0";"0";;;;;;1;"0";"0";0;"0";"100";"1";"0";"0";"0";"0";"0";"0";;;;;;;;;;;;0;"0";"0";"0";;"0";"0";"1";"1";"-1";"-1";"-1";"-1";"100";"1";-1;"-1";;"-1";"0";"0";"0";"0";"5,556";;1.6666666666666667;3.75;"0";"3,913";gestion;"12";"4";"0";"3";"5";"0";présumée fragile;"333,048";"104,545";Gaz;D;;;;;;;; ;;;;
"6 631";930100000E0057;93010*00201;"[""93010*00201""]";93010;BONDY;93;SIMPLE;"1";"[""930100000E0057""]";"927";CL;"1 962";"1 962";"1 962";"1 962";"1";"927";13;SOL;"927";"0";"0";"0";"0";"0";"0";"0";"0";"0";"0";"0";"0";"0";"927";"31";"0";"0";"0";"0";"0";"17";"0";DEPENDANCE;"1";"14";"0";"14";"14";"767";"0";"5";"0";"3";"6";"0";"0";"3";"1";"0";"0";"82";"0";"0";"0";"0";"0";"849";"1";"14";G2;PROPRIETE DIVISEE EN LOT;G2a;G2;99;1;MEME COMMUNE;;"1";"1";"1";"[""8XTRB54966HM""]";"1";"272";RNC_AE6173165;AE6173165;2019-02-15 00:00:00.0;2023-11-30 00:00:00.0;BILLOT ET GIRARDOT 55210655100013;non;non;930100000E0057;Copropriété immatriculée;3_2;"1";OUI;"93 010";"93";"200 054 781";Métropole du Grand Paris;"1 962";"1";"31";"14";"849";"767";"0";"14";"8";"3";"0";"5";"0";"1";"0";"0";"5";"3";"1";"0";"4";"3";"7";"0";"0";"13";"13";"1,077";"5";"2";"2";0;;"0";"0";"6";"3";;professionnel;BILLOT ET GIRARDOT 55210655100013;6832A;LES LILAS;Mandat en cours;2024-12-20 00:00:00.0;48 VILLAGEOISE;48 av de la villageoise 93140 Bondy;non connu;non connu;non connu;0;1961-11-10 00:00:00.0;non;non;oui;;0;0;0;27;14;14;2;0;0;0;DE_1949_A_1960;;;;;;;;;;;;;0;non;non connu;non;2022-04-01 00:00:00.0;2023-03-31 00:00:00.0;21/09/2023;38907.0;0.0;16995.0;10585.0;9;0.0;non;non renseigné;0;0;0;0;0;0;0;1;collectif;non;energie_autre;Non renseigné;Non renseigné;non connu;non connu;0;ADRNIVX_0000000268237482;"14";DE_1961_A_1974;V;"0,375";{930100000E0057};{930100000E0057A};2_RNIC_FF;8XTRB54966HM;"1";"272";662653.4061077243;6867910.192599922;"662 643,603";"6 867 900,785";"662 653,406";"6 867 910,193";"0";0;0;0;"0";"0";0;0;0;0;0;1;"0";"0";0;"0";"23";"0";"67";"0";"0";"0";"0";"0";0.6923076923076923;1;1;0.27205901251702778420;1;0;0.43681085665818490246;1;2779.0714285714285714;;0;0.07142857142857142;"1";"0,143";"0";;"0";"0";"1";"1";"-1";"0";"-1";"1";"17";"0";-1;"0";0;"0";"0";"1";"0";"0";"0";6;4.285714285714286;5;"5";"3";finan;"25";"9";"5";"4";"5";"2";a surveiller;"926,451";"122,472";Fioul;E;;;;;;;;fioul;E;E;;
"6 654";930100000E0093;93010*00520;"[""93010*00520""]";93010;BONDY;93;SIMPLE;"1";"[""930100000E0093""]";"681";CL;"0";"0";"0";"0";"1";"681";13;SOL;"681";"0";"0";"0";"0";"0";"0";"0";"0";"0";"0";"0";"0";"0";"681";"24";"0";"0";"0";"0";"0";"12";"0";MIXTE;"1";"12";"0";"12";"12";"511";"0";"2";"0";"7";"2";"1";"0";"0";"0";"0";"0";"29";"0";"0";"0";"0";"0";"540";"1";"5";G2;PROPRIETE DIVISEE EN LOT;G2a;G2;99;1;MEME COMMUNE;;"1";"1";"1";"[""WJRPQBZECE95""]";"1";"168";FF_930100000E0093;;;;;;;930100000E0093;Copropriété non immatriculée;;"0";;"93 010";"93";"200 054 781";Métropole du Grand Paris;"0";"1";"24";"12";"540";"511";"0";"12";"8";"7";"0";"0";"1";"2";"0";"0";"2";"0";"0";"0";"9";"3";"0";"0";"0";"4";"4";"3";"2";"0";"0";;;"0";"0";"1";"1";;;;;;;;;50 AV DE LA VILLAGEOISE, BONDY;;;;;;;;;;;;;;;;;;;;;;;;;;;;;;;;;;;;;;;;;;;;;;;;;;;;;;;;;;;;;;;;;"12";;V;"0,875";{930100000E0093};{930100000E0093A};2_FF;WJRPQBZECE95;"1";"168";;;"662 658,832";"6 867 879,447";"662 658,832";"6 867 879,447";"1";;;;"0";"0";;;;;;1;"0";"1";0;"0";"75";"1";"0";"1";"0";"0";"0";"0";;;;;;;;;;;;0;"0";"0";"0";;"0";"0";"1";"1";"-1";"0";"-1";"1";"50";"1";0.625;"1";;"0";"0";"0";"0";"0";"9,091";;1.6666666666666667;10;"0";"6,923";occup;"13";"5";"0";"3";"4";"1";présumée fragile;"680,857";"104,562";Autre;D;;;;;;;; ;;;;
"6 660";930100000E0104;93010*00516;"[""93010*00516""]";93010;BONDY;93;SIMPLE;"1";"[""930100000E0104""]";"379";CL;"1 925";"1 990";"1 925";"1 925";"6";"379";13;SOL;"379";"0";"0";"0";"0";"0";"0";"0";"0";"0";"0";"0";"0";"0";"379";"11";"0";"0";"0";"0";"0";"5";"0";APPARTEMENT;"3";"6";"0";"6";"6";"230";"0";"2";"0";"3";"1";"0";"0";"1";"0";"0";"0";"72";"0";"0";"0";"0";"0";"302";"1";"7";G2;PROPRIETE DIVISEE EN LOT;G2a;G2;99;1;MEME COMMUNE;;"1";"1";"1";"[""ZPSAKAP7BHN9""]";"1";"115";RNC_AI3874807;AI3874807;2023-11-15 00:00:00.0;2023-11-14 00:00:00.0;MME RITA DA ROCHA;non;non;930100000E0104;Copropriété immatriculée;1_1;"1";OUI;"93 010";"93";"200 054 781";Métropole du Grand Paris;"1 925";"3";"11";"6";"302";"230";"0";"6";"4";"3";"0";"1";"0";"0";"0";"0";"2";"1";"0";"1";"4";"1";"0";"0";"1";"6";"6";"1";"2";"0";"2";1;-23.00;"0";"0";"1";"1";;bénévole;MME RITA DA ROCHA;non connu;CHAMPIGNY SUR MARNE;Mandat en cours;2024-11-04 00:00:00.0;Syndic des copropriétaires La Villageoise;41 av de la villageoise 93140 Bondy;non connu;non connu;non connu;0;1990-06-27 00:00:00.0;non;oui;oui;non connu;0;0;0;19;8;8;5;0;0;0;AVANT_1949;93010;000;0E;0104;;;;;;;;;1;non;non connu;non;2021-04-11 00:00:00.0;2022-04-11 00:00:00.0;11/05/2022;4275.0;0.0;0.0;7229.0;1;720.0;non;non renseigné;0;0;0;0;0;2;0;0;individuel;non renseigné;non renseigné;Non;Sans objet;non connu;non connu;0;ADRNIVX_0000000268237481;"6";AVANT_1949;V;"0,75";{930100000E0104};{930100000E010401,930100000E0104A,930100000E0104B};0;ZPSAKAP7BHN9;"1";"115";662662.2778987167;6867910.580170219;"662 675,267";"6 867 908,631";"662 662,278";"6 867 910,58";"0";0;1;0;"0";"0";0;0;0;0;0;1;"0";"0";0;"0";"20";"0";"67";"0";"0,167";"0";"20";"0";0.16666666666666666;0;;1.6909941520467836;1;;0.00000000000000000000;0;;534.3750000000000000;0;0;"0";"0,333";"1";1;"0";"0";"1";"1";"-1";"0";"-1";"1";"0";"0";-1;"0";0;"0";"0";"1";"0";"0";"1,429";4.285714285714286;4.444444444444445;5;"5";"3,265";mixte;"25";"9";"4";"5";"5";"2";a surveiller;"381,652";"89,678";Electricité;E;;;;;;;; ;;;;
"6 663";930100000E0112;93010*00571;"[""93010*00571""]";93010;BONDY;93;SIMPLE;"1";"[""930100000E0112""]";"400";CL;"1 994";"1 994";"1 994";"1 994";"1";"400";13;SOL;"400";"0";"0";"0";"0";"0";"0";"0";"0";"0";"0";"0";"0";"0";"400";"2";"0";"0";"0";"0";"0";"0";"0";MAISON;"2";"2";"2";"0";"2";"177";"53";"0";"0";"0";"2";"0";"0";"0";"0";"0";"0";"0";"0";"0";"0";"0";"0";"230";"1";"3";G2;PROPRIETE DIVISEE EN LOT;G2a;G2;99;1;MEME COMMUNE;;"1";"1";"1";"[""X3794TWKNP5A""]";"1";"144";FF_930100000E0112;;;;;;;930100000E0112;Copropriété non immatriculée;;"0";;"93 010";"93";"200 054 781";Métropole du Grand Paris;"1 994";"2";"2";"2";"230";"230";"2";"0";"2";"0";"0";"2";"0";"0";"0";"0";"0";"0";"0";"0";"0";"0";"2";"0";"0";"2";"2";"1";"0";"0";"0";;;"0";"0";"0";"0";;;;;;;;;4 B IMP DE LA JARDINIERE, BONDY;;;;;;;;;;;;;;;;;;;;;;;;;;;;;;;;;;;;;;;;;;;;;;;;;;;;;;;;;;;;;;;;;"2";DE_1994_A_2000;H;"0";{930100000E0112};{930100000E0112A,930100000E0112B};2_FF;X3794TWKNP5A;"1";"144";;;"662 615,191";"6 868 025,069";"662 615,191";"6 868 025,069";"1";;;;"0";"0";;;;;;1;"0";"0";0;"0";"0";"0";"0";"0";"0";"0";"0";"0";;;;;;;;;;;;0;"0";"0";"0";;"0";"0";"1";"0";"-1";"-1";"-1";"-1";"0";"0";-1;"-1";;"-1";"0";"0";"0";"0";"3,333";;1.6666666666666667;0;"0";"1,739";gestion;"12";"4";"0";"3";"5";"0";autres;"401,964";"85,549";Electricité;D;;;;;;;; ;;;;
"6 664";930100000E0113;93010*00570;"[""93010*00570""]";93010;BONDY;93;SIMPLE;"1";"[""930100000E0113""]";"400";CL;"1 993";"1 993";"1 993";"1 993";"1";"400";13;SOL;"400";"0";"0";"0";"0";"0";"0";"0";"0";"0";"0";"0";"0";"0";"400";"2";"0";"0";"0";"0";"0";"0";"0";MAISON;"2";"2";"2";"0";"2";"157";"14";"0";"0";"0";"2";"0";"0";"0";"0";"0";"0";"0";"0";"0";"0";"0";"0";"171";"1";"3";G2;PROPRIETE DIVISEE EN LOT;G2a;G2;99;1;MEME COMMUNE;;"1";"1";"1";"[""A1HBPJYS5TZ5""]";"1";"130";FF_930100000E0113;;;;;;;930100000E0113;Copropriété non immatriculée;;"0";;"93 010";"93";"200 054 781";Métropole du Grand Paris;"1 993";"2";"2";"2";"171";"171";"2";"0";"2";"0";"0";"2";"0";"0";"0";"0";"0";"0";"0";"0";"0";"0";"2";"0";"0";"2";"2";"1";"0";"0";"1";;;"1";"0";"0";"0";;;;;;;;;6 IMP DE LA JARDINIERE, BONDY;;;;;;;;;;;;;;;;;;;;;;;;;;;;;;;;;;;;;;;;;;;;;;;;;;;;;;;;;;;;;;;;;"2";DE_1975_A_1993;H;"0";{930100000E0113};{930100000E0113A,930100000E0113B};2_FF;A1HBPJYS5TZ5;"1";"130";;;"662 615,557";"6 868 006,581";"662 615,557";"6 868 006,581";"1";;;;"0";"0";;;;;;1;"0";"0";0;"0";"0";"0";"0";"0";"0";"0";"0";"0";;;;;;;;;;;;0;"0";"0,5";"1";;"0";"0";"1";"0";"-1";"-1";"-1";"-1";"0";"0";-1;"-1";;"-1";"0";"0";"0";"0";"3,333";;2.857142857142857;0;"0";"1,923";gestion;"14";"4";"0";"4";"5";"1";autres;"408,627";"82,372";Electricité;C;;;;;;;;electricite;C;;;
"6 667";930100000E0117;93010*00601;"[""93010*00601""]";93010;BONDY;93;SIMPLE;"1";"[""930100000E0117""]";"445";CL;"1 996";"1 996";"1 996";"1 996";"1";"445";13;SOL;"445";"0";"0";"0";"0";"0";"0";"0";"0";"0";"0";"0";"0";"0";"445";"2";"0";"0";"0";"0";"0";"0";"0";MAISON;"2";"2";"2";"0";"2";"152";"98";"0";"0";"0";"2";"0";"0";"0";"0";"0";"0";"0";"0";"0";"0";"0";"0";"250";"1";"3";G2;PROPRIETE DIVISEE EN LOT;G2a;G2;99;1;MEME COMMUNE;;"1";"1";"1";"[""NFRFKS9HGBQD""]";"1";"104";FF_930100000E0117;;;;;;;930100000E0117;Copropriété non immatriculée;;"0";;"93 010";"93";"200 054 781";Métropole du Grand Paris;"1 996";"2";"2";"2";"250";"250";"2";"0";"2";"0";"0";"2";"0";"0";"0";"0";"0";"0";"0";"0";"0";"0";"2";"0";"0";"2";"2";"1";"0";"0";"0";;;"0";"0";"0";"0";;;;;;;;;22 ALL DE LA JARDINIERE, BONDY;;;;;;;;;;;;;;;;;;;;;;;;;;;;;;;;;;;;;;;;;;;;;;;;;;;;;;;;;;;;;;;;;"2";DE_1994_A_2000;H;"0";{930100000E0117};{930100000E0117A,930100000E0117B};2_FF;NFRFKS9HGBQD;"1";"104";;;"662 558,763";"6 868 029,724";"662 558,763";"6 868 029,724";"1";;;;"0";"0";;;;;;1;"0";"0";0;"0";"0";"0";"0";"0";"0";"0";"0";"0";;;;;;;;;;;;0;"0";"0";"0";;"0";"0";"1";"1";"-1";"-1";"-1";"-1";"0";"0";-1;"-1";;"-1";"0";"0";"0";"0";"3,333";;1.6666666666666667;7.5;"0";"4,348";occup;"12";"4";"0";"3";"5";"0";présumée fragile;"440,042";"89,141";Gaz;C;;;;;;;; ;;;;
"6 668";930100000E0118;93010*00596;"[""93010*00596""]";93010;BONDY;93;SIMPLE;"1";"[""930100000E0118""]";"452";CL;"1 996";"1 996";"1 996";"1 996";"1";"452";13;SOL;"452";"0";"0";"0";"0";"0";"0";"0";"0";"0";"0";"0";"0";"0";"452";"2";"0";"0";"0";"0";"0";"0";"0";MAISON;"2";"2";"2";"0";"2";"201";"63";"0";"0";"0";"2";"0";"0";"0";"0";"0";"0";"0";"0";"0";"0";"0";"0";"264";"1";"3";G2;PROPRIETE DIVISEE EN LOT;G2a;G2;99;1;MEME COMMUNE;;"1";"1";"1";"[""73HZSTWFE81C""]";"1";"134";FF_930100000E0118;;;;;;;930100000E0118;Copropriété non immatriculée;;"0";;"93 010";"93";"200 054 781";Métropole du Grand Paris;"1 996";"2";"2";"2";"264";"264";"2";"0";"2";"0";"0";"2";"0";"0";"0";"0";"0";"0";"0";"0";"0";"0";"1";"1";"0";"2";"2";"1";"0";"0";"1";;;"0";"0";"0";"0";;;;;;;;;24 ALL DE LA JARDINIERE, BONDY;;;;;;;;;;;;;;;;;;;;;;;;;;;;;;;;;;;;;;;;;;;;;;;;;;;;;;;;;;;;;;;;;"2";DE_1994_A_2000;H;"0";{930100000E0118};{930100000E0118A,930100000E0118B};2_FF;73HZSTWFE81C;"1";"134";;;"662 576,154";"6 868 031,717";"662 576,154";"6 868 031,717";"1";;;;"0";"0";;;;;;1;"0";"0";0;"0";"0";"0";"0";"0";"0";"0";"0";"0";;;;;;;;;;;;0;"0";"0,5";"1";;"0";"0";"1";"1";"-1";"-1";"-1";"-1";"0";"0";-1;"-1";;"-1";"0";"0";"0";"0";"3,333";;2.857142857142857;2.5;"0";"2,917";gestion;"13";"4";"0";"4";"5";"0";a surveiller;"452,877";"91,185";Gaz;D;;;;;;;;gaz;;;;
"6 671";930100000E0121;93010*00517;"[""93010*00517""]";93010;BONDY;93;SIMPLE;"1";"[""930100000E0121""]";"402";CL;"1 990";"1 990";"1 990";"1 990";"1";"402";13;SOL;"402";"0";"0";"0";"0";"0";"0";"0";"0";"0";"0";"0";"0";"0";"402";"2";"0";"0";"0";"0";"0";"0";"0";MAISON;"2";"2";"2";"0";"2";"181";"31";"0";"0";"0";"2";"0";"0";"0";"0";"0";"0";"0";"0";"0";"0";"0";"0";"212";"1";"3";G2;PROPRIETE DIVISEE EN LOT;G2a;G2;99;1;MEME COMMUNE;;"1";"1";"1";"[""94AK6DRWTKAN"",""R38J2D4VWWWX""]";"2";"145";RNC_AI6210371;AI6210371;2024-04-15 00:00:00.0;2024-04-15 00:00:00.0;non connu;non connu;non connu;930100000E0121;Copropriété immatriculée;1_1;"1";OUI;"93 010";"93";"200 054 781";Métropole du Grand Paris;"1 990";"2";"2";"2";"212";"212";"2";"0";"2";"0";"0";"2";"0";"0";"0";"0";"0";"0";"0";"0";"0";"1";"1";"0";"0";"2";"2";"1";"0";"0";"1";0;;"1";"0";"0";"0";;non connu;non connu;non connu;non connu;Pas de mandat en cours;non connu;SDC 3 IMP DE LA JARDINIERE 93140 BONDY;3 Impasse de la Jardinière 93140 Bondy;non connu;non connu;non connu;0;1990-02-03 00:00:00.0;non;non connu;oui;non connu;0;0;0;2;2;2;0;0;0;0;DE_1975_A_1993;93010;000;0E;0121;;;;;;;;;1;non;non connu;oui;2024-04-15 00:00:00.0;2024-12-31 00:00:00.0;non connu;;;;;;;non;non renseigné;0;0;0;0;0;0;0;1;non renseigné;non renseigné;non renseigné;Non;Sans objet;non connu;non connu;;Bondy;"2";DE_1975_A_1993;H;"0";{930100000E0121};{930100000E0121A,930100000E0121B};0;94AK6DRWTKAN,R38J2D4VWWWX;"2";"145";662594.6069989635;6868010.321217394;"662 595,285";"6 868 010,89";"662 594,607";"6 868 010,321";"0";0;1;;"0";"0";0;0;0;0;;1;"0";"0";0;"0";"0";"0";"0";"0";"0";"0";"0";"0";;;;;;;;;;;;0;"0";"0,5";"1";;"0";"0";"1";"0";"-1";"-1";"-1";"-1";"0";"0";-1;"-1";0;"-1";"0";"0";"0";"0";"1,765";;2.857142857142857;0;"0";"1,389";marche;"18";"7";"0";"4";"5";"2";autres;"401,965";"88,704";Electricité;E;;;;;;;;electricite;E;;;
"6 682";930100000F0005;93010*00119;"[""93010*00119""]";93010;BONDY;93;SIMPLE;"1";"[""930100000F0005""]";"423";CL;"1 932";"1 935";"1 932";"1 935";"1";"423";13;SOL;"423";"0";"0";"0";"0";"0";"0";"0";"0";"0";"0";"0";"0";"0";"423";"3";"0";"0";"0";"0";"0";"1";"0";MAISON;"2";"2";"2";"0";"2";"55";"13";"0";"0";"0";"2";"0";"0";"0";"0";"1";"0";"8";"0";"0";"0";"0";"0";"76";"1";"2";G2;PROPRIETE DIVISEE EN LOT;G2a;G2;99;1;MEME COMMUNE;;"1";"1";"1";"[""365P8CY3513E"",""3XZHK13Z1KJP""]";"2";"112";FF_930100000F0005;;;;;;;930100000F0005;Copropriété non immatriculée;;"0";;"93 010";"93";"200 054 781";Métropole du Grand Paris;"1 932";"2";"3";"2";"76";"68";"2";"0";"2";"0";"0";"2";"0";"0";"0";"0";"0";"0";"0";"1";"1";"0";"0";"0";"0";"1";"1";"2";"0";"0";"0";;;"0";"0";"0";"0";;;;;;;;;3 RUE FONTAINE, BONDY;;;;;;;;;;;;;;;;;;;;;;;;;;;;;;;;;;;;;;;;;;;;;;;;;;;;;;;;;;;;;;;;;"2";AVANT_1949;H;"0";{930100000F0005};{930100000F0005A,930100000F0005B};2_FF;365P8CY3513E,3XZHK13Z1KJP;"2";"112";;;"662 145,457";"6 867 858,037";"662 145,457";"6 867 858,037";"1";;;;"0";"0";;;;;;1;"0";"0";0;"0";"0";"0";"0";"0";"0";"0";"0";"0";;;;;;;;;;;;0;"0";"0";"0";;"0";"0";"0";"0";"-1";"-1";"-1";"-1";"0";"0";-1;"-1";;"-1";"0";"0";"1";"1";"3,333";;0;0;"0";"1,429";gestion;"11";"4";"0";"3";"4";"0";autres;"419,575";"110,648";Gaz;F;;;;;;;; ;;;;
"6 687";930100000F0012;93010*00802;"[""93010*00802""]";93010;BONDY;93;PDLMP;"3";"[""930100000F0012"",""930100000F0080"",""930100000F0129""]";"2 177";CL;"2 017";"2 017";"2 017";"2 017";"3";"2 177";13;SOL;"2 177";"0";"0";"0";"0";"0";"0";"0";"0";"0";"0";"0";"0";"0";"2 177";"119";"0";"0";"0";"0";"0";"53";"0";APPARTEMENT;"3";"66";"3";"63";"66";"3 709";"369";"6";"0";"43";"17";"0";"0";"0";"0";"0";"42";"706";"0";"0";"0";"0";"0";"4 784";"3";"25";G2;PROPRIETE DIVISEE EN LOT;G2a;G2;99;1;MEME COMMUNE;;"3";"3";"3";"[""RYJKRBEXS5HZ""]";"1";"1 042";RNC_AB7784317;AB7784317;2017-12-21 00:00:00.0;2021-01-04 00:00:00.0;NCA 69200672900044;non;non;930100000F0012;Copropriété immatriculée;1_1;"1";OUI;"93 010";"93";"200 054 781";Métropole du Grand Paris;"2 017";"3";"119";"66";"4 784";"4 078";"3";"63";"60";"5";"38";"17";"0";"0";"0";"0";"6";"0";"0";"6";"23";"26";"8";"3";"0";"24";"24";"2,75";"7";"0";"11";10;-25.50;"0";"0";"8";"0";;professionnel;NCA 69200672900044;6820B;PARIS 9;Mandat en cours;2025-01-31 00:00:00.0;MOZAIK;15/17 RUE FONTAINE 93140 BONDY;non connu;non connu;non connu;0;2015-12-29 00:00:00.0;non;non;oui;non connu;0;0;0;118;66;66;52;0;0;0;A_COMPTER_DE_2011;93010;000;0F;0012;93010;000;0F;0080;93010;000;0F;0129;3;non;non connu;non;2019-07-01 00:00:00.0;2020-06-30 00:00:00.0;30/12/2020;103163.0;0.0;1974.0;7547.0;8;0.0;non;non renseigné;0;0;0;0;0;0;0;3;collectif;non;gaz_naturel;Non renseigné;Non renseigné;non connu;non connu;2;non connu;"66";A_COMPTER_DE_2011;M;"0,717";{930100000F0012,930100000F0080,930100000F0129};{930100000F0012A,930100000F0012B,930100000F0012C};2_RNIC_FF;RYJKRBEXS5HZ;"1";"1 042";662199.0988644011;6867854.982915102;"662 199,082";"6 867 855,4";"662 199,099";"6 867 854,983";"0";0;1;0;"0";"0";0;0;0;0;0;1;"0";"0";0.5757575757575758;"0";"0";"0";"60";"0";"0";"0";"4";"0";0.3333333333333333;1;0;0.07315607339840834408;0;0;0.01913476730998516910;0;1502.4696969696969697;;0;0;"0";"0,167";"0";1;"0";"0";"0";"0";"-1";"0";"-1";"0";"0";"0";-1;"0";0;"0";"0";"0";"0";"0";"1,429";1;2.2222222222222223;0;"0";"1,2";marche;"25";"9";"5";"5";"4";"2";autres;"2 184,937";"235,395";Gaz;C;;;;;;;;gaz;C;;;
"6 690";930100000F0018;93010*00568;"[""93010*00568""]";93010;BONDY;93;SIMPLE;"1";"[""930100000F0018""]";"311";CL;"1 929";"1 960";"1 929";"1 960";"1";"311";13;SOL;"311";"0";"0";"0";"0";"0";"0";"0";"0";"0";"0";"0";"0";"0";"311";"3";"0";"0";"0";"0";"0";"1";"0";MAISON;"2";"2";"2";"0";"2";"115";"46";"0";"0";"0";"2";"0";"0";"0";"0";"0";"0";"19";"0";"0";"0";"0";"0";"180";"1";"3";G2;PROPRIETE DIVISEE EN LOT;G2a;G2;99;1;MEME COMMUNE;;"1";"1";"1";"[""1351E5W36AKC"",""4J9Q5ZV59N8E"",""REEMCKX7NAMD""]";"3";"111";FF_930100000F0018;;;;;;;930100000F0018;Copropriété non immatriculée;;"0";;"93 010";"93";"200 054 781";Métropole du Grand Paris;"1 929";"2";"3";"2";"180";"161";"2";"0";"2";"0";"0";"2";"0";"0";"0";"0";"0";"0";"0";"0";"0";"2";"0";"0";"0";"2";"2";"1";"0";"0";"0";;;"0";"0";"0";"0";;;;;;;;;27 RUE FONTAINE, BONDY;;;;;;;;;;;;;;;;;;;;;;;;;;;;;;;;;;;;;;;;;;;;;;;;;;;;;;;;;;;;;;;;;"2";AVANT_1949;H;"0";{930100000F0018};{930100000F0018A,930100000F0018B};2_FF;1351E5W36AKC,4J9Q5ZV59N8E,REEMCKX7NAMD;"3";"111";;;"662 261,031";"6 867 850,996";"662 261,031";"6 867 850,996";"1";;;;"0";"0";;;;;;1;"0";"0";0;"0";"0";"0";"0";"0";"0";"0";"0";"0";;;;;;;;;;;;0;"0";"0";"0";;"0";"0";"0";"0";"-1";"-1";"-1";"-1";"0";"0";-1;"-1";;"-1";"0";"0";"0";"0";"3,333";;0;0;"0";"1,429";gestion;"11";"4";"0";"3";"4";"0";autres;"312,418";"89,01";Fioul;G;;;;;;;; ;;;;
"6 693";930100000F0023;93010*00494;"[""93010*00494""]";93010;BONDY;93;SIMPLE;"1";"[""930100000F0023""]";"384";CL;"1 918";"1 930";"1 918";"1 930";"4";"384";13;SOL;"384";"0";"0";"0";"0";"0";"0";"0";"0";"0";"0";"0";"0";"0";"384";"12";"0";"0";"0";"0";"0";"5";"0";APPARTEMENT;"3";"7";"1";"6";"7";"234";"12";"2";"0";"1";"3";"1";"0";"2";"0";"6";"0";"12";"0";"0";"0";"0";"0";"258";"1";"8";G2;PROPRIETE DIVISEE EN LOT;G2a;G2;99;1;MEME COMMUNE;;"1";"1";"1";"[""43QSZX2NJ232"",""H381NT3DG69Y"",""JPPRHXXK5R2H""]";"3";"205";RNC_AE7893134;AE7893134;2019-02-25 00:00:00.0;2019-02-21 00:00:00.0;M André ROCHE;non connu;non connu;930100000F0023;Copropriété immatriculée;1_1;"1";OUI;"93 010";"93";"200 054 781";Métropole du Grand Paris;"1 918";"3";"11";"7";"254";"246";"1";"6";"4";"1";"0";"2";"1";"1";"0";"0";"2";"1";"0";"2";"3";"2";"0";"0";"1";"7";"7";"1";"2";"0";"3";3;-64.00;"1";"0";"0";"0";;non connu;non connu;non connu;non connu;Pas de mandat en cours;2020-01-09 00:00:00.0;SYNDIC BENEVOLE 30 RUE FONTAINE;30 r fontaine 93140 Bondy;non connu;non connu;non connu;0;1988-02-01 00:00:00.0;non;non;oui;non connu;0;0;0;8;8;8;0;0;0;0;AVANT_1949;93010;000;0F;0023;;;;;;;;;1;non;non connu;non;2018-01-01 00:00:00.0;2018-12-31 00:00:00.0;01/01/2019;500.0;0.0;0.0;;1;0.0;non;1926;0;0;0;0;0;0;1;0;individuel;non renseigné;non renseigné;Non renseigné;Non renseigné;non connu;non connu;0;ADRNIVX_0000000268240597;"7";AVANT_1949;M;"0,25";{930100000F0023};{930100000F0023A,930100000F0023B,930100000F0023C};2_RNIC_FF;43QSZX2NJ232,H381NT3DG69Y,JPPRHXXK5R2H;"3";"205";662264.5741175322;6867823.97490712;"662 264,742";"6 867 807,402";"662 264,574";"6 867 823,975";"0";1;1;;"0";"0";0;0;0;0;;1;"0";"0";0;"0";"0";"0";"100";"0";"0,143";"0";"0";"0";0.14285714285714285;0;0;;;;0.00000000000000000000;0;;62.5000000000000000;0;0;"0";"0,429";"1";1;"0";"0";"0";"0";"0";"0";"0";"0";"0";"0";;"0";0;"0";"0";"0";"6";"1";"3,158";0;3.3333333333333335;0;"0";"2,143";marche;"22";"8";"3";"5";"4";"2";autres;"386,321";"92,187";Electricité;D;;;;;;;;electricite;D;;;
"6 697";930100000F0031;93010*00213;"[""93010*00213""]";93010;BONDY;93;SIMPLE;"1";"[""930100000F0031""]";"359";CL;"1 924";"1 924";"1 924";"1 924";"1";"359";13;SOL;"359";"0";"0";"0";"0";"0";"0";"0";"0";"0";"0";"0";"0";"0";"359";"4";"0";"0";"0";"0";"0";"2";"0";DEPENDANCE;"1";"2";"1";"1";"2";"77";"23";"0";"0";"0";"1";"0";"0";"0";"0";"1";"0";"14";"0";"0";"0";"0";"0";"114";"1";"3";G2;PROPRIETE DIVISEE EN LOT;G2a;G2;99;1;MEME COMMUNE;;"1";"1";"1";"[""J5Z5N3YDT4BK"",""RCV6W8JPG9S2""]";"2";"115";FF_930100000F0031;;;;;;;930100000F0031;Copropriété non immatriculée;;"0";;"93 010";"93";"200 054 781";Métropole du Grand Paris;"1 924";"1";"4";"2";"114";"100";"1";"1";"1";"0";"0";"1";"0";"0";"0";"1";"0";"0";"0";"1";"0";"0";"0";"1";"0";"2";"2";"1";"0";"0";"0";;;"0";"0";"0";"0";;;;;;;;;16 RUE FONTAINE, BONDY;;;;;;;;;;;;;;;;;;;;;;;;;;;;;;;;;;;;;;;;;;;;;;;;;;;;;;;;;;;;;;;;;"2";AVANT_1949;M;"0";{930100000F0031};{930100000F0031A};2_FF;J5Z5N3YDT4BK,RCV6W8JPG9S2;"2";"115";;;"662 201,438";"6 867 803,815";"662 201,438";"6 867 803,815";"1";;;;"0";"0";;;;;;1;"0";"0";0;"0";"50";"1";"0";"0";"0";"0";"0";"0";;;;;;;;;;;;0;"0";"0";"0";;"0";"0";"0";"0";"-1";"-1";"-1";"-1";"100";"1";-1;"-1";;"-1";"0";"0";"1";"1";"5,556";;0;1.6666666666666667;"0";"2,857";gestion;"11";"4";"0";"3";"4";"0";a surveiller;"361,291";"99,268";Electricité;F;;;;;;;; ;;;;
"6 706";930100000F0045;93010*00422;"[""93010*00422""]";93010;BONDY;93;SIMPLE;"1";"[""930100000F0045""]";"398";CL;"1 930";"1 930";"1 930";"1 930";"1";"398";13;SOL;"398";"0";"0";"0";"0";"0";"0";"0";"0";"0";"0";"0";"0";"0";"398";"2";"0";"0";"0";"0";"0";"0";"0";MAISON;"1";"2";"2";"0";"2";"137";"18";"1";"0";"0";"1";"0";"0";"0";"0";"0";"0";"0";"0";"0";"0";"0";"0";"155";"1";"3";G2;PROPRIETE DIVISEE EN LOT;G2a;G2;99;1;MEME COMMUNE;;"1";"1";"1";"[""5JTMZS84X7KQ"",""97XVKBJATTTP""]";"2";"138";FF_930100000F0045;;;;;;;930100000F0045;Copropriété non immatriculée;;"0";;"93 010";"93";"200 054 781";Métropole du Grand Paris;"1 930";"1";"2";"2";"155";"155";"2";"0";"1";"0";"0";"1";"0";"0";"0";"0";"1";"0";"0";"0";"0";"0";"2";"0";"0";"2";"2";"1";"1";"0";"1";;;"0";"0";"0";"0";;;;;;;;;10 VOIE PROMENADE, BONDY;;;;;;;;;;;;;;;;;;;;;;;;;;;;;;;;;;;;;;;;;;;;;;;;;;;;;;;;;;;;;;;;;"2";AVANT_1949;H;"0";{930100000F0045};{930100000F0045A};2_FF;5JTMZS84X7KQ,97XVKBJATTTP;"2";"138";;;"662 264,906";"6 868 081,286";"662 264,906";"6 868 081,286";"1";;;;"0";"0";;;;;;1;"0";"0";0;"0";"0";"0";"0";"0";"0";"0";"0";"0";;;;;;;;;;;;0;"0";"0,5";"1";;"0";"0";"1";"0";"-1";"-1";"-1";"-1";"0";"0";-1;"-1";;"-1";"0";"0";"0";"0";"3,333";;2.857142857142857;0;"0";"2,273";gestion;"12";"4";"0";"4";"4";"0";autres;"395,269";"112,643";Fioul;F;;;;;;;; ;;;;
"6 707";930100000F0052;93010*00250;"[""93010*00250""]";93010;BONDY;93;SIMPLE;"1";"[""930100000F0052""]";"402";CL;"1 938";"1 938";"1 938";"1 938";"1";"402";13;SOL;"402";"0";"0";"0";"0";"0";"0";"0";"0";"0";"0";"0";"0";"0";"402";"4";"0";"0";"0";"0";"0";"2";"0";MIXTE;"1";"2";"2";"0";"2";"91";"0";"0";"0";"0";"2";"0";"0";"0";"0";"0";"0";"34";"0";"0";"0";"0";"0";"125";"1";"3";G2;PROPRIETE DIVISEE EN LOT;G2a;G2;99;1;MEME COMMUNE;;"1";"1";"1";"[""KM66PQ3YQR5X"",""PG81YBS2H221"",""Z4R9EZXYFQKG""]";"3";"201";FF_930100000F0052;;;;;;;930100000F0052;Copropriété non immatriculée;;"0";;"93 010";"93";"200 054 781";Métropole du Grand Paris;"1 938";"1";"4";"2";"125";"91";"2";"0";"1";"0";"0";"1";"0";"1";"0";"0";"0";"0";"0";"0";"0";"2";"0";"0";"0";"2";"2";"1";"0";"0";"0";;;"0";"0";"0";"0";;;;;;;;;24 AV DE LA PARISIENNE, BONDY;;;;;;;;;;;;;;;;;;;;;;;;;;;;;;;;;;;;;;;;;;;;;;;;;;;;;;;;;;;;;;;;;"2";AVANT_1949;H;"0";{930100000F0052};{930100000F0052A};2_FF;KM66PQ3YQR5X,PG81YBS2H221,Z4R9EZXYFQKG;"3";"201";;;"662 349,38";"6 868 115,16";"662 349,38";"6 868 115,16";"1";;;;"0";"0";;;;;;1;"0";"0";0;"0";"50";"1";"0";"0";"0";"0";"0";"0";;;;;;;;;;;;0;"0";"0";"0";;"0";"0";"1";"0";"-1";"-1";"-1";"-1";"50";"1";-1;"-1";;"-1";"0";"0";"0";"0";"5,556";;1.6666666666666667;1.6666666666666667;"0";"3,333";gestion;"11";"4";"0";"3";"4";"0";a surveiller;"403,205";"105,065";Electricité;F;;;;;;;; ;;;;
"6 709";930100000F0054;93010*00505;"[""93010*00505""]";93010;BONDY;93;SIMPLE;"1";"[""930100000F0054""]";"402";CL;"1 990";"1 990";"1 990";"1 990";"3";"402";13;SOL;"402";"0";"0";"0";"0";"0";"0";"0";"0";"0";"0";"0";"0";"0";"402";"9";"0";"0";"0";"0";"0";"5";"0";DEPENDANCE;"3";"4";"0";"4";"4";"190";"16";"0";"0";"1";"3";"0";"0";"0";"0";"0";"0";"75";"0";"0";"0";"0";"0";"281";"1";"4";G2;PROPRIETE DIVISEE EN LOT;G2a;G2;99;1;MEME COMMUNE;;"1";"1";"1";"[""AQA1KZAAW5BH"",""PMQ7VMAMMRSE""]";"2";"157";FF_930100000F0054;;;;;;;930100000F0054;Copropriété non immatriculée;;"0";;"93 010";"93";"200 054 781";Métropole du Grand Paris;"1 990";"3";"9";"4";"281";"206";"0";"4";"4";"1";"0";"3";"0";"0";"0";"0";"0";"0";"0";"1";"1";"1";"1";"0";"0";"3";"3";"1,333";"0";"0";"1";;;"0";"0";"1";"0";;;;;;;;;20 AV DE LA PARISIENNE, BONDY;;;;;;;;;;;;;;;;;;;;;;;;;;;;;;;;;;;;;;;;;;;;;;;;;;;;;;;;;;;;;;;;;"4";DE_1975_A_1993;V;"0,25";{930100000F0054};{930100000F005401,930100000F0054A,930100000F0054B};2_FF;AQA1KZAAW5BH,PMQ7VMAMMRSE;"2";"157";;;"662 339,895";"6 868 099,424";"662 339,895";"6 868 099,424";"1";;;;"0";"0";;;;;;1;"0";"0";0;"0";"0";"0";"100";"0";"0";"0";"0";"0";;;;;;;;;;;;0;"0";"0,25";"0";;"0";"0";"1";"0";"-1";"-1";"-1";"-1";"0";"0";-1;"-1";;"-1";"0";"0";"0";"0";"2,727";;1.4285714285714286;0;"0";"1,538";gestion;"14";"5";"0";"4";"4";"1";autres;"398,6";"106,301";Gaz;D;;;;;;;;gaz;;;;
"6 721";930100000F0069;93010*00053;"[""93010*00053""]";93010;BONDY;93;SIMPLE;"1";"[""930100000F0069""]";"774";CL;"1 971";"1 971";"1 971";"1 971";"1";"550";13;SOL;"550";"0";"0";"0";"0";"0";"0";"0";"0";"0";"0";"0";"0";"0";"550";"2";"0";"0";"0";"0";"0";"0";"0";MAISON;"1";"2";"2";"0";"2";"153";"91";"0";"0";"1";"1";"0";"0";"0";"0";"0";"0";"0";"0";"0";"0";"0";"0";"244";"1";"2";G2;PROPRIETE DIVISEE EN LOT;G2a;G2;99;1;MEME COMMUNE;;"1";"1";"1";"[""Z1EVEARGYFY4"",""ZS4A8HMKSQB5""]";"2";"169";FF_930100000F0069;;;;;;;930100000F0069;Copropriété non immatriculée;;"0";;"93 010";"93";"200 054 781";Métropole du Grand Paris;"1 971";"1";"2";"2";"244";"244";"2";"0";"2";"1";"0";"1";"0";"0";"0";"0";"0";"0";"0";"0";"0";"0";"1";"1";"0";"1";"1";"2";"0";"0";"1";;;"0";"0";"0";"0";;;;;;;;;2 B AV DE LA PARISIENNE, BONDY;;;;;;;;;;;;;;;;;;;;;;;;;;;;;;;;;;;;;;;;;;;;;;;;;;;;;;;;;;;;;;;;;"2";DE_1961_A_1974;H;"0,5";{930100000F0069};{930100000F0069A};2_FF;Z1EVEARGYFY4,ZS4A8HMKSQB5;"2";"169";;;"662 298,494";"6 868 029,572";"662 298,494";"6 868 029,572";"1";;;;"0";"0";;;;;;1;"0";"0";0;"0";"0";"0";"100";"0";"0";"0";"0";"0";;;;;;;;;;;;0;"0";"0,5";"1";;"0";"0";"1";"0";"-1";"-1";"-1";"-1";"0";"0";-1;"-1";;"-1";"0";"0";"0";"0";"2,727";;2.857142857142857;3.3333333333333335;"0";"2,917";occup;"13";"5";"0";"4";"4";"0";a surveiller;"774,335";"133,503";Gaz;F;;;;;;;;gaz;;;;
"6 726";930100000F0128;93010*00504;"[""93010*00504""]";93010;BONDY;93;SIMPLE;"1";"[""930100000F0128""]";"329";CL;"1 974";"1 974";"1 974";"1 974";"3";"329";13;SOL;"329";"0";"0";"0";"0";"0";"0";"0";"0";"0";"0";"0";"0";"0";"329";"7";"0";"0";"0";"0";"0";"3";"0";APPARTEMENT;"1";"4";"0";"4";"4";"237";"0";"0";"0";"4";"0";"0";"0";"0";"0";"0";"0";"82";"0";"0";"0";"0";"0";"319";"1";"2";G2;PROPRIETE DIVISEE EN LOT;G2a;G2;99;3;MEME REGION;;"1";"1";"1";"[""3RH1VE6ZQKM2"",""VD4B4MDVQPJC"",""ZYGZ36WX17R4""]";"3";"127";FF_930100000F0128;;;;;;;930100000F0128;Copropriété non immatriculée;;"0";;"93 010";"93";"200 054 781";Métropole du Grand Paris;"1 974";"1";"6";"4";"269";"237";"0";"4";"4";"4";"0";"0";"0";"0";"0";"0";"0";"0";"0";"0";"1";"1";"2";"0";"4";"1";"1";"4";"0";"0";"0";;;"0";"0";"0";"0";;;;;;;;;19 RUE FONTAINE, BONDY;;;;;;;;;;;;;;;;;;;;;;;;;;;;;;;;;;;;;;;;;;;;;;;;;;;;;;;;;;;;;;;;;"4";DE_1961_A_1974;V;"1";{930100000F0128};{930100000F0128A};2_FF;3RH1VE6ZQKM2,VD4B4MDVQPJC,ZYGZ36WX17R4;"3";"127";;;"662 216,648";"6 867 853,721";"662 216,648";"6 867 853,721";"1";;;;"0";"0";;;;;;1;"0";"1";0;"0";"0";"0";"0";"0";"1";"1";"0";"0";;;;;;;;;;;;0;"0";"0";"0";;"0";"0";"0";"0";"-1";"-1";"-1";"-1";"0";"0";-1;"-1";;"-1";"0";"0";"0";"0";"8,571";;0;10;"0";"5,882";occup;"8";"3";"0";"3";"2";"0";présumée fragile;"325,124";"95,149";Gaz;E;;;;;;;; ;;;;
"6 727";930100000F0135;93010*00649;"[""93010*00649""]";93010;BONDY;93;PDLMP;"2";"[""930100000F0135"",""930100000F0175""]";"429";CL;"1 999";"2 000";"1 999";"2 000";"2";"429";13;SOL;"429";"0";"0";"0";"0";"0";"0";"0";"0";"0";"0";"0";"0";"0";"429";"3";"0";"0";"0";"0";"0";"1";"0";MAISON;"2";"2";"2";"0";"2";"200";"97";"0";"0";"1";"1";"0";"0";"0";"0";"0";"0";"13";"0";"0";"0";"0";"0";"310";"2";"3";G2;PROPRIETE DIVISEE EN LOT;G2a;G2;99;1;MEME COMMUNE;;"2";"2";"2";"[""AR2CJDTSQ7WX""]";"1";"215";FF_930100000F0135;;;;;;;930100000F0135;Copropriété non immatriculée;;"0";;"93 010";"93";"200 054 781";Métropole du Grand Paris;"1 999";"2";"3";"2";"310";"297";"2";"0";"2";"1";"0";"1";"0";"0";"0";"0";"0";"0";"0";"0";"0";"0";"0";"2";"0";"2";"2";"1";"0";"0";"0";;;"0";"0";"0";"0";;;;;;;;;12 B VOIE PROMENADE, BONDY;;;;;;;;;;;;;;;;;;;;;;;;;;;;;;;;;;;;;;;;;;;;;;;;;;;;;;;;;;;;;;;;;"2";DE_1994_A_2000;H;"0,5";{930100000F0135,930100000F0175};{930100000F0135A,930100000F0135B};2_FF;AR2CJDTSQ7WX;"1";"215";;;"662 260,149";"6 868 097,021";"662 260,149";"6 868 097,021";"1";;;;"0";"0";;;;;;1;"0";"0";0;"0";"0";"0";"100";"0";"0";"0";"0";"0";;;;;;;;;;;;0;"0";"0";"0";;"0";"0";"1";"0";"-1";"-1";"-1";"-1";"0";"0";-1;"-1";;"-1";"0";"0";"0";"0";"2,727";;1.6666666666666667;0;"0";"1,739";gestion;"12";"5";"0";"3";"4";"0";autres;"439,385";"85,676";Gaz;D;;;;;;;; ;;;;
"6 728";930100000F0143;93010*00450;"[""93010*00450""]";93010;BONDY;93;SIMPLE;"1";"[""930100000F0143""]";"374";CL;"1 914";"1 933";"1 914";"1 933";"1";"374";13;SOL;"374";"0";"0";"0";"0";"0";"0";"0";"0";"0";"0";"0";"0";"0";"374";"3";"0";"0";"0";"0";"0";"1";"0";MAISON;"2";"2";"2";"0";"2";"184";"129";"0";"0";"0";"1";"1";"0";"0";"0";"0";"0";"11";"0";"0";"0";"0";"0";"324";"1";"3";G2;PROPRIETE DIVISEE EN LOT;G2a;G2;99;1;MEME COMMUNE;;"1";"1";"1";"[""VF7GM7AWRNVW""]";"1";"121";RNC_AG8521940;AG8521940;2021-05-07 00:00:00.0;2021-05-07 00:00:00.0;non connu;non connu;non connu;930100000F0143;Copropriété immatriculée;1_1;"1";OUI;"93 010";"93";"200 054 781";Métropole du Grand Paris;"1 914";"2";"3";"2";"324";"313";"2";"0";"2";"0";"0";"1";"1";"0";"0";"0";"0";"0";"0";"0";"0";"1";"0";"1";"0";"2";"2";"1";"0";"0";"1";0;;"0";"0";"0";"0";;non connu;non connu;non connu;non connu;Pas de mandat en cours;non connu;SDC 5 AVENUE DE LA PARISIENNE;5 av de la parisienne 93140 Bondy;non connu;non connu;non connu;0;1973-01-03 00:00:00.0;non;non connu;oui;non connu;0;0;0;9;9;9;0;0;0;0;NON_CONNUE;93010;000;0F;0143;;;;;;;;;1;non;non connu;non renseigné;non connu;non connu;non connu;;;;;;;non renseigné;non renseigné;0;0;0;0;0;0;0;1;individuel;non renseigné;non renseigné;Non renseigné;Non renseigné;non connu;non connu;0;ADRNIVX_0000000268234276;"2";AVANT_1949;H;"0";{930100000F0143};{930100000F0143A,930100000F0143B};2_RNIC_FF;VF7GM7AWRNVW;"1";"121";662281.7294559141;6868060.613866428;"662 270,587";"6 868 065,277";"662 281,729";"6 868 060,614";"0";1;1;;"0";"0";0;0;0;0;;1;"0";"0";0;"0";"0";"0";"0";"0";"0";"0";"50";"1";;;;;;;;;;;;0;"0";"0,5";"1";;"0";"0";"1";"0";"-1";"-1";"-1";"-1";"0";"0";-1;"-1";0;"-1";"0";"0";"0";"0";"3,529";;2.857142857142857;0;"0";"2,5";gestion;"16";"7";"0";"4";"4";"1";autres;"374,764";"78,679";Gaz;F;;;;;;;; ;;;;
"6 731";930100000F0147;93010*00465;"[""93010*00465""]";93010;BONDY;93;SIMPLE;"1";"[""930100000F0147""]";"400";CL;"1 985";"1 985";"1 985";"1 985";"1";"400";13;SOL;"400";"0";"0";"0";"0";"0";"0";"0";"0";"0";"0";"0";"0";"0";"400";"2";"0";"0";"0";"0";"0";"0";"0";MAISON;"1";"2";"2";"0";"2";"172";"108";"0";"0";"0";"2";"0";"0";"0";"0";"0";"0";"0";"0";"0";"0";"0";"0";"280";"1";"3";G2;PROPRIETE DIVISEE EN LOT;G2a;G2;99;1;MEME COMMUNE;;"1";"1";"1";"[""P8F93KYKWARE"",""X7KCYAVB47P8""]";"2";"121";FF_930100000F0147;;;;;;;930100000F0147;Copropriété non immatriculée;;"0";;"93 010";"93";"200 054 781";Métropole du Grand Paris;"1 985";"1";"2";"2";"280";"280";"2";"0";"2";"0";"0";"2";"0";"0";"0";"0";"0";"0";"0";"0";"0";"0";"2";"0";"0";"2";"2";"1";"0";"0";"0";;;"0";"0";"0";"0";;;;;;;;;16 VOIE PROMENADE, BONDY;;;;;;;;;;;;;;;;;;;;;;;;;;;;;;;;;;;;;;;;;;;;;;;;;;;;;;;;;;;;;;;;;"2";DE_1975_A_1993;H;"0";{930100000F0147};{930100000F0147A};2_FF;P8F93KYKWARE,X7KCYAVB47P8;"2";"121";;;"662 271,979";"6 868 119,185";"662 271,979";"6 868 119,185";"1";;;;"0";"0";;;;;;1;"0";"0";0;"0";"0";"0";"0";"0";"0";"0";"0";"0";;;;;;;;;;;;0;"0";"0";"0";;"0";"0";"1";"0";"-1";"-1";"-1";"-1";"0";"0";-1;"-1";;"-1";"0";"0";"0";"0";"3,333";;1.6666666666666667;0;"0";"1,905";gestion;"11";"4";"0";"3";"4";"0";autres;"403,485";"81,97";Electricité;E;;;;;;;; ;;;;
"6 742";930100000F0161;93010*00598;"[""93010*00598""]";93010;BONDY;93;SIMPLE;"1";"[""930100000F0161""]";"429";CL;"1 996";"1 996";"1 996";"1 996";"1";"429";13;SOL;"429";"0";"0";"0";"0";"0";"0";"0";"0";"0";"0";"0";"0";"0";"429";"14";"0";"0";"0";"0";"0";"9";"0";DEPENDANCE;"2";"5";"0";"5";"5";"236";"52";"1";"0";"2";"2";"0";"0";"1";"0";"0";"0";"60";"0";"0";"0";"0";"0";"348";"1";"6";G2;PROPRIETE DIVISEE EN LOT;G2a;G2;99;1;MEME COMMUNE;;"1";"1";"1";"[""1KJKN4T8GP9T""]";"1";"110";RNC_AH2620227;AH2620227;2021-12-15 00:00:00.0;2021-12-15 00:00:00.0;non connu;non connu;non connu;930100000F0161;Copropriété immatriculée;1_1;"1";OUI;"93 010";"93";"200 054 781";Métropole du Grand Paris;"1 996";"2";"14";"5";"348";"288";"0";"5";"4";"2";"0";"2";"0";"0";"0";"0";"1";"1";"0";"0";"4";"1";"0";"0";"1";"5";"5";"1";"1";"0";"3";3;-37.00;"0";"0";"0";"0";;non connu;non connu;non connu;non connu;Pas de mandat en cours;non connu;SDC 31 avenue Marx Dormoy à Bondy;31 av marx dormoy 93140 Bondy;non connu;non connu;non connu;0;1995-10-20 00:00:00.0;non;non;oui;non connu;0;0;0;14;5;5;4;0;0;0;DE_1994_A_2000;93010;000;0F;0161;;;;;;;;;1;non;non connu;non;2019-01-01 00:00:00.0;2019-12-31 00:00:00.0;03/12/2020;1068.0;0.0;0.0;0.0;0;0.0;non;non renseigné;0;0;0;0;0;0;0;1;individuel;non renseigné;non renseigné;Non renseigné;Non renseigné;non connu;non connu;0;non connu;"5";DE_1994_A_2000;V;"0,5";{930100000F0161};{930100000F016101,930100000F0161A};2_RNIC_FF;1KJKN4T8GP9T;"1";"110";662369.3662009811;6868033.799505675;"662 368,354";"6 868 031,682";"662 369,366";"6 868 033,8";"0";1;1;;"0";"0";0;0;0;0;;1;"0";"0";0;"0";"0";"0";"0";"1";"0,2";"0";"0";"0";0;0;0;0.00000000000000000000;0;0;0.00000000000000000000;0;;213.6000000000000000;0;0;"0";"0,6";"1";1;"0";"0";"1";"0";"0";"0";"0";"0";"0";"0";;"0";0;"0";"0";"0";"0";"0";"4,211";0;4.444444444444445;0;"0";"2,609";marche;"23";"8";"5";"5";"4";"1";a surveiller;"423,797";"131,349";Electricité;E;;;;;;;;electricite;;;;
"6 744";930100000F0165;93010*00622;"[""93010*00622""]";93010;BONDY;93;SIMPLE;"1";"[""930100000F0165""]";"519";CL;"1 998";"1 999";"1 998";"1 999";"1";"519";13;SOL;"519";"0";"0";"0";"0";"0";"0";"0";"0";"0";"0";"0";"0";"0";"519";"2";"0";"0";"0";"0";"0";"0";"0";MAISON;"2";"2";"2";"0";"2";"227";"114";"0";"0";"0";"2";"0";"0";"0";"0";"0";"0";"0";"0";"0";"0";"0";"0";"341";"1";"3";G2;PROPRIETE DIVISEE EN LOT;G2a;G2;99;1;MEME COMMUNE;;"1";"1";"1";"[""B8FQ9KEAEJ5D""]";"1";"126";FF_930100000F0165;;;;;;;930100000F0165;Copropriété non immatriculée;;"0";;"93 010";"93";"200 054 781";Métropole du Grand Paris;"1 998";"2";"2";"2";"341";"341";"2";"0";"2";"0";"0";"2";"0";"0";"0";"0";"0";"0";"0";"0";"0";"0";"1";"1";"0";"2";"2";"1";"0";"0";"0";;;"0";"0";"0";"0";;;;;;;;;4 B RUE DU QUATRE SEPTEMBRE, BONDY;;;;;;;;;;;;;;;;;;;;;;;;;;;;;;;;;;;;;;;;;;;;;;;;;;;;;;;;;;;;;;;;;"2";DE_1994_A_2000;H;"0";{930100000F0165};{930100000F0165A,930100000F0165B};2_FF;B8FQ9KEAEJ5D;"1";"126";;;"662 364,229";"6 868 079,157";"662 364,229";"6 868 079,157";"1";;;;"0";"0";;;;;;1;"0";"0";0;"0";"0";"0";"0";"0";"0";"0";"0";"0";;;;;;;;;;;;0;"0";"0";"0";;"0";"0";"1";"0";"-1";"-1";"-1";"-1";"0";"0";-1;"-1";;"-1";"0";"0";"0";"0";"3,333";;1.6666666666666667;0;"0";"1,905";gestion;"11";"4";"0";"3";"4";"0";autres;"519,841";"132,666";Gaz;D;;;;;;;; ;;;;
"6 749";930100000F0178;93010*00659;"[""93010*00659""]";93010;BONDY;93;SIMPLE;"1";"[""930100000F0178""]";"328";CL;"1 962";"1 962";"1 962";"1 962";"1";"328";13;SOL;"328";"0";"0";"0";"0";"0";"0";"0";"0";"0";"0";"0";"0";"0";"328";"4";"0";"0";"0";"0";"0";"1";"0";APPARTEMENT;"1";"3";"0";"3";"3";"134";"0";"0";"0";"0";"3";"0";"0";"0";"0";"0";"0";"112";"0";"0";"0";"0";"0";"246";"1";"4";G2 X1;PROPRIETE DIVISEE EN LOT ET PERSONNE PHYSIQUE;G2a X1a;G2;X1;1;MEME COMMUNE;;"1";"1";"1";"[""GG7EQATPX5DH"",""XS78KGNAXVKY""]";"2";"138";FF_930100000F0178;;;;;;;930100000F0178;Copropriété non immatriculée;;"0";;"93 010";"93";"200 054 781";Métropole du Grand Paris;"1 962";"1";"4";"3";"246";"134";"0";"3";"2";"0";"0";"2";"0";"1";"0";"0";"0";"0";"0";"0";"2";"0";"1";"0";"0";"3";"3";"1";"0";"0";"1";;;"0";"0";"2";"1";;;;;;;;;29 RUE FONTAINE, BONDY;;;;;;;;;;;;;;;;;;;;;;;;;;;;;;;;;;;;;;;;;;;;;;;;;;;;;;;;;;;;;;;;;"3";DE_1961_A_1974;V;"0";{930100000F0178};{930100000F0178A};2_FF;GG7EQATPX5DH,XS78KGNAXVKY;"2";"138";;;"662 271,658";"6 867 847,861";"662 271,658";"6 867 847,861";"1";;;;"0";"0";;;;;;1;"0";"0";0;"0";"0";"0";"0";"0";"0";"0";"0";"0";;;;;;;;;;;;0;"0";"0,333";"1";;"0";"0";"0";"0";"-1";"-1";"-1";"-1";"0";"0";-1;"-1";;"-1";"0";"1";"0";"0";"3,333";;1.4285714285714286;0;"10";"2,5";bati;"13";"4";"0";"4";"4";"1";autres;"340,436";"94,709";Mixte (gaz + élec);E;;;;;;;;mixte;E;;;
"6 752";930100000G0009;93010*00654;"[""93010*00654""]";93010;BONDY;93;SIMPLE;"1";"[""930100000G0009""]";"7 189";CL;"1 977";"1 977";"1 977";"1 977";"2";"7 189";11;TERRAINS D AGREMENT;"7 189";"0";"0";"0";"0";"0";"0";"0";"0";"0";"0";"0";"6 985";"0";"204";"205";"5";"4";"5";"5";"0";"123";"20";DEPENDANCE;"1";"77";"0";"77";"77";"5 207";"0";"6";"0";"25";"45";"1";"0";"0";"0";"0";"0";"1 418";"307";"0";"0";"12";"0";"6 944";"1";"93";F7 G2;INVESTISSEUR PROFESSIONNEL ET PROPRIETE DIVISEE EN LOT;F7b G2a;G2;F7;2;MEME DEPARTEMENT;;"1";"1";"1";"[""1BK8YW6CHDXP"",""GPPMKZGPGAJ7"",""HP2S4E1WVAZ6"",""MQGVE8CBAEXC"",""QHR29ZADS7Z1"",""WV5VD8Q16NS5""]";"6";"2 822";RNC_AB2077469;AB2077469;2017-10-04 00:00:00.0;2023-07-31 00:00:00.0;EVAM-GID 39072049800034;non connu;non connu;930100000G0009;Copropriété immatriculée;1_1;"1";OUI;"93 010";"93";"200 054 781";Métropole du Grand Paris;"1 977";"1";"203";"77";"6 907";"5 207";"0";"77";"70";"25";"0";"44";"1";"1";"0";"0";"6";"0";"0";"4";"9";"26";"24";"14";"4";"92";"76";"1,013";"6";"0";"17";16;-58.63;"0";"0";"10";"6";;non connu;non connu;non connu;non connu;Pas de mandat en cours;2024-06-28 00:00:00.0;L'ERMITAGE;38 rte d'aulnay 93140 Bondy;2 all des dahlias 93140 Bondy;4 all des dahlias 93140 Bondy;6 all des dahlias 93140 Bondy;4;1976-10-18 00:00:00.0;non;non;oui;non connu;0;0;0;199;79;79;120;0;0;0;DE_1975_A_1993;93010;000;0G;0009;;;;;;;;;1;non;non connu;non;2022-01-01 00:00:00.0;2022-12-31 00:00:00.0;28/06/2023;241192.0;0.0;0.0;;;12500.0;non;1976;0;0;0;0;0;0;0;5;collectif;non;gaz_naturel;Non renseigné;Non renseigné;23;94.0;0;non connu;"77";DE_1975_A_1993;V;"0,357";{930100000G0009};{930100000G0009A};2_RNIC_FF;1BK8YW6CHDXP,GPPMKZGPGAJ7,HP2S4E1WVAZ6,MQGVE8CBAEXC,QHR29ZADS7Z1,WV5VD8Q16NS5;"6";"2 822";661995.3109767826;6867775.028284291;"661 982,831";"6 867 771,711";"661 995,311";"6 867 775,028";"0";0;0;;"0";"0";0;0;0;0;;0.9390243902439024;"0";"0";0;"0";"2";"0";"45";"1";"0,039";"0";"3";"0";;;;;;;0.000000000000000000000000;0;3053.0632911392405063;;1;0;"0";"0,221";"0";1;"0";"0";"1";"1";"0";"0";"-1";"0";"0";"0";0.2714285714285714;"0";0;"0";"0";"0";"0";"0";"1,053";3.3333333333333335;3.3333333333333335;2.5;"0";"1,86";mixte;"22";"8";"2";"5";"5";"2";autres;"7 161,216";"440,611";Gaz;F;;;;;;;;gaz;F;;;
"6 767";930100000G0028;93010*00051;"[""93010*00051""]";93010;BONDY;93;SIMPLE;"1";"[""930100000G0028""]";"543";CL;"1 928";"1 928";"1 928";"1 928";"1";"543";13;SOL;"543";"0";"0";"0";"0";"0";"0";"0";"0";"0";"0";"0";"0";"0";"543";"3";"0";"0";"0";"0";"0";"1";"0";MAISON;"1";"2";"2";"0";"2";"128";"0";"0";"0";"0";"2";"0";"0";"0";"0";"0";"0";"8";"0";"0";"0";"0";"0";"136";"1";"3";G2;PROPRIETE DIVISEE EN LOT;G2a;G2;99;1;MEME COMMUNE;;"1";"1";"1";"[""MFNJSRDA3N14"",""RJW5A9SZXGN7""]";"2";"157";RNC_AH3670031;AH3670031;2022-02-16 00:00:00.0;2022-02-16 00:00:00.0;non connu;non connu;non connu;930100000G0028;Copropriété immatriculée;1_1;"1";OUI;"93 010";"93";"200 054 781";Métropole du Grand Paris;"1 928";"1";"3";"2";"136";"128";"2";"0";"2";"0";"0";"2";"0";"0";"0";"0";"0";"0";"0";"0";"0";"1";"1";"0";"0";"2";"2";"1";"0";"0";"1";0;;"0";"0";"0";"0";;non connu;non connu;non connu;non connu;Pas de mandat en cours;non connu;13 avenue des Mésarmes 93140 BONDY;13 av des mesarmes 93140 Bondy;non connu;non connu;non connu;0;1965-08-11 00:00:00.0;non;non connu;oui;non connu;0;0;0;2;2;2;0;0;0;0;non renseigné;93010;000;0G;0028;;;;;;;;;1;non;non connu;non renseigné;non connu;non connu;non connu;;;;;;;non renseigné;non renseigné;0;0;0;0;0;0;0;1;non renseigné;non renseigné;non renseigné;Non renseigné;Non renseigné;non connu;non connu;;non connu;"2";AVANT_1949;H;"0";{930100000G0028};{930100000G0028A};2_RNIC_FF;MFNJSRDA3N14,RJW5A9SZXGN7;"2";"157";662108.9866689525;6867761.494664485;"662 079,045";"6 867 759,81";"662 108,987";"6 867 761,495";"0";1;1;;"0";"0";0;0;0;0;;1;"0";"0";0;"0";"0";"0";"0";"0";"0";"0";"0";"0";;;;;;;;;;;;0;"0";"0,5";"1";;"0";"0";"0";"0";"-1";"-1";"-1";"-1";"0";"0";-1;"-1";0;"-1";"0";"0";"0";"0";"3,529";;1.4285714285714286;0;"0";"2,188";gestion;"16";"7";"0";"4";"4";"1";autres;"544,677";"129,861";Fioul;F;;;;;;;; ;;;;
"6 789";930100000G0058;93010*00042;"[""93010*00042""]";93010;BONDY;93;SIMPLE;"1";"[""930100000G0058""]";"490";CL;"1 920";"1 920";"1 920";"1 920";"1";"490";13;SOL;"490";"0";"0";"0";"0";"0";"0";"0";"0";"0";"0";"0";"0";"0";"490";"11";"0";"0";"0";"0";"0";"6";"0";DEPENDANCE;"4";"5";"1";"4";"5";"176";"0";"0";"0";"4";"1";"0";"0";"0";"0";"0";"0";"101";"0";"0";"0";"0";"0";"277";"1";"4";G2;PROPRIETE DIVISEE EN LOT;G2a;G2;99;1;MEME COMMUNE;;"1";"1";"1";"[""77WQ8ZY9N4X8"",""AA66HHMD9F9S"",""EHQHMANP5ZGX""]";"3";"177";FF_930100000G0058;;;;;;;930100000G0058;Copropriété non immatriculée;;"0";;"93 010";"93";"200 054 781";Métropole du Grand Paris;"1 920";"4";"11";"5";"277";"176";"1";"4";"5";"4";"0";"1";"0";"0";"0";"0";"0";"0";"0";"4";"0";"0";"1";"0";"4";"3";"2";"2,5";"0";"0";"0";;;"0";"0";"0";"0";;;;;;;;;15 AV GUEUGNON, BONDY;;;;;;;;;;;;;;;;;;;;;;;;;;;;;;;;;;;;;;;;;;;;;;;;;;;;;;;;;;;;;;;;;"5";AVANT_1949;M;"0,8";{930100000G0058};{930100000G0058A,930100000G0058B,930100000G0058C,930100000G0058D};2_FF;77WQ8ZY9N4X8,AA66HHMD9F9S,EHQHMANP5ZGX;"3";"177";;;"662 035,786";"6 867 833,432";"662 035,786";"6 867 833,432";"1";;;;"0";"0";;;;;;1;"0";"0";0;"0";"50";"1";"0";"0";"0,8";"1";"0";"0";;;;;;;;;;;;0;"0";"0";"0";;"0";"0";"0";"0";"-1";"0";"-1";"0";"0";"0";-1;"0";;"0";"0";"0";"0";"0";"5,556";;0;0;"0";"2,381";gestion;"11";"4";"0";"3";"4";"0";autres;"491,021";"90,682";Autre;G;;;;;;;; ;;;;
"6 815";930100000G0091;93010*00034;"[""93010*00034""]";93010;BONDY;93;SIMPLE;"1";"[""930100000G0091""]";"423";CL;"1 920";"1 920";"1 920";"1 920";"1";"423";13;SOL;"423";"0";"0";"0";"0";"0";"0";"0";"0";"0";"0";"0";"0";"0";"423";"5";"0";"0";"0";"0";"0";"2";"0";MAISON;"3";"3";"3";"0";"3";"147";"19";"0";"0";"0";"3";"0";"0";"0";"0";"1";"0";"23";"0";"0";"0";"0";"0";"189";"1";"4";G2;PROPRIETE DIVISEE EN LOT;G2a;G2;99;1;MEME COMMUNE;;"1";"1";"1";"[""G71WAAHQ6NJZ""]";"1";"220";FF_930100000G0091;;;;;;;930100000G0091;Copropriété non immatriculée;;"0";;"93 010";"93";"200 054 781";Métropole du Grand Paris;"1 920";"3";"5";"3";"189";"166";"3";"0";"3";"0";"0";"3";"0";"0";"0";"0";"0";"0";"0";"0";"3";"0";"0";"0";"0";"3";"3";"1";"0";"0";"0";;;"0";"0";"0";"0";;;;;;;;;21 AV CLARA GRANDET, BONDY;;;;;;;;;;;;;;;;;;;;;;;;;;;;;;;;;;;;;;;;;;;;;;;;;;;;;;;;;;;;;;;;;"3";AVANT_1949;H;"0";{930100000G0091};{930100000G0091A,930100000G0091B,930100000G0091C};2_FF;G71WAAHQ6NJZ;"1";"220";;;"662 036,205";"6 867 882,054";"662 036,205";"6 867 882,054";"1";;;;"0";"0";;;;;;1;"0";"0";0;"0";"0";"0";"0";"0";"0";"0";"0";"0";;;;;;;;;;;;0;"0";"0";"0";;"0";"0";"0";"0";"-1";"-1";"-1";"-1";"0";"0";-1;"-1";;"-1";"0";"0";"1";"1";"3,333";;0;0;"0";"1,429";gestion;"11";"4";"0";"3";"4";"0";autres;"417,417";"84,133";Gaz;F;;;;;;;; ;;;;
"6 820";930100000G0099;93010*00070;"[""93010*00070""]";93010;BONDY;93;SIMPLE;"1";"[""930100000G0099""]";"303";CL;"1 948";"1 948";"1 948";"1 948";"2";"33";13;SOL;"33";"0";"0";"0";"0";"0";"0";"0";"0";"0";"0";"0";"0";"0";"33";"5";"1";"1";"1";"1";"0";"2";"4";MIXTE;"2";"2";"0";"2";"2";"96";"0";"0";"0";"1";"0";"1";"0";"0";"0";"0";"0";"24";"60";"0";"0";"0";"0";"180";"1";"3";G2;PROPRIETE DIVISEE EN LOT;G2a;G2;99;3;MEME REGION;;"1";"1";"1";"[""W7YDVVYENZ46""]";"1";"139";FF_930100000G0099;;;;;;;930100000G0099;Copropriété non immatriculée;;"0";;"93 010";"93";"200 054 781";Métropole du Grand Paris;"1 948";"2";"5";"2";"180";"96";"0";"2";"2";"1";"0";"0";"1";"0";"0";"0";"0";"0";"0";"0";"1";"0";"1";"0";"1";"2";"2";"1";"0";"0";"0";;;"0";"0";"0";"0";;;;;;;;;1 AV CLARA GRANDET, BONDY;;;;;;;;;;;;;;;;;;;;;;;;;;;;;;;;;;;;;;;;;;;;;;;;;;;;;;;;;;;;;;;;;"2";AVANT_1949;V;"0,5";{930100000G0099};{930100000G0099A,930100000G0099B};2_FF;W7YDVVYENZ46;"1";"139";;;"661 911,23";"6 867 900,423";"661 911,23";"6 867 900,423";"1";;;;"0";"0";;;;;;0.6666666666666666;"0";"1";0;"0";"0";"0";"0";"1";"0,5";"1";"0";"0";;;;;;;;;;;;0;"0";"0";"0";;"0";"0";"0";"0";"-1";"-1";"-1";"-1";"0";"0";-1;"-1";;"-1";"0";"0";"0";"0";"7,273";;0;0;"0";"3,81";gestion;"10";"5";"0";"3";"2";"0";présumée fragile;"303,157";"68,729";Electricité;D;;;;;;;; ;;;;
"6 853";930100000G0172;93010*00840;"[""93010*00840""]";93010;BONDY;93;SIMPLE;"1";"[""930100000G0172""]";"3 808";CL;"2 023";"2 023";"2 023";"2 023";"1";"3 808";13;SOL;"3 808";"0";"0";"0";"0";"0";"0";"0";"0";"0";"0";"0";"0";"0";"3 808";"173";"0";"0";"0";"0";"0";"107";"0";DEPENDANCE;"6";"66";"0";"66";"66";"3 954";"592";"0";"0";"0";"0";"0";"0";"0";"0";"0";"0";"988";"0";"0";"0";"0";"0";"5 534";"1";"45";G2;PROPRIETE DIVISEE EN LOT;G2a;G2;99;1;MEME COMMUNE;;"1";"1";"1";"[""YECYXABTBWYJ""]";"1";"3 750";RNC_AI4948154;AI4948154;2024-01-29 00:00:00.0;2024-01-29 00:00:00.0;CABINET CHARLES BAUMANN 35308281100020;non;oui;930100000G0172;Plusieurs copropriétés immatriculées;1_1;"2";OUI;"93 010";"93";"200 054 781";Métropole du Grand Paris;"2 023";"6";"173";"66";"5 534";"4 546";"0";"66";"0";"0";"0";"0";"0";"0";"0";"66";"0";"0";"0";"5";"15";"32";"14";"0";"6";"44";"43";"1,535";"0";"0";"25";42;-30.14;"0";"0";"0";"0";;professionnel;CABINET CHARLES BAUMANN 35308281100020;6832A;ROMAINVILLE;Mandat en cours;non connu;Vue Canal;32 Route d'Aulnay 93140 Bondy;24 Route d'Aulnay 93140 Bondy;non connu;non connu;1;2021-01-20 00:00:00.0;non;non;oui;non connu;0;0;0;278;131;126;99;0;0;0;A_COMPTER_DE_2011;93010;000;0G;0172;;;;;;;;;1;non;non connu;non renseigné;non connu;non connu;non connu;;;;;;;non renseigné;2023;0;0;0;0;0;0;0;6;collectif;non;gaz_naturel;Non;Sans objet;non connu;non connu;6;Bondy;"126";A_COMPTER_DE_2011;V;"0";{930100000G0172};{930100000G0172A,930100000G0172C,930100000G0172CV,930100000G0172E,930100000G0172H,930100000G0172PK};0;YECYXABTBWYJ;"1";"3 750";661902.8756230881;6867696.793290136;"661 936,116";"6 867 678,825";"661 902,876";"6 867 696,793";"0";0;1;0;"0";"0";0;0;0;0;0;0.9618320610687023;"0";"0";0;"0";"0";"0";"0";"0";"0";"0";"15";"0";;;;;;;;;;;;0;"0";"0,198";"0";;"0";"0";"0";"1";"0";"0";"0";"0";"0";"0";;"0";0;"0";"0";"0";"0";"0";"2,143";;0;10;"0";"2,632";occup;"9";"6";"0";"1";"1";"1";a surveiller;"3 823,734";"257,983";; ;;;;;;;; ;;;;
"6 854";930100000G0172;93010*00840;"[""93010*00840""]";93010;BONDY;93;SIMPLE;"1";"[""930100000G0172""]";"3 808";CL;"2 023";"2 023";"2 023";"2 023";"1";"3 808";13;SOL;"3 808";"0";"0";"0";"0";"0";"0";"0";"0";"0";"0";"0";"0";"0";"3 808";"173";"0";"0";"0";"0";"0";"107";"0";DEPENDANCE;"6";"66";"0";"66";"66";"3 954";"592";"0";"0";"0";"0";"0";"0";"0";"0";"0";"0";"988";"0";"0";"0";"0";"0";"5 534";"1";"45";G2;PROPRIETE DIVISEE EN LOT;G2a;G2;99;1;MEME COMMUNE;;"1";"1";"1";"[""YECYXABTBWYJ""]";"1";"3 750";RNC_AI4946257;AI4946257;2024-01-29 00:00:00.0;2024-01-29 00:00:00.0;CABINET CHARLES BAUMANN 35308281100020;non;oui;930100000G0172;Plusieurs copropriétés immatriculées;1_1;"2";OUI;"93 010";"93";"200 054 781";Métropole du Grand Paris;"2 023";"6";"173";"66";"5 534";"4 546";"0";"66";"0";"0";"0";"0";"0";"0";"0";"66";"0";"0";"0";"5";"15";"32";"14";"0";"6";"44";"43";"1,535";"0";"0";"25";42;-30.14;"0";"0";"0";"0";;professionnel;CABINET CHARLES BAUMANN 35308281100020;6832A;ROMAINVILLE;Mandat en cours;non connu;Vue Canal;32 Route d'Aulnay 93140 Bondy;24 Route d'Aulnay 93140 Bondy;non connu;non connu;1;2021-01-20 00:00:00.0;non;non;oui;non connu;0;0;0;278;131;126;99;0;0;0;A_COMPTER_DE_2011;93010;000;0G;0172;;;;;;;;;1;non;non connu;non renseigné;non connu;non connu;non connu;;;;;;;non renseigné;2023;0;0;0;0;0;0;0;6;collectif;non;gaz_naturel;Non;Sans objet;non connu;non connu;6;Bondy;"126";A_COMPTER_DE_2011;V;"0";{930100000G0172};{930100000G0172A,930100000G0172C,930100000G0172CV,930100000G0172E,930100000G0172H,930100000G0172PK};0;YECYXABTBWYJ;"1";"3 750";661902.8756230881;6867696.793290136;"661 936,116";"6 867 678,825";"661 902,876";"6 867 696,793";"0";0;1;0;"0";"0";0;0;0;0;0;0.9618320610687023;"0";"0";0;"0";"0";"0";"0";"0";"0";"0";"15";"0";;;;;;;;;;;;0;"0";"0,198";"0";;"0";"0";"0";"1";"0";"0";"0";"0";"0";"0";;"0";0;"0";"0";"0";"0";"0";"2,143";;0;10;"0";"2,632";occup;"9";"6";"0";"1";"1";"1";a surveiller;"3 823,734";"257,983";; ;;;;;;;; ;;;;
"6 861";930100000H0059;93010*00205;"[""93010*00205""]";93010;BONDY;93;SIMPLE;"1";"[""930100000H0059""]";"357";CL;"1 925";"1 955";"1 925";"1 955";"1";"357";13;SOL;"357";"0";"0";"0";"0";"0";"0";"0";"0";"0";"0";"0";"0";"0";"357";"3";"0";"0";"0";"0";"0";"1";"0";MAISON;"2";"2";"2";"0";"2";"184";"18";"0";"0";"0";"2";"0";"0";"0";"0";"0";"0";"10";"0";"0";"0";"0";"0";"212";"1";"3";G2;PROPRIETE DIVISEE EN LOT;G2a;G2;99;1;MEME COMMUNE;;"1";"1";"1";"[""E5WJJH1MFEPS"",""G559KP6A476N""]";"2";"149";FF_930100000H0059;;;;;;;930100000H0059;Copropriété non immatriculée;;"0";;"93 010";"93";"200 054 781";Métropole du Grand Paris;"1 925";"2";"3";"2";"212";"202";"2";"0";"1";"0";"0";"1";"0";"1";"0";"0";"0";"0";"0";"0";"0";"1";"1";"0";"0";"2";"2";"1";"0";"0";"1";;;"0";"0";"0";"0";;;;;;;;;43 RUE PAUL RENAUD, BONDY;;;;;;;;;;;;;;;;;;;;;;;;;;;;;;;;;;;;;;;;;;;;;;;;;;;;;;;;;;;;;;;;;"2";AVANT_1949;H;"0";{930100000H0059};{930100000H0059A,930100000H0059B};2_FF;E5WJJH1MFEPS,G559KP6A476N;"2";"149";;;"661 683,096";"6 867 910,068";"661 683,096";"6 867 910,068";"1";;;;"0";"0";;;;;;1;"0";"0";0;"0";"0";"0";"0";"0";"0";"0";"0";"0";;;;;;;;;;;;0;"0";"0,5";"1";;"0";"0";"1";"0";"-1";"-1";"-1";"-1";"0";"0";-1;"-1";;"-1";"0";"0";"0";"0";"3,333";;2.857142857142857;5;"0";"3,636";occup;"12";"4";"0";"4";"4";"0";présumée fragile;"353,687";"93,493";Gaz;D;;;;;;;; ;;;;
"6 884";930100000H0085;93010*00075;"[""93010*00075""]";93010;BONDY;93;SIMPLE;"1";"[""930100000H0085""]";"16 290";CL;"1 955";"1 955";"1 955";"1 955";"1";"16 290";13;SOL;"16 290";"0";"0";"0";"0";"0";"0";"0";"0";"0";"0";"0";"0";"0";"16 290";"66";"0";"0";"0";"0";"0";"0";"0";MAISON;"3";"66";"66";"0";"66";"4 171";"2 089";"4";"0";"9";"53";"0";"0";"1";"0";"0";"0";"0";"0";"0";"0";"0";"0";"6 260";"1";"66";G2;PROPRIETE DIVISEE EN LOT;G2a;G2;99;1;MEME COMMUNE;;"1";"1";"1";"[""792A2E7RWFEJ"",""EC1BB6JTATC9"",""HSGTF4TAY43D"",""QK756YECR2QX"",""TWGXZ81592YJ"",""ZBVQSD5AY3GQ"",""63F4S954XDWZ"",""6H6AKMJDJVCF"",""HFNENNRPVCMZ"",""KG1G7H7MS6YA"",""M7NWJ15CRGSE"",""MSY66YC33B5W"",""PF1GBH7K8ARE"",""T33WV9D1911S""]";"14";"3 112";RNC_AB6097018;AB6097018;2017-11-30 00:00:00.0;2023-04-04 00:00:00.0;LOGIM IDF 83517005100022;non connu;non connu;930100000H0085;Copropriété immatriculée;3_2;"1";OUI;"93 010";"93";"200 054 781";Métropole du Grand Paris;"1 955";"3";"66";"66";"6 260";"6 260";"66";"0";"61";"9";"0";"52";"0";"1";"0";"0";"4";"0";"0";"0";"7";"34";"17";"8";"1";"65";"65";"1,015";"4";"0";"18";0;;"12";"5";"2";"2";;non connu;non connu;non connu;non connu;Mandat expiré sans successeur déclaré;2024-08-06 00:00:00.0;SDC FRANCOIS MARTIN - MS148399;1 r francois martin 93140 BONDY;non connu;non connu;non connu;0;1962-09-12 00:00:00.0;non;non;oui;non connu;0;0;0;66;66;66;0;0;0;0;DE_1961_A_1974;93010;000;HN;0085;;;;;;;;;1;non;non connu;non;2021-01-01 00:00:00.0;2021-12-31 00:00:00.0;07/02/2023;90835.0;3250.0;17749.0;20899.0;24;4100.0;non;non renseigné;0;0;0;0;0;0;0;1;individuel;non renseigné;non renseigné;Non renseigné;Non renseigné;non connu;non connu;0;non connu;"66";DE_1949_A_1960;H;"0,148";{930100000H0085};{930100000H0085A,930100000H0085B,930100000H0085C};2_RNIC_FF;792A2E7RWFEJ,EC1BB6JTATC9,HSGTF4TAY43D,QK756YECR2QX,TWGXZ81592YJ,ZBVQSD5AY3GQ,63F4S954XDWZ,6H6AKMJDJVCF,HFNENNRPVCMZ,KG1G7H7MS6YA,M7NWJ15CRGSE,MSY66YC33B5W,PF1GBH7K8ARE,T33WV9D1911S;"14";"3 112";661891.4121481889;6867814.966009082;"661 762,85";"6 867 833,74";"661 891,412";"6 867 814,966";"0";0;0;;"0";"0";0;0;0;0;;1;"0";"0";0;"0";"9";"0";"67";"0";"0,015";"0";"3";"0";0.36923076923076925;0;0;0.22212892597119625870;0;0;0.18864856247010681830;0;;1376.2878787878787879;0;0;"0";"0,273";"0";;"0";"0";"1";"1";"-1";"0";"-1";"0";"12";"0";-1;"0";0;"0";"0";"1";"0";"0";"0";0;1.4285714285714286;2.5;"5";"1,042";bati;"24";"8";"5";"4";"5";"2";autres;"16 280,892";"618,139";Gaz;F;;;;;;;;gaz;F;F, F, F, F, F, F, F, F, F, F, F, F, F, F, F, F;;
"6 895";930100000H0171;93010*00302;"[""93010*00302""]";93010;BONDY;93;PDLMP;"4";"[""930100000H0171"",""930100000H0220"",""930100000H0231"",""930100000H0234""]";"52 136";CL;"1 958";"1 975";"1 958";"1 975";"4";"52 136";13;SOL;"52 136";"0";"0";"0";"0";"0";"0";"0";"0";"0";"0";"0";"1 618";"0";"50 518";"427";"0";"0";"0";"0";"0";"276";"0";DEPENDANCE;"17";"151";"151";"0";"151";"11 299";"528";"7";"0";"12";"132";"0";"0";"3";"1";"0";"0";"3 151";"0";"0";"0";"0";"0";"14 978";"4";"183";G2;PROPRIETE DIVISEE EN LOT;G2a;G2;99;2;MEME DEPARTEMENT;;"4";"4";"4";"[""28XZGHPY29PQ"",""2M776ABPP6Z4"",""57E64JP9CECE"",""674MYSGBZMGD"",""8PF79TX95FB1"",""CSQ7STNRA172"",""DZZSPBHYJH8W"",""E4Y96QCBZ1C8"",""GN25JWQY94EF"",""GQTCSYVQ72HG"",""GYXFND1QVX2W"",""J3HZ914V1EDF"",""J6JKJM9SZSRG"",""JKQ2TBVG8N7S"",""JQ8DMFMGMMSS"",""PX1QEQZHK67V"",""RQSF1JZC9X54"",""WKR7YBWXYSBT"",""194YRKM9YTR3"",""1BDNP9MEVH7G"",""1JA5YZVDRM4X"",""1MRHATEYPTNJ"",""1VM6Z77C93SY"",""2CYAC1T4DD1X"",""463VC9G94RFY"",""4Z89GPCARFQW"",""5P1AHC8G5ETZ"",""5S4QYEBMTFRA"",""68DG93PREW5W"",""6CHS68XZRAGA"",""6SDNN1Q2DCH2"",""8D22N5VME23X"",""8M28VJDRGVVG"",""9FRKP6R9MPQJ"",""9JX9833Z9XS4"",""9YWCQABJTAVD"",""B65V63ZQ63P4"",""B6VEYD7TEYN4"",""BP6VHFKYSVWC"",""BQKP34DHYZH2"",""EGJH8X92JNJ3"",""EM9SJA8MHJ5T"",""ENCRJKXDK3V8"",""ETA9QZJZMC6A"",""F1Q2VX8R5EG1"",""F4JE7VS5ZYXC"",""G915V7D4P2B1"",""GH4RCA5P33EZ"",""GPJT8E5ZNBG2"",""GZ3HJKXRP6RH"",""JXZYQH6GFVDW"",""JZBPNGGE1KJ9"",""KQ96MTNTCGYV"",""KV7A8WT66F2F"",""P45FPDC2XPSG"",""PKWPWNG3VW97"",""QZ5MD1E56JH9"",""RA5WHEPCZ58F"",""RFR3819Z1124"",""RMQDVBYSVZDE"",""RMZXC1ZPBQFM"",""RS5RSPGTYB9G"",""RYXSC4R85JEN"",""SS95NWZVX9QT"",""T1M6GM5BFTA6"",""TRV9ZQ1XZ2R1"",""VFRAV8RNH7AX"",""VQRXPEFYAEXV"",""VXXNHEX4YQSR"",""WZXSYMSQHHSW"",""X274EWK76MK2"",""XGD5Z3DM1HDR"",""XGXKWB9JESEQ"",""YFTXSJ4NZYAY"",""ZJG5Y3NVSDYA"",""ZJQ3DZPQWZDK""]";"76";"12 456";RNC_AA2013274;AA2013274;2017-04-21 00:00:00.0;2024-06-24 00:00:00.0;SOCIETE DE GERANCE RICHELIEU 60205776200034;non;non;930100000H0171;Copropriété immatriculée;1_1;"1";OUI;"93 010";"93";"200 054 781";Métropole du Grand Paris;"1 958";"17";"427";"151";"14 978";"11 827";"151";"0";"143";"12";"0";"131";"0";"1";"0";"0";"7";"3";"1";"2";"0";"2";"115";"32";"2";"182";"148";"1,02";"8";"1";"26";0;;"16";"6";"1";"0";;professionnel;SOCIETE DE GERANCE RICHELIEU 60205776200034;6832A;LE RAINCY;Mandat en cours;2025-06-26 00:00:00.0;SDC Les Galiotes;47 rte d'aulnay 93140 Bondy;7 all des azalees 93140 Bondy;5 all des azalees 93140 Bondy;3 all des azalees 93140 Bondy;148;1975-04-29 00:00:00.0;non;non;oui;non connu;0;0;0;286;150;150;136;0;0;0;DE_1975_A_1993;93010;000;0H;0234;93010;000;0H;0231;93010;000;0H;0220;4;non;non connu;non;2023-01-01 00:00:00.0;2023-12-31 00:00:00.0;25/04/2024;96767.0;61309.0;6184.0;60069.0;32;7700.0;non;non renseigné;0;0;0;0;0;0;0;45;individuel;non renseigné;non renseigné;Non;Sans objet;non connu;non connu;0;non connu;"151";DE_1949_A_1960;H;"0,084";{930100000H0171,930100000H0220,930100000H0231,930100000H0234};{930100000H017101,930100000H0171A,930100000H0171B,930100000H0171C,930100000H0171E,930100000H0171F,930100000H0171G,930100000H0171H,930100000H0171I,930100000H0171J,930100000H0171K,930100000H0171L,930100000H0171M,930100000H0171N,930100000H0171O,930100000H01;2_RNIC_FF;28XZGHPY29PQ,2M776ABPP6Z4,57E64JP9CECE,674MYSGBZMGD,8PF79TX95FB1,CSQ7STNRA172,DZZSPBHYJH8W,E4Y96QCBZ1C8,GN25JWQY94EF,GQTCSYVQ72HG,GYXFND1QVX2W,J3HZ914V1EDF,J6JKJM9SZSRG,JKQ2TBVG8N7S,JQ8DMFMGMMSS,PX1QEQZHK67V,RQSF1JZC9X54,WKR7YBWXYSBT,194YRKM9YTR3,1BDNP9M;"76";"12 456";661892.616996038;6867741.897897724;"661 606,609";"6 867 823,248";"661 892,617";"6 867 741,898";"0";0;0;0;"0";"0";0;0;0;0;0;1;"0";"0";0;"0";"10";"0";"75";"0";"0,013";"0";"3";"0";0.17582417582417584;0;0;0.38000075912852045851;1;1;0.03912042308762873554;0;;645.1133333333333333;0;0.006622516556291391;"0";"0,172";"0";;"1";"0";"1";"1";"0";"0";"-1";"0";"12";"0";0.09090909090909091;"0";0;"0";"0";"0";"0";"0";"0";6;1.4285714285714286;2.5;"0";"1,8";finan;"25";"9";"5";"4";"5";"2";autres;"52 273,878";"1 703,375";Gaz;G;;;;;;;;gaz;G;;;
"6 910";930100000H0365;93010R02143;"[""93010R02143""]";93010;BONDY;93;SIMPLE;"1";"[""930100000H0365""]";"731";;"1 924";"1 924";"1 924";"1 924";"1";"731";13;SOL;"731";"0";"0";"0";"0";"0";"0";"0";"0";"0";"0";"0";"0";"0";"731";"15";"0";"0";"0";"0";"0";"14";"0";DEPENDANCE;"2";"1";"1";"0";"1";"35";"0";"1";"0";"0";"0";"0";"0";"0";"0";"0";"0";"204";"0";"0";"0";"0";"0";"239";"0";"1";X1;PERSONNE PHYSIQUE;X1a;X1;99;2;MEME DEPARTEMENT;;"1";"1";"1";"[""DBZP37Q44GS2"",""SW6VD2XK3NQG"",""W415M6A6AHW6"",""ZQVFQX4P2FVE""]";"4";"261";RNC_AF3362977;AF3362977;2019-07-03 00:00:00.0;2019-07-03 00:00:00.0;non connu;non connu;non connu;930100000H0365;Copropriété immatriculée;2;"1";NON;"93 010";"93";"200 054 781";Métropole du Grand Paris;"0";"0";"0";"0";"239";"35";"0";"0";"0";"0";"0";"0";"0";"0";"0";"0";"0";"0";"0";"0";"0";"0";"0";"0";"0";"0";"0";"0";"0";"0";"0";;;"0";"0";"0";"0";;non connu;non connu;non connu;non connu;Pas de mandat en cours;non connu;43 bis Rue Paul Renaud;43B r paul renaud 93140 Bondy;non connu;non connu;non connu;0;1970-02-12 00:00:00.0;non;non connu;oui;non connu;;;;2;1;1;0;0;0;0;non renseigné;93010;000;0H;0059;;;;;;;;;1;non;non connu;non renseigné;non connu;non connu;non connu;;;;;;;non renseigné;non renseigné;0;0;0;0;0;0;0;1;non renseigné;non renseigné;non renseigné;Non renseigné;Non renseigné;non connu;non connu;;non connu;"1";AVANT_1949;;"0";{930100000H0365};{930100000H036501,930100000H0365A};2_RNIC_FF;DBZP37Q44GS2,SW6VD2XK3NQG,W415M6A6AHW6,ZQVFQX4P2FVE;"4";"261";661648.300672101;6867918.878426752;"661 635,588";"6 867 907,605";"661 648,301";"6 867 918,878";"0";1;1;;"0";"0";0;;;;;1;"0";"0";;"0";"0";"0";"0";"0";"0";"0";"0";"0";;;;;;;;;;;;0;"0";"0";"0";;"0";"0";"1";"0";"-1";"-1";"-1";"-1";"0";"0";-1;"-1";0;"-1";"0";"0";"0";"0";"6";;1.6666666666666667;;"0";"3,889";gestion;"8";"4";"0";"3";"0";"1";présumée fragile;"733,323";"111,075";Electricité;G;;;;;;;; ;;;;
"6 911";930100000H0366;93010*00615;"[""93010*00615""]";93010;BONDY;93;SIMPLE;"1";"[""930100000H0366""]";"1 986";CL;"1 920";"2 015";"1 920";"1 920";"1";"1 986";13;SOL;"1 986";"0";"0";"0";"0";"0";"0";"0";"0";"0";"0";"0";"0";"0";"1 986";"9";"2";"2";"2";"2";"0";"4";"8";DEPENDANCE;"3";"3";"0";"3";"3";"90";"0";"0";"0";"3";"0";"0";"0";"0";"0";"0";"0";"48";"990";"0";"0";"0";"40";"1 168";"1";"3";G2;PROPRIETE DIVISEE EN LOT;G2a;G2;99;1;MEME COMMUNE;;"1";"1";"1";"[""Q3DX8M1NMY1S""]";"1";"1 218";FF_930100000H0366;;;;;;;930100000H0366;Copropriété non immatriculée;;"0";;"93 010";"93";"200 054 781";Métropole du Grand Paris;"1 920";"3";"9";"3";"1 168";"90";"0";"3";"3";"3";"0";"0";"0";"0";"0";"0";"0";"0";"0";"3";"0";"0";"0";"0";"0";"2";"1";"3";"0";"0";"0";;;"0";"0";"0";"0";;;;;;;;;1 CHE LATERAL, BONDY;;;;;;;;;;;;;;;;;;;;;;;;;;;;;;;;;;;;;;;;;;;;;;;;;;;;;;;;;;;;;;;;;"3";AVANT_1949;V;"1";{930100000H0366};{930100000H0366A,930100000H0366B,930100000H0366C};2_FF;Q3DX8M1NMY1S;"1";"1 218";;;"661 829,297";"6 867 696,78";"661 829,297";"6 867 696,78";"1";;;;"0";"0";;;;;;0.6;"0";"1";0;"0";"0";"0";"0";"0";"0";"0";"0";"0";;;;;;;;;;;;0;"0";"0";"0";;"0";"0";"0";"1";"-1";"-1";"-1";"-1";"0";"0";-1;"-1";;"-1";"0";"0";"0";"0";"8,571";;0;3.3333333333333335;"0";"4,211";gestion;"9";"3";"0";"3";"3";"0";présumée fragile;"1 979,744";"179,57";Electricité;F;;;;;;;; ;;;;
"6 913";930100000H0378;93010*00819;"[""93010*00819""]";93010;BONDY;93;PDLMP;"2";"[""930100000H0378"",""930100000H0380""]";"1 692";CLV;"2 021";"2 021";"2 021";"2 021";"2";"1 692";13;SOL;"1 692";"0";"0";"0";"0";"0";"0";"0";"0";"0";"0";"0";"0";"0";"1 692";"119";"3";"3";"2";"2";"1";"54";"8";APPARTEMENT;"5";"62";"0";"62";"62";"3 578";"526";"46";"0";"16";"0";"0";"0";"0";"0";"0";"40";"648";"324";"24";"0";"0";"0";"5 100";"2";"27";G2;PROPRIETE DIVISEE EN LOT;G2a;G2;99;1;MEME COMMUNE;;"2";"2";"2";"[""ATEKF45WKQPR"",""XA7RZWQB2XZ1""]";"2";"1 490";FF_930100000H0378;;;;;;;930100000H0378;Copropriété non immatriculée;;"0";;"93 010";"93";"200 054 781";Métropole du Grand Paris;"2 021";"4";"118";"62";"5 100";"4 104";"0";"62";"16";"16";"0";"0";"0";"0";"0";"0";"46";"0";"0";"5";"19";"25";"11";"2";"0";"25";"23";"2,696";"46";"0";"3";;;"0";"0";"0";"0";;;;;;;;;2 RUE NADIA MURAD, BONDY;;;;;;;;;;;;;;;;;;;;;;;;;;;;;;;;;;;;;;;;;;;;;;;;;;;;;;;;;;;;;;;;;"62";A_COMPTER_DE_2011;V;"1";{930100000H0378,930100000H0380};{930100000H0378A,930100000H0378B,930100000H0378C,930100000H0378P,930100000H0378Z};0;ATEKF45WKQPR,XA7RZWQB2XZ1;"2";"1 490";;;"661 867,4";"6 867 696,27";"661 867,4";"6 867 696,27";"1";;;;"0";"0";;;;;;0.96875;"0";"1";0;"0";"0";"0";"6";"1";"0";"0";"0";"0";;;;;;;;;;;;0;"0";"0,048";"0";;"0";"0";"0";"1";"0";"0";"0";"0";"0";"0";;"0";;"0";"0";"0";"0";"0";"7,273";;0;3.3333333333333335;"0";"4,167";gestion;"12";"5";"0";"4";"3";"0";présumée fragile;"1 662,139";"163,854";Gaz;C;;;;;;;;autre;;;;
"6 914";930100000H0383;93010*00820;"[""93010*00820""]";93010;BONDY;93;SIMPLE;"1";"[""930100000H0383""]";"2 741";CL;"2 021";"2 021";"2 021";"2 021";"1";"2 741";13;SOL;"2 741";"0";"0";"0";"0";"0";"0";"0";"0";"0";"0";"0";"0";"0";"2 741";"198";"1";"1";"1";"1";"0";"101";"4";DEPENDANCE;"4";"96";"0";"96";"96";"5 582";"556";"5";"0";"51";"39";"0";"0";"0";"0";"0";"0";"1 157";"455";"100";"0";"0";"0";"7 850";"1";"99";G2;PROPRIETE DIVISEE EN LOT;G2a;G2;99;1;MEME COMMUNE;;"1";"1";"1";"[""BNB1D9TMYZ3S"",""VBRC2XBPPSBT"",""XF5F3K3QEGZC""]";"3";"1 803";RNC_AF8945768;AF8945768;2020-01-21 00:00:00.0;2024-08-14 00:00:00.0;HOMELAND 81834144800038;non;non;930100000H0383;Copropriété immatriculée;1_1;"1";OUI;"93 010";"93";"200 054 781";Métropole du Grand Paris;"2 021";"4";"197";"96";"7 838";"6 138";"0";"96";"84";"51";"0";"33";"0";"6";"0";"1";"5";"0";"0";"8";"31";"34";"17";"6";"2";"98";"96";"1";"5";"0";"32";27;-30.33;"0";"0";"0";"0";;professionnel;HOMELAND 81834144800038;6832A;MONTREUIL;Mandat en cours;2025-06-26 00:00:00.0;LES DOCKS DE L'OURCQ;rte d'aulnay, 93140 Bondy;non connu;non connu;non connu;0;2019-02-25 00:00:00.0;non;non;oui;non connu;0;0;0;247;102;96;96;0;0;0;A_COMPTER_DE_2011;93010;000;0H;0374;93010;000;0H;0383;;;;;2;non;non connu;non;2023-01-01 00:00:00.0;2023-12-31 00:00:00.0;27/06/2024;187411.0;0.0;37171.0;27162.0;8;0.0;non;2018;0;0;0;0;0;0;0;3;collectif;oui;energie_autre;Non;Sans objet;non connu;non connu;5;non connu;"96";A_COMPTER_DE_2011;V;"0,607";{930100000H0383};{930100000H0383A,930100000H0383B,930100000H0383C,930100000H0383P};2_RNIC_FF;BNB1D9TMYZ3S,VBRC2XBPPSBT,XF5F3K3QEGZC;"3";"1 803";661805.8968864218;6867630.266056803;"661 853,134";"6 867 642,599";"661 805,897";"6 867 630,266";"0";0;0;0;"0";"0";0;0;0;0;0;0.9411764705882353;"0";"0";0;"0";"0";"0";"6";"1";"0,021";"0";"7";"0";0.08163265306122448;0;;0.14493279476658253784;0;0;0.19833947847244825544;0;1739.3235294117647059;;0;0;"0";"0,333";"0";1;"0";"0";"0";"0";"-1";"0";"-1";"0";"0";"0";0.09523809523809523;"0";0;"0";"0";"0";"0";"0";"0,952";0;2.2222222222222223;0;"0";"0,833";marche;"24";"9";"5";"5";"4";"1";autres;"2 735,831";"235,431";;B;;;;;;;; ;B;;;
"6 915";930100000H0384;93010*00842;"[""93010*00842""]";93010;BONDY;93;PDLMP;"2";"[""930100000H0384"",""930100000H0396""]";"3 818";CL;"2 023";"2 023";"2 023";"2 023";"2";"3 818";13;SOL;"3 818";"0";"0";"0";"0";"0";"0";"0";"0";"0";"0";"874";"0";"0";"2 944";"241";"0";"0";"0";"0";"0";"117";"0";APPARTEMENT;"5";"124";"0";"124";"124";"7 675";"850";"0";"0";"0";"0";"0";"0";"0";"0";"0";"0";"1 394";"0";"0";"0";"0";"0";"9 919";"2";"52";G2;PROPRIETE DIVISEE EN LOT;G2a;G2;99;3;MEME REGION;;"2";"2";"2";"[""2A5HVH5C26D1"",""Q77T7JFAPKHA"",""VWZ7N9EJ1F1X"",""3DTTS8DN96R2"",""E7PBSP9RFPAV"",""REM7XNFRDWK4"",""V3TKKGHJEREF""]";"7";"2 024";RNC_AI0302547;AI0302547;2023-03-06 00:00:00.0;2023-03-06 00:00:00.0;non connu;non connu;non connu;930100000H0384;Copropriété immatriculée;1_1;"1";OUI;"93 010";"93";"200 054 781";Métropole du Grand Paris;"2 023";"5";"241";"124";"9 919";"8 525";"0";"124";"0";"0";"0";"0";"0";"0";"0";"124";"0";"0";"0";"8";"36";"47";"25";"8";"21";"51";"49";"2,531";"0";"0";"7";6;-11.00;"0";"0";"0";"0";;non connu;non connu;non connu;non connu;Pas de mandat en cours;non connu;CANAL HORIZON;che lateral, 93140 Bondy;rte d'aulnay, 93140 Bondy;non connu;non connu;1;2020-12-19 00:00:00.0;non;non;oui;non connu;0;0;0;276;142;136;134;0;0;0;A_COMPTER_DE_2011;93010;000;0H;0374;93010;000;0H;0364;93010;000;0H;0384;4;non;non connu;non renseigné;non connu;non connu;non connu;;;;;;;non renseigné;2020;0;5;0;0;0;0;0;0;collectif;oui;non renseigné;Non renseigné;Non renseigné;non connu;non connu;5;non connu;"124";A_COMPTER_DE_2011;V;"0";{930100000H0384,930100000H0396};{930100000H0384A,930100000H0384B,930100000H0384C,930100000H0384D,930100000H0384S};1_RNIC_FF;2A5HVH5C26D1,Q77T7JFAPKHA,VWZ7N9EJ1F1X,3DTTS8DN96R2,E7PBSP9RFPAV,REM7XNFRDWK4,V3TKKGHJEREF;"7";"2 024";661805.8968864218;6867630.266056803;"661 773,7";"6 867 623,424";"661 805,897";"6 867 630,266";"0";1;1;;"0";"0";0;0;0;0;;0.9577464788732394;"0";"0";0;"0";"0";"0";"0";"0";"0,169";"0";"17";"0";;;;;;;;;;;;0;"0";"0,056";"0";0;"0";"0";"0";"0";"-1";"0";"-1";"0";"0";"0";;"0";0;"0";"0";"0";"0";"0";"4,286";;0;;"0";"2,4";gestion;"12";"6";"0";"5";"0";"1";autres;"3 803,973";"301,331";; ;;;;;;;; ;;;;
"6 916";930100000H0385;93010*00854;"[""93010*00854""]";93010;BONDY;93;PDLMP;"5";"[""930100000H0385"",""930100000H0393"",""930100000H0397"",""930100000H0426"",""930100000H0429""]";"1 993";CL;"-1";"-1";"-1";"-1";"5";"1 993";10;TERRAINS A BATIR;"1 993";"0";"0";"0";"0";"0";"0";"0";"0";"0";"0";"1 991";"0";"0";"2";"0";"0";"0";"0";"0";"0";"0";"0";AUCUN LOCAL;"0";"0";"0";"0";"0";"0";"0";"0";"0";"0";"0";"0";"0";"0";"0";"0";"0";"0";"0";"0";"0";"0";"0";"0";"5";"1";G2;PROPRIETE DIVISEE EN LOT;G2a;G2;99;1;MEME COMMUNE;;"5";"5";"5";"[""XH7DQHP3X19V"",""Y5NPNW4APV9W""]";"2";"47";RNC_AI6697627;AI6697627;2024-05-27 00:00:00.0;2024-05-27 00:00:00.0;FONCIA CHADEFAUX LECOQ 59202763500032;non;non;930100000H0385;Copropriété immatriculée;1_1;"1";NON;"93 010";"93";"200 054 781";Métropole du Grand Paris;"0";"0";"0";"0";"0";"0";"0";"0";"0";"0";"0";"0";"0";"0";"0";"0";"0";"0";"0";"0";"0";"0";"0";"0";"0";"0";"0";"0";"0";"0";"0";;;"0";"0";"0";"0";;professionnel;FONCIA CHADEFAUX LECOQ 59202763500032;6831Z;AUBERVILLIERS;Mandat en cours;2026-12-31 00:00:00.0;CARRE DES RIVES;11 Chemin Latéral 93140 Bondy;non connu;non connu;non connu;0;2021-12-21 00:00:00.0;non;non;oui;non connu;0;0;0;125;67;67;57;0;0;0;A_COMPTER_DE_2011;93010;000;0H;0385;93010;000;0H;0393;93010;000;0H;0397;5;non;non connu;oui;2024-04-01 00:00:00.0;2025-03-31 00:00:00.0;non connu;;;;;;;non;2024;0;0;0;0;0;0;0;2;collectif;non;gaz_naturel;Non;Sans objet;non connu;non connu;3;Bondy;"67";A_COMPTER_DE_2011;;"0";{930100000H0385,930100000H0393,930100000H0397,930100000H0426,930100000H0429};;0;XH7DQHP3X19V,Y5NPNW4APV9W;"2";"47";661751.2689702245;6867716.475225328;"661 721,129";"6 867 681,994";"661 751,269";"6 867 716,475";"0";0;1;0;"0";"0";0;0;0;0;0;1;"0";"0";;"0";"0";"0";"0";"0";"0";"0";"0";"0";;;;;;;;;;;;;"0";"0";"0";;"0";"0";"0";"1";"0";"0";"0";"0";"0";"0";;"0";0;"0";"0";"0";"0";"0";"2,143";;0;10;"0";"2,632";occup;"9";"6";"0";"1";"1";"1";a surveiller;"1 965,865";"177,458";;;;;;;;;;;;;;
"6 917";930100000H0402;93010*00851;"[""93010*00851""]";93010;BONDY;93;PDLMP;"7";"[""930100000H0402"",""930100000H0404"",""930100000H0406"",""930100000H0410"",""930100000H0414"",""930100000H0417"",""930100000H0419""]";"3 611";CL;"2 023";"2 023";"2 023";"2 023";"7";"3 611";10;TERRAINS A BATIR;"3 611";"0";"0";"0";"0";"0";"0";"0";"0";"0";"0";"3 045";"0";"0";"566";"243";"1";"1";"1";"1";"0";"120";"4";APPARTEMENT;"7";"122";"0";"122";"122";"7 654";"1 201";"0";"0";"0";"0";"0";"0";"0";"0";"0";"0";"1 568";"133";"0";"0";"0";"0";"10 556";"7";"51";G2;PROPRIETE DIVISEE EN LOT;G2a;G2;99;1;MEME COMMUNE;;"7";"7";"7";"[""NULL""]";"0";;RNC_AI4856498;AI4856498;2024-01-22 00:00:00.0;2024-01-22 00:00:00.0;CABINET CHARLES BAUMANN 35308281100020;non;oui;930100000H0402;Plusieurs copropriétés immatriculées;1_1;"3";OUI;"93 010";"93";"200 054 781";Métropole du Grand Paris;"2 023";"6";"236";"122";"10 380";"8 855";"0";"122";"0";"0";"0";"0";"0";"0";"0";"122";"0";"0";"0";"5";"36";"48";"27";"6";"6";"50";"50";"2,44";"0";"0";"49";111;-22.73;"0";"0";"0";"0";;professionnel;CABINET CHARLES BAUMANN 35308281100020;6832A;ROMAINVILLE;Mandat en cours;non connu;TERRASSES DU CANAL;Chemin latéral, Ilot C10 de la ZAC Les Rives de l'Ourcq, 93140 BONDY;non connu;non connu;non connu;0;2021-11-15 00:00:00.0;non;non;oui;non connu;0;0;0;240;134;123;106;0;0;0;A_COMPTER_DE_2011;93010;000;0H;0402;93010;000;0H;0404;93010;000;0H;0406;7;non;non connu;non renseigné;non connu;non connu;non connu;;;;;;;non renseigné;2023;3;0;0;0;0;0;0;0;mixte;oui;non renseigné;Non;Sans objet;non connu;non connu;5;non connu;"123";A_COMPTER_DE_2011;V;"0";{930100000H0402,930100000H0404,930100000H0406,930100000H0410,930100000H0414,930100000H0417,930100000H0419};{930100000H0402A,930100000H0402B,930100000H0402C,930100000H0402D,930100000H0402E,930100000H0402LC,930100000H0402PK};0;;"0";"0";661685.512800328;6867684.464096899;"661 685,475";"6 867 684,753";"661 685,513";"6 867 684,464";"0";0;1;0;"0";"0";0;0;0;0;0;0.917910447761194;"0";"0";0;"0";"0";"0";"0";"0";"0";"0";"24";"0";;;;;;;;;;;;0;"0";"0,398";"0";;"0";"0";"0";"1";"0";"0";"0";"0";"0";"0";;"0";0;"0";"0";"0";"0";"0";"2,143";;0;10;"0";"2,632";occup;"9";"6";"0";"1";"1";"1";a surveiller;"3 604,8";"249,251";; ;;;;;;;; ;;;;
"6 918";930100000H0402;93010*00851;"[""93010*00851""]";93010;BONDY;93;PDLMP;"7";"[""930100000H0402"",""930100000H0404"",""930100000H0406"",""930100000H0410"",""930100000H0414"",""930100000H0417"",""930100000H0419""]";"3 611";CL;"2 023";"2 023";"2 023";"2 023";"7";"3 611";10;TERRAINS A BATIR;"3 611";"0";"0";"0";"0";"0";"0";"0";"0";"0";"0";"3 045";"0";"0";"566";"243";"1";"1";"1";"1";"0";"120";"4";APPARTEMENT;"7";"122";"0";"122";"122";"7 654";"1 201";"0";"0";"0";"0";"0";"0";"0";"0";"0";"0";"1 568";"133";"0";"0";"0";"0";"10 556";"7";"51";G2;PROPRIETE DIVISEE EN LOT;G2a;G2;99;1;MEME COMMUNE;;"7";"7";"7";"[""NULL""]";"0";;RNC_AI4856316;AI4856316;2024-01-22 00:00:00.0;2024-01-22 00:00:00.0;CABINET CHARLES BAUMANN 35308281100020;non;oui;930100000H0402;Plusieurs copropriétés immatriculées;1_1;"3";OUI;"93 010";"93";"200 054 781";Métropole du Grand Paris;"2 023";"6";"236";"122";"10 380";"8 855";"0";"122";"0";"0";"0";"0";"0";"0";"0";"122";"0";"0";"0";"5";"36";"48";"27";"6";"6";"50";"50";"2,44";"0";"0";"49";111;-22.73;"0";"0";"0";"0";;professionnel;CABINET CHARLES BAUMANN 35308281100020;6832A;ROMAINVILLE;Mandat en cours;non connu;TERRASSES DU CANAL;Chemin latéral, Ilot C10 de la ZAC Les Rives de l'Ourcq, 93140 BONDY;non connu;non connu;non connu;0;2021-11-15 00:00:00.0;non;non;oui;non connu;0;0;0;240;134;123;106;0;0;0;A_COMPTER_DE_2011;93010;000;0H;0402;93010;000;0H;0404;93010;000;0H;0406;7;non;non connu;non renseigné;non connu;non connu;non connu;;;;;;;non renseigné;2023;3;0;0;0;0;0;0;0;mixte;oui;non renseigné;Non;Sans objet;non connu;non connu;5;non connu;"123";A_COMPTER_DE_2011;V;"0";{930100000H0402,930100000H0404,930100000H0406,930100000H0410,930100000H0414,930100000H0417,930100000H0419};{930100000H0402A,930100000H0402B,930100000H0402C,930100000H0402D,930100000H0402E,930100000H0402LC,930100000H0402PK};0;;"0";"0";661685.512800328;6867684.464096899;"661 685,475";"6 867 684,753";"661 685,513";"6 867 684,464";"0";0;1;0;"0";"0";0;0;0;0;0;0.917910447761194;"0";"0";0;"0";"0";"0";"0";"0";"0";"0";"24";"0";;;;;;;;;;;;0;"0";"0,398";"0";;"0";"0";"0";"1";"0";"0";"0";"0";"0";"0";;"0";0;"0";"0";"0";"0";"0";"2,143";;0;10;"0";"2,632";occup;"9";"6";"0";"1";"1";"1";a surveiller;"3 604,8";"249,251";; ;;;;;;;; ;;;;
"6 919";930100000H0402;93010*00851;"[""93010*00851""]";93010;BONDY;93;PDLMP;"7";"[""930100000H0402"",""930100000H0404"",""930100000H0406"",""930100000H0410"",""930100000H0414"",""930100000H0417"",""930100000H0419""]";"3 611";CL;"2 023";"2 023";"2 023";"2 023";"7";"3 611";10;TERRAINS A BATIR;"3 611";"0";"0";"0";"0";"0";"0";"0";"0";"0";"0";"3 045";"0";"0";"566";"243";"1";"1";"1";"1";"0";"120";"4";APPARTEMENT;"7";"122";"0";"122";"122";"7 654";"1 201";"0";"0";"0";"0";"0";"0";"0";"0";"0";"0";"1 568";"133";"0";"0";"0";"0";"10 556";"7";"51";G2;PROPRIETE DIVISEE EN LOT;G2a;G2;99;1;MEME COMMUNE;;"7";"7";"7";"[""NULL""]";"0";;RNC_AH7793714;AH7793714;2022-10-03 00:00:00.0;2022-10-03 00:00:00.0;PICHET IMMOBILIER SERVICES 43229623400029;non;oui;930100000H0402;Plusieurs copropriétés immatriculées;1_1;"3";OUI;"93 010";"93";"200 054 781";Métropole du Grand Paris;"2 023";"6";"236";"122";"10 380";"8 855";"0";"122";"0";"0";"0";"0";"0";"0";"0";"122";"0";"0";"0";"5";"36";"48";"27";"6";"6";"50";"50";"2,44";"0";"0";"49";111;-22.73;"0";"0";"0";"0";;professionnel;PICHET IMMOBILIER SERVICES 43229623400029;6832A;PESSAC;Mandat en cours;non connu;LES TERRASSES DU CANAL;25 che lateral 93140 Bondy;non connu;non connu;non connu;0;2021-11-15 00:00:00.0;non;non;oui;non connu;0;0;0;240;134;134;106;0;0;0;A_COMPTER_DE_2011;93010;000;0H;0419;93010;000;0H;0417;93010;000;0H;0414;7;non;non connu;non renseigné;non connu;non connu;non connu;;;;;;;non renseigné;2021;0;0;0;0;0;0;0;1;collectif;oui;non renseigné;Non renseigné;Non renseigné;non connu;non connu;;ADRNIVX_0000000268242934;"134";A_COMPTER_DE_2011;V;"0";{930100000H0402,930100000H0404,930100000H0406,930100000H0410,930100000H0414,930100000H0417,930100000H0419};{930100000H0402A,930100000H0402B,930100000H0402C,930100000H0402D,930100000H0402E,930100000H0402LC,930100000H0402PK};1_RNIC;;"0";"0";661668.6978491567;6867711.572546288;"661 695,689";"6 867 690,902";"661 668,698";"6 867 711,573";"0";0;1;0;"0";"0";0;0;0;0;0;1;"0";"0";0;"0";"0";"0";"0";"0";"0";"0";"24";"0";;;;;;;;;;;;0;"0";"0,366";"0";;"0";"0";"0";"1";"0";"0";"0";"0";"0";"0";;"0";0;"0";"0";"0";"0";"0";"2,143";;0;10;"0";"2,632";occup;"9";"6";"0";"1";"1";"1";a surveiller;"3 604,8";"249,251";; ;;;;;;;; ;;;;
"6 934";930100000J0027;93010*00730;"[""93010*00730""]";93010;BONDY;93;SIMPLE;"1";"[""930100000J0027""]";"345";CL;"2 008";"2 008";"2 008";"2 008";"1";"345";13;SOL;"345";"0";"0";"0";"0";"0";"0";"0";"0";"0";"0";"0";"0";"0";"345";"15";"0";"0";"0";"0";"0";"8";"0";DEPENDANCE;"2";"7";"0";"7";"7";"333";"44";"2";"0";"5";"0";"0";"0";"0";"0";"0";"0";"80";"0";"0";"0";"0";"0";"457";"1";"6";G2;PROPRIETE DIVISEE EN LOT;G2a;G2;99;1;MEME COMMUNE;;"1";"1";"1";"[""C1C5PXZWPXN6"",""GM7KSWBY77VV""]";"2";"121";RNC_AE5030119;AE5030119;2019-02-07 00:00:00.0;2019-01-16 00:00:00.0;LOGIM IDF 83517005100022;non connu;non connu;930100000J0027;Copropriété immatriculée;1_1;"1";OUI;"93 010";"93";"200 054 781";Métropole du Grand Paris;"2 008";"2";"15";"7";"457";"377";"0";"7";"5";"5";"0";"0";"0";"0";"0";"0";"2";"0";"0";"1";"2";"3";"1";"0";"5";"5";"4";"1,75";"2";"0";"1";1;-27.00;"0";"0";"2";"1";;non connu;non connu;non connu;non connu;Pas de mandat en cours;2024-03-26 00:00:00.0;Villa Fleury II;14 vla fleury 93140 Bondy;non connu;non connu;non connu;0;2007-06-30 00:00:00.0;non;non;oui;non connu;0;0;0;15;7;7;8;0;0;0;NON_CONNUE;93010;000;0J;0027;;;;;;;;;1;non;non connu;non;2018-01-01 00:00:00.0;2018-12-31 00:00:00.0;15/01/2019;11764.31;3031.71;1429.04;6232.82;4;1009.5;non;non renseigné;0;0;0;0;0;0;0;1;individuel;non renseigné;non renseigné;Non renseigné;Non renseigné;non connu;non connu;0;non connu;"7";DE_2001_A_2010;V;"1";{930100000J0027};{930100000J002701,930100000J0027A};2_RNIC_FF;C1C5PXZWPXN6,GM7KSWBY77VV;"2";"121";661763.2838476778;6867327.0759319635;"661 745,296";"6 867 330,178";"661 763,284";"6 867 327,076";"0";0;1;;"0";"0";0;0;0;0;;1;"0";"1";0;"0";"0";"0";"100";"0";"0,714";"1";"0";"0";0.8;1;0;0.42124976851883141548;1;0;0.09658272968000854284;0;;1680.6157142857142857;1;0;"0";"0,143";"0";1;"0";"0";"1";"0";"0";"0";"0";"0";"0";"0";;"0";0;"0";"0";"1";"0";"0";"3,158";5;3.3333333333333335;0;"5";"3,478";mixte;"22";"8";"5";"5";"2";"2";a surveiller;"346,124";"89,455";Gaz;F;;;;;;;;gaz;F;;;
"6 935";930100000J0030;93010*00190;"[""93010*00190""]";93010;BONDY;93;PDLMP;"2";"[""930100000J0030"",""930100000J0142""]";"508";CL;"1 934";"1 934";"1 934";"1 934";"2";"508";13;SOL;"508";"0";"0";"0";"0";"0";"0";"0";"0";"0";"0";"0";"0";"0";"508";"2";"0";"0";"0";"0";"0";"0";"0";MAISON;"2";"2";"2";"0";"2";"164";"136";"0";"0";"0";"2";"0";"0";"0";"0";"0";"0";"0";"0";"0";"0";"0";"0";"300";"2";"3";G2;PROPRIETE DIVISEE EN LOT;G2a;G2;99;1;MEME COMMUNE;;"2";"2";"2";"[""GFMSYRAWXYVW"",""HJ337WAT3E8W"",""MW1GFKB2BNAG""]";"3";"111";FF_930100000J0030;;;;;;;930100000J0030;Copropriété non immatriculée;;"0";;"93 010";"93";"200 054 781";Métropole du Grand Paris;"1 934";"2";"2";"2";"300";"300";"2";"0";"2";"0";"0";"2";"0";"0";"0";"0";"0";"0";"0";"0";"0";"1";"0";"1";"0";"2";"2";"1";"0";"0";"0";;;"0";"0";"0";"0";;;;;;;;;20 VLA FLEURY, BONDY;;;;;;;;;;;;;;;;;;;;;;;;;;;;;;;;;;;;;;;;;;;;;;;;;;;;;;;;;;;;;;;;;"2";AVANT_1949;H;"0";{930100000J0030,930100000J0142};{930100000J0030A,930100000J0030B};2_FF;GFMSYRAWXYVW,HJ337WAT3E8W,MW1GFKB2BNAG;"3";"111";;;"661 735,232";"6 867 300,367";"661 735,232";"6 867 300,367";"1";;;;"0";"0";;;;;;1;"0";"0";0;"0";"0";"0";"0";"0";"0";"0";"0";"0";;;;;;;;;;;;0;"0";"0";"0";;"0";"0";"1";"0";"-1";"-1";"-1";"-1";"0";"0";-1;"-1";;"-1";"0";"0";"0";"0";"3,333";;1.6666666666666667;0;"0";"1,905";gestion;"11";"4";"0";"3";"4";"0";autres;"513,614";"122,079";Gaz;F;;;;;;;; ;;;;
"6 936";930100000J0031;93010*00156;"[""93010*00156""]";93010;BONDY;93;SIMPLE;"1";"[""930100000J0031""]";"598";CL;"0";"0";"0";"0";"1";"598";13;SOL;"598";"0";"0";"0";"0";"0";"0";"0";"0";"0";"0";"0";"0";"0";"598";"29";"0";"0";"0";"0";"0";"20";"0";DEPENDANCE;"2";"9";"0";"9";"9";"480";"0";"0";"0";"9";"0";"0";"0";"0";"0";"0";"0";"172";"0";"0";"0";"0";"0";"652";"1";"7";G2;PROPRIETE DIVISEE EN LOT;G2a;G2;99;1;MEME COMMUNE;;"1";"1";"1";"[""5HT4FH8KAPHY"",""M17HV46DFXXM""]";"2";"314";FF_930100000J0031;;;;;;;930100000J0031;Copropriété non immatriculée;;"0";;"93 010";"93";"200 054 781";Métropole du Grand Paris;"0";"2";"29";"9";"652";"480";"0";"9";"9";"9";"0";"0";"0";"0";"0";"0";"0";"0";"0";"1";"0";"8";"0";"0";"0";"6";"1";"9";"0";"0";"1";;;"0";"0";"1";"1";;;;;;;;;22 VLA FLEURY, BONDY;;;;;;;;;;;;;;;;;;;;;;;;;;;;;;;;;;;;;;;;;;;;;;;;;;;;;;;;;;;;;;;;;"9";;V;"1";{930100000J0031};{930100000J003101,930100000J0031A};2_FF;5HT4FH8KAPHY,M17HV46DFXXM;"2";"314";;;"661 734,649";"6 867 289,488";"661 734,649";"6 867 289,488";"1";;;;"0";"0";;;;;;1;"0";"1";0;"0";"0";"0";"0";"1";"0";"0";"0";"0";;;;;;;;;;;;0;"0";"0,111";"0";;"0";"0";"1";"0";"0";"0";"0";"0";"0";"0";;"0";;"0";"0";"1";"0";"0";"7,273";;1.4285714285714286;0;"10";"4,583";bati;"12";"5";"0";"4";"2";"1";présumée fragile;"597,31";"125,547";Mixte (gaz + élec);E;;;;;;;;mixte;;;;
"6 941";930100000J0037;93010*00866;"[""93010*00866""]";93010;BONDY;93;SIMPLE;"1";"[""930100000J0037""]";"748";CL;"1 967";"1 967";"1 967";"1 967";"1";"748";13;SOL;"748";"0";"0";"0";"0";"0";"0";"0";"0";"0";"0";"0";"0";"0";"748";"40";"0";"0";"0";"0";"0";"25";"0";DEPENDANCE;"2";"15";"0";"15";"15";"657";"0";"2";"0";"13";"0";"0";"0";"0";"0";"0";"0";"243";"0";"0";"0";"0";"0";"900";"1";"1";G2;PROPRIETE DIVISEE EN LOT;G2a;G2;99;1;MEME COMMUNE;;"1";"1";"1";"[""HHP8PYMA2YMF"",""RDXD1EFDP6ST""]";"2";"279";RNC_AI2523876;AI2523876;2023-07-26 00:00:00.0;2023-07-26 00:00:00.0;FONCIA CHADEFAUX LECOQ 59202763500032;non;non;930100000J0037;Copropriété immatriculée;1_1;"1";NON;"93 010";"93";"200 054 781";Métropole du Grand Paris;"0";"0";"0";"0";"900";"657";"0";"0";"0";"0";"0";"0";"0";"0";"0";"0";"0";"0";"0";"0";"0";"0";"0";"0";"0";"0";"0";"0";"0";"0";"0";;;"0";"0";"19";"2";;professionnel;FONCIA CHADEFAUX LECOQ 59202763500032;6831Z;AUBERVILLIERS;Mandat en cours;2025-06-30 00:00:00.0;SDC 34 Villa Fleury 93140 BONDY;34 vla fleury 93140 Bondy;non connu;non connu;non connu;0;2023-07-26 00:00:00.0;non;non;oui;non connu;;;;43;15;15;11;0;0;0;DE_1961_A_1974;93010;000;0J;0037;;;;;;;;;1;non;non connu;non renseigné;non connu;non connu;non connu;;;;;;;non renseigné;1965;0;0;0;0;0;0;0;2;non renseigné;non renseigné;non renseigné;Non renseigné;Non renseigné;non connu;non connu;;ADRNIVX_0000000268253523;"15";DE_1961_A_1974;;"0";{930100000J0037};{930100000J003701,930100000J0037A};1_RNIC_FF;HHP8PYMA2YMF,RDXD1EFDP6ST;"2";"279";661756.0862281724;6867236.2712303605;"661 733,599";"6 867 228,171";"661 756,086";"6 867 236,271";"0";0;1;0;"0";"0";0;;;;0;1;"0";"0";;"0";"0";"0";"0";"0";"0";"0";"0";"0";;;;;;;;;;;;0;"0";"0";"0";;"0";"0";"1";"0";"0";"0";"0";"0";"0";"0";;"0";0;"0";"0";"1";"0";"0";"2,5";;1.6666666666666667;;"5";"2,727";bati;"10";"5";"0";"3";"0";"2";a surveiller;"747,983";"132,57";Gaz;D;;;;;;;;gaz;D;;;
"6 947";930100000J0054;93010*00751;"[""93010*00751""]";93010;BONDY;93;SIMPLE;"1";"[""930100000J0054""]";"225";CL;"2 010";"2 010";"2 010";"2 010";"1";"225";13;SOL;"225";"0";"0";"0";"0";"0";"0";"0";"0";"0";"0";"0";"0";"0";"225";"5";"0";"0";"0";"0";"0";"3";"0";DEPENDANCE;"1";"2";"0";"2";"2";"130";"0";"0";"0";"0";"1";"1";"0";"0";"0";"0";"0";"41";"0";"0";"0";"0";"0";"171";"1";"3";G2;PROPRIETE DIVISEE EN LOT;G2a;G2;99;1;MEME COMMUNE;;"1";"1";"1";"[""8QTZ8NSV42BP"",""DJACP1997HS4""]";"2";"118";FF_930100000J0054;;;;;;;930100000J0054;Copropriété non immatriculée;;"0";;"93 010";"93";"200 054 781";Métropole du Grand Paris;"2 010";"1";"5";"2";"171";"130";"0";"2";"2";"0";"0";"1";"1";"0";"0";"0";"0";"0";"0";"0";"1";"1";"0";"0";"0";"2";"2";"1";"0";"0";"1";;;"0";"0";"0";"0";;;;;;;;;6 IMP FERNAND POTTIER, BONDY;;;;;;;;;;;;;;;;;;;;;;;;;;;;;;;;;;;;;;;;;;;;;;;;;;;;;;;;;;;;;;;;;"2";DE_2001_A_2010;V;"0";{930100000J0054};{930100000J0054A};2_FF;8QTZ8NSV42BP,DJACP1997HS4;"2";"118";;;"661 779,73";"6 867 329,564";"661 779,73";"6 867 329,564";"1";;;;"0";"0";;;;;;1;"0";"0";0;"0";"0";"0";"0";"0";"0";"0";"0";"0";;;;;;;;;;;;0;"0";"0,5";"1";;"0";"0";"1";"0";"-1";"-1";"-1";"-1";"0";"0";-1;"-1";;"-1";"0";"0";"0";"0";"3,333";;2.857142857142857;0;"0";"2,273";gestion;"12";"4";"0";"4";"4";"0";autres;"224,134";"64,878";Gaz;D;;;;;;;;electricite;;;;
"6 966";930100000J0236;93010*00541;"[""93010*00541""]";93010;BONDY;93;PDLMP;"4";"[""930100000J0236"",""930100000J0253"",""930100000J0286"",""930100000J0295""]";"6 659";CLV;"1 993";"2 006";"1 993";"2 002";"4";"6 659";13;SOL;"6 659";"0";"0";"0";"0";"0";"0";"0";"0";"0";"0";"0";"0";"0";"6 659";"454";"26";"12";"25";"25";"1";"241";"67";DEPENDANCE;"14";"187";"0";"187";"187";"11 347";"449";"19";"0";"112";"53";"3";"0";"4";"1";"0";"63";"3 213";"11 234";"690";"333";"300";"0";"27 233";"4";"128";G2;PROPRIETE DIVISEE EN LOT;G2a;G2;99;1;MEME COMMUNE;;"4";"4";"4";"[""458GTR3GKHR6"",""ASEQB4JP5MHZ"",""AYAFHMM5615K"",""EJ2E6A99TNMZ"",""GPJFQQKSQ5CQ"",""NKFK7353H1G8"",""VTQ8T488NT3K"",""WW38S36CPZD4"",""Y2BXW7PRDPQA""]";"9";"5 808";RNC_AB6291884;AB6291884;2017-12-04 00:00:00.0;2024-05-13 00:00:00.0;QUADRAL PROPERTY 53960795200063;non;non;930100000J0236;Plusieurs copropriétés immatriculées;1_1;"2";OUI;"93 010";"93";"200 054 781";Métropole du Grand Paris;"1 993";"13";"453";"187";"27 218";"11 796";"0";"187";"168";"55";"57";"53";"3";"0";"0";"0";"19";"3";"1";"21";"49";"80";"30";"7";"6";"127";"102";"1,833";"20";"2";"15";30;-58.47;"0";"0";"108";"0";C,C,C,C,C,C;professionnel;QUADRAL PROPERTY 53960795200063;6831Z;PARIS 9;Mandat en cours;2024-09-30 00:00:00.0;RESIDENCE BONDY;2 r arthur rimbaud 93140 Bondy;8-12 r auguste polissard 93140 Bondy;4 r arthur rimbaud 93140 Bondy;non connu;2;2009-12-22 00:00:00.0;non;non;oui;non connu;0;0;0;138;63;60;70;0;0;0;DE_1961_A_1974;93010;000;0J;0253;93010;000;0J;0236;;;;;2;non;non connu;non;2022-01-01 00:00:00.0;2022-12-31 00:00:00.0;12/09/2023;155346.0;0.0;0.0;5665.0;2;27579.0;non;1970;0;0;0;0;0;0;0;1;collectif;non;gaz_naturel;Non;Sans objet;non connu;non connu;2;non connu;"60";DE_1975_A_1993;V;"0,667";{930100000J0236,930100000J0253,930100000J0286,930100000J0295};{930100000J023601,930100000J023602,930100000J0236A,930100000J0236B,930100000J0236C,930100000J0236D,930100000J0236E,930100000J0236F,930100000J0236G,930100000J0236H,930100000J0236J,930100000J0236K,930100000J0236L,930100000J0236M};2_RNIC;458GTR3GKHR6,ASEQB4JP5MHZ,AYAFHMM5615K,EJ2E6A99TNMZ,GPJFQQKSQ5CQ,NKFK7353H1G8,VTQ8T488NT3K,WW38S36CPZD4,Y2BXW7PRDPQA;"9";"5 808";661908.4049391631;6867334.014461573;"661 872,227";"6 867 357,372";"661 908,405";"6 867 334,014";"0";0;0;0;"0";"0";0;0;0;0;0;0.9523809523809523;"0";"0";0.3048128342245989;"0";"2";"0";"57";"0";"0";"0";"6";"0";0.015748031496062992;0;0;0.03646698337903776087;0;0;0.000000000000000000000000;0;2402.3174603174603175;;0;0.016666666666666666;"0";"0,25";"0";;"0";"0";"1";"0";"-1";"0";"-1";"0";"4";"0";;"0";0;"0";"0";"0";"0";"0";"0";0;10;;"0";"0,323";marche;"15";"6";"5";"1";"0";"3";autres;"6 664,955";"328,199";Gaz;D;oui;28/10/2024;;;;;;gaz;D;;;
"6 967";930100000J0236;93010*00541;"[""93010*00541""]";93010;BONDY;93;PDLMP;"4";"[""930100000J0236"",""930100000J0253"",""930100000J0286"",""930100000J0295""]";"6 659";CLV;"1 993";"2 006";"1 993";"2 002";"4";"6 659";13;SOL;"6 659";"0";"0";"0";"0";"0";"0";"0";"0";"0";"0";"0";"0";"0";"6 659";"454";"26";"12";"25";"25";"1";"241";"67";DEPENDANCE;"14";"187";"0";"187";"187";"11 347";"449";"19";"0";"112";"53";"3";"0";"4";"1";"0";"63";"3 213";"11 234";"690";"333";"300";"0";"27 233";"4";"128";G2;PROPRIETE DIVISEE EN LOT;G2a;G2;99;1;MEME COMMUNE;;"4";"4";"4";"[""458GTR3GKHR6"",""ASEQB4JP5MHZ"",""AYAFHMM5615K"",""EJ2E6A99TNMZ"",""GPJFQQKSQ5CQ"",""NKFK7353H1G8"",""VTQ8T488NT3K"",""WW38S36CPZD4"",""Y2BXW7PRDPQA""]";"9";"5 808";RNC_AA8170078;AA8170078;2017-08-03 00:00:00.0;2023-08-26 00:00:00.0;GCI LE PRE 84463672000014;non;non;930100000J0236;Plusieurs copropriétés immatriculées;1_1;"2";OUI;"93 010";"93";"200 054 781";Métropole du Grand Paris;"1 993";"13";"453";"187";"27 218";"11 796";"0";"187";"168";"55";"57";"53";"3";"0";"0";"0";"19";"3";"1";"21";"49";"80";"30";"7";"6";"127";"102";"1,833";"20";"2";"15";30;-58.47;"0";"0";"108";"0";C,C,C,C,C,C;professionnel;GCI LE PRE 84463672000014;6831Z;LE PRE SAINT GERVAIS;Mandat en cours;2026-03-15 00:00:00.0;SDC LE COEUR VILLE;7 pl arthur rimbaud 93140 Bondy;6 r arthur rimbaud 93140 Bondy;non connu;non connu;1;1991-12-23 00:00:00.0;non;non;oui;non connu;0;0;0;135;65;65;70;0;0;0;DE_1975_A_1993;93010;000;0J;0236;;;;;;;;;1;non;non connu;non;2022-01-01 00:00:00.0;2022-12-31 00:00:00.0;16/03/2023;101919.0;0.0;6633.0;8987.0;5;27857.0;non;1991;0;0;0;0;0;0;0;2;individuel;non renseigné;non renseigné;Non renseigné;Non renseigné;non connu;non connu;2;non connu;"65";DE_1975_A_1993;V;"0,667";{930100000J0236,930100000J0253,930100000J0286,930100000J0295};{930100000J023601,930100000J023602,930100000J0236A,930100000J0236B,930100000J0236C,930100000J0236D,930100000J0236E,930100000J0236F,930100000J0236G,930100000J0236H,930100000J0236J,930100000J0236K,930100000J0236L,930100000J0236M};2_RNIC;458GTR3GKHR6,ASEQB4JP5MHZ,AYAFHMM5615K,EJ2E6A99TNMZ,GPJFQQKSQ5CQ,NKFK7353H1G8,VTQ8T488NT3K,WW38S36CPZD4,Y2BXW7PRDPQA;"9";"5 808";661799.060811724;6867338.627148988;"661 835,785";"6 867 373,894";"661 799,061";"6 867 338,627";"0";0;0;0;"0";"0";0;0;0;0;0;1;"0";"0";0.3048128342245989;"0";"2";"0";"57";"0";"0";"0";"6";"0";0.03937007874015748;0;0;0.08817786673731100187;0;0;0.06508109380979012745;0;;1506.4461538461538462;1;0.015384615384615385;"0";"0,231";"0";;"0";"0";"1";"0";"-1";"0";"-1";"0";"4";"0";;"0";0;"0";"0";"0";"0";"0";"0";1;10;;"0";"0,645";marche;"15";"6";"5";"1";"0";"3";autres;"6 664,955";"328,199";Gaz;D;oui;28/10/2024;;;;;;gaz;D;;;
"6 972";930100000J0259;93010*00567;"[""93010*00567""]";93010;BONDY;93;SIMPLE;"1";"[""930100000J0259""]";"1 878";CLV;"1 994";"1 994";"1 994";"1 994";"1";"1 878";13;SOL;"1 878";"0";"0";"0";"0";"0";"0";"0";"0";"0";"0";"0";"0";"0";"1 878";"162";"2";"2";"2";"2";"0";"69";"2";APPARTEMENT;"5";"91";"0";"91";"91";"3 689";"179";"11";"0";"34";"45";"1";"0";"3";"0";"0";"0";"864";"1 200";"50";"0";"0";"0";"5 982";"1";"95";G2;PROPRIETE DIVISEE EN LOT;G2a;G2;99;1;MEME COMMUNE;;"1";"1";"1";"[""DXMY2WYNFR5N""]";"1";"1 869";RNC_AB2351013;AB2351013;2017-10-09 00:00:00.0;2018-01-15 00:00:00.0;BERYL IMMOBILIER 39908255100041;non;non;930100000J0259;Copropriété immatriculée;3_2;"1";OUI;"93 010";"93";"200 054 781";Métropole du Grand Paris;"1 994";"5";"162";"91";"5 982";"3 868";"0";"91";"73";"34";"0";"38";"1";"7";"0";"0";"11";"1";"0";"32";"40";"15";"4";"0";"2";"94";"91";"1";"11";"0";"31";27;-47.11;"1";"0";"26";"1";;professionnel;BERYL IMMOBILIER 39908255100041;6832A;PARIS 11;Mandat en cours;2026-06-30 00:00:00.0;LE VIRGINIA - RIMBAUD-THOREL;14 r auguste polissard 93140 Bondy;3 Rue Arthur Rimabaud - 4 Villa Thorel 93140 BONDY;3 Rue Arthur Rimabaud - 4 Villa Thorel 93140 BONDY;non connu;2;1993-07-12 00:00:00.0;non;non;oui;non connu;0;0;0;165;91;91;0;0;0;0;AVANT_1949;;;;;;;;;;;;;0;non;non connu;non;2016-01-01 00:00:00.0;2016-12-31 00:00:00.0;10/05/2017;127913.75;0.0;32996.02;60042.54;14;0.0;non;non renseigné;0;0;0;0;0;0;0;1;individuel;non renseigné;non renseigné;Non renseigné;Non renseigné;non connu;non connu;2;non connu;"91";DE_1994_A_2000;V;"0,466";{930100000J0259};{930100000J0259A,930100000J0259B,930100000J0259C,930100000J0259E,930100000J0259F};2_RNIC_FF;DXMY2WYNFR5N;"1";"1 869";661904.9091465297;6867326.3645095;"661 875,407";"6 867 300,553";"661 904,909";"6 867 326,365";"0";0;1;0;"0";"0";0;0;0;0;0;0.978494623655914;"0";"0";0;"0";"3";"0";"48";"1";"0,022";"0";"4";"0";0.14893617021276595;0;0;0.46939863775395530191;1;0;0.25795522373474313747;1;;1361.6895604395604396;0;0;"0";"0,341";"0";1;"1";"0";"1";"0";"-1";"0";"-1";"0";"5";"0";0.0958904109589041;"0";0;"0";"0";"0";"0";"0";"2,381";5;3.3333333333333335;0;"0";"2,6";finan;"25";"9";"5";"5";"4";"2";a surveiller;"1 880,07";"185,63";Electricité;D;;;;;;;;electricite;D;;;
"6 973";930100000J0264;93010*00611;"[""93010*00611""]";93010;BONDY;93;SIMPLE;"1";"[""930100000J0264""]";"1 618";CL;"1 997";"1 997";"1 997";"1 997";"1";"1 618";13;SOL;"1 618";"0";"0";"0";"0";"0";"0";"0";"0";"0";"0";"0";"0";"0";"1 618";"185";"5";"3";"5";"5";"0";"89";"16";APPARTEMENT;"2";"91";"0";"91";"91";"4 028";"323";"9";"0";"39";"42";"1";"0";"1";"0";"0";"0";"1 108";"383";"10";"0";"12";"0";"5 864";"1";"97";G1 G2;SOCIETE CIVILE A VOCATION IMMOBILIERE ET PROPRIETE DIVISEE EN LOT;G1b G2a;G2;G1;4;FRANCE METROPOLITAINE;;"1";"1";"1";"[""GWXW8Z42D15T""]";"1";"956";RNC_AB2457612;AB2457612;2017-10-11 00:00:00.0;2024-04-21 00:00:00.0;FONCIA CHADEFAUX LECOQ 59202763500032;non;non;930100000J0264;Plusieurs copropriétés immatriculées;3_2;"2";OUI;"93 010";"93";"200 054 781";Métropole du Grand Paris;"1 997";"2";"185";"91";"5 864";"4 351";"0";"91";"80";"39";"0";"40";"1";"2";"0";"0";"9";"1";"0";"40";"32";"7";"10";"2";"4";"96";"90";"1,011";"9";"0";"34";62;-42.55;"0";"0";"21";"1";;professionnel;FONCIA CHADEFAUX LECOQ 59202763500032;6831Z;AUBERVILLIERS;Mandat en cours;2025-06-30 00:00:00.0;LE MAINGUY;55 r jules guesde 93140 Bondy;57 r jules guesde 93140 Bondy;non connu;non connu;1;1969-02-26 00:00:00.0;non;non;oui;non connu;0;0;0;215;72;72;75;0;0;0;DE_1961_A_1974;;;;;;;;;;;;;0;non;non connu;non;2023-01-01 00:00:00.0;2023-12-31 00:00:00.0;16/04/2024;229643.0;0.0;31447.0;97747.0;17;55891.0;non;non renseigné;0;0;0;0;0;0;0;1;collectif;non;fioul_domestique;Non;Sans objet;15;90.0;2;non connu;"72";DE_1994_A_2000;V;"0,488";{930100000J0264};{930100000J0264A,930100000J0264B};2_RNIC;GWXW8Z42D15T;"1";"956";661843.1781823436;6867247.5951049;"661 886,99";"6 867 248,959";"661 843,178";"6 867 247,595";"0";0;0;0;"0";"0";0;0;0;0;0;1;"0";"0";0;"0";"1";"0";"62";"0";"0";"0";"4";"0";0.17708333333333334;0;0;0.42564763567798713656;1;1;0.13693863954050417387;0;3133.9305555555555556;;1;0;"0";"0,472";"0";;"0";"0";"1";"0";"-1";"0";"0";"0";"2";"0";;"0";0;"0";"0";"0";"0";"0";"0";7;10;;"0";"2,759";marche;"14";"6";"5";"1";"0";"2";a surveiller;"1 608,363";"174,83";Gaz;D;;;;;;;;gaz;D;;;
"6 974";930100000J0264;93010*00611;"[""93010*00611""]";93010;BONDY;93;SIMPLE;"1";"[""930100000J0264""]";"1 618";CL;"1 997";"1 997";"1 997";"1 997";"1";"1 618";13;SOL;"1 618";"0";"0";"0";"0";"0";"0";"0";"0";"0";"0";"0";"0";"0";"1 618";"185";"5";"3";"5";"5";"0";"89";"16";APPARTEMENT;"2";"91";"0";"91";"91";"4 028";"323";"9";"0";"39";"42";"1";"0";"1";"0";"0";"0";"1 108";"383";"10";"0";"12";"0";"5 864";"1";"97";G1 G2;SOCIETE CIVILE A VOCATION IMMOBILIERE ET PROPRIETE DIVISEE EN LOT;G1b G2a;G2;G1;4;FRANCE METROPOLITAINE;;"1";"1";"1";"[""GWXW8Z42D15T""]";"1";"956";RNC_AA7646623;AA7646623;2017-07-27 00:00:00.0;2024-09-25 00:00:00.0;GESTION-TRANSACTION-CONSEIL-IMMOBILIER 44309750600036;non;non;930100000J0264;Plusieurs copropriétés immatriculées;3_2;"2";OUI;"93 010";"93";"200 054 781";Métropole du Grand Paris;"1 997";"2";"185";"91";"5 864";"4 351";"0";"91";"80";"39";"0";"40";"1";"2";"0";"0";"9";"1";"0";"40";"32";"7";"10";"2";"4";"96";"90";"1,011";"9";"0";"34";62;-42.55;"0";"0";"21";"1";;professionnel;GESTION-TRANSACTION-CONSEIL-IMMOBILIER 44309750600036;6832A;SAINT MAUR DES FOSSES;Mandat en cours;2025-06-30 00:00:00.0;LE REMBRANDT;22 r auguste polissard 93140 Bondy;5 vla thorel, 93140 Bondy;non connu;non connu;1;1996-02-08 00:00:00.0;non;non;oui;non connu;0;0;0;191;97;93;94;0;0;0;DE_1994_A_2000;;;;;;;;;;;;;0;non;non connu;non;2022-10-01 00:00:00.0;2023-09-30 00:00:00.0;17/06/2024;151770.0;0.0;23357.0;103620.0;22;28141.0;non;non renseigné;0;0;0;0;0;0;0;1;individuel;non renseigné;non renseigné;Non;Sans objet;17;90.0;2;non connu;"93";DE_1994_A_2000;V;"0,488";{930100000J0264};{930100000J0264A,930100000J0264B};2_RNIC;GWXW8Z42D15T;"1";"956";661902.6750975635;6867231.96850485;"661 886,99";"6 867 248,959";"661 902,675";"6 867 231,969";"0";0;0;0;"0";"0";0;0;0;0;0;0.9587628865979382;"0";"0";0;"0";"1";"0";"62";"0";"0";"0";"4";"0";0.22916666666666666;1;0;0.68274362522237596363;1;0;0.15389734466627133162;0;;1523.4020618556701031;1;0;"0";"0,366";"0";;"0";"0";"1";"0";"-1";"0";"0";"0";"2";"0";;"0";0;"0";"0";"0";"0";"0";"0";5;10;;"0";"2,069";marche;"14";"6";"5";"1";"0";"2";autres;"1 608,363";"174,83";Gaz;D;;;;;;;;gaz;D;;;
"6 976";930100000J0279;93010*00716;"[""93010*00716""]";93010;BONDY;93;SIMPLE;"1";"[""930100000J0279""]";"343";CL;"2 006";"2 006";"2 006";"2 006";"1";"343";13;SOL;"343";"0";"0";"0";"0";"0";"0";"0";"0";"0";"0";"0";"0";"0";"343";"12";"0";"0";"0";"0";"0";"6";"0";MIXTE;"2";"6";"0";"6";"6";"340";"56";"0";"0";"3";"3";"0";"0";"0";"0";"0";"0";"60";"0";"0";"0";"0";"0";"456";"1";"7";G2;PROPRIETE DIVISEE EN LOT;G2a;G2;99;1;MEME COMMUNE;;"1";"1";"1";"[""ZBWPQVFQZ3P8""]";"1";"151";RNC_AE3771359;AE3771359;2019-03-21 00:00:00.0;2019-03-20 00:00:00.0;AJASSOCIES 42371917800265;oui;non;930100000J0279;Copropriété immatriculée;1_1;"1";OUI;"93 010";"93";"200 054 781";Métropole du Grand Paris;"2 006";"2";"12";"6";"456";"396";"0";"6";"5";"3";"0";"2";"0";"1";"0";"0";"0";"0";"0";"2";"0";"1";"2";"1";"0";"6";"6";"1";"0";"0";"0";0;;"0";"0";"4";"0";;professionnel;AJASSOCIES 42371917800265;6910Z;PARIS 16;Mandat en cours;2025-04-20 00:00:00.0;16 VILLA FLEURY;16 vla fleury 93140 Bondy;non connu;non connu;non connu;0;2005-10-27 00:00:00.0;non;non;oui;non connu;0;0;0;12;6;6;6;0;0;0;NON_CONNUE;93010;000;0J;0279;;;;;;;;;1;non;non connu;oui;2018-01-01 00:00:00.0;2018-12-31 00:00:00.0;non connu;;;;;;;non renseigné;non renseigné;0;0;0;0;0;0;0;1;individuel;non renseigné;non renseigné;Non renseigné;Non renseigné;non connu;non connu;0;ADRNIVX_0000000268250872;"6";DE_2001_A_2010;V;"0,6";{930100000J0279};{930100000J027901,930100000J0279A};2_RNIC_FF;ZBWPQVFQZ3P8;"1";"151";661762.8637032177;6867318.960939158;"661 744,683";"6 867 319,81";"661 762,864";"6 867 318,961";"0";0;1;1;"0";"0";0;0;0;0;0;1;"0";"0";0;"0";"17";"0";"0";"1";"0";"0";"0";"0";;;;;;;;;;;;0;"0";"0";"0";;"0";"0";"1";"0";"0";"0";"0";"0";"33";"1";;"0";0;"0";"0";"0";"0";"0";"10";;1.4285714285714286;1.6666666666666667;"0";"1,842";gestion;"19";"9";"0";"4";"4";"2";autres;"344,525";"88,709";Gaz;C;;;;;;;; ;;;;
"6 980";930100000J0310;93010*00381;"[""93010*00381""]";93010;BONDY;93;PDLMP;"2";"[""930100000J0310"",""930100000J0312""]";"526";CL;"0";"0";"0";"0";"2";"526";13;SOL;"526";"0";"0";"0";"0";"0";"0";"0";"0";"0";"0";"0";"0";"0";"526";"32";"1";"1";"1";"1";"0";"20";"4";DEPENDANCE;"1";"11";"0";"11";"11";"507";"0";"2";"0";"4";"5";"0";"0";"0";"0";"0";"0";"192";"76";"0";"0";"0";"0";"775";"2";"18";G2;PROPRIETE DIVISEE EN LOT;G2a;G2;99;1;MEME COMMUNE;;"2";"2";"2";"[""4859W4WPK3TG"",""J74TGSYXBFE1""]";"2";"198";RNC_AB2575017;AB2575017;2017-10-12 00:00:00.0;2024-02-14 00:00:00.0;ATM SARL 34863116900045;non connu;non connu;930100000J0310;Copropriété immatriculée;2;"1";OUI;"93 010";"93";"200 054 781";Métropole du Grand Paris;"0";"1";"32";"11";"775";"507";"0";"11";"9";"4";"0";"5";"0";"0";"0";"0";"2";"0";"0";"2";"6";"3";"0";"0";"0";"17";"11";"1";"3";"0";"8";0;;"0";"0";"4";"1";;non connu;non connu;non connu;non connu;Pas de mandat en cours;2020-09-30 00:00:00.0;SDC LE MYKONOS;33 r jules guesde 93140 Bondy;non connu;non connu;non connu;0;1978-12-06 00:00:00.0;non;non;oui;;0;0;0;36;13;9;12;0;0;0;DE_1975_A_1993;93010;000;OJ;0312;;;;;;;;;1;non;non connu;non;2022-10-01 00:00:00.0;2023-09-30 00:00:00.0;06/02/2024;18469.0;0.0;1677.0;2368.0;2;794.0;non;non renseigné;0;0;0;0;0;0;0;1;individuel;non renseigné;non renseigné;Non renseigné;Non renseigné;non connu;non connu;0;non connu;"11";DE_1975_A_1993;V;"0,444";{930100000J0310,930100000J0312};{930100000J0310A};2_RNIC_FF;4859W4WPK3TG,J74TGSYXBFE1;"2";"198";661673.988369812;6867204.231983863;"661 683,264";"6 867 209,066";"661 673,988";"6 867 204,232";"0";1;0;;"0";"0";0;0;0;0;;0.9166666666666666;"0";"0";0;"0";"13";"0";"75";"0";"0";"0";"19";"0";0.11764705882352941;0;1;0.12821484649953976934;0;1;0.09080080134279062212;0;;1420.6923076923076923;0;0;"0";"0,727";"1";;"0";"0";"1";"0";"-1";"0";"-1";"0";"0";"0";-1;"0";0;"0";"0";"0";"0";"0";"1,579";3;2.857142857142857;0;"0";"1,739";finan;"23";"8";"5";"4";"4";"2";autres;"523,691";"97,032";Mixte (gaz + élec);E;oui;15/11/2024;;;;;;mixte;E;;;
"6 981";930100000J0314;93010*00237;"[""93010*00237""]";93010;BONDY;93;SIMPLE;"1";"[""930100000J0314""]";"1 487";CL;"1 967";"1 967";"1 967";"1 967";"1";"1 487";13;SOL;"1 487";"0";"0";"0";"0";"0";"0";"0";"0";"0";"0";"0";"0";"0";"1 487";"72";"8";"6";"7";"7";"1";"42";"25";DEPENDANCE;"1";"22";"0";"22";"22";"1 218";"0";"0";"0";"11";"10";"1";"0";"0";"0";"0";"0";"338";"393";"131";"0";"0";"79";"2 159";"1";"31";G2;PROPRIETE DIVISEE EN LOT;G2a;G2;99;2;MEME DEPARTEMENT;;"1";"1";"1";"[""9CQNX9ZM293Q"",""GFB3VX2D22KF"",""XYW9QT734BKD""]";"3";"559";RNC_AB2574028;AB2574028;2017-10-12 00:00:00.0;2023-10-19 00:00:00.0;ADRICIE GESTION SARL 80004494300010;non;non;930100000J0314;Copropriété immatriculée;3_1;"1";OUI;"93 010";"93";"200 054 781";Métropole du Grand Paris;"1 967";"1";"71";"22";"2 139";"1 218";"0";"22";"22";"11";"0";"10";"1";"0";"0";"0";"0";"0";"0";"2";"7";"11";"2";"0";"0";"31";"22";"1";"0";"0";"5";4;-58.00;"0";"0";"5";"2";;professionnel;ADRICIE GESTION SARL 80004494300010;6832A;VINCENNES;Mandat en cours;2025-06-30 00:00:00.0;SDC 37/41 RUE JULES GUESDE****;37 r jules guesde 93140 BONDY;non connu;non connu;non connu;0;1967-02-24 00:00:00.0;non;non;oui;;0;0;0;102;41;36;28;0;0;0;DE_1961_A_1974;;;;;;;;;;;;;0;non;non connu;non;2021-07-01 00:00:00.0;2022-06-30 00:00:00.0;28/03/2023;83438.0;0.0;38770.0;76440.0;28;5653.0;non;non renseigné;0;0;0;0;0;0;0;3;collectif;non;fioul_domestique;Non renseigné;Non renseigné;non connu;non connu;2;ADRNIVX_0000000268253527;"22";DE_1961_A_1974;V;"0,5";{930100000J0314};{930100000J0314A};2_RNIC_FF;9CQNX9ZM293Q,GFB3VX2D22KF,XYW9QT734BKD;"3";"559";661706.3260547494;6867216.583810534;"661 709,702";"6 867 213,145";"661 706,326";"6 867 216,584";"0";0;0;0;"0";"0";0;0;0;0;0;0.7333333333333333;"0";"0";0;"0";"4";"0";"55";"0";"0";"0";"4";"0";0.9032258064516129;1;1;0.91612934154701694671;1;0;0.46465639157218533522;1;1937.5121951219512195;;0;0;"0";"0,227";"0";1;"0";"0";"1";"0";"-1";"0";"-1";"1";"0";"0";0.22727272727272727;"0";0;"0";"0";"0";"0";"0";"0";6;3.3333333333333335;3.3333333333333335;"0";"2,2";finan;"25";"9";"5";"5";"4";"2";autres;"1 491,895";"161,803";Fioul;E;oui;01/10/2020;;;;;;fioul;E;;;
"6 982";930100000J0316;93010*00767;"[""93010*00767""]";93010;BONDY;93;SIMPLE;"1";"[""930100000J0316""]";"3 109";CL;"1 970";"1 970";"1 970";"1 970";"1";"3 109";13;SOL;"3 109";"0";"0";"0";"0";"0";"0";"0";"0";"0";"0";"0";"0";"0";"3 109";"223";"4";"4";"3";"3";"1";"150";"12";DEPENDANCE;"2";"69";"0";"69";"69";"2 833";"0";"8";"0";"35";"25";"1";"0";"2";"0";"0";"0";"1 060";"220";"55";"20";"0";"0";"4 168";"1";"73";G2 M1;PROPRIETE DIVISEE EN LOT ET PERSONNE MORALE AUTRE;G2a M1a;G2;M1;2;MEME DEPARTEMENT;;"1";"1";"1";"[""4SVYTEWACNYX"",""AAWZQ922K4VE"",""RZ1AD39WS644""]";"3";"761";FF_930100000J0316;;;;;;;930100000J0316;Copropriété non immatriculée;;"0";;"93 010";"93";"200 054 781";Métropole du Grand Paris;"1 970";"2";"222";"69";"4 168";"2 833";"0";"69";"60";"35";"0";"24";"1";"1";"0";"0";"8";"1";"0";"21";"39";"7";"0";"2";"7";"72";"65";"1,062";"9";"0";"24";;;"0";"0";"19";"4";;;;;;;;;55 RUE JULES GUESDE, BONDY;;;;;;;;;;;;;;;;;;;;;;;;;;;;;;;;;;;;;;;;;;;;;;;;;;;;;;;;;;;;;;;;;"69";DE_1961_A_1974;V;"0,583";{930100000J0316};{930100000J0316A,930100000J0316B};2_FF;4SVYTEWACNYX,AAWZQ922K4VE,RZ1AD39WS644;"3";"761";;;"661 778,244";"6 867 219,327";"661 778,244";"6 867 219,327";"1";;;;"0";"0";;;;;;0.9583333333333334;"0";"0";0;"0";"8";"0";"40";"1";"0,087";"0";"3";"0";;;;;;;;;;;;0;"0";"0,348";"0";;"0";"0";"1";"0";"0";"0";"0";"0";"8";"0";;"0";;"0";"0";"0";"0";"0";"4,545";;1.4285714285714286;0;"0";"2,308";gestion;"14";"5";"0";"4";"4";"1";autres;"3 124,652";"243,331";Fioul;F;oui;02/12/2021;oui;;"1";;05/01/2022;fioul;F;;;
"7 015";930100000L0006;93010*00267;"[""93010*00267""]";93010;BONDY;93;SIMPLE;"1";"[""930100000L0006""]";"518";CL;"1 910";"1 960";"1 910";"1 960";"1";"518";13;SOL;"518";"0";"0";"0";"0";"0";"0";"0";"0";"0";"0";"0";"0";"0";"518";"2";"0";"0";"0";"0";"0";"0";"0";MAISON;"2";"2";"2";"0";"2";"210";"27";"0";"0";"1";"0";"0";"0";"0";"0";"0";"0";"0";"0";"0";"0";"0";"0";"237";"1";"3";G2;PROPRIETE DIVISEE EN LOT;G2a;G2;99;1;MEME COMMUNE;;"1";"1";"1";"[""K66A5A617JQ1"",""SWDAXVJSJ94D""]";"2";"124";FF_930100000L0006;;;;;;;930100000L0006;Copropriété non immatriculée;;"0";;"93 010";"93";"200 054 781";Métropole du Grand Paris;"1 910";"2";"2";"2";"237";"237";"2";"0";"1";"1";"0";"0";"0";"0";"0";"1";"0";"0";"0";"0";"0";"0";"1";"1";"0";"2";"2";"1";"0";"0";"1";;;"1";"0";"0";"0";;;;;;;;;11 T RUE BOREL, BONDY;;;;;;;;;;;;;;;;;;;;;;;;;;;;;;;;;;;;;;;;;;;;;;;;;;;;;;;;;;;;;;;;;"2";AVANT_1949;H;"1";{930100000L0006};{930100000L0006A,930100000L0006B};2_FF;K66A5A617JQ1,SWDAXVJSJ94D;"2";"124";;;"662 350,113";"6 867 690,319";"662 350,113";"6 867 690,319";"1";;;;"0";"0";;;;;;1;"0";"1";0;"0";"0";"0";"0";"1";"0";"0";"0";"0";;;;;;;;;;;;0;"0";"0,5";"1";;"0";"0";"0";"1";"-1";"-1";"-1";"-1";"0";"0";-1;"-1";;"-1";"0";"0";"0";"0";"7,273";;1.4285714285714286;3.3333333333333335;"0";"4,231";gestion;"13";"5";"0";"4";"3";"1";présumée fragile;"523,821";"92,304";Gaz;D;;;;;;;;gaz;D;;;
"7 020";930100000L0030;93010*00130;"[""93010*00130""]";93010;BONDY;93;SIMPLE;"1";"[""930100000L0030""]";"282";CL;"1 911";"1 911";"1 911";"1 911";"1";"282";13;SOL;"282";"0";"0";"0";"0";"0";"0";"0";"0";"0";"0";"0";"0";"0";"282";"3";"0";"0";"0";"0";"0";"1";"0";MAISON;"1";"2";"2";"0";"2";"82";"0";"0";"0";"0";"2";"0";"0";"0";"0";"2";"0";"4";"0";"0";"0";"0";"0";"86";"1";"3";G2;PROPRIETE DIVISEE EN LOT;G2a;G2;99;1;MEME COMMUNE;;"1";"1";"1";"[""EJ463XNHDNGV"",""V3QNV6RQRJX8""]";"2";"89";FF_930100000L0030;;;;;;;930100000L0030;Copropriété non immatriculée;;"0";;"93 010";"93";"200 054 781";Métropole du Grand Paris;"1 911";"1";"3";"2";"86";"82";"2";"0";"2";"0";"0";"2";"0";"0";"0";"0";"0";"0";"0";"0";"1";"1";"0";"0";"0";"2";"2";"1";"0";"0";"1";;;"1";"1";"0";"0";;;;;;;;;6 B RUE LAUG, BONDY;;;;;;;;;;;;;;;;;;;;;;;;;;;;;;;;;;;;;;;;;;;;;;;;;;;;;;;;;;;;;;;;;"2";AVANT_1949;H;"0";{930100000L0030};{930100000L0030A};2_FF;EJ463XNHDNGV,V3QNV6RQRJX8;"2";"89";;;"662 387,893";"6 867 601,22";"662 387,893";"6 867 601,22";"1";;;;"0";"0";;;;;;1;"0";"0";0;"0";"50";"1";"0";"0";"0";"0";"0";"0";;;;;;;;;;;;0;"0";"0,5";"1";;"0";"0";"0";"1";"-1";"-1";"-1";"-1";"50";"1";-1;"-1";;"-1";"0";"1";"2";"1";"5,556";;1.4285714285714286;3.75;"10";"4,231";bati;"14";"4";"0";"4";"5";"1";présumée fragile;"279,864";"75,776";Gaz;F;;;;;;;;gaz;F;;;
"7 021";930100000L0033;93010*00098;"[""93010*00098""]";93010;BONDY;93;SIMPLE;"1";"[""930100000L0033""]";"327";CL;"1 910";"1 962";"1 910";"1 962";"2";"141";13;SOL;"141";"0";"0";"0";"0";"0";"0";"0";"0";"0";"0";"0";"0";"0";"141";"6";"0";"0";"0";"0";"0";"2";"0";APPARTEMENT;"2";"4";"1";"3";"4";"168";"0";"0";"0";"1";"3";"0";"0";"0";"0";"0";"0";"18";"0";"0";"0";"0";"0";"186";"1";"5";G2;PROPRIETE DIVISEE EN LOT;G2a;G2;99;1;MEME COMMUNE;;"1";"1";"1";"[""22VM7XX5PASE"",""4YXKMHHAE6JJ"",""ND5K7QY9W6PT""]";"3";"146";FF_930100000L0033;;;;;;;930100000L0033;Copropriété non immatriculée;;"0";;"93 010";"93";"200 054 781";Métropole du Grand Paris;"1 910";"2";"6";"4";"186";"168";"1";"3";"4";"1";"0";"3";"0";"0";"0";"0";"0";"0";"0";"1";"1";"1";"1";"0";"0";"4";"4";"1";"0";"0";"0";;;"0";"0";"1";"0";;;;;;;;;2 B RUE LAUG, BONDY;;;;;;;;;;;;;;;;;;;;;;;;;;;;;;;;;;;;;;;;;;;;;;;;;;;;;;;;;;;;;;;;;"4";AVANT_1949;M;"0,25";{930100000L0033};{930100000L0033A,930100000L0033B};2_FF;22VM7XX5PASE,4YXKMHHAE6JJ,ND5K7QY9W6PT;"3";"146";;;"662 345,091";"6 867 601,12";"662 345,091";"6 867 601,12";"1";;;;"0";"0";;;;;;1;"0";"0";0;"0";"25";"0";"100";"0";"0";"0";"0";"0";;;;;;;;;;;;0;"0";"0";"0";;"0";"0";"0";"1";"-1";"-1";"-1";"-1";"33";"1";-1;"-1";;"-1";"0";"0";"0";"0";"2,727";;0;3.75;"0";"2,222";occup;"14";"5";"0";"3";"5";"1";autres;"325,231";"86,408";Autre;G;;;;;;;; ;;;;
"7 024";930100000L0041;93010*00041;"[""93010*00041""]";93010;BONDY;93;SIMPLE;"1";"[""930100000L0041""]";"148";CL;"1 910";"1 910";"1 910";"1 910";"1";"11";13;SOL;"11";"0";"0";"0";"0";"0";"0";"0";"0";"0";"0";"0";"0";"0";"11";"12";"0";"0";"0";"0";"0";"7";"0";DEPENDANCE;"1";"5";"0";"5";"5";"157";"0";"0";"0";"2";"3";"0";"0";"0";"0";"0";"0";"144";"0";"0";"0";"0";"0";"301";"1";"4";G2;PROPRIETE DIVISEE EN LOT;G2a;G2;99;1;MEME COMMUNE;;"1";"1";"1";"[""5EGXAEG7VD49"",""APPDA7RGETPK"",""BE1Y6WJNJ1BJ""]";"3";"117";FF_930100000L0041;;;;;;;930100000L0041;Copropriété non immatriculée;;"0";;"93 010";"93";"200 054 781";Métropole du Grand Paris;"1 910";"1";"12";"5";"301";"157";"0";"5";"5";"2";"0";"3";"0";"0";"0";"0";"0";"0";"0";"0";"1";"3";"0";"0";"0";"3";"3";"1,667";"0";"0";"1";;;"0";"0";"0";"0";;;;;;;;;199 AV GALLIENI, BONDY;;;;;;;;;;;;;;;;;;;;;;;;;;;;;;;;;;;;;;;;;;;;;;;;;;;;;;;;;;;;;;;;;"5";AVANT_1949;V;"0,4";{930100000L0041};{930100000L0041A};2_FF;5EGXAEG7VD49,APPDA7RGETPK,BE1Y6WJNJ1BJ;"3";"117";;;"662 451,814";"6 867 580,729";"662 451,814";"6 867 580,729";"1";;;;"0";"0";;;;;;1;"0";"0";0;"0";"0";"0";"0";"1";"0";"0";"0";"0";;;;;;;;;;;;0;"0";"0,2";"0";;"0";"0";"0";"0";"0";"0";"0";"0";"0";"0";;"0";;"0";"0";"0";"0";"0";"4,545";;0;0;"0";"1,923";gestion;"14";"5";"0";"4";"5";"0";autres;"150,825";"49,171";Electricité;E;;;;;;;;electricite;;;;
"7 028";930100000L0061;93010*00564;"[""93010*00564""]";93010;BONDY;93;PDLMP;"2";"[""930100000L0061"",""930100000L0068""]";"8 577";CV;"1 966";"1 966";"1 966";"1 966";"2";"8 577";13;SOL;"8 577";"0";"0";"0";"0";"0";"0";"0";"0";"0";"0";"0";"0";"0";"8 577";"5";"3";"3";"2";"2";"1";"0";"4";ACTIVITE;"2";"2";"0";"2";"2";"160";"0";"1";"0";"0";"1";"0";"0";"0";"0";"0";"0";"0";"1 948";"244";"0";"0";"300";"2 652";"0";"4";G2;PROPRIETE DIVISEE EN LOT;G2c;G2;99;1;MEME COMMUNE;;"2";"2";"2";"[""C64FAR858A36"",""KMY1P2WZ4FR2"",""V739BKDQHEFJ""]";"3";"3 131";FF_930100000L0061;;;;;;;930100000L0061;Copropriété non immatriculée;;"0";;"93 010";"93";"200 054 781";Métropole du Grand Paris;"1 966";"2";"4";"2";"2 652";"160";"0";"2";"1";"0";"0";"1";"0";"0";"0";"0";"1";"0";"0";"0";"0";"0";"2";"0";"0";"2";"1";"2";"1";"0";"0";;;"0";"0";"0";"0";;;;;;;;;207 AV GALLIENI, BONDY;;;;;;;;;;;;;;;;;;;;;;;;;;;;;;;;;;;;;;;;;;;;;;;;;;;;;;;;;;;;;;;;;"2";DE_1961_A_1974;V;"0";{930100000L0061,930100000L0068};{930100000L0061A,930100000L0061B};2_FF;C64FAR858A36,KMY1P2WZ4FR2,V739BKDQHEFJ;"3";"3 131";;;"662 626,044";"6 867 658,574";"662 626,044";"6 867 658,574";"1";;;;"0";"0";;;;;;0.5;"0";"0";0;"0";"0";"0";"0";"0";"0";"0";"0";"0";;;;;;;;;;;;0;"0";"0";"0";;"0";"0";"1";"0";"-1";"-1";"-1";"-1";"0";"0";-1;"-1";;"-1";"0";"0";"0";"0";"4,286";;1.6666666666666667;0;"0";"2,222";gestion;"9";"3";"0";"3";"3";"0";autres;"8 557,895";"420,131";Fioul;E;;;;;;;; ;;;;
"7 045";930100000L0118;93010*00363;"[""93010*00363""]";93010;BONDY;93;SIMPLE;"1";"[""930100000L0118""]";"298";CL;"1 967";"1 967";"1 967";"1 967";"1";"298";13;SOL;"298";"0";"0";"0";"0";"0";"0";"0";"0";"0";"0";"0";"0";"0";"298";"6";"1";"1";"1";"1";"0";"2";"4";APPARTEMENT;"2";"3";"0";"3";"3";"182";"0";"0";"0";"1";"2";"0";"0";"0";"0";"0";"0";"34";"45";"0";"0";"0";"15";"276";"1";"5";G2;PROPRIETE DIVISEE EN LOT;G2a;G2;99;1;MEME COMMUNE;;"1";"1";"1";"[""4EVE6NK6C3JS"",""YB4WGZZSHQ5R""]";"2";"175";FF_930100000L0118;;;;;;;930100000L0118;Copropriété non immatriculée;;"0";;"93 010";"93";"200 054 781";Métropole du Grand Paris;"1 967";"2";"6";"3";"276";"182";"0";"3";"3";"1";"0";"2";"0";"0";"0";"0";"0";"0";"0";"0";"1";"2";"0";"0";"0";"4";"3";"1";"0";"0";"0";;;"0";"0";"0";"0";;;;;;;;;8 RUE LAUG, BONDY;;;;;;;;;;;;;;;;;;;;;;;;;;;;;;;;;;;;;;;;;;;;;;;;;;;;;;;;;;;;;;;;;"3";DE_1961_A_1974;V;"0,333";{930100000L0118};{930100000L011801,930100000L0118A};2_FF;4EVE6NK6C3JS,YB4WGZZSHQ5R;"2";"175";;;"662 398,369";"6 867 602,885";"662 398,369";"6 867 602,885";"1";;;;"0";"0";;;;;;0.75;"0";"0";0;"0";"25";"0";"0";"1";"0";"0";"0";"0";;;;;;;;;;;;0;"0";"0";"0";;"0";"0";"0";"1";"-1";"-1";"-1";"-1";"0";"0";-1;"-1";;"-1";"0";"0";"0";"0";"4,545";;0;2.5;"0";"2,8";gestion;"13";"5";"0";"3";"5";"0";a surveiller;"300,716";"76,265";Electricité;D;;;;;;;; ;;;;
"7 050";930100000L0134;93010*00768;"[""93010*00768""]";93010;BONDY;93;SIMPLE;"1";"[""930100000L0134""]";"9 259";CL;"1 963";"1 963";"1 963";"1 963";"1";"9 259";13;SOL;"9 259";"0";"0";"0";"0";"0";"0";"0";"0";"0";"0";"0";"0";"0";"9 259";"533";"0";"0";"0";"0";"0";"357";"0";DEPENDANCE;"5";"176";"0";"176";"176";"12 233";"0";"21";"0";"59";"91";"4";"1";"8";"3";"0";"0";"2 729";"0";"0";"0";"0";"0";"14 962";"1";"160";G2;PROPRIETE DIVISEE EN LOT;G2a;G2;99;2;MEME DEPARTEMENT;;"1";"1";"1";"[""PF9JKWZ12F9H"",""RZWX555RG7C6"",""7EJC11K8CZQ7"",""MGHX77ETMHYG"",""VGPP8N37TYDV"",""YTMNZWNQJ583""]";"6";"1 460";RNC_AA1605989;AA1605989;2017-02-09 00:00:00.0;2024-04-22 00:00:00.0;BLERIOT ET ASSOCIES ADMINISTRATEUR JUDICIAIRE 84249102900018;non connu;non connu;930100000L0134;Copropriété immatriculée;3_2;"1";OUI;"93 010";"93";"200 054 781";Métropole du Grand Paris;"1 963";"5";"529";"176";"14 722";"12 233";"0";"176";"151";"48";"11";"88";"4";"3";"1";"0";"21";"5";"3";"0";"0";"45";"87";"44";"7";"160";"156";"1,128";"27";"4";"35";29;-35.69;"0";"0";"20";"0";;non connu;non connu;non connu;non connu;Mandat expiré sans successeur déclaré;2024-09-01 00:00:00.0;LA BRUYERE;211 av gallieni 93140 Bondy;chemin du pont, 93140 Bondy;non connu;non connu;1;1961-05-10 00:00:00.0;non;non;oui;non connu;0;0;0;525;175;175;175;0;0;0;DE_1961_A_1974;93010;000;0L;0064;;;;;;;;;1;non;non connu;non;2021-01-01 00:00:00.0;2021-12-31 00:00:00.0;11/09/2023;649070.0;23107.0;7030537.0;479983.0;68;143973.0;non;non renseigné;0;0;0;0;0;0;0;4;collectif;non;gaz_naturel;Non;Sans objet;non connu;non connu;8;non connu;"176";DE_1961_A_1974;V;"0,391";{930100000L0134};{930100000L013401,930100000L0134A,930100000L0134B,930100000L0134C,930100000L0134D};2_RNIC_FF;PF9JKWZ12F9H,RZWX555RG7C6,7EJC11K8CZQ7,MGHX77ETMHYG,VGPP8N37TYDV,YTMNZWNQJ583;"6";"1 460";662754.4316676037;6867639.652877057;"662 699,327";"6 867 702,376";"662 754,432";"6 867 639,653";"0";0;0;;"0";"0";0;0;0;0;;1;"0";"0";0.0625;"0";"5";"0";"59";"0";"0,034";"0";"7";"0";0.425;1;0;0.71407233511411428835;0;1;10.4593537118943374;0;3617.5428571428571429;;1;0.017045454545454544;"0";"0,199";"0";1;"6";"1";"1";"0";"0";"0";"0";"1";"2";"0";0.2119205298013245;"0";0;"0";"0";"0";"0";"0";"0";5;6.666666666666667;3.3333333333333335;"0";"2,708";marche;"24";"8";"5";"5";"4";"2";a surveiller;"9 229,45";"467,345";Fioul;D;;;;;;;;fioul;D;;;
"7 054";930100000M0002;93010*00813;"[""93010*00813""]";93010;BONDY;93;PDLMP;"5";"[""930100000M0002"",""930100000M0003"",""930100000M0004"",""930100000M0117"",""930100000M0118""]";"1 875";CL;"2 019";"2 019";"2 019";"2 019";"5";"1 875";10;TERRAINS A BATIR;"1 875";"0";"0";"0";"0";"0";"0";"0";"0";"0";"0";"1 638";"0";"0";"237";"189";"1";"1";"1";"1";"0";"64";"4";APPARTEMENT;"2";"124";"0";"124";"124";"6 324";"446";"31";"0";"47";"45";"0";"1";"20";"0";"0";"57";"768";"213";"0";"0";"0";"0";"7 751";"5";"71";G2;PROPRIETE DIVISEE EN LOT;G2a;G2;99;3;MEME REGION;;"5";"5";"5";"[""9KY9VYDHS6SM"",""PQ53K2N5A9B1""]";"2";"1 077";RNC_AG0279125;AG0279125;2020-03-19 00:00:00.0;2020-06-04 00:00:00.0;FONCIA CHADEFAUX LECOQ 59202763500032;non;non;930100000M0002;Copropriété immatriculée;1_1;"1";OUI;"93 010";"93";"200 054 781";Métropole du Grand Paris;"2 019";"2";"189";"124";"7 751";"6 770";"0";"124";"88";"15";"32";"41";"0";"4";"1";"0";"31";"0";"0";"7";"60";"40";"17";"0";"0";"70";"68";"1,824";"33";"0";"58";55;-26.36;"0";"0";"6";"0";;professionnel;FONCIA CHADEFAUX LECOQ 59202763500032;6831Z;AUBERVILLIERS;Mandat en cours;2024-12-31 00:00:00.0;LES JARDINS EN VILLE;202 A 208 AVENUE GALLIENI 93140 BONDY;non connu;non connu;non connu;0;2016-05-17 00:00:00.0;non;non;oui;non connu;0;0;0;190;125;124;65;0;0;0;A_COMPTER_DE_2011;93010;000;0M;0004;93010;000;0M;0003;93010;000;0M;0002;3;non;non connu;oui;2019-12-01 00:00:00.0;2019-12-31 00:00:00.0;non connu;;;;;;;non renseigné;2019;0;0;0;0;0;0;0;2;individuel;non renseigné;non renseigné;Non renseigné;Non renseigné;non connu;non connu;2;non connu;"124";A_COMPTER_DE_2011;V;"0,534";{930100000M0002,930100000M0003,930100000M0004,930100000M0117,930100000M0118};{930100000M0002A,930100000M0002B};2_RNIC_FF;9KY9VYDHS6SM,PQ53K2N5A9B1;"2";"1 077";662605.5675782663;6867551.2059578;"662 632,776";"6 867 544,208";"662 605,568";"6 867 551,206";"0";0;1;0;"0";"0";0;0;0;0;0;0.992;"0";"0";0.25806451612903225;"0";"0";"0";"53";"0";"0";"0";"13";"0";;;;;;;;;;;;0;"0";"0,468";"0";1;"0";"0";"1";"0";"-1";"0";"-1";"0";"0";"0";-1;"0";0;"0";"0";"0";"0";"0";"1,429";;3.3333333333333335;0;"0";"1,429";marche;"21";"9";"0";"5";"5";"2";autres;"1 873,413";"174,824";Gaz;C;;;;;;;;gaz;C;;;
"7 066";930100000M0026;93010*00829;"[""93010*00829""]";93010;BONDY;93;PDLMP;"2";"[""930100000M0026"",""930100000M0027""]";"720";CL;"2 022";"2 022";"2 022";"2 022";"2";"720";13;SOL;"720";"0";"0";"0";"0";"0";"0";"0";"0";"0";"0";"0";"0";"0";"720";"20";"0";"0";"0";"0";"0";"0";"0";APPARTEMENT;"1";"20";"0";"20";"20";"1 265";"242";"0";"0";"4";"11";"0";"0";"0";"0";"0";"0";"0";"0";"0";"0";"0";"0";"1 507";"2";"21";G2;PROPRIETE DIVISEE EN LOT;G2a;G2;99;1;MEME COMMUNE;;"2";"2";"2";"[""3NZKB2EKBDNF"",""CSRNNQ1CHQGS""]";"2";"433";FF_930100000M0026;;;;;;;930100000M0026;Copropriété non immatriculée;;"0";;"93 010";"93";"200 054 781";Métropole du Grand Paris;"2 022";"1";"20";"20";"1 507";"1 507";"0";"20";"6";"4";"0";"2";"0";"9";"0";"5";"0";"0";"0";"0";"3";"15";"2";"0";"2";"20";"20";"1";"5";"0";"2";;;"0";"0";"0";"0";;;;;;;;;210 AV GALLIENI, BONDY;;;;;;;;;;;;;;;;;;;;;;;;;;;;;;;;;;;;;;;;;;;;;;;;;;;;;;;;;;;;;;;;;"20";A_COMPTER_DE_2011;V;"0,667";{930100000M0026,930100000M0027};{930100000M002602};1_FF;3NZKB2EKBDNF,CSRNNQ1CHQGS;"2";"433";;;"662 661,298";"6 867 546,444";"662 661,298";"6 867 546,444";"1";;;;"0";"0";;;;;;1;"0";"0";0;"0";"0";"0";"50";"0";"0,1";"0";"44";"1";;;;;;;;;;;;0;"0";"0,1";"0";;"0";"0";"1";"0";"0";"0";"0";"0";"0";"0";;"0";;"0";"0";"0";"0";"0";"2,727";;1.4285714285714286;0;"0";"1,667";gestion;"13";"5";"0";"4";"4";"0";autres;"725,396";"122,205";Autre;D;;;;;;;; ;;;;
"7 069";930100000M0031;93010*00803;"[""93010*00803""]";93010;BONDY;93;SIMPLE;"1";"[""930100000M0031""]";"2 914";CL;"1 985";"1 985";"1 985";"1 985";"1";"2 914";13;SOL;"2 914";"0";"0";"0";"0";"0";"0";"0";"0";"0";"0";"0";"0";"0";"2 914";"27";"0";"0";"0";"0";"0";"4";"0";MAISON;"1";"23";"23";"0";"23";"1 646";"535";"2";"0";"13";"8";"0";"0";"1";"0";"0";"0";"60";"0";"0";"0";"0";"0";"2 241";"1";"13";G2;PROPRIETE DIVISEE EN LOT;G2a;G2;99;1;MEME COMMUNE;;"1";"1";"1";"[""1AWXV6582EHH"",""2D81RN6XEBNV"",""3Q62R673AFTG"",""4DD1H2NSQE3K"",""624B588RJT78"",""74HY636FH6BJ"",""88MZ5A879GS3"",""8T6C1Q1EKDM8"",""91XP48R7WD1W"",""96S4KXBG7Q3M"",""9S4DVG9K5MAP"",""GE8QHXFD2HJY"",""GJ9P23VKP5YV"",""HKQ3XMT3X5VT"",""MAS16NKBXA32"",""N8SYVFZS7283"",""NQNY91339K56"",""P6AKM7AT6JKE"",""QBDS9WRFQ3EC"",""QXPQADAEQ9G4"",""RZ4SH3WF22F1"",""S5WGDV5K8ZEF"",""S9E2P1DJ64Q1"",""VBSRJ62ACNQV"",""VEPP3W1X8ZGD"",""X8DDH749VHP5""]";"26";"1 027";RNC_AE3498458;AE3498458;2019-01-29 00:00:00.0;2024-04-11 00:00:00.0;FONCIA CHADEFAUX LECOQ 59202763500032;non;non;930100000M0031;Copropriété immatriculée;3_1;"1";OUI;"93 010";"93";"200 054 781";Métropole du Grand Paris;"1 985";"1";"27";"23";"2 241";"2 181";"23";"0";"21";"13";"0";"8";"0";"0";"0";"0";"2";"0";"0";"0";"0";"7";"16";"0";"0";"12";"11";"2,091";"2";"0";"8";0;;"3";"0";"0";"0";;professionnel;FONCIA CHADEFAUX LECOQ 59202763500032;6831Z;AUBERVILLIERS;Mandat en cours;2026-06-30 00:00:00.0;VILLA DES CERISES;1 vla des cerises 93140 BONDY;non connu;non connu;non connu;0;2016-07-07 00:00:00.0;non;non;oui;non connu;0;0;0;25;23;23;2;0;0;0;DE_1961_A_1974;;;;;;;;;;;;;0;non;non connu;non;2023-01-01 00:00:00.0;2023-12-31 00:00:00.0;10/04/2024;44299.0;9443.0;868.0;283.0;0;7072.0;non;1970;0;0;0;0;0;0;0;1;individuel;non renseigné;non renseigné;Non;Sans objet;non connu;non connu;0;ADRNIVX_0000000268246031;"23";DE_1975_A_1993;H;"0,619";{930100000M0031};{930100000M0031A};2_RNIC_FF;1AWXV6582EHH,2D81RN6XEBNV,3Q62R673AFTG,4DD1H2NSQE3K,624B588RJT78,74HY636FH6BJ,88MZ5A879GS3,8T6C1Q1EKDM8,91XP48R7WD1W,96S4KXBG7Q3M,9S4DVG9K5MAP,GE8QHXFD2HJY,GJ9P23VKP5YV,HKQ3XMT3X5VT,MAS16NKBXA32,N8SYVFZS7283,NQNY91339K56,P6AKM7AT6JKE,QBDS9WRFQ3EC,QXPQADA;"26";"1 027";662774.9167550906;6867553.672812124;"662 814,71";"6 867 570,53";"662 774,917";"6 867 553,673";"0";0;0;0;"0";"0";0;0;0;0;0;1;"0";"0";0;"0";"0";"0";"0";"0";"0";"0";"9";"0";0;0;0;0.00526590004093632541;0;0;0.01615124111495664471;0;;1926.0434782608695652;1;0;"0";"0,348";"0";;"0";"0";"0";"0";"0";"0";"0";"0";"0";"0";;"0";0;"0";"0";"0";"0";"0";"0";1;0;0;"0";"0,208";finan;"24";"8";"5";"4";"5";"2";autres;"2 905,338";"309,87";Electricité;E;;;;;;;;electricite;E;;;
"7 077";930100000M0042;93010*00584;"[""93010*00584""]";93010;BONDY;93;SIMPLE;"1";"[""930100000M0042""]";"318";CL;"1 995";"1 995";"1 995";"1 995";"1";"318";13;SOL;"318";"0";"0";"0";"0";"0";"0";"0";"0";"0";"0";"0";"0";"0";"318";"2";"0";"0";"0";"0";"0";"0";"0";MAISON;"2";"2";"2";"0";"2";"175";"99";"0";"0";"0";"2";"0";"0";"0";"0";"0";"0";"0";"0";"0";"0";"0";"0";"274";"1";"3";G2;PROPRIETE DIVISEE EN LOT;G2a;G2;99;1;MEME COMMUNE;;"1";"1";"1";"[""1GNSCS5BG98M""]";"1";"110";FF_930100000M0042;;;;;;;930100000M0042;Copropriété non immatriculée;;"0";;"93 010";"93";"200 054 781";Métropole du Grand Paris;"1 995";"2";"2";"2";"274";"274";"2";"0";"2";"0";"0";"2";"0";"0";"0";"0";"0";"0";"0";"0";"0";"0";"2";"0";"0";"2";"2";"1";"0";"0";"0";;;"0";"0";"0";"0";;;;;;;;;22 B RUE GEORGES ELIE, BONDY;;;;;;;;;;;;;;;;;;;;;;;;;;;;;;;;;;;;;;;;;;;;;;;;;;;;;;;;;;;;;;;;;"2";DE_1994_A_2000;H;"0";{930100000M0042};{930100000M0042A,930100000M0042B};2_FF;1GNSCS5BG98M;"1";"110";;;"662 744,94";"6 867 526,017";"662 744,94";"6 867 526,017";"1";;;;"0";"0";;;;;;1;"0";"0";0;"0";"0";"0";"0";"0";"0";"0";"0";"0";;;;;;;;;;;;0;"0";"0";"0";;"0";"0";"0";"0";"-1";"-1";"-1";"-1";"0";"0";-1;"-1";;"-1";"0";"0";"0";"0";"3,333";;0;0;"0";"1,304";gestion;"12";"4";"0";"3";"5";"0";autres;"320,671";"80,333";Gaz;D;;;;;;;; ;;;;
"7 117";930100000M0098;93010*00409;"[""93010*00409""]";93010;BONDY;93;SIMPLE;"1";"[""930100000M0098""]";"213";CL;"1 955";"1 955";"1 955";"1 955";"1";"213";13;SOL;"213";"0";"0";"0";"0";"0";"0";"0";"0";"0";"0";"0";"0";"0";"213";"2";"0";"0";"0";"0";"0";"0";"0";MAISON;"2";"2";"2";"0";"2";"120";"120";"0";"0";"0";"2";"0";"0";"0";"0";"0";"0";"0";"0";"0";"0";"0";"0";"240";"1";"3";G2;PROPRIETE DIVISEE EN LOT;G2a;G2;99;1;MEME COMMUNE;;"1";"1";"1";"[""2JBAEZ4BHM1G"",""VQRHAE4A8C7X""]";"2";"83";FF_930100000M0098;;;;;;;930100000M0098;Copropriété non immatriculée;;"0";;"93 010";"93";"200 054 781";Métropole du Grand Paris;"1 955";"2";"2";"2";"240";"240";"2";"0";"2";"0";"0";"2";"0";"0";"0";"0";"0";"0";"0";"0";"0";"2";"0";"0";"0";"2";"2";"1";"0";"0";"1";;;"1";"1";"0";"0";;;;;;;;;12 RUE COMPAGNON, BONDY;;;;;;;;;;;;;;;;;;;;;;;;;;;;;;;;;;;;;;;;;;;;;;;;;;;;;;;;;;;;;;;;;"2";DE_1949_A_1960;H;"0";{930100000M0098};{930100000M0098A,930100000M0098B};2_FF;2JBAEZ4BHM1G,VQRHAE4A8C7X;"2";"83";;;"662 746,29";"6 867 445,161";"662 746,29";"6 867 445,161";"1";;;;"0";"0";;;;;;1;"0";"0";0;"0";"0";"0";"0";"0";"0,5";"1";"0";"0";;;;;;;;;;;;0;"0";"0,5";"1";;"0";"0";"0";"0";"-1";"-1";"-1";"-1";"0";"0";-1;"-1";;"-1";"0";"1";"0";"0";"3,333";;1.4285714285714286;0;"10";"2,308";bati;"14";"4";"0";"4";"5";"1";autres;"218,674";"60,884";Fioul;G;;;;;;;;fioul;G;;;
"7 124";930100000M0113;93010*00121;"[""93010*00121""]";93010;BONDY;93;SIMPLE;"1";"[""930100000M0113""]";"460";CL;"1 918";"1 937";"1 918";"1 937";"1";"460";13;SOL;"460";"0";"0";"0";"0";"0";"0";"0";"0";"0";"0";"0";"0";"0";"460";"3";"0";"0";"0";"0";"0";"1";"0";MAISON;"2";"2";"2";"0";"2";"49";"26";"1";"0";"0";"0";"0";"1";"1";"1";"1";"0";"8";"0";"0";"0";"0";"0";"83";"1";"2";G2;PROPRIETE DIVISEE EN LOT;G2a;G2;99;1;MEME COMMUNE;;"1";"1";"1";"[""6Y3SWHRDYS3X"",""HNA7SSWA67K4"",""MPXD3RAY3CGR""]";"3";"85";FF_930100000M0113;;;;;;;930100000M0113;Copropriété non immatriculée;;"0";;"93 010";"93";"200 054 781";Métropole du Grand Paris;"1 918";"2";"3";"2";"83";"75";"2";"0";"0";"0";"0";"0";"0";"0";"1";"0";"1";"1";"1";"1";"1";"0";"0";"0";"2";"1";"1";"2";"2";"1";"1";;;"3";"0";"0";"0";;;;;;;;;4 RUE GEORGES ELIE, BONDY;;;;;;;;;;;;;;;;;;;;;;;;;;;;;;;;;;;;;;;;;;;;;;;;;;;;;;;;;;;;;;;;;"2";AVANT_1949;H;"0";{930100000M0113};{930100000M0113A,930100000M0113B};2_FF;6Y3SWHRDYS3X,HNA7SSWA67K4,MPXD3RAY3CGR;"3";"85";;;"662 844,064";"6 867 547,997";"662 844,064";"6 867 547,997";"1";;;;"0";"0";;;;;;1;"0";"0";0;"0";"0";"0";"0";"0";"1";"1";"0";"0";;;;;;;;;;;;0.5;"1";"0,5";"1";;"0";"0";"0";"0";"-1";"-1";"-1";"-1";"0";"0";-1;"-1";;"-1";"0";"0";"1";"1";"7,5";;4.285714285714286;0;"0";"4";gestion;"8";"2";"0";"4";"1";"1";présumée fragile;"461,522";"89,763";Gaz;F;;;;;;;; ;;;;
"7 132";930100000M0134;93010*00495;"[""93010*00495""]";93010;BONDY;93;SIMPLE;"1";"[""930100000M0134""]";"404";CL;"1 987";"1 988";"1 987";"1 988";"1";"404";13;SOL;"404";"0";"0";"0";"0";"0";"0";"0";"0";"0";"0";"0";"0";"0";"404";"3";"0";"0";"0";"0";"0";"0";"0";APPARTEMENT;"2";"3";"1";"2";"3";"259";"49";"0";"0";"1";"2";"0";"0";"0";"0";"0";"0";"0";"0";"0";"0";"0";"0";"308";"1";"3";G2;PROPRIETE DIVISEE EN LOT;G2a;G2;99;1;MEME COMMUNE;;"1";"1";"1";"[""37T8TZJNZE74""]";"1";"174";FF_930100000M0134;;;;;;;930100000M0134;Copropriété non immatriculée;;"0";;"93 010";"93";"200 054 781";Métropole du Grand Paris;"1 987";"2";"3";"3";"308";"308";"1";"2";"3";"1";"0";"2";"0";"0";"0";"0";"0";"0";"0";"0";"0";"1";"1";"1";"0";"2";"2";"1,5";"0";"0";"0";;;"0";"0";"0";"0";;;;;;;;;32 RUE DES GAZELLES, BONDY;;;;;;;;;;;;;;;;;;;;;;;;;;;;;;;;;;;;;;;;;;;;;;;;;;;;;;;;;;;;;;;;;"3";DE_1975_A_1993;M;"0,333";{930100000M0134};{930100000M0134A,930100000M0134B};2_FF;37T8TZJNZE74;"1";"174";;;"662 698,739";"6 867 415,768";"662 698,739";"6 867 415,768";"1";;;;"0";"0";;;;;;1;"0";"0";0;"0";"0";"0";"100";"0";"0";"0";"0";"0";;;;;;;;;;;;0;"0";"0";"0";;"0";"0";"0";"0";"-1";"-1";"-1";"-1";"0";"0";-1;"-1";;"-1";"0";"0";"0";"0";"2,727";;0;0;"0";"1,2";gestion;"13";"5";"0";"3";"5";"0";autres;"406,651";"86,315";Electricité;E;;;;;;;; ;;;;
"7 133";930100000M0135;93010*00484;"[""93010*00484""]";93010;BONDY;93;SIMPLE;"1";"[""930100000M0135""]";"400";CL;"1 920";"1 962";"1 920";"1 962";"1";"400";13;SOL;"400";"0";"0";"0";"0";"0";"0";"0";"0";"0";"0";"0";"0";"0";"400";"4";"0";"0";"0";"0";"0";"2";"0";MIXTE;"2";"2";"2";"0";"2";"160";"159";"0";"0";"0";"2";"0";"0";"0";"0";"0";"0";"18";"0";"0";"0";"0";"0";"337";"1";"3";G2;PROPRIETE DIVISEE EN LOT;G2a;G2;99;1;MEME COMMUNE;;"1";"1";"1";"[""CMEGSAVRTCFM"",""JDRJ6VZKR1GS""]";"2";"144";FF_930100000M0135;;;;;;;930100000M0135;Copropriété non immatriculée;;"0";;"93 010";"93";"200 054 781";Métropole du Grand Paris;"1 920";"2";"4";"2";"337";"319";"2";"0";"2";"0";"0";"2";"0";"0";"0";"0";"0";"0";"0";"0";"0";"1";"1";"0";"0";"2";"2";"1";"0";"0";"0";;;"0";"0";"0";"0";;;;;;;;;15 RUE COMPAGNON, BONDY;;;;;;;;;;;;;;;;;;;;;;;;;;;;;;;;;;;;;;;;;;;;;;;;;;;;;;;;;;;;;;;;;"2";AVANT_1949;H;"0";{930100000M0135};{930100000M0135A,930100000M0135B};2_FF;CMEGSAVRTCFM,JDRJ6VZKR1GS;"2";"144";;;"662 787,7";"6 867 491,275";"662 787,7";"6 867 491,275";"1";;;;"0";"0";;;;;;1;"0";"0";0;"0";"0";"0";"0";"0";"0";"0";"0";"0";;;;;;;;;;;;0;"0";"0";"0";;"0";"0";"0";"0";"-1";"-1";"-1";"-1";"0";"0";-1;"-1";;"-1";"0";"0";"0";"0";"3,333";;0;0;"0";"1,304";gestion;"12";"4";"0";"3";"5";"0";autres;"410,764";"103,449";Gaz;F;;;;;;;; ;;;;
"7 138";930100000N0013;93010*00706;"[""93010*00706""]";93010;BONDY;93;SIMPLE;"1";"[""930100000N0013""]";"1 244";CL;"1 976";"1 983";"1 976";"1 976";"1";"1 244";13;SOL;"1 244";"0";"0";"0";"0";"0";"0";"0";"0";"0";"0";"0";"0";"0";"1 244";"119";"34";"3";"34";"34";"0";"55";"136";DEPENDANCE;"2";"30";"0";"30";"30";"1 310";"0";"4";"0";"16";"7";"3";"0";"1";"0";"0";"0";"373";"373";"50";"0";"231";"0";"2 337";"1";"31";G2;PROPRIETE DIVISEE EN LOT;G2a;G2;99;1;MEME COMMUNE;;"1";"1";"1";"[""8P8B8MGZ379P"",""BW5CGNGJJARD"",""GA8FNXB1ZZ87"",""P5WNG217JXZF""]";"4";"1 086";RNC_AB9644113;AB9644113;2018-01-16 00:00:00.0;2022-11-14 00:00:00.0;GCI LE PRE 84463672000014;non;non;930100000N0013;Copropriété immatriculée;1_1;"1";OUI;"93 010";"93";"200 054 781";Métropole du Grand Paris;"1 976";"2";"119";"30";"2 337";"1 310";"0";"30";"25";"16";"0";"6";"3";"1";"0";"0";"4";"1";"0";"1";"27";"2";"0";"0";"6";"30";"25";"1,2";"4";"0";"7";7;-34.00;"0";"0";"4";"1";;professionnel;GCI LE PRE 84463672000014;6831Z;LE PRE SAINT GERVAIS;Mandat en cours;2025-03-30 00:00:00.0;SDC 160 AVE DU GAL GALLIENI;160 av gallieni 93140 Bondy;non connu;non connu;non connu;0;2004-10-28 00:00:00.0;non;non;oui;non connu;0;0;0;128;37;33;55;0;0;0;DE_1994_A_2000;93010;000;0N;0013;;;;;;;;;1;non;non connu;non;2020-10-01 00:00:00.0;2021-09-30 00:00:00.0;22/03/2022;62508.0;0.0;13053.0;73738.0;27;14000.0;non;2000;0;0;0;0;0;0;0;2;individuel;non renseigné;non renseigné;Non renseigné;Non renseigné;non connu;non connu;1;non connu;"30";DE_1975_A_1993;V;"0,64";{930100000N0013};{930100000N0013A,930100000N0013B};2_RNIC_FF;8P8B8MGZ379P,BW5CGNGJJARD,GA8FNXB1ZZ87,P5WNG217JXZF;"4";"1 086";662295.1345156691;6867507.960481919;"662 302,541";"6 867 466,595";"662 295,135";"6 867 507,96";"0";0;1;0;"0";"0";0;0;0;0;0;0.46875;"1";"0";0;"0";"0";"0";"27";"1";"0,2";"0";"4";"0";0.9;1;0;1.1796570039035004;1;0;0.20882127087732770205;0;;1635.3513513513513514;1;0;"0";"0,233";"0";1;"0";"0";"0";"0";"-1";"0";"-1";"0";"0";"0";0.28;"0";0;"0";"0";"0";"0";"0";"2,857";5;2.2222222222222223;0;"0";"2,6";finan;"25";"9";"5";"5";"4";"2";a surveiller;"1 246,498";"191,122";Autre;D;;;;;;;;autre;D;;;
"7 141";930100000N0025;93010*00759;"[""93010*00759""]";93010;BONDY;93;SIMPLE;"1";"[""930100000N0025""]";"5 151";CL;"1 963";"1 963";"1 963";"1 963";"2";"5 151";13;SOL;"5 151";"0";"0";"0";"0";"0";"0";"0";"0";"0";"0";"0";"2 277";"0";"2 874";"155";"0";"0";"0";"0";"0";"105";"0";DEPENDANCE;"2";"50";"0";"50";"50";"2 842";"0";"6";"0";"13";"30";"1";"0";"2";"0";"0";"0";"1 122";"0";"0";"0";"0";"0";"3 964";"1";"51";F7 G2;INVESTISSEUR PROFESSIONNEL ET PROPRIETE DIVISEE EN LOT;F7b G2a;G2;F7;2;MEME DEPARTEMENT;;"1";"1";"1";"[""2BNVAZNMMEKX"",""KE1PAQBDFYS4"",""QRNPZ779N6RZ""]";"3";"958";RNC_AB2175479;AB2175479;2017-10-05 00:00:00.0;2022-04-01 00:00:00.0;COGIM 31734074300036;non;non;930100000N0025;Copropriété immatriculée;3_2;"1";OUI;"93 010";"93";"200 054 781";Métropole du Grand Paris;"1 963";"2";"150";"50";"3 740";"2 842";"0";"50";"42";"13";"0";"28";"1";"2";"0";"0";"6";"1";"0";"0";"1";"25";"23";"1";"3";"51";"49";"1,02";"6";"0";"12";11;-39.00;"0";"0";"8";"3";;professionnel;COGIM 31734074300036;6832A;LE RAINCY;Mandat en cours;2025-01-04 00:00:00.0;LE POINT DU JOUR;33 av pasteur 93140 Bondy;41 av pasteur 93140 Bondy;39 av pasteur 93140 Bondy;37 av pasteur 93140 Bondy;7;1960-07-21 00:00:00.0;non;non;oui;non connu;0;0;0;147;49;49;36;0;0;0;DE_1961_A_1974;;;;;;;;;;;;;0;non;non connu;non;2021-01-01 00:00:00.0;2021-12-31 00:00:00.0;24/03/2022;160838.0;2760.0;9732.0;20929.0;21;17799.0;oui;non renseigné;0;0;0;0;0;0;0;1;collectif;non;gaz_naturel;Non renseigné;Non renseigné;non connu;non connu;0;ADRNIVX_0000000268249907;"50";DE_1961_A_1974;V;"0,31";{930100000N0025};{930100000N002501,930100000N0025A};2_RNIC_FF;2BNVAZNMMEKX,KE1PAQBDFYS4,QRNPZ779N6RZ;"3";"958";662338.336694938;6867376.682853169;"662 352,812";"6 867 429,384";"662 338,337";"6 867 376,683";"0";0;1;0;"0";"0";0;0;0;0;0;1;"0";"0";0;"0";"17";"0";"36";"1";"0,06";"0";"9";"0";0.4117647058823529;1;0;0.12792943679018080906;0;0;0.05948727979559652318;0;2466.0816326530612245;;0;0;"0";"0,24";"0";1;"0";"0";"0";"0";"-1";"0";"-1";"1";"13";"0";0.14285714285714285;"0";0;"0";"0";"0";"0";"0";"2,381";1;2.2222222222222223;3.3333333333333335;"0";"2";occup;"25";"9";"5";"5";"4";"2";autres;"5 171,976";"327,328";Gaz;E;;;;;;;;gaz;E;;;
"7 143";930100000O0002;93010*00248;"[""93010*00248""]";93010;BONDY;93;PDLMP;"2";"[""930100000O0002"",""930100000O0008""]";"479";CL;"1 910";"1 960";"1 910";"1 960";"2";"479";13;SOL;"479";"0";"0";"0";"0";"0";"0";"0";"0";"0";"0";"0";"0";"0";"479";"2";"0";"0";"0";"0";"0";"0";"0";MAISON;"2";"2";"2";"0";"2";"290";"124";"0";"0";"0";"2";"0";"0";"0";"0";"0";"0";"0";"0";"0";"0";"0";"0";"414";"2";"3";G2;PROPRIETE DIVISEE EN LOT;G2a;G2;99;1;MEME COMMUNE;;"2";"2";"2";"[""5SDEXP538BMC"",""VA577D9XH4QD""]";"2";"255";RNC_AD7225790;AD7225790;2018-11-13 00:00:00.0;2018-11-12 00:00:00.0;CLAYTON IMMOBILIER 82121102600025;non connu;non connu;930100000O0002;Copropriété immatriculée;3_2;"1";OUI;"93 010";"93";"200 054 781";Métropole du Grand Paris;"1 910";"2";"2";"2";"414";"414";"2";"0";"2";"0";"0";"2";"0";"0";"0";"0";"0";"0";"0";"0";"0";"0";"0";"2";"0";"2";"2";"1";"0";"0";"1";0;;"1";"0";"0";"0";;non connu;non connu;non connu;non connu;Pas de mandat en cours;2022-06-30 00:00:00.0;LE CARRE DE TASSIGNY;56-58 av du marechal de lattre de tassigny 93140 BONDY;non connu;non connu;non connu;0;2016-03-16 00:00:00.0;non;non;oui;non connu;0;0;0;106;48;48;47;0;0;0;A_COMPTER_DE_2011;;;;;;;;;;;;;0;non;non connu;non;2017-10-01 00:00:00.0;2018-09-30 00:00:00.0;06/11/2018;32644.94;0.0;3130.73;4612.44;4;0.0;non;non renseigné;0;0;0;0;0;0;0;2;individuel;non renseigné;non renseigné;Non renseigné;Non renseigné;non connu;non connu;2;non connu;"2";AVANT_1949;H;"0";{930100000O0002,930100000O0008};{930100000O0002A,930100000O0002B};2_RNIC_FF;5SDEXP538BMC,VA577D9XH4QD;"2";"255";662113.846643791;6867204.894790932;"662 132,493";"6 867 200,436";"662 113,847";"6 867 204,895";"0";1;1;;"0";"0";0;0;0;0;;1;"0";"0";0;"0";"0";"0";"0";"0";"0";"0";"0";"0";2;1;0;0.14129111586665498543;0;0;0.09590245839018236823;0;;596.7695833333333333;0;0;"0";"0,5";"1";;"0";"0";"1";"0";"-1";"-1";"-1";"-1";"0";"0";-1;"-1";0;"-1";"0";"0";"0";"0";"3,529";1;2.857142857142857;0;"0";"2,045";gestion;"22";"7";"5";"4";"4";"2";autres;"477,661";"99,434";Gaz;D;;;;;;;; ;;;;
"7 146";930100000O0011;93010*00773;"[""93010*00773""]";93010;BONDY;93;SIMPLE;"1";"[""930100000O0011""]";"358";CL;"1 962";"1 962";"1 962";"1 962";"1";"358";13;SOL;"358";"0";"0";"0";"0";"0";"0";"0";"0";"0";"0";"0";"0";"0";"358";"27";"1";"1";"1";"1";"0";"17";"4";DEPENDANCE;"2";"9";"0";"9";"9";"430";"0";"1";"0";"1";"7";"0";"0";"0";"0";"0";"0";"134";"50";"6";"0";"0";"0";"620";"1";"14";F7 G2;INVESTISSEUR PROFESSIONNEL ET PROPRIETE DIVISEE EN LOT;F7b G2a;G2;F7;3;MEME REGION;;"1";"1";"1";"[""55PXRYQMDC7C"",""7Q6C5ZYKXCDM""]";"2";"244";RNC_AA7771447;AA7771447;2017-07-28 00:00:00.0;2022-04-15 00:00:00.0;FONCIA MANAGO 30265417300020;non connu;non connu;930100000O0011;Copropriété immatriculée;3_2;"1";OUI;"93 010";"93";"200 054 781";Métropole du Grand Paris;"1 962";"2";"26";"9";"609";"430";"0";"9";"8";"1";"0";"7";"0";"0";"0";"0";"1";"0";"0";"0";"4";"5";"0";"0";"0";"13";"9";"1";"1";"0";"5";4;-54.00;"0";"0";"0";"0";;non connu;non connu;non connu;non connu;Pas de mandat en cours;2023-09-30 00:00:00.0;11 AVENUE PASTEUR;11 av pasteur 93140 BONDY;11 av pasteur 93140 BONDY;non connu;non connu;1;1963-12-13 00:00:00.0;non;non;oui;non connu;0;0;0;27;17;10;7;0;0;0;DE_1961_A_1974;;;;;;;;;;;;;0;non;non connu;non;2021-01-01 00:00:00.0;2021-12-31 00:00:00.0;13/04/2022;26131.0;26131.0;763.0;5928.0;2;505.0;non;non renseigné;0;0;0;0;0;0;0;1;collectif;non;fioul_domestique;Non renseigné;Non renseigné;17;90.0;0;non connu;"9";DE_1961_A_1974;V;"0,125";{930100000O0011};{930100000O001101,930100000O0011A};2_RNIC_FF;55PXRYQMDC7C,7Q6C5ZYKXCDM;"2";"244";662185.7742321837;6867217.879919312;"662 175,34";"6 867 228,056";"662 185,774";"6 867 217,88";"0";0;1;;"0";"0";0;0;0;0;;0.9;"0";"0";0;"0";"0";"0";"100";"0";"0";"0";"17";"0";0.15384615384615385;0;0;0.11342849489112548314;0;0;0.01459951781409054380;0;1537.1176470588235294;;0;0;"0";"0,556";"1";1;"0";"0";"1";"0";"-1";"0";"-1";"1";"0";"0";-1;"0";0;"0";"0";"0";"0";"0";"1,579";0;4.444444444444445;3.3333333333333335;"0";"1,957";marche;"23";"8";"5";"5";"4";"1";autres;"364,109";"86,949";Autre;E;;;;;;;;autre;;;;
"7 149";930100000O0014;93010*00535;"[""93010*00535""]";93010;BONDY;93;SIMPLE;"1";"[""930100000O0014""]";"419";CL;"1 992";"1 992";"1 992";"1 992";"1";"419";13;SOL;"419";"0";"0";"0";"0";"0";"0";"0";"0";"0";"0";"0";"0";"0";"419";"15";"0";"0";"0";"0";"0";"7";"0";APPARTEMENT;"1";"8";"0";"8";"8";"264";"15";"2";"0";"4";"2";"0";"0";"1";"0";"0";"0";"86";"0";"0";"0";"0";"0";"365";"1";"8";G2;PROPRIETE DIVISEE EN LOT;G2a;G2;99;1;MEME COMMUNE;;"1";"1";"1";"[""XMRNAAC6HTEK""]";"1";"133";RNC_AD8215386;AD8215386;2018-11-21 00:00:00.0;2023-08-04 00:00:00.0;LOGIM IDF 83517005100022;non connu;non connu;930100000O0014;Copropriété immatriculée;3_2;"1";OUI;"93 010";"93";"200 054 781";Métropole du Grand Paris;"1 992";"1";"15";"8";"365";"279";"0";"8";"6";"4";"0";"2";"0";"0";"0";"0";"2";"0";"0";"6";"2";"0";"0";"0";"0";"7";"6";"1,333";"2";"0";"3";2;-54.00;"0";"0";"2";"0";;non connu;non connu;non connu;non connu;Mandat expiré sans successeur déclaré;2024-09-22 00:00:00.0;SDC 19 AVENUE PASTEUR;19 av pasteur 93140 Bondy;non connu;non connu;non connu;0;1991-07-01 00:00:00.0;non;non;oui;non connu;0;0;0;16;9;9;0;0;0;0;DE_1975_A_1993;;;;;;;;;;;;;0;non;non connu;non;2022-01-01 00:00:00.0;2022-12-31 00:00:00.0;22/03/2023;16722.0;3000.0;2605.0;1127.0;2;0.0;non;1991;0;0;0;0;0;0;0;1;individuel;non renseigné;non renseigné;Non renseigné;Non renseigné;14;94.0;0;ADRNIVX_0000000268252378;"8";DE_1975_A_1993;V;"0,667";{930100000O0014};{930100000O0014A};2_RNIC_FF;XMRNAAC6HTEK;"1";"133";662222.9002453568;6867256.4470603755;"662 199,321";"6 867 258,08";"662 222,9";"6 867 256,447";"0";0;0;;"0";"0";0;0;0;0;;1;"0";"0";0;"0";"0";"0";"25";"1";"0";"0";"33";"1";0.2857142857142857;0;0;0.05714430585133353615;0;0;0.13208599533515870601;0;;1858.0000000000000000;1;0;"0";"0,375";"1";1;"0";"0";"1";"0";"-1";"0";"0";"0";"0";"0";-1;"0";0;"0";"0";"0";"0";"0";"1,053";1;4.444444444444445;0;"0";"1,458";marche;"24";"8";"5";"5";"4";"2";autres;"419,912";"114,502";Electricité;E;;;;;;;;electricite;E;;;
"7 162";930100000O0058;93010*00790;"[""93010*00790""]";93010;BONDY;93;SIMPLE;"1";"[""930100000O0058""]";"766";CL;"1 970";"2 010";"1 970";"1 970";"1";"145";13;SOL;"145";"0";"0";"0";"0";"0";"0";"0";"0";"0";"0";"0";"0";"0";"145";"28";"3";"2";"3";"3";"0";"16";"12";DEPENDANCE;"3";"9";"0";"9";"9";"297";"6";"0";"0";"8";"1";"0";"0";"0";"0";"0";"0";"228";"90";"0";"0";"0";"0";"621";"1";"22";F7 G2;INVESTISSEUR PROFESSIONNEL ET PROPRIETE DIVISEE EN LOT;F7b G2a;G2;F7;2;MEME DEPARTEMENT;;"1";"1";"1";"[""68H2A9QWSQ2M"",""DBXKDEVRHZ5X"",""T37S21HGXYAN""]";"3";"448";RNC_AA8770687;AA8770687;2017-08-11 00:00:00.0;2017-08-09 00:00:00.0;CABINET CADOT-BEAUPLET 32841300000022;non;non;930100000O0058;Copropriété immatriculée;1_1;"1";OUI;"93 010";"93";"200 054 781";Métropole du Grand Paris;"1 970";"3";"27";"9";"603";"303";"0";"9";"9";"8";"0";"1";"0";"0";"0";"0";"0";"0";"0";"6";"3";"0";"0";"0";"0";"21";"8";"1,125";"0";"0";"4";4;-72.50;"0";"0";"4";"4";;professionnel;CABINET CADOT-BEAUPLET 32841300000022;6832A;LE PRE-SAINT-GERVAIS;Mandat en cours;2025-01-20 00:00:00.0;LES HORTENSIAS;35 av du marechal de lattre de tassigny 93140 Bondy;non connu;non connu;non connu;0;1970-02-01 00:00:00.0;non;non;oui;non connu;0;0;0;28;12;10;15;0;0;0;DE_1961_A_1974;93010;000;0O;0058;;;;;;;;;1;non;non connu;non;2015-07-01 00:00:00.0;2016-06-30 00:00:00.0;30/11/2016;17277.86;5977.59;0.0;19436.47;4;0.0;non;non renseigné;0;0;0;0;0;0;0;1;individuel;non renseigné;non renseigné;Non renseigné;Non renseigné;non connu;non connu;1;non connu;"9";DE_1961_A_1974;V;"0,889";{930100000O0058};{930100000O005801,930100000O0058A,930100000O0058C};2_RNIC_FF;68H2A9QWSQ2M,DBXKDEVRHZ5X,T37S21HGXYAN;"3";"448";662131.6087600263;6867275.391949051;"662 170,421";"6 867 278,32";"662 131,609";"6 867 275,392";"0";0;1;0;"0";"0";0;0;0;0;0;0.75;"0";"0";0;"0";"11";"0";"50";"0";"0";"0";"0";"0";0.19047619047619047;0;0;0.83578128997718814299;1;0;0.000000000000000000000000;0;;1273.1550000000000000;0;0;"0";"0,444";"1";1;"0";"0";"1";"0";"0";"0";"0";"0";"0";"0";;"0";0;"0";"0";"1";"0";"0";"1,429";3;4.444444444444445;0;"5";"2,4";bati;"25";"9";"5";"5";"4";"2";autres;"766,626";"172,645";Mixte (gaz + élec);G;oui;04/06/2025;oui;;"1";;17/06/2025;mixte;G;;;
"7 166";930100000O0079;93010*00168;"[""93010*00168""]";93010;BONDY;93;SIMPLE;"1";"[""930100000O0079""]";"191";CL;"1 936";"1 936";"1 936";"1 936";"1";"191";13;SOL;"191";"0";"0";"0";"0";"0";"0";"0";"0";"0";"0";"0";"0";"0";"191";"4";"0";"0";"0";"0";"0";"1";"0";APPARTEMENT;"1";"3";"0";"3";"3";"96";"0";"1";"0";"2";"0";"0";"0";"1";"0";"0";"0";"19";"0";"0";"0";"0";"0";"115";"1";"3";G2;PROPRIETE DIVISEE EN LOT;G2a;G2;99;1;MEME COMMUNE;;"1";"1";"1";"[""4N5P52DWF1J3""]";"1";"63";FF_930100000O0079;;;;;;;930100000O0079;Copropriété non immatriculée;;"0";;"93 010";"93";"200 054 781";Métropole du Grand Paris;"1 936";"1";"4";"3";"115";"96";"0";"3";"2";"2";"0";"0";"0";"0";"0";"0";"1";"1";"0";"2";"0";"1";"0";"0";"0";"2";"2";"1,5";"1";"0";"0";;;"0";"0";"0";"0";;;;;;;;;5 AV PASTEUR, BONDY;;;;;;;;;;;;;;;;;;;;;;;;;;;;;;;;;;;;;;;;;;;;;;;;;;;;;;;;;;;;;;;;;"3";AVANT_1949;V;"1";{930100000O0079};{930100000O0079A};2_FF;4N5P52DWF1J3;"1";"63";;;"662 154,335";"6 867 202,115";"662 154,335";"6 867 202,115";"1";;;;"0";"0";;;;;;1;"0";"1";0;"0";"50";"1";"50";"0";"0";"0";"0";"0";;;;;;;;;;;;0;"0";"0";"0";;"0";"0";"1";"0";"-1";"-1";"-1";"-1";"0";"0";-1;"-1";;"-1";"0";"0";"0";"0";"7,273";;1.6666666666666667;0;"0";"4,286";gestion;"10";"5";"0";"3";"2";"0";présumée fragile;"191,416";"61,547";Electricité;D;;;;;;;; ;;;;
"7 170";930100000P0025;93010*00846;"[""93010*00846""]";93010;BONDY;93;SIMPLE;"1";"[""930100000P0025""]";"550";CL;"1 910";"2 022";"1 910";"1 910";"1";"550";13;SOL;"550";"0";"0";"0";"0";"0";"0";"0";"0";"0";"0";"0";"0";"0";"550";"19";"0";"0";"0";"0";"0";"4";"0";APPARTEMENT;"2";"15";"0";"15";"15";"936";"28";"0";"0";"0";"7";"0";"0";"0";"0";"0";"0";"48";"0";"0";"0";"0";"0";"1 012";"1";"14";G2;PROPRIETE DIVISEE EN LOT;G2a;G2;99;1;MEME COMMUNE;;"1";"1";"1";"[""R8CNGFW13J4A""]";"1";"0";RNC_AH6066328;AH6066328;2022-06-21 00:00:00.0;2022-06-21 00:00:00.0;FONCIA CHADEFAUX LECOQ 59202763500032;non connu;non connu;930100000P0025;Copropriété immatriculée;1_1;"1";OUI;"93 010";"93";"200 054 781";Métropole du Grand Paris;"1 910";"2";"19";"15";"1 012";"964";"0";"15";"7";"0";"0";"7";"0";"0";"0";"8";"0";"0";"0";"0";"5";"10";"0";"0";"0";"13";"13";"1,154";"8";"0";"6";6;-26.00;"0";"0";"0";"0";;non connu;non connu;non connu;non connu;Pas de mandat en cours;2024-06-30 00:00:00.0;11 rue Auguste Polissard;11 r auguste polissard 93140 Bondy;non connu;non connu;non connu;0;2021-08-02 00:00:00.0;non;non;oui;non connu;0;0;;21;16;15;5;0;0;0;A_COMPTER_DE_2011;93010;000;0P;0025;;;;;;;;;1;non;non connu;non renseigné;non connu;non connu;non connu;;;;;;;non renseigné;2022;0;0;0;0;0;0;0;1;collectif;oui;non renseigné;Non renseigné;Non renseigné;non connu;non connu;1;ADRNIVX_0000000268249921;"15";AVANT_1949;V;"0";{930100000P0025};{930100000P0025A,930100000P0025P};2_RNIC_FF;R8CNGFW13J4A;"1";"0";661912.5947141037;6867358.00658942;"661 929,097";"6 867 357,954";"661 912,595";"6 867 358,007";"0";0;1;;"0";"0";0;0;0;0;;1;"0";"0";0;"0";"0";"0";"0";"0";"0";"0";"25";"0";;;;;;;;;;;;0;"0";"0,4";"1";1;"0";"0";"1";"0";"0";"0";"0";"0";"0";"0";;"0";0;"0";"0";"0";"0";"0";"1,765";;4.444444444444445;0;"0";"2,059";marche;"17";"7";"0";"5";"4";"1";autres;"551,103";"99,026";Autre;E;;;;;;;; ;;;;
"7 171";930100000P0026;93010*00839;"[""93010*00839""]";93010;BONDY;93;SIMPLE;"1";"[""930100000P0026""]";"572";CL;"1 977";"1 977";"1 977";"1 977";"1";"300";13;SOL;"300";"0";"0";"0";"0";"0";"0";"0";"0";"0";"0";"0";"0";"0";"300";"34";"2";"2";"2";"2";"0";"23";"4";DEPENDANCE;"1";"9";"0";"9";"9";"510";"0";"2";"0";"3";"4";"0";"0";"0";"0";"0";"0";"250";"199";"63";"0";"0";"0";"1 022";"1";"15";G2;PROPRIETE DIVISEE EN LOT;G2a;G2;99;2;MEME DEPARTEMENT;;"1";"1";"1";"[""NYEV54M6S5DH""]";"1";"238";RNC_AD6430722;AD6430722;2018-11-02 00:00:00.0;2024-01-18 00:00:00.0;CABINET AJOA GESTION 80506069600020;non;non;930100000P0026;Copropriété immatriculée;3_2;"1";OUI;"93 010";"93";"200 054 781";Métropole du Grand Paris;"1 977";"1";"34";"9";"1 022";"510";"0";"9";"7";"3";"0";"4";"0";"0";"0";"0";"2";"0";"0";"3";"0";"6";"0";"0";"0";"15";"9";"1";"2";"0";"3";3;-49.33;"0";"0";"2";"0";;professionnel;CABINET AJOA GESTION 80506069600020;6832A;AULNAY SOUS BOIS;Mandat en cours;2025-11-26 00:00:00.0;SDC 7/9 RUE AUGUSTE POLISSARD;7 r auguste polissard 93140 Bondy;non connu;non connu;non connu;0;1977-08-02 00:00:00.0;non;non;oui;non connu;0;0;0;38;10;9;12;0;0;0;DE_1949_A_1960;;;;;;;;;;;;;0;non;non connu;non;2022-07-01 00:00:00.0;2023-06-30 00:00:00.0;16/01/2024;24160.0;0.0;1803.0;1208.0;1;5665.0;non;non renseigné;1;0;0;0;0;0;0;0;individuel;non renseigné;non renseigné;Non renseigné;Non renseigné;13;90.0;1;ADRNIVX_0000000268249920;"9";DE_1975_A_1993;V;"0,429";{930100000P0026};{930100000P0026A};2_RNIC_FF;NYEV54M6S5DH;"1";"238";661912.1107217752;6867373.578099802;"661 928,553";"6 867 375,127";"661 912,111";"6 867 373,578";"0";0;0;0;"0";"0";0;0;0;0;0;0.8181818181818182;"0";"0";0;"0";"0";"0";"33";"1";"0";"0";"8";"0";0.06666666666666667;0;0;0.05000000000000000000;0;0;0.07462748344370860927;0;;2216.0000000000000000;1;0;"0";"0,333";"1";1;"0";"0";"1";"0";"-1";"0";"-1";"1";"0";"0";-1;"0";0;"0";"0";"0";"0";"0";"0,952";1;4.444444444444445;3.3333333333333335;"0";"1,8";marche;"25";"9";"5";"5";"4";"2";autres;"573,122";"100,11";Gaz;D;oui;28/02/2024;;;;;;gaz;D;;;
"7 172";930100000P0034;93010*00807;"[""93010*00807""]";93010;BONDY;93;PDLMP;"4";"[""930100000P0034"",""930100000P0066"",""930100000P0081"",""930100000P0158""]";"3 419";CLV;"2 017";"2 018";"2 017";"2 018";"4";"3 419";13;SOL;"3 419";"0";"0";"0";"0";"0";"0";"0";"0";"0";"0";"0";"0";"0";"3 419";"195";"0";"0";"0";"0";"0";"95";"0";APPARTEMENT;"5";"100";"0";"100";"100";"6 178";"374";"3";"0";"67";"29";"1";"0";"1";"1";"0";"52";"1 052";"0";"0";"0";"0";"0";"7 604";"4";"48";G2;PROPRIETE DIVISEE EN LOT;G2a;G2;99;1;MEME COMMUNE;;"4";"4";"4";"[""2J7NE1GCM7PV"",""4GT8YSXDHPHB"",""F84A19PRJTER"",""SHX6WJAVGB1P""]";"4";"1 773";FF_930100000P0034;;;;;;;930100000P0034;Copropriété non immatriculée;;"0";;"93 010";"93";"200 054 781";Métropole du Grand Paris;"2 017";"5";"195";"100";"7 604";"6 552";"0";"100";"95";"16";"51";"27";"1";"2";"0";"0";"3";"1";"1";"3";"29";"37";"28";"3";"0";"47";"47";"2,128";"4";"1";"0";;;"0";"0";"34";"0";C;;;;;;;;1 ALL GEORGES SAND, BONDY;;;;;;;;;;;;;;;;;;;;;;;;;;;;;;;;;;;;;;;;;;;;;;;;;;;;;;;;;;;;;;;;;"100";A_COMPTER_DE_2011;V;"0,705";{930100000P0034,930100000P0066,930100000P0081,930100000P0158};{930100000P0034A,930100000P0034B,930100000P0034C,930100000P0034D,930100000P0034P};2_FF;2J7NE1GCM7PV,4GT8YSXDHPHB,F84A19PRJTER,SHX6WJAVGB1P;"4";"1 773";;;"662 080,78";"6 867 194,359";"662 080,78";"6 867 194,359";"1";;;;"0";"0";;;;;;1;"0";"0";0.51;"0";"0";"0";"50";"0";"0";"0";"9";"0";;;;;;;;;;;;0.01;"0";"0";"0";;"0";"0";"1";"0";"-1";"0";"-1";"0";"0";"0";0.05263157894736842;"0";;"0";"0";"0";"0";"0";"2,727";;1.6666666666666667;0;"0";"1,481";gestion;"14";"5";"0";"3";"4";"2";autres;"3 436,924";"234,953";Gaz;D;;;;;;;;gaz;D;;;
"7 175";930100000P0085;93010*00507;"[""93010*00507""]";93010;BONDY;93;SIMPLE;"1";"[""930100000P0085""]";"848";CV;"1 990";"1 990";"1 990";"1 990";"1";"848";13;SOL;"848";"0";"0";"0";"0";"0";"0";"0";"0";"0";"0";"0";"0";"0";"848";"72";"2";"2";"2";"2";"0";"35";"4";MIXTE;"1";"35";"0";"35";"35";"1 738";"46";"4";"0";"31";"0";"0";"0";"1";"0";"0";"0";"420";"320";"5";"0";"0";"0";"2 529";"0";"4";G2;PROPRIETE DIVISEE EN LOT;G2c;G2;99;1;MEME COMMUNE;;"1";"1";"1";"[""KDNDNQZWQGE3""]";"1";"755";FF_930100000P0085;;;;;;;930100000P0085;Copropriété non immatriculée;;"0";;"93 010";"93";"200 054 781";Métropole du Grand Paris;"1 990";"1";"72";"35";"2 529";"1 784";"0";"35";"31";"31";"0";"0";"0";"0";"0";"0";"4";"1";"0";"5";"22";"8";"0";"0";"0";"3";"1";"35";"4";"0";"0";;;"0";"0";"0";"0";;;;;;;;;17 RUE AUGUSTE POLISSARD, BONDY;;;;;;;;;;;;;;;;;;;;;;;;;;;;;;;;;;;;;;;;;;;;;;;;;;;;;;;;;;;;;;;;;"35";DE_1975_A_1993;V;"1";{930100000P0085};{930100000P0085A};2_FF;KDNDNQZWQGE3;"1";"755";;;"661 938,655";"6 867 312,246";"661 938,655";"6 867 312,246";"1";;;;"0";"0";;;;;;0.9459459459459459;"0";"1";0;"0";"0";"0";"0";"0";"0";"0";"0";"0";;;;;;;;;;;;0;"0";"0";"0";;"0";"0";"1";"0";"0";"0";"0";"0";"0";"0";;"0";;"0";"0";"0";"0";"0";"8,571";;1.6666666666666667;0;"0";"4,118";gestion;"8";"3";"0";"3";"2";"0";présumée fragile;"836,421";"159,758";Electricité;E;;;;;;;; ;;;;
"7 176";930100000P0086;93010*00506;"[""93010*00506""]";93010;BONDY;93;SIMPLE;"1";"[""930100000P0086""]";"2 011";CV;"1 990";"1 990";"1 990";"1 990";"1";"2 011";13;SOL;"2 011";"0";"0";"0";"0";"0";"0";"0";"0";"0";"0";"0";"0";"0";"2 011";"137";"7";"7";"7";"7";"0";"65";"28";MIXTE;"2";"65";"0";"65";"65";"3 805";"71";"3";"0";"62";"0";"0";"0";"1";"1";"0";"0";"780";"474";"0";"0";"0";"0";"5 130";"0";"6";G2;PROPRIETE DIVISEE EN LOT;G2c;G2;99;1;MEME COMMUNE;;"1";"1";"1";"[""2P174QKSHJ9N"",""JFMYRJWAXGTT"",""S5C5GSA2WZ9M""]";"3";"1 341";FF_930100000P0086;;;;;;;930100000P0086;Copropriété non immatriculée;;"0";;"93 010";"93";"200 054 781";Métropole du Grand Paris;"1 990";"2";"137";"65";"5 130";"3 876";"0";"65";"62";"62";"0";"0";"0";"0";"0";"0";"3";"1";"1";"10";"11";"30";"14";"0";"0";"5";"1";"65";"5";"1";"0";;;"0";"0";"53";"0";D,D;;;;;;;;27 RUE AUGUSTE POLISSARD, BONDY;;;;;;;;;;;;;;;;;;;;;;;;;;;;;;;;;;;;;;;;;;;;;;;;;;;;;;;;;;;;;;;;;"65";DE_1975_A_1993;V;"1";{930100000P0086};{930100000P0086B,930100000P0086C};2_FF;2P174QKSHJ9N,JFMYRJWAXGTT,S5C5GSA2WZ9M;"3";"1 341";;;"661 943,222";"6 867 261,626";"661 943,222";"6 867 261,626";"1";;;;"0";"0";;;;;;0.9027777777777778;"0";"1";0;"0";"0";"0";"0";"0";"0";"0";"0";"0";;;;;;;;;;;;0.015384615384615385;"0";"0";"0";;"0";"0";"1";"0";"0";"0";"0";"0";"0";"0";;"0";;"0";"0";"0";"0";"0";"6,667";;1.6666666666666667;0;"0";"3,043";gestion;"11";"4";"0";"3";"2";"2";a surveiller;"2 039,772";"263,583";Electricité;C;;;;;;;;gaz;C;;;
"7 182";930100000P0136;93010*00722;"[""93010*00722""]";93010;BONDY;93;PDLMP;"3";"[""930100000P0132"",""930100000P0136"",""930100000P0138""]";"2 292";CL;"2 008";"2 008";"2 008";"2 008";"3";"2 292";13;SOL;"2 292";"0";"0";"0";"0";"0";"0";"0";"0";"0";"0";"0";"0";"0";"2 292";"96";"5";"5";"5";"5";"0";"42";"20";APPARTEMENT;"3";"49";"0";"49";"49";"2 680";"142";"7";"0";"23";"18";"1";"0";"4";"0";"0";"0";"517";"272";"33";"0";"2";"0";"3 646";"3";"55";G2;PROPRIETE DIVISEE EN LOT;G2a;G2;99;3;MEME REGION;;"3";"3";"3";"[""ZM4P3MVCVR8T""]";"1";"834";RNC_AE7978455;AE7978455;2019-02-26 00:00:00.0;2021-05-03 00:00:00.0;COPRO 2A 44333885000037;non connu;non connu;930100000P0136;Copropriété immatriculée;3_2;"1";OUI;"93 010";"93";"200 054 781";Métropole du Grand Paris;"2 008";"3";"96";"49";"3 646";"2 822";"0";"49";"40";"23";"0";"16";"1";"2";"0";"0";"7";"2";"0";"0";"21";"20";"8";"0";"2";"54";"49";"1";"7";"1";"11";8;-40.00;"0";"0";"1";"0";;non connu;non connu;non connu;non connu;Pas de mandat en cours;2023-06-30 00:00:00.0;VILLA CHOPIN VOL. 2;85A r jules guesde 93140 Bondy;VILLA CHOPIN 2 - 91 BIS RUE JULES GUESDE 93140 BONDY;VILLA CHOPIN 2 - 87 RUE JULES GUESDE 93140 BONDY;non connu;2;2006-12-12 00:00:00.0;non;non;oui;non connu;0;0;0;89;38;34;1;0;0;0;DE_2001_A_2010;;;;;;;;;;;;;0;non;non connu;non;2019-10-01 00:00:00.0;2020-09-30 00:00:00.0;17/03/2021;59036.0;7045.0;2182.0;12142.0;13;5299.0;non;non renseigné;0;0;0;0;0;0;0;1;individuel;non renseigné;non renseigné;Non renseigné;Non renseigné;non connu;non connu;2;non connu;"49";DE_2001_A_2010;V;"0,575";{930100000P0132,930100000P0136,930100000P0138};{930100000P0136A,930100000P0136B,930100000P0136C};2_RNIC_FF;ZM4P3MVCVR8T;"1";"834";661952.6521480386;6867139.786806282;"661 934,943";"6 867 161,173";"661 952,652";"6 867 139,787";"0";1;1;;"0";"0";0;0;0;0;;0.9074074074074074;"0";"0";0;"0";"4";"0";"32";"1";"0,02";"0";"4";"0";0.24074074074074073;1;0;0.18374419273316081778;0;0;0.03302008141523282033;0;;1448.3157894736842105;0;0;"0";"0,224";"0";1;"0";"0";"1";"0";"-1";"0";"-1";"1";"11";"0";0.125;"0";0;"0";"0";"0";"0";"0";"4,211";1;3.3333333333333335;3.3333333333333335;"0";"2,917";gestion;"24";"8";"5";"5";"4";"2";a surveiller;"2 265,305";"268,361";Electricité;C;;;;;;;;electricite;C;;;
"7 183";930100000P0147;93010*00723;"[""93010*00723""]";93010;BONDY;93;PDLMP;"6";"[""930100000P0008"",""930100000P0116"",""930100000P0140"",""930100000P0142"",""930100000P0144"",""930100000P0147""]";"1 567";CL;"2 008";"2 008";"2 008";"2 008";"6";"1 567";13;SOL;"1 567";"0";"0";"0";"0";"0";"0";"0";"0";"0";"0";"291";"0";"0";"1 276";"88";"4";"4";"4";"4";"0";"52";"16";DEPENDANCE;"2";"32";"0";"32";"32";"1 433";"124";"3";"0";"20";"9";"0";"0";"1";"0";"0";"0";"651";"156";"31";"0";"0";"0";"2 395";"6";"52";G2;PROPRIETE DIVISEE EN LOT;G2a;G2;99;3;MEME REGION;;"6";"6";"6";"[""6RPJ8521589J""]";"1";"533";FF_930100000P0147;;;;;;;930100000P0147;Copropriété non immatriculée;;"0";;"93 010";"93";"200 054 781";Métropole du Grand Paris;"2 008";"2";"88";"32";"2 395";"1 557";"0";"32";"28";"20";"0";"8";"0";"1";"0";"0";"3";"0";"0";"4";"18";"7";"2";"1";"2";"51";"32";"1";"3";"0";"11";;;"0";"0";"7";"0";;;;;;;;;87 RUE JULES GUESDE, BONDY;;;;;;;;;;;;;;;;;;;;;;;;;;;;;;;;;;;;;;;;;;;;;;;;;;;;;;;;;;;;;;;;;"32";DE_2001_A_2010;V;"0,714";{930100000P0008,930100000P0116,930100000P0140,930100000P0142,930100000P0144,930100000P0147};{930100000P0147D,930100000P0147E};2_FF;6RPJ8521589J;"1";"533";;;"661 990,452";"6 867 140,405";"661 990,452";"6 867 140,405";"1";;;;"0";"0";;;;;;0.8888888888888888;"0";"0";0;"0";"2";"0";"39";"1";"0,063";"0";"2";"0";;;;;;;;;;;;0;"0";"0,344";"0";;"0";"0";"1";"0";"-1";"0";"-1";"0";"11";"0";-1;"0";;"0";"0";"0";"0";"0";"4,545";;1.4285714285714286;0;"0";"2,308";gestion;"14";"5";"0";"4";"4";"1";autres;"1 559,582";"203,502";Electricité;;;;;;;;;;;;;
"7 184";930100000P0155;93010*00217;"[""93010*00217""]";93010;BONDY;93;SIMPLE;"1";"[""930100000P0155""]";"1 204";CL;"1 992";"1 992";"1 992";"1 992";"1";"1 204";13;SOL;"1 204";"0";"0";"0";"0";"0";"0";"0";"0";"0";"0";"0";"0";"0";"1 204";"101";"3";"2";"3";"3";"0";"67";"12";DEPENDANCE;"3";"31";"0";"31";"31";"1 542";"14";"6";"0";"15";"9";"1";"0";"1";"0";"0";"0";"635";"195";"0";"0";"0";"0";"2 386";"1";"32";G2;PROPRIETE DIVISEE EN LOT;G2a;G2;99;3;MEME REGION;;"1";"1";"1";"[""4QFMCE4JB15T"",""EVBNE3QP9J64"",""MF256DGSGE6N"",""Q4N39DH8FXCH""]";"4";"764";RNC_AB2674687;AB2674687;2017-10-13 00:00:00.0;2023-04-16 00:00:00.0;COPRO 2A 44333885000037;non connu;non connu;930100000P0155;Plusieurs copropriétés immatriculées;3_2;"2";OUI;"93 010";"93";"200 054 781";Métropole du Grand Paris;"1 992";"3";"100";"31";"2 304";"1 556";"0";"31";"24";"15";"0";"8";"1";"1";"0";"0";"6";"1";"0";"0";"16";"15";"0";"0";"2";"31";"28";"1,107";"6";"0";"10";18;-52.00;"0";"0";"10";"4";;non connu;non connu;non connu;non connu;Pas de mandat en cours;2023-06-30 00:00:00.0;VILLA CHOPIN VOL. 1;43 r auguste polissard 93140 Bondy;VILLA CHOPIN 1 - 81 RUE JULES GUESDE 93140 BONDY;VILLA CHOPIN 1 - 75 JULES GUESDE 93140 BONDY;VILLA CHOPIN 1 - 43 RUE AUGUSTE POLISSARD 93140 BONDY;3;2006-08-07 00:00:00.0;non;non;oui;non connu;0;0;0;99;57;53;0;0;0;0;DE_2001_A_2010;;;;;;;;;;;;;0;non;non connu;non;2019-10-01 00:00:00.0;2020-09-30 00:00:00.0;17/03/2021;90358.0;0.0;4567.0;15305.0;14;21106.0;non;non renseigné;0;0;0;0;0;0;0;1;individuel;non renseigné;non renseigné;Non renseigné;Non renseigné;non connu;non connu;3;ADRNIVX_0000000311836519;"53";DE_1975_A_1993;V;"0,625";{930100000P0155};{930100000P0155A,930100000P0155B,930100000P0155C};2_RNIC;4QFMCE4JB15T,EVBNE3QP9J64,MF256DGSGE6N,Q4N39DH8FXCH;"4";"764";661906.8696422465;6867167.554840212;"661 939,955";"6 867 184,117";"661 906,87";"6 867 167,555";"0";1;1;;"0";"0";0;0;0;0;;0.9298245614035088;"0";"0";0;"0";"0";"0";"33";"0";"0";"0";"4";"0";0.45161290322580644;1;0;0.16938179242568449944;0;0;0.05054339405475995485;0;;1479.9649122807017544;0;0;"0";"0,189";"0";;"0";"0";"1";"0";"-1";"0";"-1";"0";"0";"0";;"0";0;"0";"0";"0";"0";"0";"5";1;10;;"0";"2,963";marche;"13";"5";"5";"1";"0";"2";a surveiller;"1 204,806";"156,877";Gaz;D;;;;;;;;gaz;D;;;
"7 185";930100000P0155;93010*00217;"[""93010*00217""]";93010;BONDY;93;SIMPLE;"1";"[""930100000P0155""]";"1 204";CL;"1 992";"1 992";"1 992";"1 992";"1";"1 204";13;SOL;"1 204";"0";"0";"0";"0";"0";"0";"0";"0";"0";"0";"0";"0";"0";"1 204";"101";"3";"2";"3";"3";"0";"67";"12";DEPENDANCE;"3";"31";"0";"31";"31";"1 542";"14";"6";"0";"15";"9";"1";"0";"1";"0";"0";"0";"635";"195";"0";"0";"0";"0";"2 386";"1";"32";G2;PROPRIETE DIVISEE EN LOT;G2a;G2;99;3;MEME REGION;;"1";"1";"1";"[""4QFMCE4JB15T"",""EVBNE3QP9J64"",""MF256DGSGE6N"",""Q4N39DH8FXCH""]";"4";"764";RNC_AA3321221;AA3321221;2017-04-11 00:00:00.0;2024-09-25 00:00:00.0;GESTION-TRANSACTION-CONSEIL-IMMOBILIER 44309750600036;non;non;930100000P0155;Plusieurs copropriétés immatriculées;3_2;"2";OUI;"93 010";"93";"200 054 781";Métropole du Grand Paris;"1 992";"3";"100";"31";"2 304";"1 556";"0";"31";"24";"15";"0";"8";"1";"1";"0";"0";"6";"1";"0";"0";"16";"15";"0";"0";"2";"31";"28";"1,107";"6";"0";"10";18;-52.00;"0";"0";"10";"4";;professionnel;GESTION-TRANSACTION-CONSEIL-IMMOBILIER 44309750600036;6832A;SAINT MAUR DES FOSSES;Mandat en cours;2024-12-11 00:00:00.0;Residence Saint-PIERRE;41 r auguste polissard 93140 Bondy;41B r auguste polissard 93140 Bondy;"Residence ""Saint-PIERRE"" 93140 BONDY";non connu;2;1975-01-01 00:00:00.0;non;non;oui;non connu;0;0;0;119;33;32;38;0;0;0;DE_1975_A_1993;;;;;;;;;;;;;0;non;non connu;non;2023-01-01 00:00:00.0;2023-12-31 00:00:00.0;25/06/2024;144270.0;0.0;8523.0;80230.0;14;22029.0;non;non renseigné;0;0;0;0;0;0;0;1;collectif;non;gaz_naturel;Non;Sans objet;18;90.0;1;ADRNIVX_0000000332148744;"32";DE_1975_A_1993;V;"0,625";{930100000P0155};{930100000P0155A,930100000P0155B,930100000P0155C};2_RNIC;4QFMCE4JB15T,EVBNE3QP9J64,MF256DGSGE6N,Q4N39DH8FXCH;"4";"764";661910.6659317026;6867187.435043964;"661 939,955";"6 867 184,117";"661 910,666";"6 867 187,435";"0";0;0;0;"0";"0";0;0;0;0;0;0.9696969696969697;"0";"0";0;"0";"0";"0";"33";"0";"0";"0";"4";"0";0.45161290322580644;1;0;0.55611007139391418867;0;1;0.05907673112913287586;0;4311.2121212121212121;;1;0;"0";"0,313";"0";;"0";"0";"1";"0";"-1";"0";"-1";"0";"0";"0";;"0";0;"0";"0";"1";"0";"0";"0";5;10;;"5";"2,759";marche;"14";"6";"5";"1";"0";"2";a surveiller;"1 204,806";"156,877";Gaz;D;;;;;;;;gaz;D;;;
"7 187";930100000P0160;93010*00814;"[""93010*00814""]";93010;BONDY;93;SIMPLE;"1";"[""930100000P0160""]";"601";CLV;"2 017";"2 017";"2 017";"2 017";"1";"601";13;SOL;"601";"0";"0";"0";"0";"0";"0";"0";"0";"0";"0";"0";"0";"0";"601";"26";"0";"0";"0";"0";"0";"13";"0";MIXTE;"1";"13";"0";"13";"13";"821";"102";"2";"0";"2";"9";"0";"0";"0";"0";"0";"0";"156";"0";"0";"0";"0";"0";"1 079";"1";"13";G2;PROPRIETE DIVISEE EN LOT;G2a;G2;99;1;MEME COMMUNE;;"1";"1";"1";"[""VVE2JJMP4S1S""]";"1";"239";RNC_AC3677143;AC3677143;2018-04-05 00:00:00.0;2021-07-09 00:00:00.0;FONCIA CHADEFAUX LECOQ 59202763500032;non connu;non connu;930100000P0160;Copropriété immatriculée;1_1;"1";OUI;"93 010";"93";"200 054 781";Métropole du Grand Paris;"2 017";"1";"26";"13";"1 079";"923";"0";"13";"11";"2";"0";"9";"0";"0";"0";"0";"2";"0";"0";"0";"3";"6";"4";"0";"0";"12";"12";"1,083";"2";"0";"2";2;-33.50;"0";"0";"0";"0";;non connu;non connu;non connu;non connu;Pas de mandat en cours;2022-09-30 00:00:00.0;26 rue du Maréchal de Lattre de Tassigny  BONDY;26 rue du Maréchal de Lattre de Tassigny 93140 BONDY;non connu;non connu;non connu;0;2017-06-28 00:00:00.0;non;non;oui;non connu;0;0;0;26;13;13;13;0;0;0;A_COMPTER_DE_2011;93010;000;0P;0160;93010;000;0P;0129;;;;;2;non;non connu;non;2020-01-01 00:00:00.0;2020-12-31 00:00:00.0;18/05/2021;17911.0;0.0;620.0;1018.0;0;0.0;non;2017;0;0;0;0;0;0;0;1;individuel;non renseigné;non renseigné;Non renseigné;Non renseigné;non connu;non connu;1;non connu;"13";A_COMPTER_DE_2011;V;"0,182";{930100000P0160};{930100000P0160AA};2_RNIC_FF;VVE2JJMP4S1S;"1";"239";662094.789547861;6867283.750706826;"661 989,617";"6 867 230,765";"662 094,79";"6 867 283,751";"0";1;1;;"0";"0";0;0;0;0;;1;"0";"0";0;"0";"0";"0";"100";"0";"0";"0";"0";"0";0;0;0;0.05683658087208977723;0;0;0.03461559935235330244;0;;1223.9230769230769231;0;0;"0";"0,154";"0";1;"0";"0";"1";"0";"0";"0";"0";"0";"0";"0";;"0";0;"0";"0";"0";"0";"0";"3,158";0;3.3333333333333335;0;"0";"1,957";marche;"23";"8";"5";"5";"4";"1";autres;"601,151";"105,005";Gaz;C;;;;;;;;gaz;C;;;
"7 195";930100000Q0005;93010*00299;"[""93010*00299""]";93010;BONDY;93;SIMPLE;"1";"[""930100000Q0005""]";"4 096";CL;"1 960";"2 014";"1 960";"2 014";"1";"4 096";13;SOL;"4 096";"0";"0";"0";"0";"0";"0";"0";"0";"0";"0";"0";"0";"0";"4 096";"97";"11";"10";"11";"11";"0";"31";"36";APPARTEMENT;"4";"55";"0";"55";"55";"2 255";"0";"9";"0";"24";"20";"2";"0";"3";"0";"0";"0";"281";"2 895";"1 383";"0";"460";"0";"7 274";"1";"36";G2;PROPRIETE DIVISEE EN LOT;G2a;G2;99;1;MEME COMMUNE;;"1";"1";"1";"[""B3MC7Z1C3RYA"",""D6ER42F3GHHC"",""X7FBQVP5NT5K""]";"3";"2 996";RNC_AB2484921;AB2484921;2017-10-11 00:00:00.0;2024-03-27 00:00:00.0;ATM SARL 34863116900045;non;non;930100000Q0005;Copropriété immatriculée;3_2;"1";OUI;"93 010";"93";"200 054 781";Métropole du Grand Paris;"1 960";"4";"96";"55";"7 199";"2 255";"0";"55";"44";"24";"0";"18";"2";"2";"0";"0";"9";"3";"0";"25";"2";"22";"5";"1";"0";"35";"32";"1,719";"9";"0";"18";16;-57.00;"0";"0";"10";"4";;professionnel;ATM SARL 34863116900045;6832A;BONDY;Mandat en cours;2026-04-02 00:00:00.0;RESIDENCE 'BONDY CENTRE';1 Avenue Carnot 93140 Bondy;non connu;non connu;non connu;0;1959-05-05 00:00:00.0;non;non;oui;;0;0;0;87;55;34;0;0;0;0;DE_1949_A_1960;;;;;;;;;;;;;0;non;non connu;non;2023-01-01 00:00:00.0;2023-12-31 00:00:00.0;20/03/2024;129770.0;3227.0;5775.0;22191.0;6;6118.0;non;non renseigné;0;0;0;0;0;0;0;3;collectif;non;fioul_domestique;Non renseigné;Non renseigné;non connu;non connu;1;93010_1430_00001;"55";DE_1949_A_1960;V;"0,545";{930100000Q0005};{930100000Q0005A,930100000Q0005B,930100000Q0005C,930100000Q0005D};2_RNIC_FF;B3MC7Z1C3RYA,D6ER42F3GHHC,X7FBQVP5NT5K;"3";"2 996";662084.2115033743;6867078.985652432;"662 119,18";"6 867 053,372";"662 084,212";"6 867 078,986";"0";0;0;0;"0";"0";0;0;0;0;0;0.8333333333333334;"0";"0";0;"0";"3";"0";"71";"0";"0";"0";"3";"0";0.17142857142857143;0;0;0.16685338767039858042;0;0;0.04342203207591148673;0;2323.0909090909090909;;0;0;"0";"0,327";"0";1;"1";"0";"0";"0";"-1";"0";"-1";"0";"5";"0";0.18181818181818182;"0";0;"0";"0";"0";"0";"0";"0";0;2.2222222222222223;0;"0";"0,385";marche;"26";"9";"5";"5";"5";"2";autres;"4 118,1";"255,041";Electricité;G;;;;;;;;fioul;;;;
"7 197";930100000Q0025;93010*00755;"[""93010*00755""]";93010;BONDY;93;SIMPLE;"1";"[""930100000Q0025""]";"7 403";CL;"1 967";"2 006";"1 980";"2 006";"1";"7 403";13;SOL;"7 403";"0";"0";"0";"0";"0";"0";"0";"0";"0";"0";"0";"0";"0";"7 403";"318";"3";"3";"3";"3";"0";"214";"12";DEPENDANCE;"10";"101";"0";"101";"101";"5 791";"0";"6";"0";"23";"69";"3";"0";"3";"2";"0";"0";"1 954";"124";"87";"0";"145";"200";"8 301";"1";"115";G2 M1;PROPRIETE DIVISEE EN LOT ET PERSONNE MORALE AUTRE;G2a M1a;G2;M1;3;MEME REGION;;"1";"1";"1";"[""X52X4QAX9PCH"",""8C8SANKDW8TF"",""T91PRS1KN2E8"",""WBNF3Q4TDQXB"",""YG44XZ1WW5AH""]";"5";"2 085";RNC_AB2574283;AB2574283;2017-10-12 00:00:00.0;2024-06-27 00:00:00.0;ATM SARL 34863116900045;non connu;non connu;930100000Q0025;Plusieurs copropriétés immatriculées;3_2;"2";OUI;"93 010";"93";"200 054 781";Métropole du Grand Paris;"1 980";"10";"318";"101";"8 301";"5 791";"0";"101";"91";"23";"0";"65";"3";"4";"0";"0";"6";"2";"2";"10";"11";"56";"20";"4";"5";"114";"98";"1,031";"8";"0";"26";20;-65.00;"0";"0";"0";"0";;non connu;non connu;non connu;non connu;Pas de mandat en cours;2018-09-30 00:00:00.0;SDC LES PEUPLIERS;27 Avenue Henri Barbusse 93140 Bondy;non connu;non connu;non connu;0;1980-02-01 00:00:00.0;non;non;oui;;0;0;0;154;46;45;63;0;0;0;DE_1975_A_1993;;;;;;;;;;;;;0;non;non connu;non;2023-04-01 00:00:00.0;2024-03-31 00:00:00.0;18/06/2024;83896.0;7869.0;10224.0;16616.0;12;18977.0;non;non renseigné;0;0;0;0;0;0;0;4;individuel;non renseigné;non renseigné;Non renseigné;Non renseigné;non connu;non connu;3;93010_4436_00027;"45";DE_1975_A_1993;V;"0,253";{930100000Q0025};{930100000Q002501,930100000Q0025A,930100000Q0025B,930100000Q0025C,930100000Q0025D,930100000Q0025E,930100000Q0025F,930100000Q0025G,930100000Q0025H,930100000Q0025I};2_RNIC;X52X4QAX9PCH,8C8SANKDW8TF,T91PRS1KN2E8,WBNF3Q4TDQXB,YG44XZ1WW5AH;"5";"2 085";662189.0741851529;6867016.026615071;"662 272,727";"6 867 075,345";"662 189,074";"6 867 016,027";"0";1;0;;"0";"0";0;0;0;0;;0.9782608695652174;"0";"0";0;"0";"5";"0";"70";"0";"0";"0";"5";"0";0.10526315789473684;0;0;0.18107121451533809187;0;1;0.11141502751593744892;0;;1693.3913043478260870;1;0.044444444444444446;"0";"0,578";"0";;"0";"0";"0";"0";"0";"0";"0";"0";"4";"0";;"0";0;"0";"0";"0";"0";"0";"2,5";4;0;0;"0";"2,593";finan;"13";"5";"5";"1";"1";"1";a surveiller;"7 253,065";"497,844";Gaz;D;;;;;;;;gaz;D;;;
"7 198";930100000Q0025;93010*00755;"[""93010*00755""]";93010;BONDY;93;SIMPLE;"1";"[""930100000Q0025""]";"7 403";CL;"1 967";"2 006";"1 980";"2 006";"1";"7 403";13;SOL;"7 403";"0";"0";"0";"0";"0";"0";"0";"0";"0";"0";"0";"0";"0";"7 403";"318";"3";"3";"3";"3";"0";"214";"12";DEPENDANCE;"10";"101";"0";"101";"101";"5 791";"0";"6";"0";"23";"69";"3";"0";"3";"2";"0";"0";"1 954";"124";"87";"0";"145";"200";"8 301";"1";"115";G2 M1;PROPRIETE DIVISEE EN LOT ET PERSONNE MORALE AUTRE;G2a M1a;G2;M1;3;MEME REGION;;"1";"1";"1";"[""X52X4QAX9PCH"",""8C8SANKDW8TF"",""T91PRS1KN2E8"",""WBNF3Q4TDQXB"",""YG44XZ1WW5AH""]";"5";"2 085";RNC_AB2484350;AB2484350;2017-10-11 00:00:00.0;2024-04-11 00:00:00.0;ATM SARL 34863116900045;non;non;930100000Q0025;Plusieurs copropriétés immatriculées;3_2;"2";OUI;"93 010";"93";"200 054 781";Métropole du Grand Paris;"1 980";"10";"318";"101";"8 301";"5 791";"0";"101";"91";"23";"0";"65";"3";"4";"0";"0";"6";"2";"2";"10";"11";"56";"20";"4";"5";"114";"98";"1,031";"8";"0";"26";20;-65.00;"0";"0";"0";"0";;professionnel;ATM SARL 34863116900045;6832A;BONDY;Mandat en cours;2027-02-25 00:00:00.0;SDC RESIDENCE DES PEUPLIERS;31 Avenue Henri Barbusse 93140 Bondy;non connu;non connu;non connu;0;1980-02-01 00:00:00.0;non;non;oui;;0;0;0;172;55;54;54;0;0;0;DE_1975_A_1993;93010;000;OQ;0025;;;;;;;;;1;non;non connu;non;2022-10-01 00:00:00.0;2023-09-30 00:00:00.0;26/02/2024;111139.0;62174.0;6307.0;35387.0;11;14388.0;non;non renseigné;0;0;0;0;0;0;0;4;collectif;non;gaz_naturel;Non renseigné;Non renseigné;non connu;non connu;1;93010_4436_00031;"54";DE_1975_A_1993;V;"0,253";{930100000Q0025};{930100000Q002501,930100000Q0025A,930100000Q0025B,930100000Q0025C,930100000Q0025D,930100000Q0025E,930100000Q0025F,930100000Q0025G,930100000Q0025H,930100000Q0025I};2_RNIC;X52X4QAX9PCH,8C8SANKDW8TF,T91PRS1KN2E8,WBNF3Q4TDQXB,YG44XZ1WW5AH;"5";"2 085";662228.1772274908;6867009.09920946;"662 272,727";"6 867 075,345";"662 228,177";"6 867 009,099";"0";0;0;0;"0";"0";0;0;0;0;0;0.9818181818181818;"0";"0";0;"0";"5";"0";"70";"0";"0";"0";"5";"0";0.09649122807017543;0;0;0.20417972108266546653;0;0;0.03639080738317379539;0;1984.3454545454545455;;0;0.037037037037037035;"0";"0,481";"0";;"0";"0";"0";"0";"0";"0";"0";"0";"4";"0";;"0";0;"0";"0";"0";"0";"0";"0";0;0;0;"0";"0";mixte;"14";"6";"5";"1";"1";"1";autres;"7 253,065";"497,844";Gaz;D;;;;;;;;gaz;D;;;
"7 201";930100000Q0046;93010*00656;"[""93010*00656""]";93010;BONDY;93;SIMPLE;"1";"[""930100000Q0046""]";"3 255";CL;"1 956";"1 956";"1 956";"1 956";"1";"3 255";13;SOL;"3 255";"0";"0";"0";"0";"0";"0";"0";"0";"0";"0";"0";"0";"0";"3 255";"73";"0";"0";"0";"0";"0";"49";"0";DEPENDANCE;"2";"24";"0";"24";"24";"1 452";"0";"2";"0";"12";"9";"1";"0";"0";"0";"0";"0";"481";"0";"0";"0";"0";"0";"1 933";"1";"22";G2;PROPRIETE DIVISEE EN LOT;G2a;G2;99;2;MEME DEPARTEMENT;;"1";"1";"1";"[""D8NMNK6NWN4A""]";"1";"467";RNC_AB7014822;AB7014822;2017-12-12 00:00:00.0;2024-08-06 00:00:00.0;EVAM-GID 39072049800034;non;non;930100000Q0046;Copropriété immatriculée;1_4;"1";OUI;"93 010";"93";"200 054 781";Métropole du Grand Paris;"1 956";"2";"72";"24";"1 812";"1 452";"0";"24";"21";"12";"0";"8";"1";"1";"0";"0";"2";"0";"0";"0";"0";"12";"12";"0";"3";"21";"21";"1,143";"2";"0";"6";6;-62.00;"0";"0";"4";"0";;professionnel;EVAM-GID 39072049800034;6832A;AULNAY SOUS BOIS;Mandat en cours;2025-05-29 00:00:00.0;SDC RESIDENCE PASTEUR;10 av pasteur 93140 Bondy;non connu;non connu;non connu;0;2000-09-13 00:00:00.0;non;non;oui;non connu;0;0;0;72;24;24;24;0;0;0;DE_1994_A_2000;93010;000;0Q;0036;;;;;;;;;1;non;non connu;non;2023-01-01 00:00:00.0;2023-12-31 00:00:00.0;10/06/2024;56840.0;0.0;0.0;0.0;0;2750.0;non;2000;0;0;0;0;0;0;0;1;collectif;non;gaz_naturel;Non;Sans objet;non connu;non connu;0;non connu;"24";DE_1949_A_1960;V;"0,571";{930100000Q0046};{930100000Q004601,930100000Q0046A};2_RNIC_FF;D8NMNK6NWN4A;"1";"467";662167.8888166851;6867184.5249427045;"662 203,972";"6 867 201,515";"662 167,889";"6 867 184,525";"0";0;0;0;"0";"0";0;0;0;0;0;1;"0";"0";0;"0";"0";"0";"64";"0";"0";"0";"20";"0";0;0;;0.000000000000000000000000;0;;0.000000000000000000000000;0;2368.3333333333333333;;0;0;"0";"0,25";"0";1;"0";"0";"1";"0";"-1";"1";"-1";"1";"0";"0";0.38095238095238093;"0";0;"0";"0";"0";"0";"0";"0";0;3.3333333333333335;5;"0";"1,277";occup;"24";"9";"4";"5";"4";"2";autres;"3 256,654";"294,098";Gaz;D;;;;;;;;gaz;D;;;
"7 202";930100000Q0048;93010*00845;"[""93010*00845""]";93010;BONDY;93;SIMPLE;"1";"[""930100000Q0048""]";"9 455";CL;"1 975";"2 003";"1 975";"1 976";"1";"9 455";13;SOL;"9 455";"0";"0";"0";"0";"0";"0";"0";"0";"0";"0";"0";"0";"0";"9 455";"273";"4";"4";"2";"2";"2";"180";"0";DEPENDANCE;"5";"89";"0";"89";"89";"6 913";"0";"3";"0";"15";"69";"2";"0";"0";"0";"0";"0";"1 504";"8 172";"0";"0";"0";"0";"16 589";"1";"86";F7 G2;INVESTISSEUR PROFESSIONNEL ET PROPRIETE DIVISEE EN LOT;F7b G2a;G2;F7;2;MEME DEPARTEMENT;;"1";"1";"1";"[""ACS2A16X1PBT"",""M3G4NYHJD1MJ"",""P8XK2RWJRTFP"",""ZPHHSKYR4P6T""]";"4";"3 022";RNC_AB4291423;AB4291423;2017-11-10 00:00:00.0;2024-03-26 00:00:00.0;CABINET CHARLES BAUMANN 35308281100020;non;non;930100000Q0048;Copropriété immatriculée;3_2;"1";OUI;"93 010";"93";"200 054 781";Métropole du Grand Paris;"1 975";"3";"271";"89";"16 589";"6 913";"0";"89";"78";"15";"0";"61";"2";"8";"0";"0";"3";"0";"0";"4";"4";"34";"35";"12";"1";"85";"84";"1,06";"3";"0";"27";21;-67.67;"0";"0";"16";"0";;professionnel;CABINET CHARLES BAUMANN 35308281100020;6832A;ROMAINVILLE;Mandat en cours;2024-12-31 00:00:00.0;LES CHENES;21 av henri barbusse 93140 BONDY;1 A 4 RUE DE L'ABBE MAURICE BAURIT     93140 BONDY;non connu;non connu;1;1974-12-27 00:00:00.0;non;non;oui;non connu;0;0;0;243;83;83;77;0;0;0;DE_1961_A_1974;;;;;;;;;;;;;0;non;non connu;non;2022-01-01 00:00:00.0;2022-12-31 00:00:00.0;23/06/2023;277075.0;0.0;48781.0;75181.0;30;182776.0;oui;non renseigné;0;0;0;4;0;0;0;0;collectif;non;gaz_naturel;Non;Sans objet;non connu;non connu;4;ADRNIVX_0000000268257440;"89";DE_1975_A_1993;V;"0,192";{930100000Q0048};{930100000Q0048A,930100000Q0048B,930100000Q0048C,930100000Q0048D,930100000Q0048E};2_RNIC;ACS2A16X1PBT,M3G4NYHJD1MJ,P8XK2RWJRTFP,ZPHHSKYR4P6T;"4";"3 022";662153.5320702378;6867018.149317775;"662 176,816";"6 867 072,198";"662 153,532";"6 867 018,149";"0";0;0;0;"0";"0";0;0;0;0;0;0.978021978021978;"0";"0";0;"0";"15";"0";"56";"0";"0,011";"0";"2";"0";0.35294117647058826;0;1;0.27133808535595055490;0;1;0.17605702427140665885;0;2759.9397590361445783;;0;0;"0";"0,303";"0";1;"0";"0";"0";"0";"-1";"0";"-1";"0";"18";"0";0.0641025641025641;"0";0;"0";"0";"0";"0";"0";"0";3;2.2222222222222223;0;"0";"0,962";finan;"26";"9";"5";"5";"5";"2";autres;"9 466,349";"539,999";Gaz;D;oui;01/08/2017;;;;;;gaz;D;;;
"7 207";930100000R0007;93010*00442;"[""93010*00442""]";93010;BONDY;93;SIMPLE;"1";"[""930100000R0007""]";"188";CL;"1 930";"1 958";"1 930";"1 958";"1";"188";13;SOL;"188";"0";"0";"0";"0";"0";"0";"0";"0";"0";"0";"0";"0";"0";"188";"2";"0";"0";"0";"0";"0";"0";"0";MAISON;"2";"2";"2";"0";"2";"94";"49";"0";"0";"1";"1";"0";"0";"0";"0";"0";"0";"0";"0";"0";"0";"0";"0";"143";"1";"3";G2;PROPRIETE DIVISEE EN LOT;G2a;G2;99;1;MEME COMMUNE;;"1";"1";"1";"[""44GP98Q8YMKV""]";"1";"92";FF_930100000R0007;;;;;;;930100000R0007;Copropriété non immatriculée;;"0";;"93 010";"93";"200 054 781";Métropole du Grand Paris;"1 930";"2";"2";"2";"143";"143";"2";"0";"2";"1";"0";"1";"0";"0";"0";"0";"0";"0";"0";"0";"1";"1";"0";"0";"0";"2";"2";"1";"0";"0";"1";;;"0";"0";"0";"0";;;;;;;;;1 B RUE JULES AUFFRET, BONDY;;;;;;;;;;;;;;;;;;;;;;;;;;;;;;;;;;;;;;;;;;;;;;;;;;;;;;;;;;;;;;;;;"2";AVANT_1949;H;"0,5";{930100000R0007};{930100000R0007A,930100000R0007B};2_FF;44GP98Q8YMKV;"1";"92";;;"662 579,502";"6 866 962,856";"662 579,502";"6 866 962,856";"1";;;;"0";"0";;;;;;1;"0";"0";0;"0";"0";"0";"100";"0";"0";"0";"0";"0";;;;;;;;;;;;0;"0";"0,5";"1";;"0";"0";"0";"0";"-1";"-1";"-1";"-1";"0";"0";-1;"-1";;"-1";"0";"0";"0";"0";"2,727";;1.4285714285714286;0;"0";"1,667";gestion;"13";"5";"0";"4";"4";"0";autres;"190,164";"58,529";Gaz;D;;;;;;;;gaz;;;;
"7 259";930100000R0086;93010*00585;"[""93010*00585""]";93010;BONDY;93;SIMPLE;"1";"[""930100000R0086""]";"398";CL;"1 995";"1 995";"1 995";"1 995";"1";"398";13;SOL;"398";"0";"0";"0";"0";"0";"0";"0";"0";"0";"0";"0";"0";"0";"398";"2";"0";"0";"0";"0";"0";"0";"0";MAISON;"2";"2";"2";"0";"2";"164";"35";"0";"0";"0";"2";"0";"0";"0";"0";"0";"0";"0";"0";"0";"0";"0";"0";"199";"1";"3";G2;PROPRIETE DIVISEE EN LOT;G2a;G2;99;1;MEME COMMUNE;;"1";"1";"1";"[""RAWQDKNQ8WE3""]";"1";"107";FF_930100000R0086;;;;;;;930100000R0086;Copropriété non immatriculée;;"0";;"93 010";"93";"200 054 781";Métropole du Grand Paris;"1 995";"2";"2";"2";"199";"199";"2";"0";"2";"0";"0";"2";"0";"0";"0";"0";"0";"0";"0";"0";"0";"0";"0";"2";"0";"2";"2";"1";"0";"0";"0";;;"0";"0";"0";"0";;;;;;;;;33 AV DE VERDUN, BONDY;;;;;;;;;;;;;;;;;;;;;;;;;;;;;;;;;;;;;;;;;;;;;;;;;;;;;;;;;;;;;;;;;"2";DE_1994_A_2000;H;"0";{930100000R0086};{930100000R0086A,930100000R0086B};2_FF;RAWQDKNQ8WE3;"1";"107";;;"662 743,772";"6 867 235,321";"662 743,772";"6 867 235,321";"1";;;;"0";"0";;;;;;1;"0";"0";0;"0";"0";"0";"0";"0";"0";"0";"0";"0";;;;;;;;;;;;0;"0";"0";"0";;"0";"0";"0";"1";"-1";"-1";"-1";"-1";"0";"0";-1;"-1";;"-1";"0";"0";"0";"0";"3,333";;0;2.5;"0";"2,174";gestion;"12";"4";"0";"3";"5";"0";autres;"404,569";"90,39";Electricité;D;;;;;;;; ;;;;
"7 269";930100000S0010;93010*00144;"[""93010*00144""]";93010;BONDY;93;SIMPLE;"1";"[""930100000S0010""]";"376";CL;"1 974";"1 974";"1 974";"1 974";"1";"376";13;SOL;"376";"0";"0";"0";"0";"0";"0";"0";"0";"0";"0";"0";"0";"0";"376";"4";"0";"0";"0";"0";"0";"2";"0";MIXTE;"1";"2";"2";"0";"2";"223";"2";"0";"0";"0";"2";"0";"0";"0";"0";"0";"0";"20";"0";"0";"0";"0";"0";"245";"1";"3";G2;PROPRIETE DIVISEE EN LOT;G2a;G2;99;1;MEME COMMUNE;;"1";"1";"1";"[""7DGSD89D3WBD"",""NTJZZHCRD61K""]";"2";"164";FF_930100000S0010;;;;;;;930100000S0010;Copropriété non immatriculée;;"0";;"93 010";"93";"200 054 781";Métropole du Grand Paris;"1 974";"1";"4";"2";"245";"225";"2";"0";"2";"0";"0";"2";"0";"0";"0";"0";"0";"0";"0";"0";"0";"0";"1";"1";"0";"2";"2";"1";"0";"0";"1";;;"1";"0";"0";"0";;;;;;;;;35 RUE ROBERT DOUVILLEZ, BONDY;;;;;;;;;;;;;;;;;;;;;;;;;;;;;;;;;;;;;;;;;;;;;;;;;;;;;;;;;;;;;;;;;"2";DE_1961_A_1974;H;"0";{930100000S0010};{930100000S0010A};2_FF;7DGSD89D3WBD,NTJZZHCRD61K;"2";"164";;;"662 874,898";"6 867 346,114";"662 874,898";"6 867 346,114";"1";;;;"0";"0";;;;;;1;"0";"0";0;"0";"0";"0";"0";"0";"0";"0";"0";"0";;;;;;;;;;;;0;"0";"0,5";"1";;"0";"0";"0";"0";"-1";"-1";"-1";"-1";"0";"0";-1;"-1";;"-1";"0";"0";"0";"0";"3,333";;1.4285714285714286;0;"0";"1,538";gestion;"14";"4";"0";"4";"5";"1";autres;"375,955";"88,032";Gaz;C;;;;;;;;electricite;C;;;
"7 270";930100000R0141;93010*00573;"[""93010*00573""]";93010;BONDY;93;SIMPLE;"1";"[""930100000R0141""]";"1 479";CV;"2 012";"2 012";"2 012";"2 012";"1";"1 479";13;SOL;"1 479";"0";"0";"0";"0";"0";"0";"0";"0";"0";"0";"0";"0";"0";"1 479";"145";"18";"17";"18";"18";"0";"63";"72";APPARTEMENT;"1";"64";"0";"64";"64";"3 158";"0";"5";"0";"59";"0";"0";"0";"1";"1";"0";"0";"189";"1 234";"110";"0";"0";"0";"4 691";"0";"3";G2;PROPRIETE DIVISEE EN LOT;G2c;G2;99;1;MEME COMMUNE;;"1";"1";"1";"[""46GBZ2QNVPZE"",""C1H1Y5WKT1NN"",""Y5CBCDQQRDJX""]";"3";"1 397";FF_930100000R0141;;;;;;;930100000R0141;Copropriété non immatriculée;;"0";;"93 010";"93";"200 054 781";Métropole du Grand Paris;"2 012";"1";"145";"64";"4 691";"3 158";"0";"64";"59";"59";"0";"0";"0";"0";"0";"0";"5";"1";"1";"17";"21";"19";"7";"0";"0";"2";"1";"64";"5";"1";"0";;;"2";"0";"194";"0";D,D;;;;;;;;11 PL NICOLE NEUBURGER, BONDY;;;;;;;;;;;;;;;;;;;;;;;;;;;;;;;;;;;;;;;;;;;;;;;;;;;;;;;;;;;;;;;;;"64";A_COMPTER_DE_2011;V;"1";{930100000R0141};{930100000R0141E};2_FF;46GBZ2QNVPZE,C1H1Y5WKT1NN,Y5CBCDQQRDJX;"3";"1 397";;;"662 669,03";"6 866 976,32";"662 669,03";"6 866 976,32";"1";;;;"0";"0";;;;;;0.7804878048780488;"0";"1";0;"0";"0";"0";"0";"0";"0";"0";"0";"0";;;;;;;;;;;;0.015625;"0";"0";"0";;"0";"0";"0";"0";"0";"0";"0";"0";"0";"0";;"0";;"0";"0";"0";"0";"0";"8,571";;0;0;"0";"2,857";gestion;"10";"3";"0";"3";"2";"2";a surveiller;"1 475,665";"320,82";Gaz;D;;;;;;;;gaz;;;;
"7 277";930100000S0013;93010*00137;"[""93010*00137""]";93010;BONDY;93;SIMPLE;"1";"[""930100000S0013""]";"533";CL;"1 907";"1 907";"1 907";"1 907";"1";"533";13;SOL;"533";"0";"0";"0";"0";"0";"0";"0";"0";"0";"0";"0";"0";"0";"533";"3";"0";"0";"0";"0";"0";"1";"0";MAISON;"1";"2";"2";"0";"2";"185";"107";"1";"0";"0";"1";"0";"0";"0";"0";"0";"0";"15";"0";"0";"0";"0";"0";"307";"1";"3";G2;PROPRIETE DIVISEE EN LOT;G2a;G2;99;1;MEME COMMUNE;;"1";"1";"1";"[""4ZQD21J6EASV"",""KX6KRE84W33A""]";"2";"196";RNC_AI0184168;AI0184168;2023-02-27 00:00:00.0;2023-02-27 00:00:00.0;non connu;non connu;non connu;930100000S0013;Copropriété immatriculée;1_1;"1";OUI;"93 010";"93";"200 054 781";Métropole du Grand Paris;"1 907";"1";"3";"2";"307";"292";"2";"0";"1";"0";"0";"1";"0";"0";"0";"0";"1";"0";"0";"0";"0";"0";"1";"1";"0";"2";"2";"1";"1";"0";"0";0;;"1";"0";"0";"0";;non connu;non connu;non connu;non connu;Pas de mandat en cours;non connu;14 et 16 rue Marcelin Berthelot BONDY;14/16 r marcellin berthelot 93140 Bondy;45-47 r robert douvillez 93140 Bondy;non connu;non connu;1;1968-05-02 00:00:00.0;non;non connu;oui;non connu;1;0;0;2;2;2;0;0;0;0;AVANT_1949;93010;000;0S;0013;;;;;;;;;1;non;non connu;non renseigné;non connu;non connu;non connu;;;;;;;non renseigné;non renseigné;0;0;0;1;0;0;0;1;individuel;non renseigné;non renseigné;Non renseigné;Non renseigné;non connu;non connu;0;non connu;"2";AVANT_1949;H;"0";{930100000S0013};{930100000S0013A};1_RNIC_FF;4ZQD21J6EASV,KX6KRE84W33A;"2";"196";662893.9688733863;6867280.129236148;"662 879,679";"6 867 308,193";"662 893,969";"6 867 280,129";"0";1;1;;"0";"0";0;1;0;1;;1;"0";"0";0;"0";"0";"0";"0";"0";"0";"0";"0";"0";;;;;;;;;;;;0;"0";"0";"0";;"0";"0";"0";"0";"-1";"-1";"-1";"-1";"0";"0";-1;"-1";0;"-1";"0";"0";"0";"0";"4,706";;0;0;"0";"2,222";gestion;"18";"7";"0";"4";"5";"2";autres;"533,48";"97,286";Gaz;E;;;;;;;;gaz;E;;;
"7 309";930100000S0050;93010*00125;"[""93010*00125""]";93010;BONDY;93;SIMPLE;"1";"[""930100000S0050""]";"326";CL;"1 913";"1 935";"1 913";"1 935";"1";"32";13;SOL;"32";"0";"0";"0";"0";"0";"0";"0";"0";"0";"0";"0";"0";"0";"32";"4";"0";"0";"0";"0";"0";"1";"0";MAISON;"3";"3";"3";"0";"3";"135";"97";"0";"0";"1";"2";"0";"0";"0";"0";"0";"0";"3";"0";"0";"0";"0";"0";"235";"1";"4";G2;PROPRIETE DIVISEE EN LOT;G2a;G2;99;1;MEME COMMUNE;;"1";"1";"1";"[""ANN5FDQMT48Q"",""DA7KMD94VN9H"",""WJ858R58ZQRJ""]";"3";"115";FF_930100000S0050;;;;;;;930100000S0050;Copropriété non immatriculée;;"0";;"93 010";"93";"200 054 781";Métropole du Grand Paris;"1 913";"3";"4";"3";"235";"232";"3";"0";"3";"1";"0";"2";"0";"0";"0";"0";"0";"0";"0";"1";"1";"0";"1";"0";"0";"3";"3";"1";"0";"0";"0";;;"1";"0";"0";"0";;;;;;;;;28 RUE HENRI DOUILLOT, BONDY;;;;;;;;;;;;;;;;;;;;;;;;;;;;;;;;;;;;;;;;;;;;;;;;;;;;;;;;;;;;;;;;;"3";AVANT_1949;H;"0,333";{930100000S0050};{930100000S0050A,930100000S0050B,930100000S0050C};2_FF;ANN5FDQMT48Q,DA7KMD94VN9H,WJ858R58ZQRJ;"3";"115";;;"662 942,201";"6 867 225,219";"662 942,201";"6 867 225,219";"1";;;;"0";"0";;;;;;1;"0";"0";0;"0";"0";"0";"0";"1";"0";"0";"0";"0";;;;;;;;;;;;0;"0";"0";"0";;"0";"0";"0";"0";"-1";"-1";"-1";"-1";"0";"0";-1;"-1";;"-1";"0";"0";"0";"0";"4,545";;0;0;"0";"1,852";gestion;"14";"5";"0";"3";"5";"1";autres;"326,853";"87,684";Electricité;E;;;;;;;;electricite;E;;;
"7 317";930100000S0060;93010*00337;"[""93010*00337""]";93010;BONDY;93;SIMPLE;"1";"[""930100000S0060""]";"441";CL;"1 925";"1 951";"1 925";"1 951";"1";"441";13;SOL;"441";"0";"0";"0";"0";"0";"0";"0";"0";"0";"0";"0";"0";"0";"441";"2";"0";"0";"0";"0";"0";"0";"0";MAISON;"2";"2";"2";"0";"2";"118";"57";"0";"0";"0";"2";"0";"0";"0";"0";"0";"0";"0";"0";"0";"0";"0";"0";"175";"1";"3";G2;PROPRIETE DIVISEE EN LOT;G2a;G2;99;1;MEME COMMUNE;;"1";"1";"1";"[""315ZJEMW2C2C"",""454RE4F63JZJ""]";"2";"176";FF_930100000S0060;;;;;;;930100000S0060;Copropriété non immatriculée;;"0";;"93 010";"93";"200 054 781";Métropole du Grand Paris;"1 925";"2";"2";"2";"175";"175";"2";"0";"2";"0";"0";"2";"0";"0";"0";"0";"0";"0";"0";"0";"1";"0";"0";"1";"0";"2";"2";"1";"0";"0";"0";;;"0";"0";"0";"0";;;;;;;;;46 RUE HENRI DOUILLOT, BONDY;;;;;;;;;;;;;;;;;;;;;;;;;;;;;;;;;;;;;;;;;;;;;;;;;;;;;;;;;;;;;;;;;"2";AVANT_1949;H;"0";{930100000S0060};{930100000S0060A,930100000S0060B};2_FF;315ZJEMW2C2C,454RE4F63JZJ;"2";"176";;;"662 934,036";"6 867 117,937";"662 934,036";"6 867 117,937";"1";;;;"0";"0";;;;;;1;"0";"0";0;"0";"0";"0";"0";"0";"0";"0";"0";"0";;;;;;;;;;;;0;"0";"0";"0";;"0";"0";"0";"1";"-1";"-1";"-1";"-1";"0";"0";-1;"-1";;"-1";"0";"0";"0";"0";"3,333";;0;2.5;"0";"2,174";gestion;"12";"4";"0";"3";"5";"0";autres;"441,625";"100,12";Gaz;G;;;;;;;; ;;;;
"7 344";930100000S0096;93010*00853;"[""93010*00853""]";93010;BONDY;93;SIMPLE;"1";"[""930100000S0096""]";"300";CL;"2 021";"2 021";"2 021";"2 021";"1";"300";13;SOL;"300";"0";"0";"0";"0";"0";"0";"0";"0";"0";"0";"0";"0";"0";"300";"10";"0";"0";"0";"0";"0";"5";"0";MIXTE;"2";"5";"0";"5";"5";"250";"7";"0";"0";"0";"4";"1";"0";"0";"0";"0";"0";"77";"0";"0";"0";"0";"0";"334";"1";"6";G2;PROPRIETE DIVISEE EN LOT;G2a;G2;99;1;MEME COMMUNE;;"1";"1";"1";"[""D24BS6EJ5A24"",""XTWYFW7FGT8S""]";"2";"191";RNC_AH5260534;AH5260534;2022-05-10 00:00:00.0;2022-05-10 00:00:00.0;non connu;non connu;non connu;930100000S0096;Copropriété immatriculée;1_1;"1";OUI;"93 010";"93";"200 054 781";Métropole du Grand Paris;"2 021";"2";"9";"5";"316";"257";"0";"5";"5";"0";"0";"4";"1";"0";"0";"0";"0";"0";"0";"0";"1";"3";"1";"0";"0";"5";"5";"1";"0";"0";"4";3;-57.00;"0";"0";"0";"0";;non connu;non connu;non connu;non connu;Pas de mandat en cours;non connu;SDC 42 RUE ROBERT DOUVILLEZ 93140 BONDY;42 r robert douvillez 93140 Bondy;non connu;non connu;non connu;0;2021-12-29 00:00:00.0;non;non connu;oui;non connu;0;0;0;10;5;5;5;0;0;0;A_COMPTER_DE_2011;93010;000;0S;0096;;;;;;;;;1;non;non connu;non renseigné;non connu;non connu;non connu;;;;;;;non renseigné;2021;0;0;0;0;0;0;0;1;individuel;non renseigné;non renseigné;Non renseigné;Non renseigné;non connu;non connu;0;ADRNIVX_0000000268250791;"5";A_COMPTER_DE_2011;V;"0";{930100000S0096};{930100000S0096A,930100000S0096P};2_RNIC_FF;D24BS6EJ5A24,XTWYFW7FGT8S;"2";"191";662857.374624164;6867312.27895583;"662 840,253";"6 867 307,747";"662 857,375";"6 867 312,279";"0";1;1;;"0";"0";0;0;0;0;;1;"0";"0";0;"0";"0";"0";"0";"0";"0";"0";"40";"1";;;;;;;;;;;;0;"0";"0,8";"1";1;"0";"0";"0";"0";"0";"0";"0";"0";"0";"0";;"0";0;"0";"0";"0";"0";"0";"3,529";;3.3333333333333335;0;"0";"2,5";gestion;"18";"7";"0";"5";"5";"1";autres;"299,084";"85,088";Electricité;F;;;;;;;; ;;;;
"7 417";930100000T0012;93010*00085;"[""93010*00085""]";93010;BONDY;93;SIMPLE;"1";"[""930100000T0012""]";"480";CL;"1 920";"1 926";"1 920";"1 926";"1";"8";13;SOL;"8";"0";"0";"0";"0";"0";"0";"0";"0";"0";"0";"0";"0";"0";"8";"8";"0";"0";"0";"0";"0";"3";"0";MAISON;"5";"5";"5";"0";"5";"301";"55";"0";"0";"2";"3";"0";"0";"0";"0";"1";"0";"14";"0";"0";"0";"0";"0";"370";"1";"6";G2;PROPRIETE DIVISEE EN LOT;G2a;G2;99;1;MEME COMMUNE;;"1";"1";"1";"[""8PK8C213KRRR"",""97XHY3DV54VD"",""9SPGCSYJMZDY"",""AWPZ8KGHEW98"",""B3WRPJMDQHJA"",""F53WSANGAZG5"",""K8ZYMK67ZFJJ"",""MACM4KEN3ZYE"",""QS2RR28RYAPG"",""RGWTCDA8X8BD"",""VSAA1CAQNCDC""]";"11";"245";RNC_AH7575913;AH7575913;2022-09-26 00:00:00.0;2022-09-25 00:00:00.0;MME Mohamed TAHRAOUI;non connu;non connu;930100000T0012;Copropriété immatriculée;3_2;"1";OUI;"93 010";"93";"200 054 781";Métropole du Grand Paris;"1 920";"5";"8";"5";"370";"356";"5";"0";"4";"2";"0";"2";"0";"1";"0";"0";"0";"0";"0";"0";"1";"4";"0";"0";"0";"5";"5";"1";"0";"0";"1";0;;"2";"1";"0";"0";;non connu;non connu;non connu;non connu;Pas de mandat en cours;2023-09-23 00:00:00.0;TAHRAOUI;45 r amedee guyard 93140 Bondy;non connu;non connu;non connu;0;2016-12-31 00:00:00.0;non;non;oui;non connu;0;0;0;5;5;5;0;0;0;0;DE_1949_A_1960;;;;;;;;;;;;;0;non;non connu;oui;2023-01-01 00:00:00.0;2023-12-31 00:00:00.0;non connu;;;;;;;non;non renseigné;0;0;5;0;0;0;0;0;individuel;non renseigné;non renseigné;Non renseigné;Non renseigné;non connu;non connu;0;ADRNIVX_0000000268248843;"5";AVANT_1949;H;"0,5";{930100000T0012};{930100000T0012A,930100000T0012B,930100000T0012C,930100000T0012D,930100000T0012E};1_RNIC_FF;8PK8C213KRRR,97XHY3DV54VD,9SPGCSYJMZDY,AWPZ8KGHEW98,B3WRPJMDQHJA,F53WSANGAZG5,K8ZYMK67ZFJJ,MACM4KEN3ZYE,QS2RR28RYAPG,RGWTCDA8X8BD,VSAA1CAQNCDC;"11";"245";663136.5129755189;6867401.791482362;"663 134,599";"6 867 414,756";"663 136,513";"6 867 401,791";"0";0;1;;"0";"0";0;0;0;0;;1;"0";"0";0;"0";"20";"0";"100";"0";"0";"0";"20";"0";;;;;;;;;;;;0;"0";"0,2";"0";;"0";"0";"0";"0";"0";"0";"0";"0";"33";"1";;"0";0;"0";"0";"1";"1";"1";"1,579";;0;1.25;"5";"1,579";bati;"19";"8";"0";"4";"5";"2";autres;"480,618";"87,695";Gaz;D;;;;;;;; ;;;;
"7 421";930100000T0019;93010*00084;"[""93010*00084""]";93010;BONDY;93;SIMPLE;"1";"[""930100000T0019""]";"571";CL;"1 930";"1 930";"1 930";"1 930";"1";"571";13;SOL;"571";"0";"0";"0";"0";"0";"0";"0";"0";"0";"0";"0";"0";"0";"571";"10";"0";"0";"0";"0";"0";"6";"0";DEPENDANCE;"1";"4";"4";"0";"4";"197";"22";"0";"0";"1";"3";"0";"0";"0";"0";"0";"0";"84";"0";"0";"0";"0";"0";"303";"1";"5";G2;PROPRIETE DIVISEE EN LOT;G2a;G2;99;1;MEME COMMUNE;;"1";"1";"1";"[""92JR7TD4GVDC"",""WDZK9GSZANWX"",""XP92161G525G""]";"3";"196";FF_930100000T0019;;;;;;;930100000T0019;Copropriété non immatriculée;;"0";;"93 010";"93";"200 054 781";Métropole du Grand Paris;"1 930";"1";"10";"4";"303";"219";"4";"0";"4";"1";"0";"3";"0";"0";"0";"0";"0";"0";"0";"1";"0";"2";"1";"0";"1";"4";"4";"1";"0";"0";"1";;;"0";"0";"0";"0";;;;;;;;;21 B RUE DU CYCLE, BONDY;;;;;;;;;;;;;;;;;;;;;;;;;;;;;;;;;;;;;;;;;;;;;;;;;;;;;;;;;;;;;;;;;"4";AVANT_1949;H;"0,25";{930100000T0019};{930100000T0019A};2_FF;92JR7TD4GVDC,WDZK9GSZANWX,XP92161G525G;"3";"196";;;"663 035,421";"6 867 368,696";"663 035,421";"6 867 368,696";"1";;;;"0";"0";;;;;;1;"0";"0";0;"0";"0";"0";"0";"0";"0,25";"0";"0";"0";;;;;;;;;;;;0;"0";"0,25";"0";;"0";"0";"0";"0";"-1";"-1";"-1";"-1";"0";"0";-1;"-1";;"-1";"0";"0";"0";"0";"3,333";;0;0;"0";"1,25";gestion;"13";"4";"0";"4";"5";"0";autres;"570,773";"114,323";Fioul;G;;;;;;;;gaz;;;;
"7 444";930100000T0044;93010*00384;"[""93010*00384""]";93010;BONDY;93;SIMPLE;"1";"[""930100000T0044""]";"235";CL;"1 910";"1 925";"1 910";"1 925";"1";"235";13;SOL;"235";"0";"0";"0";"0";"0";"0";"0";"0";"0";"0";"0";"0";"0";"235";"3";"0";"0";"0";"0";"0";"1";"0";MAISON;"2";"2";"2";"0";"2";"77";"0";"0";"0";"0";"2";"0";"0";"0";"0";"0";"0";"17";"0";"0";"0";"0";"0";"94";"1";"3";G2;PROPRIETE DIVISEE EN LOT;G2a;G2;99;1;MEME COMMUNE;;"1";"1";"1";"[""GB4K9R5NNPGS"",""P78T8R11WK53""]";"2";"72";FF_930100000T0044;;;;;;;930100000T0044;Copropriété non immatriculée;;"0";;"93 010";"93";"200 054 781";Métropole du Grand Paris;"1 910";"2";"3";"2";"94";"77";"2";"0";"2";"0";"0";"2";"0";"0";"0";"0";"0";"0";"0";"0";"2";"0";"0";"0";"0";"2";"2";"1";"0";"0";"0";;;"1";"0";"0";"0";;;;;;;;;18 RUE DU CYCLE, BONDY;;;;;;;;;;;;;;;;;;;;;;;;;;;;;;;;;;;;;;;;;;;;;;;;;;;;;;;;;;;;;;;;;"2";AVANT_1949;H;"0";{930100000T0044};{930100000T0044A,930100000T0044B};2_FF;GB4K9R5NNPGS,P78T8R11WK53;"2";"72";;;"663 022,175";"6 867 326,303";"663 022,175";"6 867 326,303";"1";;;;"0";"0";;;;;;1;"0";"0";0;"0";"0";"0";"0";"0";"0";"0";"0";"0";;;;;;;;;;;;0;"0";"0";"0";;"0";"0";"0";"0";"-1";"-1";"-1";"-1";"0";"0";-1;"-1";;"-1";"0";"0";"0";"0";"3,333";;0;0;"0";"1,2";gestion;"13";"4";"0";"3";"5";"1";autres;"232,911";"66,833";Gaz;G;;;;;;;; ;;;;
"7 463";930100000T0067;93010*00010;"[""93010*00010""]";93010;BONDY;93;SIMPLE;"1";"[""930100000T0067""]";"350";CL;"1 930";"1 930";"1 930";"1 930";"1";"350";13;SOL;"350";"0";"0";"0";"0";"0";"0";"0";"0";"0";"0";"0";"0";"0";"350";"4";"0";"0";"0";"0";"0";"2";"0";MIXTE;"1";"2";"2";"0";"2";"124";"30";"1";"0";"0";"1";"0";"0";"0";"0";"0";"0";"28";"0";"0";"0";"0";"0";"182";"1";"3";G2;PROPRIETE DIVISEE EN LOT;G2a;G2;99;1;MEME COMMUNE;;"1";"1";"1";"[""H7793V5ME7WR"",""QQ6DF49N7YN6"",""R95F42G79KZZ""]";"3";"137";RNC_AI4601472;AI4601472;2024-01-04 00:00:00.0;2024-01-04 00:00:00.0;non connu;non connu;non connu;930100000T0067;Copropriété immatriculée;1_1;"1";OUI;"93 010";"93";"200 054 781";Métropole du Grand Paris;"1 930";"1";"4";"2";"182";"154";"2";"0";"1";"0";"0";"1";"0";"0";"0";"0";"1";"0";"0";"0";"1";"0";"0";"1";"0";"2";"2";"1";"1";"0";"0";0;;"3";"1";"0";"0";;non connu;non connu;non connu;non connu;Pas de mandat en cours;non connu;SDC 1 allée Raspail 93140 BONDY;1 Allée Raspail 93140 Bondy;non connu;non connu;non connu;0;1962-03-08 00:00:00.0;non;non connu;oui;non connu;0;0;0;2;2;2;0;0;0;0;DE_1961_A_1974;93010;000;0T;0067;;;;;;;;;1;non;non connu;oui;non connu;2025-01-31 00:00:00.0;non connu;;;;;;;non;non renseigné;0;0;0;0;0;0;0;2;individuel;non renseigné;non renseigné;Non;Sans objet;non connu;non connu;0;Bondy;"2";AVANT_1949;H;"0";{930100000T0067};{930100000T0067A};0;H7793V5ME7WR,QQ6DF49N7YN6,R95F42G79KZZ;"3";"137";662976.0356446819;6867228.339563118;"662 986,124";"6 867 234,496";"662 976,036";"6 867 228,34";"0";0;1;;"0";"0";0;0;0;0;;1;"0";"0";0;"0";"100";"1";"0";"0";"0";"0";"0";"0";;;;;;;;;;;;0;"0";"0";"0";;"0";"0";"0";"0";"-1";"-1";"-1";"-1";"100";"1";-1;"-1";0;"-1";"0";"1";"0";"0";"2,941";;0;1.25;"5";"2,222";bati;"18";"7";"0";"4";"5";"2";autres;"350,465";"85,27";Electricité;G;;;;;;;;fioul;G;;;
"7 480";930100000T0086;93010*00011;"[""93010*00011""]";93010;BONDY;93;SIMPLE;"1";"[""930100000T0086""]";"260";CL;"1 928";"1 928";"1 928";"1 928";"1";"260";13;SOL;"260";"0";"0";"0";"0";"0";"0";"0";"0";"0";"0";"0";"0";"0";"260";"2";"0";"0";"0";"0";"0";"0";"0";MAISON;"1";"2";"2";"0";"2";"158";"83";"0";"0";"1";"1";"0";"0";"0";"0";"0";"0";"0";"0";"0";"0";"0";"0";"241";"1";"3";G2;PROPRIETE DIVISEE EN LOT;G2a;G2;99;1;MEME COMMUNE;;"1";"1";"1";"[""8X8JM2CMWR6J"",""G6Y9E99N2HT9""]";"2";"135";RNC_AI3513207;AI3513207;2023-10-12 00:00:00.0;2023-10-12 00:00:00.0;non connu;non connu;non connu;930100000T0086;Copropriété immatriculée;1_1;"1";OUI;"93 010";"93";"200 054 781";Métropole du Grand Paris;"1 928";"1";"2";"2";"241";"241";"2";"0";"2";"1";"0";"1";"0";"0";"0";"0";"0";"0";"0";"0";"0";"2";"0";"0";"0";"2";"2";"1";"0";"0";"2";0;;"1";"0";"0";"0";;non connu;non connu;non connu;non connu;Pas de mandat en cours;non connu;37 bis allée Raspail;37B all raspail 93140 Bondy;non connu;non connu;non connu;0;1965-09-15 00:00:00.0;non;non connu;oui;non connu;0;0;0;2;2;2;0;0;0;0;AVANT_1949;93010;000;0T;0086;;;;;;;;;1;non;non connu;non renseigné;non connu;non connu;non connu;;;;;;;non renseigné;non renseigné;0;0;0;0;0;0;0;1;individuel;non renseigné;non renseigné;Non;Sans objet;non connu;non connu;0;ADRNIVX_0000000268253428;"2";AVANT_1949;H;"0,5";{930100000T0086};{930100000T0086A};0;8X8JM2CMWR6J,G6Y9E99N2HT9;"2";"135";663185.7862800512;6867207.652590736;"663 184,812";"6 867 216,483";"663 185,786";"6 867 207,653";"0";0;1;;"0";"0";0;0;0;0;;1;"0";"0";0;"0";"0";"0";"100";"0";"0";"0";"0";"0";;;;;;;;;;;;0;"0";"1";"1";;"0";"0";"0";"0";"-1";"-1";"-1";"-1";"0";"0";-1;"-1";0;"-1";"0";"0";"0";"0";"1,579";;1.4285714285714286;0;"0";"1,053";gestion;"19";"8";"0";"4";"5";"2";autres;"258,499";"64,348";Gaz;E;;;;;;;;electricite;E;;;
"7 502";930100000T0114;93010*00008;"[""93010*00008""]";93010;BONDY;93;SIMPLE;"1";"[""930100000T0114""]";"346";CL;"1 920";"1 920";"1 920";"1 920";"1";"346";13;SOL;"346";"0";"0";"0";"0";"0";"0";"0";"0";"0";"0";"0";"0";"0";"346";"5";"0";"0";"0";"0";"0";"3";"0";DEPENDANCE;"1";"2";"2";"0";"2";"115";"0";"0";"0";"0";"2";"0";"0";"0";"0";"0";"0";"31";"0";"0";"0";"0";"0";"146";"1";"3";G2;PROPRIETE DIVISEE EN LOT;G2a;G2;99;1;MEME COMMUNE;;"1";"1";"1";"[""178HW1XTTXEJ"",""J3HSQG3R8B7D""]";"2";"130";RNC_AG1946474;AG1946474;2020-07-10 00:00:00.0;2020-07-10 00:00:00.0;non connu;non connu;non connu;930100000T0114;Copropriété immatriculée;1_1;"1";OUI;"93 010";"93";"200 054 781";Métropole du Grand Paris;"1 920";"1";"5";"2";"146";"115";"2";"0";"2";"0";"0";"2";"0";"0";"0";"0";"0";"0";"0";"0";"0";"2";"0";"0";"0";"2";"2";"1";"0";"0";"2";0;;"0";"0";"0";"0";;non connu;non connu;non connu;non connu;Pas de mandat en cours;non connu;SDC 21 ALLEE POTTIER A BONDY;21 all pottier 93140 Bondy;non connu;non connu;non connu;0;1962-01-27 00:00:00.0;non;non connu;oui;non connu;0;0;0;2;2;2;0;0;0;0;AVANT_1949;93010;000;0T;0114;;;;;;;;;1;non;non connu;oui;2020-01-01 00:00:00.0;2020-12-31 00:00:00.0;non connu;;;;;;;non renseigné;non renseigné;0;0;0;1;0;0;0;1;individuel;non renseigné;non renseigné;Non renseigné;Non renseigné;non connu;non connu;0;non connu;"2";AVANT_1949;H;"0";{930100000T0114};{930100000T0114A};2_RNIC_FF;178HW1XTTXEJ,J3HSQG3R8B7D;"2";"130";663243.3138664983;6867285.350846944;"663 241,512";"6 867 283,069";"663 243,314";"6 867 285,351";"0";1;1;;"0";"0";0;0;0;0;;1;"0";"0";0;"0";"0";"0";"0";"0";"0";"0";"0";"0";;;;;;;;;;;;0;"0";"1";"1";;"0";"0";"0";"0";"-1";"-1";"-1";"-1";"0";"0";-1;"-1";0;"-1";"0";"0";"0";"0";"3,529";;1.4285714285714286;0;"0";"2,059";gestion;"17";"7";"0";"4";"5";"1";autres;"350,06";"93,479";Gaz;G;;;;;;;; ;;;;
"7 507";930100000T0120;93010*00786;"[""93010*00786""]";93010;BONDY;93;SIMPLE;"1";"[""930100000T0120""]";"184";CL;"1 914";"1 914";"1 914";"1 914";"1";"184";13;SOL;"184";"0";"0";"0";"0";"0";"0";"0";"0";"0";"0";"0";"0";"0";"184";"21";"2";"2";"2";"2";"0";"9";"8";APPARTEMENT;"2";"10";"0";"10";"10";"280";"0";"2";"0";"3";"5";"0";"0";"1";"0";"0";"0";"43";"39";"0";"0";"0";"0";"362";"1";"13";G2;PROPRIETE DIVISEE EN LOT;G2a;G2;99;3;MEME REGION;;"1";"1";"1";"[""5MSC587CV447"",""9NHV8DHVFGPM"",""N8RMT6HFXJ5C""]";"3";"130";RNC_AB1208651;AB1208651;2017-09-19 00:00:00.0;2022-05-11 00:00:00.0;STARES FRANCE 88513206800010;non connu;non connu;930100000T0120;Copropriété immatriculée;3_2;"1";OUI;"93 010";"93";"200 054 781";Métropole du Grand Paris;"1 914";"2";"20";"10";"351";"280";"0";"10";"8";"3";"0";"5";"0";"0";"0";"0";"2";"1";"0";"2";"6";"2";"0";"0";"0";"12";"9";"1,111";"2";"0";"6";5;-52.00;"0";"0";"1";"1";;non connu;non connu;non connu;non connu;Pas de mandat en cours;2024-06-05 00:00:00.0;60 ALLEE THERESE;60 all therese 93140 BONDY;non connu;non connu;non connu;0;1963-04-09 00:00:00.0;non;non;oui;;0;0;0;25;14;11;0;0;0;0;DE_1961_A_1974;;;;;;;;;;;;;0;non;non connu;non;2021-01-01 00:00:00.0;2021-12-31 00:00:00.0;30/03/2022;12910.0;0.0;0.0;1262.0;0;2264.0;non;non renseigné;0;0;0;0;0;0;0;1;individuel;non renseigné;non renseigné;Non renseigné;Non renseigné;14;90.0;0;ADRNIVX_0000000268250718;"10";AVANT_1949;V;"0,375";{930100000T0120};{930100000T012001,930100000T0120A};2_RNIC_FF;5MSC587CV447,9NHV8DHVFGPM,N8RMT6HFXJ5C;"3";"130";663298.1324733708;6867294.45517855;"663 304,964";"6 867 300,139";"663 298,132";"6 867 294,455";"0";0;1;;"0";"0";0;0;0;0;;0.8333333333333334;"0";"0";0;"0";"10";"0";"33";"1";"0";"0";"20";"0";0;0;0;0.09775367931835786212;0;0;0.000000000000000000000000;0;;922.1428571428571429;0;0;"0";"0,6";"1";1;"0";"0";"0";"0";"-1";"0";"-1";"1";"0";"0";-1;"0";0;"0";"0";"1";"0";"0";"2,632";0;3.3333333333333335;2.5;"5";"2,4";bati;"25";"8";"5";"5";"5";"2";autres;"184,058";"57,037";Gaz;E;;;;;;;;gaz;;;;
"7 511";930100000T0124;93010*00106;"[""93010*00106""]";93010;BONDY;93;SIMPLE;"1";"[""930100000T0124""]";"395";CL;"1 924";"1 924";"1 924";"1 924";"1";"395";13;SOL;"395";"0";"0";"0";"0";"0";"0";"0";"0";"0";"0";"0";"0";"0";"395";"6";"0";"0";"0";"0";"0";"2";"0";APPARTEMENT;"1";"4";"1";"3";"4";"171";"0";"0";"0";"3";"1";"0";"0";"0";"0";"0";"0";"20";"0";"0";"0";"0";"0";"191";"1";"3";G2;PROPRIETE DIVISEE EN LOT;G2a;G2;99;1;MEME COMMUNE;;"1";"1";"1";"[""HTYCZN2GCNA6""]";"1";"79";FF_930100000T0124;;;;;;;930100000T0124;Copropriété non immatriculée;;"0";;"93 010";"93";"200 054 781";Métropole du Grand Paris;"1 924";"1";"6";"4";"191";"171";"1";"3";"4";"3";"0";"1";"0";"0";"0";"0";"0";"0";"0";"1";"0";"3";"0";"0";"0";"2";"2";"2";"0";"0";"0";;;"0";"0";"0";"0";;;;;;;;;88 B RUE DU COQ GAULOIS, BONDY;;;;;;;;;;;;;;;;;;;;;;;;;;;;;;;;;;;;;;;;;;;;;;;;;;;;;;;;;;;;;;;;;"4";AVANT_1949;M;"0,75";{930100000T0124};{930100000T0124A};2_FF;HTYCZN2GCNA6;"1";"79";;;"663 320,462";"6 867 280,169";"663 320,462";"6 867 280,169";"1";;;;"0";"0";;;;;;1;"0";"0";0;"0";"0";"0";"100";"0";"0";"0";"0";"0";;;;;;;;;;;;0;"0";"0";"0";;"0";"0";"0";"0";"-1";"-1";"-1";"-1";"0";"0";-1;"-1";;"-1";"0";"0";"0";"0";"2,727";;0;0;"0";"1,2";gestion;"13";"5";"0";"3";"5";"0";autres;"395,873";"99,743";Electricité;E;;;;;;;;electricite;;;;
"7 518";930100000T0131;93010*00616;"[""93010*00616""]";93010;BONDY;93;SIMPLE;"1";"[""930100000T0131""]";"459";CL;"1 967";"1 967";"1 967";"1 967";"3";"459";13;SOL;"459";"0";"0";"0";"0";"0";"0";"0";"0";"0";"0";"0";"0";"0";"459";"8";"0";"0";"0";"0";"0";"5";"0";DEPENDANCE;"1";"3";"0";"3";"3";"172";"0";"1";"0";"0";"2";"0";"0";"0";"0";"0";"0";"71";"0";"0";"0";"0";"0";"243";"1";"4";G2;PROPRIETE DIVISEE EN LOT;G2a;G2;99;1;MEME COMMUNE;;"1";"1";"1";"[""1AP3XAPR7XF5"",""7FD4JP8884YM""]";"2";"154";RNC_AE9944919;AE9944919;2019-04-03 00:00:00.0;2022-10-03 00:00:00.0;CABINET AJOA GESTION 80506069600020;non connu;non connu;930100000T0131;Copropriété immatriculée;3_2;"1";OUI;"93 010";"93";"200 054 781";Métropole du Grand Paris;"1 967";"1";"8";"3";"243";"172";"0";"3";"2";"0";"0";"2";"0";"0";"0";"0";"1";"0";"0";"1";"0";"2";"0";"0";"0";"3";"3";"1";"1";"0";"1";1;-61.00;"0";"0";"5";"2";;non connu;non connu;non connu;non connu;Mandat expiré sans successeur déclaré;2024-09-15 00:00:00.0;SDC 42 ALLEE THERESE;42 all therese 93140 Bondy;non connu;non connu;non connu;0;1996-10-26 00:00:00.0;non;non;oui;non connu;0;0;0;10;3;3;3;0;0;0;DE_1994_A_2000;93010;000;0Y;0131;;;;;;;;;1;non;non connu;non;2021-04-01 00:00:00.0;2022-03-31 00:00:00.0;29/09/2022;2575.0;0.0;0.0;0.0;0;0.0;non;1996;0;0;0;0;0;0;0;1;individuel;non renseigné;non renseigné;Non renseigné;Non renseigné;8;94.0;0;ADRNIVX_0000000268253415;"3";DE_1961_A_1974;V;"0";{930100000T0131};{930100000T0131A};2_RNIC_FF;1AP3XAPR7XF5,7FD4JP8884YM;"2";"154";663280.0237575086;6867224.846332446;"663 300,726";"6 867 223,837";"663 280,024";"6 867 224,846";"0";0;1;;"0";"0";0;0;0;0;;1;"0";"0";0;"0";"0";"0";"0";"0";"0";"0";"33";"1";0;0;0;0.00000000000000000000;0;0;0.00000000000000000000;0;;858.3333333333333333;0;0;"0";"0,333";"1";1;"0";"0";"0";"0";"-1";"-1";"-1";"-1";"0";"0";-1;"-1";0;"-1";"0";"1";"0";"0";"1,765";0;3.3333333333333335;0;"5";"1,667";bati;"24";"7";"5";"5";"5";"2";autres;"454,832";"104,75";Mixte (gaz + élec);C;;;;;;;;mixte;C;;;
"7 538";930100000T0155;93010*00410;"[""93010*00410""]";93010;BONDY;93;SIMPLE;"1";"[""930100000T0155""]";"201";CL;"1 963";"1 963";"1 963";"1 963";"1";"201";13;SOL;"201";"0";"0";"0";"0";"0";"0";"0";"0";"0";"0";"0";"0";"0";"201";"7";"0";"0";"0";"0";"0";"4";"0";DEPENDANCE;"1";"3";"0";"3";"3";"180";"0";"0";"0";"1";"2";"0";"0";"0";"0";"0";"0";"56";"0";"0";"0";"0";"0";"236";"1";"4";G2;PROPRIETE DIVISEE EN LOT;G2a;G2;99;1;MEME COMMUNE;;"1";"1";"1";"[""2R2HDWRQYBYK""]";"1";"77";RNC_AG0719443;AG0719443;2020-04-17 00:00:00.0;2020-04-15 00:00:00.0;MME Nadine MONTIRONI;non connu;non connu;930100000T0155;Copropriété immatriculée;3_2;"1";OUI;"93 010";"93";"200 054 781";Métropole du Grand Paris;"1 963";"1";"6";"3";"198";"180";"0";"3";"3";"1";"0";"2";"0";"0";"0";"0";"0";"0";"0";"0";"0";"3";"0";"0";"0";"3";"3";"1";"0";"0";"1";1;-56.00;"0";"0";"0";"0";;non connu;non connu;non connu;non connu;Pas de mandat en cours;2021-01-24 00:00:00.0;allee leon;16 all leon 93140 Bondy;non connu;non connu;non connu;0;1999-05-11 00:00:00.0;non;non;oui;non connu;0;0;0;6;6;6;0;0;0;0;DE_1949_A_1960;;;;;;;;;;;;;0;non;non connu;non;2019-01-01 00:00:00.0;2019-12-31 00:00:00.0;25/01/2020;90.0;0.0;0.0;0.0;0;0.0;non;1960;0;0;0;0;0;0;0;1;individuel;non renseigné;non renseigné;Non renseigné;Non renseigné;non connu;non connu;0;ADRNIVX_0000000268252301;"3";DE_1961_A_1974;V;"0,333";{930100000T0155};{930100000T0155A};2_RNIC_FF;2R2HDWRQYBYK;"1";"77";663182.0126247617;6867248.26534038;"663 182,033";"6 867 257,537";"663 182,013";"6 867 248,265";"0";1;1;;"0";"0";0;0;0;0;;1;"0";"0";0;"0";"33";"1";"100";"0";"0";"0";"33";"1";0;0;0;0.00000000000000000000;0;0;0.00000000000000000000;0;;15.0000000000000000;0;0;"0";"0,333";"1";1;"0";"0";"0";"0";"-1";"-1";"-1";"-1";"0";"0";-1;"-1";0;"-1";"0";"0";"0";"0";"4,211";0;3.3333333333333335;0;"0";"2,292";gestion;"24";"8";"5";"5";"5";"1";autres;"202,826";"58,385";Electricité;D;;;;;;;;electricite;;;;
"7 554";930100000T0182;93010*00587;"[""93010*00587""]";93010;BONDY;93;SIMPLE;"1";"[""930100000T0182""]";"338";CL;"1 925";"1 996";"1 925";"1 996";"1";"338";13;SOL;"338";"0";"0";"0";"0";"0";"0";"0";"0";"0";"0";"0";"0";"0";"338";"12";"0";"0";"0";"0";"0";"5";"0";APPARTEMENT;"2";"7";"1";"6";"7";"147";"0";"0";"0";"7";"0";"0";"0";"0";"0";"0";"0";"15";"0";"0";"0";"0";"0";"162";"1";"3";G2;PROPRIETE DIVISEE EN LOT;G2a;G2;99;1;MEME COMMUNE;;"1";"1";"1";"[""6ZE7A5DDBREE"",""GJ7T6KHXC94K""]";"2";"110";FF_930100000T0182;;;;;;;930100000T0182;Copropriété non immatriculée;;"0";;"93 010";"93";"200 054 781";Métropole du Grand Paris;"1 925";"2";"12";"7";"162";"147";"1";"6";"7";"7";"0";"0";"0";"0";"0";"0";"0";"0";"0";"6";"0";"0";"0";"0";"0";"2";"2";"3,5";"0";"0";"0";;;"2";"1";"6";"0";;;;;;;;;21 RUE HENRI DOUILLOT, BONDY;;;;;;;;;;;;;;;;;;;;;;;;;;;;;;;;;;;;;;;;;;;;;;;;;;;;;;;;;;;;;;;;;"7";AVANT_1949;M;"1";{930100000T0182};{930100000T0182A,930100000T0182B};2_FF;6ZE7A5DDBREE,GJ7T6KHXC94K;"2";"110";;;"662 980,129";"6 867 270,631";"662 980,129";"6 867 270,631";"1";;;;"0";"0";;;;;;1;"0";"1";0;"0";"0";"0";"14";"1";"0";"0";"0";"0";;;;;;;;;;;;0;"0";"0";"0";;"0";"0";"0";"0";"-1";"0";"-1";"1";"0";"0";-1;"0";;"0";"0";"1";"0";"0";"7,273";;0;3.3333333333333335;"10";"4,8";bati;"12";"5";"0";"3";"3";"1";présumée fragile;"332,71";"76,265";Electricité;D;;;;;;;;electricite;;;;
"7 602";930100000U0054;93010*00733;"[""93010*00733""]";93010;BONDY;93;SIMPLE;"1";"[""930100000U0054""]";"295";CL;"1 924";"1 924";"1 924";"1 924";"1";"295";13;SOL;"295";"0";"0";"0";"0";"0";"0";"0";"0";"0";"0";"0";"0";"0";"295";"3";"0";"0";"0";"0";"0";"0";"0";APPARTEMENT;"1";"3";"1";"2";"3";"112";"0";"2";"0";"0";"1";"0";"0";"0";"0";"0";"0";"0";"0";"0";"0";"0";"0";"112";"1";"3";G2;PROPRIETE DIVISEE EN LOT;G2a;G2;99;1;MEME COMMUNE;;"1";"1";"1";"[""1JJBW4AV1J3Q"",""7BEC6VXV6ARW"",""BHFAWPD6PSEA""]";"3";"117";RNC_AI1312016;AI1312016;2023-05-04 00:00:00.0;2023-05-04 00:00:00.0;non connu;non connu;non connu;930100000U0054;Copropriété immatriculée;1_1;"1";OUI;"93 010";"93";"200 054 781";Métropole du Grand Paris;"1 924";"1";"3";"3";"112";"112";"1";"2";"1";"0";"0";"1";"0";"0";"0";"0";"2";"0";"0";"2";"0";"1";"0";"0";"0";"2";"2";"1,5";"2";"0";"1";0;;"2";"0";"2";"0";;non connu;non connu;non connu;non connu;Pas de mandat en cours;non connu;65 Allée Alice;65 all alice 93140 Bondy;non connu;non connu;non connu;0;2007-08-31 00:00:00.0;non;non connu;oui;non connu;;;;3;3;3;0;0;0;0;DE_1949_A_1960;93010;000;0U;0054;;;;;;;;;1;non;non connu;non renseigné;non connu;non connu;non connu;;;;;;;non renseigné;non renseigné;0;0;0;0;0;0;0;3;individuel;non renseigné;non renseigné;Non;Sans objet;non connu;non connu;0;ADRNIVX_0000000268255423;"3";AVANT_1949;M;"0";{930100000U0054};{930100000U0054A};1_RNIC_FF;1JJBW4AV1J3Q,7BEC6VXV6ARW,BHFAWPD6PSEA;"3";"117";663217.0104433068;6867126.054233446;"663 202,053";"6 867 129,341";"663 217,01";"6 867 126,054";"0";1;1;;"0";"0";0;;;;;1;"0";"0";0;"0";"0";"0";"0";"0";"0";"0";"0";"0";;;;;;;;;;;;0;"0";"0,333";"1";;"0";"0";"0";"0";"-1";"-1";"-1";"-1";"0";"0";-1;"-1";0;"-1";"0";"0";"0";"0";"4";;1.4285714285714286;0;"0";"2,059";gestion;"17";"6";"0";"4";"5";"2";autres;"292,691";"77,969";Electricité;E;;;;;;;;electricite;E;E, E, E, E;;
"7 627";930100000U0092;93010*00012;"[""93010*00012""]";93010;BONDY;93;SIMPLE;"1";"[""930100000U0092""]";"434";CL;"1 925";"1 966";"1 925";"1 925";"5";"243";13;SOL;"243";"0";"0";"0";"0";"0";"0";"0";"0";"0";"0";"0";"0";"0";"243";"6";"0";"0";"0";"0";"0";"3";"0";MIXTE;"2";"3";"0";"3";"3";"124";"0";"0";"0";"0";"3";"0";"0";"0";"0";"0";"0";"43";"0";"0";"0";"0";"0";"167";"1";"3";G2;PROPRIETE DIVISEE EN LOT;G2a;G2;99;1;MEME COMMUNE;;"1";"1";"1";"[""CPNC61A6HDYY"",""MRMVKC7E432M""]";"2";"109";FF_930100000U0092;;;;;;;930100000U0092;Copropriété non immatriculée;;"0";;"93 010";"93";"200 054 781";Métropole du Grand Paris;"1 925";"2";"6";"3";"167";"124";"0";"3";"3";"0";"0";"3";"0";"0";"0";"0";"0";"0";"0";"0";"2";"0";"1";"0";"0";"2";"2";"1,5";"0";"0";"0";;;"0";"0";"0";"0";;;;;;;;;34 ALL DU RENDEZ VOUS, BONDY;;;;;;;;;;;;;;;;;;;;;;;;;;;;;;;;;;;;;;;;;;;;;;;;;;;;;;;;;;;;;;;;;"3";AVANT_1949;V;"0";{930100000U0092};{930100000U0092A,930100000U0092B};2_FF;CPNC61A6HDYY,MRMVKC7E432M;"2";"109";;;"663 146,654";"6 867 074,006";"663 146,654";"6 867 074,006";"1";;;;"0";"0";;;;;;1;"0";"0";0;"0";"0";"0";"0";"0";"0";"0";"0";"0";;;;;;;;;;;;0;"0";"0";"0";;"0";"0";"0";"0";"-1";"-1";"-1";"-1";"0";"0";-1;"-1";;"-1";"0";"0";"0";"0";"3,333";;0;0;"0";"1,304";gestion;"12";"4";"0";"3";"5";"0";autres;"430,537";"86,566";Electricité;G;;;;;;;; ;;;;
"7 641";930100000U0110;93010*00124;"[""93010*00124""]";93010;BONDY;93;SIMPLE;"1";"[""930100000U0110""]";"370";CL;"1 961";"1 961";"1 961";"1 961";"1";"370";13;SOL;"370";"0";"0";"0";"0";"0";"0";"0";"0";"0";"0";"0";"0";"0";"370";"2";"0";"0";"0";"0";"0";"0";"0";MAISON;"1";"2";"2";"0";"2";"120";"80";"0";"0";"0";"2";"0";"0";"0";"0";"0";"0";"0";"0";"0";"0";"0";"0";"200";"1";"3";G2;PROPRIETE DIVISEE EN LOT;G2a;G2;99;1;MEME COMMUNE;;"1";"1";"1";"[""31RP2915BHTK"",""9FA3GYEK1J83""]";"2";"141";FF_930100000U0110;;;;;;;930100000U0110;Copropriété non immatriculée;;"0";;"93 010";"93";"200 054 781";Métropole du Grand Paris;"1 961";"1";"2";"2";"200";"200";"2";"0";"2";"0";"0";"2";"0";"0";"0";"0";"0";"0";"0";"0";"0";"2";"0";"0";"0";"2";"2";"1";"0";"0";"0";;;"0";"0";"0";"0";;;;;;;;;41 B RUE HENRI DOUILLOT, BONDY;;;;;;;;;;;;;;;;;;;;;;;;;;;;;;;;;;;;;;;;;;;;;;;;;;;;;;;;;;;;;;;;;"2";DE_1961_A_1974;H;"0";{930100000U0110};{930100000U0110A};2_FF;31RP2915BHTK,9FA3GYEK1J83;"2";"141";;;"662 978,442";"6 867 120,942";"662 978,442";"6 867 120,942";"1";;;;"0";"0";;;;;;1;"0";"0";0;"0";"100";"1";"0";"0";"0";"0";"0";"0";;;;;;;;;;;;0;"0";"0";"0";;"0";"0";"0";"1";"-1";"-1";"-1";"-1";"100";"1";-1;"-1";;"-1";"0";"0";"0";"0";"5,556";;0;3.75;"0";"3,478";gestion;"12";"4";"0";"3";"5";"0";a surveiller;"395,003";"87,679";Gaz;D;;;;;;;; ;;;;
"7 683";930100000U0173;93010*00556;"[""93010*00556""]";93010;BONDY;93;SIMPLE;"1";"[""930100000U0173""]";"458";CL;"1 993";"1 993";"1 993";"1 993";"1";"458";13;SOL;"458";"0";"0";"0";"0";"0";"0";"0";"0";"0";"0";"0";"0";"0";"458";"2";"0";"0";"0";"0";"0";"0";"0";MAISON;"2";"2";"2";"0";"2";"214";"76";"1";"0";"0";"1";"0";"0";"1";"1";"0";"0";"0";"0";"0";"0";"0";"0";"290";"1";"3";G2;PROPRIETE DIVISEE EN LOT;G2a;G2;99;1;MEME COMMUNE;;"1";"1";"1";"[""1JVFGWT9ARMT"",""K7V9KE8QFTDV""]";"2";"167";FF_930100000U0173;;;;;;;930100000U0173;Copropriété non immatriculée;;"0";;"93 010";"93";"200 054 781";Métropole du Grand Paris;"1 993";"2";"2";"2";"290";"290";"2";"0";"1";"0";"0";"1";"0";"0";"0";"0";"1";"1";"1";"0";"0";"0";"2";"0";"0";"2";"2";"1";"1";"1";"0";;;"0";"0";"0";"0";;;;;;;;;52 B ALL DU RENDEZ VOUS, BONDY;;;;;;;;;;;;;;;;;;;;;;;;;;;;;;;;;;;;;;;;;;;;;;;;;;;;;;;;;;;;;;;;;"2";DE_1975_A_1993;H;"0";{930100000U0173};{930100000U0173A,930100000U0173B};2_FF;1JVFGWT9ARMT,K7V9KE8QFTDV;"2";"167";;;"663 272,831";"6 867 029,58";"663 272,831";"6 867 029,58";"1";;;;"0";"0";;;;;;1;"0";"0";0;"0";"0";"0";"0";"0";"0";"0";"0";"0";;;;;;;;;;;;0.5;"1";"0";"0";;"0";"0";"0";"0";"-1";"-1";"-1";"-1";"0";"0";-1;"-1";;"-1";"0";"0";"0";"0";"3,333";;3.3333333333333335;0;"0";"2,174";mixte;"12";"4";"0";"3";"5";"0";autres;"457,63";"99,5";Gaz;C;;;;;;;; ;;;;
"7 684";930100000U0175;93010*00609;"[""93010*00609""]";93010;BONDY;93;SIMPLE;"1";"[""930100000U0175""]";"324";CL;"1 914";"1 914";"1 914";"1 914";"1";"324";13;SOL;"324";"0";"0";"0";"0";"0";"0";"0";"0";"0";"0";"0";"0";"0";"324";"2";"0";"0";"0";"0";"0";"0";"0";APPARTEMENT;"2";"2";"0";"2";"2";"225";"0";"1";"0";"0";"1";"0";"0";"1";"0";"0";"0";"0";"0";"0";"0";"0";"0";"225";"1";"2";G2;PROPRIETE DIVISEE EN LOT;G2a;G2;99;1;MEME COMMUNE;;"1";"1";"1";"[""WJPAHXZPAXTS""]";"1";"121";FF_930100000U0175;;;;;;;930100000U0175;Copropriété non immatriculée;;"0";;"93 010";"93";"200 054 781";Métropole du Grand Paris;"1 914";"2";"2";"2";"225";"225";"0";"2";"0";"0";"0";"0";"0";"1";"0";"0";"1";"1";"0";"0";"0";"0";"1";"1";"0";"1";"1";"2";"1";"0";"0";;;"0";"0";"0";"0";;;;;;;;;39 RUE HENRI DOUILLOT, BONDY;;;;;;;;;;;;;;;;;;;;;;;;;;;;;;;;;;;;;;;;;;;;;;;;;;;;;;;;;;;;;;;;;"2";AVANT_1949;V;"0";{930100000U0175};{930100000U0175A,930100000U0175B};2_FF;WJPAHXZPAXTS;"1";"121";;;"662 975,577";"6 867 150,779";"662 975,577";"6 867 150,779";"1";;;;"0";"0";;;;;;1;"0";"0";0;"0";"0";"0";"0";"0";"0";"0";"0";"0";;;;;;;;;;;;0;"0";"0";"0";;"0";"0";"0";"1";"-1";"-1";"-1";"-1";"0";"0";-1;"-1";;"-1";"0";"0";"0";"0";"5";;0;6.666666666666667;"0";"3,333";occup;"8";"3";"0";"3";"2";"0";a surveiller;"324,988";"72,025";Gaz;E;;;;;;;;electricite;;;;
"7 695";930100000U0195;93010*00777;"[""93010*00777""]";93010;BONDY;93;SIMPLE;"1";"[""930100000U0195""]";"274";CL;"2 008";"2 008";"2 008";"2 008";"1";"274";13;SOL;"274";"0";"0";"0";"0";"0";"0";"0";"0";"0";"0";"0";"0";"0";"274";"2";"0";"0";"0";"0";"0";"0";"0";MAISON;"1";"2";"2";"0";"2";"143";"13";"0";"0";"0";"2";"0";"0";"0";"0";"0";"0";"0";"0";"0";"0";"0";"0";"156";"1";"3";G2;PROPRIETE DIVISEE EN LOT;G2a;G2;99;1;MEME COMMUNE;;"1";"1";"1";"[""19KAB2EH7W4G""]";"1";"112";FF_930100000U0195;;;;;;;930100000U0195;Copropriété non immatriculée;;"0";;"93 010";"93";"200 054 781";Métropole du Grand Paris;"2 008";"1";"2";"2";"156";"156";"2";"0";"2";"0";"0";"2";"0";"0";"0";"0";"0";"0";"0";"0";"0";"0";"2";"0";"0";"2";"2";"1";"0";"0";"1";;;"1";"0";"0";"0";;;;;;;;;28 ALL THERESE, BONDY;;;;;;;;;;;;;;;;;;;;;;;;;;;;;;;;;;;;;;;;;;;;;;;;;;;;;;;;;;;;;;;;;"2";DE_2001_A_2010;H;"0";{930100000U0195};{930100000U0195A};2_FF;19KAB2EH7W4G;"1";"112";;;"663 271,132";"6 867 145,709";"663 271,132";"6 867 145,709";"1";;;;"0";"0";;;;;;1;"0";"0";0;"0";"0";"0";"0";"0";"0";"0";"0";"0";;;;;;;;;;;;0;"0";"0,5";"1";;"0";"0";"0";"0";"-1";"-1";"-1";"-1";"0";"0";-1;"-1";;"-1";"0";"0";"0";"0";"3,333";;1.4285714285714286;0;"0";"1,538";gestion;"14";"4";"0";"4";"5";"1";autres;"275,396";"69,06";Autre;C;;;;;;;; ;;;;
"7 716";930100000V0018;93010*00279;"[""93010*00279""]";93010;BONDY;93;PDLMP;"2";"[""930100000V0018"",""930100000V0019""]";"733";CL;"1 967";"1 967";"1 967";"1 967";"2";"733";13;SOL;"733";"0";"0";"0";"0";"0";"0";"0";"0";"0";"0";"0";"0";"0";"733";"35";"0";"0";"0";"0";"0";"26";"0";DEPENDANCE;"4";"9";"0";"9";"9";"401";"0";"1";"0";"2";"6";"0";"0";"0";"0";"0";"0";"268";"0";"0";"0";"0";"0";"669";"2";"19";G2;PROPRIETE DIVISEE EN LOT;G2a;G2;99;1;MEME COMMUNE;;"2";"2";"2";"[""AP3SCZ9YCWYK"",""MNNQAPHTMW1Q"",""WAK6BT593PEC"",""ZDM695WZY2Z8""]";"4";"345";RNC_AD7845878;AD7845878;2018-11-16 00:00:00.0;2024-09-20 00:00:00.0;M Jonathan Marvane;non;non;930100000V0018;Copropriété immatriculée;3_2;"1";OUI;"93 010";"93";"200 054 781";Métropole du Grand Paris;"1 967";"4";"35";"9";"669";"401";"0";"9";"7";"2";"0";"5";"0";"1";"0";"0";"1";"0";"0";"0";"7";"2";"0";"0";"0";"18";"9";"1";"1";"0";"7";6;-45.67;"0";"0";"7";"6";;bénévole;M Jonathan Marvane;non connu;BONDY;Mandat en cours;2026-03-19 00:00:00.0;CINQ ORMES - 19/21;19-21 r des 5 ormes 93140 BONDY;non connu;non connu;non connu;0;1972-02-09 00:00:00.0;non;non;oui;non connu;0;0;0;36;9;9;18;0;0;0;DE_1961_A_1974;;;;;;;;;;;;;0;non;non connu;non;2023-07-01 00:00:00.0;2024-06-30 00:00:00.0;19/09/2024;22563.0;0.0;382.0;6281.0;2;6752.0;non;non renseigné;0;0;0;0;0;0;0;4;collectif;non;electricite;Non;Sans objet;15;90.0;0;non connu;"9";DE_1961_A_1974;V;"0,286";{930100000V0018,930100000V0019};{930100000V0018A,930100000V0018B,930100000V0018C,930100000V0018D};2_RNIC_FF;AP3SCZ9YCWYK,MNNQAPHTMW1Q,WAK6BT593PEC,ZDM695WZY2Z8;"4";"345";662797.0468725277;6866925.127433618;"662 790,875";"6 866 945,941";"662 797,047";"6 866 925,127";"0";0;0;0;"0";"0";0;0;0;0;0;1;"0";"0";0;"0";"18";"0";"50";"0";"0";"0";"12";"0";0.1111111111111111;0;0;0.27837610246864335416;0;0;0.01693037273412223552;0;2507.0000000000000000;;0;0;"0";"0,778";"1";1;"0";"0";"0";"0";"-1";"0";"-1";"1";"17";"0";-1;"0";0;"0";"0";"1";"0";"0";"0";0;3.3333333333333335;3.3333333333333335;"5";"1,4";bati;"25";"9";"5";"5";"4";"2";autres;"730,428";"108,501";Fioul;G;;;;;;;;electricite;G;;;
"7 735";930100000V0044;93010*00467;"[""93010*00467""]";93010;BONDY;93;SIMPLE;"1";"[""930100000V0044""]";"298";CL;"1 973";"1 973";"1 973";"1 973";"1";"62";13;SOL;"62";"0";"0";"0";"0";"0";"0";"0";"0";"0";"0";"0";"0";"0";"62";"10";"0";"0";"0";"0";"0";"8";"0";DEPENDANCE;"2";"2";"0";"2";"2";"155";"0";"0";"0";"0";"2";"0";"0";"0";"0";"0";"0";"166";"0";"0";"0";"0";"0";"321";"1";"3";G2;PROPRIETE DIVISEE EN LOT;G2a;G2;99;1;MEME COMMUNE;;"1";"1";"1";"[""D3DC59SKFK6F"",""F14ZVEGNR593""]";"2";"169";FF_930100000V0044;;;;;;;930100000V0044;Copropriété non immatriculée;;"0";;"93 010";"93";"200 054 781";Métropole du Grand Paris;"1 973";"2";"10";"2";"321";"155";"0";"2";"2";"0";"0";"2";"0";"0";"0";"0";"0";"0";"0";"0";"0";"2";"0";"0";"0";"2";"2";"1";"0";"0";"0";;;"0";"0";"0";"0";;;;;;;;;25 RUE DU CHALET, BONDY;;;;;;;;;;;;;;;;;;;;;;;;;;;;;;;;;;;;;;;;;;;;;;;;;;;;;;;;;;;;;;;;;"2";DE_1961_A_1974;V;"0";{930100000V0044};{930100000V0044A,930100000V0044B};2_FF;D3DC59SKFK6F,F14ZVEGNR593;"2";"169";;;"662 954,073";"6 866 903,852";"662 954,073";"6 866 903,852";"1";;;;"0";"0";;;;;;1;"0";"0";0;"0";"0";"0";"0";"0";"0";"0";"0";"0";;;;;;;;;;;;0;"0";"0";"0";;"0";"0";"0";"0";"-1";"-1";"-1";"-1";"0";"0";-1;"-1";;"-1";"0";"0";"0";"0";"3,333";;0;0;"0";"1,304";gestion;"12";"4";"0";"3";"5";"0";autres;"296,171";"79,333";Autre;G;;;;;;;; ;;;;
"7 741";930100000V0050;93010*00491;"[""93010*00491""]";93010;BONDY;93;SIMPLE;"1";"[""930100000V0050""]";"308";CL;"1 910";"1 910";"1 910";"1 910";"1";"75";13;SOL;"75";"0";"0";"0";"0";"0";"0";"0";"0";"0";"0";"0";"0";"0";"75";"4";"0";"0";"0";"0";"0";"0";"0";APPARTEMENT;"1";"4";"0";"4";"4";"144";"0";"1";"0";"0";"3";"0";"0";"0";"0";"0";"0";"0";"0";"0";"0";"0";"0";"144";"1";"5";G2;PROPRIETE DIVISEE EN LOT;G2a;G2;99;1;MEME COMMUNE;;"1";"1";"1";"[""CN81C5TZNH1S""]";"1";"106";RNC_AG8158032;AG8158032;2021-04-21 00:00:00.0;2021-04-21 00:00:00.0;non connu;non connu;non connu;930100000V0050;Copropriété immatriculée;1_1;"1";OUI;"93 010";"93";"200 054 781";Métropole du Grand Paris;"1 910";"1";"4";"4";"144";"144";"0";"4";"3";"0";"0";"3";"0";"0";"0";"0";"1";"0";"0";"0";"4";"0";"0";"0";"0";"4";"4";"1";"1";"0";"2";2;-48.00;"0";"0";"2";"1";;non connu;non connu;non connu;non connu;Pas de mandat en cours;non connu;13 rue du Chalet;13 r du chalet 93140 Bondy;non connu;non connu;non connu;0;1988-06-15 00:00:00.0;non;non connu;oui;non connu;0;0;0;10;4;4;0;0;0;0;NON_CONNUE;93010;000;0V;0050;;;;;;;;;1;non;non connu;non renseigné;non connu;non connu;non connu;;;;;;;non renseigné;non renseigné;0;0;0;0;0;0;0;1;non renseigné;non renseigné;non renseigné;Non renseigné;Non renseigné;non connu;non connu;0;ADRNIVX_0000000268259887;"4";AVANT_1949;V;"0";{930100000V0050};{930100000V0050A};2_RNIC_FF;CN81C5TZNH1S;"1";"106";662950.7716462349;6866843.1866286965;"662 934,861";"6 866 847,042";"662 950,772";"6 866 843,187";"0";1;1;;"0";"0";0;0;0;0;;1;"0";"0";0;"0";"0";"0";"0";"0";"0";"0";"25";"0";;;;;;;;;;;;0;"0";"0,5";"1";1;"0";"0";"0";"0";"-1";"-1";"-1";"-1";"0";"0";-1;"-1";0;"-1";"0";"1";"0";"0";"3,529";;3.3333333333333335;0;"5";"2,895";bati;"19";"7";"0";"5";"5";"2";a surveiller;"307,754";"81,332";Electricité;E;;;;;;;;electricite;E;;;
"7 747";930100000V0056;93010*00099;"[""93010*00099""]";93010;BONDY;93;SIMPLE;"1";"[""930100000V0056""]";"318";CL;"1 959";"1 960";"1 959";"1 960";"1";"115";13;SOL;"115";"0";"0";"0";"0";"0";"0";"0";"0";"0";"0";"0";"0";"0";"115";"3";"0";"0";"0";"0";"0";"0";"0";MAISON;"2";"3";"3";"0";"3";"143";"87";"3";"0";"0";"0";"0";"0";"3";"2";"1";"0";"0";"0";"0";"0";"0";"0";"230";"1";"3";G2;PROPRIETE DIVISEE EN LOT;G2a;G2;99;1;MEME COMMUNE;;"1";"1";"1";"[""JWT8GYZ71QAM"",""QV8QKHF9NZGV""]";"2";"148";FF_930100000V0056;;;;;;;930100000V0056;Copropriété non immatriculée;;"0";;"93 010";"93";"200 054 781";Métropole du Grand Paris;"1 959";"2";"3";"3";"230";"230";"3";"0";"0";"0";"0";"0";"0";"0";"0";"0";"3";"2";"2";"2";"0";"0";"0";"1";"0";"2";"2";"1,5";"3";"2";"0";;;"0";"0";"0";"0";;;;;;;;;3 B RUE DU CHALET, BONDY;;;;;;;;;;;;;;;;;;;;;;;;;;;;;;;;;;;;;;;;;;;;;;;;;;;;;;;;;;;;;;;;;"3";DE_1949_A_1960;H;"0";{930100000V0056};{930100000V0056A,930100000V0056B};2_FF;JWT8GYZ71QAM,QV8QKHF9NZGV;"2";"148";;;"662 915,622";"6 866 790,362";"662 915,622";"6 866 790,362";"1";;;;"0";"0";;;;;;1;"0";"0";0;"0";"0";"0";"0";"0";"0";"0";"0";"0";;;;;;;;;;;;0.6666666666666666;"1";"0";"0";;"0";"0";"0";"0";"-1";"-1";"-1";"-1";"0";"0";-1;"-1";;"-1";"0";"0";"1";"1";"5";;3.3333333333333335;0;"0";"3,571";gestion;"7";"3";"0";"3";"1";"0";présumée fragile;"318,784";"83,291";Fioul;G;;;;;;;; ;;;;
"7 751";930100000V0060;93010*00045;"[""93010*00045""]";93010;BONDY;93;SIMPLE;"1";"[""930100000V0060""]";"158";CL;"1 927";"2 014";"1 927";"2 014";"1";"158";13;SOL;"158";"0";"0";"0";"0";"0";"0";"0";"0";"0";"0";"0";"0";"0";"158";"2";"0";"0";"0";"0";"0";"0";"0";MAISON;"2";"2";"2";"0";"2";"145";"41";"0";"0";"0";"2";"0";"0";"0";"0";"0";"0";"0";"0";"0";"0";"0";"0";"186";"1";"3";G2;PROPRIETE DIVISEE EN LOT;G2a;G2;99;1;MEME COMMUNE;;"1";"1";"1";"[""AE1G32F8S4BT""]";"1";"127";FF_930100000V0060;;;;;;;930100000V0060;Copropriété non immatriculée;;"0";;"93 010";"93";"200 054 781";Métropole du Grand Paris;"1 927";"2";"2";"2";"186";"186";"2";"0";"2";"0";"0";"2";"0";"0";"0";"0";"0";"0";"0";"0";"0";"1";"0";"1";"0";"2";"2";"1";"0";"0";"0";;;"0";"0";"0";"0";;;;;;;;;143 AV HENRI BARBUSSE, BONDY;;;;;;;;;;;;;;;;;;;;;;;;;;;;;;;;;;;;;;;;;;;;;;;;;;;;;;;;;;;;;;;;;"2";AVANT_1949;H;"0";{930100000V0060};{930100000V0060A,930100000V0060B};2_FF;AE1G32F8S4BT;"1";"127";;;"662 918,598";"6 866 767,385";"662 918,598";"6 866 767,385";"1";;;;"0";"0";;;;;;1;"0";"0";0;"0";"0";"0";"0";"0";"0";"0";"0";"0";;;;;;;;;;;;0;"0";"0";"0";;"0";"0";"0";"0";"-1";"-1";"-1";"-1";"0";"0";-1;"-1";;"-1";"0";"0";"0";"0";"3,333";;0;0;"0";"1,304";gestion;"12";"4";"0";"3";"5";"0";autres;"159,354";"51,296";Gaz;D;;;;;;;; ;;;;
"7 791";930100000V0116;93010*00105;"[""93010*00105""]";93010;BONDY;93;SIMPLE;"1";"[""930100000V0116""]";"304";CL;"1 920";"1 920";"1 920";"1 920";"1";"304";13;SOL;"304";"0";"0";"0";"0";"0";"0";"0";"0";"0";"0";"0";"0";"0";"304";"2";"0";"0";"0";"0";"0";"0";"0";MAISON;"1";"2";"2";"0";"2";"97";"0";"0";"0";"0";"2";"0";"0";"0";"0";"0";"0";"0";"0";"0";"0";"0";"0";"97";"1";"3";G2;PROPRIETE DIVISEE EN LOT;G2a;G2;99;1;MEME COMMUNE;;"1";"1";"1";"[""15MNF8NYGZX4"",""28SPRT795M8R"",""9Q7DNXKA6P4T"",""EFHCAGDZNR8F"",""KM2YN522WW1Z""]";"5";"130";FF_930100000V0116;;;;;;;930100000V0116;Copropriété non immatriculée;;"0";;"93 010";"93";"200 054 781";Métropole du Grand Paris;"1 920";"1";"2";"2";"97";"97";"2";"0";"2";"0";"0";"2";"0";"0";"0";"0";"0";"0";"0";"0";"0";"0";"2";"0";"1";"2";"2";"1";"0";"0";"1";;;"0";"0";"0";"0";;;;;;;;;25 RUE DES CINQ ORMES, BONDY;;;;;;;;;;;;;;;;;;;;;;;;;;;;;;;;;;;;;;;;;;;;;;;;;;;;;;;;;;;;;;;;;"2";AVANT_1949;H;"0";{930100000V0116};{930100000V0116A};2_FF;15MNF8NYGZX4,28SPRT795M8R,9Q7DNXKA6P4T,EFHCAGDZNR8F,KM2YN522WW1Z;"5";"130";;;"662 802,192";"6 866 965,996";"662 802,192";"6 866 965,996";"1";;;;"0";"0";;;;;;1;"0";"0";0;"0";"100";"1";"0";"0";"0,5";"1";"0";"0";;;;;;;;;;;;0;"0";"0,5";"1";;"0";"0";"0";"0";"-1";"-1";"-1";"-1";"100";"1";-1;"-1";;"-1";"0";"0";"0";"0";"5,556";;1.4285714285714286;1.6666666666666667;"0";"3,182";gestion;"12";"4";"0";"4";"4";"0";a surveiller;"306,207";"77,357";Gaz;C;;;;;;;; ;;;;
"7 800";930100000V0132;93010*00572;"[""93010*00572""]";93010;BONDY;93;PDLMP;"2";"[""930100000V0132"",""930100000V0133""]";"1 335";CV;"1 957";"1 957";"1 957";"1 957";"2";"1 335";13;SOL;"1 335";"0";"0";"0";"0";"0";"0";"0";"0";"0";"0";"0";"0";"0";"1 335";"147";"17";"17";"17";"17";"0";"65";"68";MIXTE;"1";"65";"0";"65";"65";"3 186";"0";"5";"0";"60";"0";"0";"0";"1";"0";"0";"0";"195";"1 132";"0";"0";"0";"0";"4 513";"0";"3";G2;PROPRIETE DIVISEE EN LOT;G2c;G2;99;1;MEME COMMUNE;;"2";"2";"2";"[""312PAZYZ6QZJ"",""8F8RK567D938"",""FS72SA9D9T9H""]";"3";"1 183";FF_930100000V0132;;;;;;;930100000V0132;Copropriété non immatriculée;;"0";;"93 010";"93";"200 054 781";Métropole du Grand Paris;"1 957";"1";"147";"65";"4 513";"3 186";"0";"65";"60";"0";"60";"0";"0";"0";"0";"0";"5";"0";"0";"17";"23";"17";"8";"0";"0";"2";"1";"65";"5";"0";"0";;;"0";"0";"0";"0";;;;;;;;;43 PL NICOLE NEUBURGER, BONDY;;;;;;;;;;;;;;;;;;;;;;;;;;;;;;;;;;;;;;;;;;;;;;;;;;;;;;;;;;;;;;;;;"65";DE_1949_A_1960;V;"1";{930100000V0132,930100000V0133};{930100000V0132N};2_FF;312PAZYZ6QZJ,8F8RK567D938,FS72SA9D9T9H;"3";"1 183";;;"662 738,798";"6 866 940,48";"662 738,798";"6 866 940,48";"1";;;;"0";"0";;;;;;0.7926829268292683;"0";"1";0.9230769230769231;"1";"0";"0";"0";"0";"0";"0";"0";"0";;;;;;;;;;;;0;"0";"0";"0";;"0";"0";"0";"0";"0";"0";"0";"0";"0";"0";;"0";;"0";"0";"0";"0";"0";"8,571";;0;0;"0";"3,529";gestion;"8";"3";"0";"3";"2";"0";présumée fragile;"1 306,824";"296,352";Gaz;E;;;;;;;;gaz;;;;
"7 810";930100000X0012;93010*00089;"[""93010*00089""]";93010;BONDY;93;SIMPLE;"1";"[""930100000X0012""]";"150";CL;"1 924";"1 936";"1 924";"1 936";"1";"150";13;SOL;"150";"0";"0";"0";"0";"0";"0";"0";"0";"0";"0";"0";"0";"0";"150";"4";"0";"0";"0";"0";"0";"2";"0";MIXTE;"2";"2";"2";"0";"2";"103";"0";"1";"0";"0";"1";"0";"0";"0";"0";"1";"0";"16";"0";"0";"0";"0";"0";"119";"1";"3";G2;PROPRIETE DIVISEE EN LOT;G2a;G2;99;1;MEME COMMUNE;;"1";"1";"1";"[""VFECWWX33T8Q""]";"1";"94";FF_930100000X0012;;;;;;;930100000X0012;Copropriété non immatriculée;;"0";;"93 010";"93";"200 054 781";Métropole du Grand Paris;"1 924";"2";"4";"2";"119";"103";"2";"0";"1";"0";"0";"1";"0";"0";"0";"0";"1";"0";"0";"0";"0";"2";"0";"0";"0";"2";"2";"1";"1";"0";"0";;;"1";"0";"0";"0";;;;;;;;;20 B RUE DE L AVIATION, BONDY;;;;;;;;;;;;;;;;;;;;;;;;;;;;;;;;;;;;;;;;;;;;;;;;;;;;;;;;;;;;;;;;;"2";AVANT_1949;H;"0";{930100000X0012};{930100000X0012A,930100000X0012B};2_FF;VFECWWX33T8Q;"1";"94";;;"663 062,834";"6 866 898,966";"663 062,834";"6 866 898,966";"1";;;;"0";"0";;;;;;1;"0";"0";0;"0";"0";"0";"0";"0";"0";"0";"0";"0";;;;;;;;;;;;0;"0";"0";"0";;"0";"0";"0";"0";"-1";"-1";"-1";"-1";"0";"0";-1;"-1";;"-1";"0";"0";"1";"1";"3,333";;0;0;"0";"1,2";gestion;"13";"4";"0";"3";"5";"1";autres;"146,707";"65,697";Gaz;F;;;;;;;; ;;;;
"7 852";930100000X0061;93010*00549;"[""93010*00549""]";93010;BONDY;93;PDLMP;"2";"[""930100000X0061"",""930100000X0165""]";"351";CL;"1 902";"1 902";"1 902";"1 902";"2";"351";13;SOL;"351";"0";"0";"0";"0";"0";"0";"0";"0";"0";"0";"0";"0";"0";"351";"3";"0";"0";"0";"0";"0";"1";"0";MAISON;"2";"2";"2";"0";"2";"128";"65";"0";"0";"0";"2";"0";"0";"0";"0";"0";"0";"10";"0";"0";"0";"0";"0";"203";"2";"3";G2;PROPRIETE DIVISEE EN LOT;G2a;G2;99;1;MEME COMMUNE;;"2";"2";"2";"[""7BTP25E1PJPQ"",""8CKQJJ8F3G3M""]";"2";"140";FF_930100000X0061;;;;;;;930100000X0061;Copropriété non immatriculée;;"0";;"93 010";"93";"200 054 781";Métropole du Grand Paris;"1 902";"2";"3";"2";"203";"193";"2";"0";"2";"0";"0";"2";"0";"0";"0";"0";"0";"0";"0";"0";"0";"2";"0";"0";"0";"2";"2";"1";"0";"0";"0";;;"0";"0";"0";"0";;;;;;;;;16 ALL MARCEL SEMBAT, BONDY;;;;;;;;;;;;;;;;;;;;;;;;;;;;;;;;;;;;;;;;;;;;;;;;;;;;;;;;;;;;;;;;;"2";AVANT_1949;H;"0";{930100000X0061,930100000X0165};{930100000X0061A,930100000X0061B};2_FF;7BTP25E1PJPQ,8CKQJJ8F3G3M;"2";"140";;;"663 126,693";"6 866 929,66";"663 126,693";"6 866 929,66";"1";;;;"0";"0";;;;;;1;"0";"0";0;"0";"0";"0";"0";"0";"0";"0";"0";"0";;;;;;;;;;;;0;"0";"0";"0";;"0";"0";"0";"1";"-1";"-1";"-1";"-1";"0";"0";-1;"-1";;"-1";"0";"0";"0";"0";"3,333";;0;2.5;"0";"2,174";gestion;"12";"4";"0";"3";"5";"0";autres;"351,955";"81,58";Electricité;E;;;;;;;;electricite;;;;
"7 882";930100000X0100;93010*00197;"[""93010*00197""]";93010;BONDY;93;SIMPLE;"1";"[""930100000X0100""]";"341";CL;"1 926";"1 926";"1 926";"1 926";"2";"53";13;SOL;"53";"0";"0";"0";"0";"0";"0";"0";"0";"0";"0";"0";"0";"0";"53";"10";"0";"0";"0";"0";"0";"4";"0";APPARTEMENT;"1";"6";"0";"6";"6";"201";"0";"0";"0";"4";"2";"0";"0";"0";"0";"0";"0";"49";"0";"0";"0";"0";"0";"250";"1";"6";G2;PROPRIETE DIVISEE EN LOT;G2a;G2;99;1;MEME COMMUNE;;"1";"1";"1";"[""1RJ1BW2S7HTK"",""4BBKG1ACQX49""]";"2";"143";RNC_AH3867066;AH3867066;2022-02-28 00:00:00.0;2022-03-15 00:00:00.0;SYNDIC ONE 82091825800014;non;non;930100000X0100;Copropriété immatriculée;3_2;"1";OUI;"93 010";"93";"200 054 781";Métropole du Grand Paris;"1 926";"1";"10";"6";"250";"201";"0";"6";"5";"4";"0";"1";"0";"1";"0";"0";"0";"0";"0";"0";"5";"1";"0";"0";"1";"5";"5";"1,2";"0";"0";"1";0;;"0";"0";"3";"2";;professionnel;SYNDIC ONE 82091825800014;6832A;WASQUEHAL;Mandat en cours;2024-09-30 00:00:00.0;34 allée alice;34 all alice 93140 Bondy;non connu;non connu;non connu;0;1970-01-16 00:00:00.0;non;non;oui;non connu;0;0;0;13;11;6;0;0;0;0;AVANT_1949;;;;;;;;;;;;;0;non;non connu;non;2020-01-01 00:00:00.0;2020-12-31 00:00:00.0;31/01/2022;8765.0;0.0;0.0;0.0;0;0.0;non;non renseigné;0;0;0;0;0;0;0;3;individuel;non renseigné;non renseigné;Non renseigné;Non renseigné;non connu;non connu;0;ADRNIVX_0000000268258272;"6";AVANT_1949;V;"0,8";{930100000X0100};{930100000X0100A};2_RNIC_FF;1RJ1BW2S7HTK,4BBKG1ACQX49;"2";"143";663172.82597451;6866933.511132006;"663 189,244";"6 866 928,948";"663 172,826";"6 866 933,511";"0";0;1;0;"0";"0";0;0;0;0;0;1;"0";"0";0;"0";"0";"0";"25";"1";"0";"0";"0";"0";0;0;0;0.00000000000000000000;0;0;0.00000000000000000000;0;;796.8181818181818182;0;0;"0";"0,167";"0";;"1";"1";"0";"1";"-1";"0";"-1";"0";"0";"0";-1;"0";0;"0";"0";"1";"0";"0";"2,381";0;4.285714285714286;2.5;"5";"2,4";bati;"25";"9";"5";"4";"5";"2";autres;"339,307";"87,503";Electricité;E;;;;;;;;electricite;E;;;
"7 883";930100000X0102;93010*00439;"[""93010*00439""]";93010;BONDY;93;SIMPLE;"1";"[""930100000X0102""]";"338";CL;"1 940";"1 940";"1 940";"1 940";"1";"338";13;SOL;"338";"0";"0";"0";"0";"0";"0";"0";"0";"0";"0";"0";"0";"0";"338";"2";"0";"0";"0";"0";"0";"0";"0";MAISON;"1";"2";"2";"0";"2";"137";"0";"0";"0";"0";"2";"0";"0";"0";"0";"0";"0";"0";"0";"0";"0";"0";"0";"137";"1";"3";G2;PROPRIETE DIVISEE EN LOT;G2a;G2;99;1;MEME COMMUNE;;"1";"1";"1";"[""B423E7RS3X6D"",""FA48TNNACFC1""]";"2";"115";RNC_AF7929789;AF7929789;2019-12-10 00:00:00.0;2019-12-10 00:00:00.0;non connu;non connu;non connu;930100000X0102;Copropriété immatriculée;1_1;"1";OUI;"93 010";"93";"200 054 781";Métropole du Grand Paris;"1 940";"1";"2";"2";"137";"137";"2";"0";"1";"0";"0";"1";"0";"1";"0";"0";"0";"0";"0";"0";"0";"1";"1";"0";"0";"2";"2";"1";"0";"0";"1";0;;"0";"0";"0";"0";;non connu;non connu;non connu;non connu;Pas de mandat en cours;non connu;SDC 40 ALLEE ALICE;40 all alice 93140 Bondy;non connu;non connu;non connu;0;1977-01-24 00:00:00.0;non;non connu;oui;non connu;;;;2;2;2;0;0;0;0;non renseigné;93010;000;0X;0102;;;;;;;;;1;non;non connu;non renseigné;non connu;non connu;non connu;;;;;;;non renseigné;non renseigné;0;0;0;2;0;0;0;0;non renseigné;non renseigné;non renseigné;Non renseigné;Non renseigné;non connu;non connu;;ADRNIVX_0000000268258277;"2";AVANT_1949;H;"0";{930100000X0102};{930100000X0102A};2_RNIC_FF;B423E7RS3X6D,FA48TNNACFC1;"2";"115";663181.0055244905;6866963.149978842;"663 197,944";"6 866 963,339";"663 181,006";"6 866 963,15";"0";1;1;;"0";"0";0;;;;;1;"0";"0";0;"0";"0";"0";"0";"0";"0";"0";"0";"0";;;;;;;;;;;;0;"0";"0,5";"1";;"0";"0";"0";"1";"-1";"-1";"-1";"-1";"0";"0";-1;"-1";0;"-1";"0";"0";"0";"0";"4";;1.4285714285714286;2.5;"0";"2,813";gestion;"16";"6";"0";"4";"5";"1";a surveiller;"338,17";"87,527";Gaz;F;;;;;;;;gaz;;;;
"7 890";930100000X0111;93010*00001;"[""93010*00001""]";93010;BONDY;93;SIMPLE;"1";"[""930100000X0111""]";"337";CL;"1 930";"1 931";"1 930";"1 931";"4";"90";13;SOL;"90";"0";"0";"0";"0";"0";"0";"0";"0";"0";"0";"0";"0";"0";"90";"10";"0";"0";"0";"0";"0";"6";"0";DEPENDANCE;"2";"4";"0";"4";"4";"175";"0";"1";"0";"2";"0";"1";"0";"1";"0";"1";"0";"59";"0";"0";"0";"0";"0";"234";"1";"5";G2;PROPRIETE DIVISEE EN LOT;G2a;G2;99;1;MEME COMMUNE;;"1";"1";"1";"[""HJ9SQNPHGB11"",""P9WT2T1G8RFB"",""RWJY39XER3C2""]";"3";"177";RNC_AH9296468;AH9296468;2023-01-03 00:00:00.0;2023-01-03 00:00:00.0;non connu;non connu;non connu;930100000X0111;Copropriété immatriculée;1_1;"1";OUI;"93 010";"93";"200 054 781";Métropole du Grand Paris;"1 930";"2";"10";"4";"234";"175";"0";"4";"3";"2";"0";"0";"1";"0";"0";"0";"1";"1";"0";"0";"1";"3";"0";"0";"0";"4";"4";"1";"2";"0";"1";0;;"0";"0";"2";"2";;non connu;non connu;non connu;non connu;Pas de mandat en cours;non connu;SDC 25 ALLEE ANDREA A BONDY;25 all andrea 93140 Bondy;non connu;non connu;non connu;0;1961-06-08 00:00:00.0;non;non connu;oui;non connu;0;0;0;14;5;5;2;0;0;0;AVANT_1949;93010;000;0X;0111;;;;;;;;;1;non;non connu;non renseigné;non connu;non connu;non connu;;;;;;;non renseigné;non renseigné;0;0;0;0;2;0;0;0;individuel;non renseigné;non renseigné;Non renseigné;Non renseigné;non connu;non connu;0;ADRNIVX_0000000268259099;"4";AVANT_1949;V;"0,667";{930100000X0111};{930100000X0111A,930100000X0111B};1_RNIC_FF;HJ9SQNPHGB11,P9WT2T1G8RFB,RWJY39XER3C2;"3";"177";663237.1905149631;6866909.860838797;"663 220,236";"6 866 914,75";"663 237,191";"6 866 909,861";"0";1;1;;"0";"0";0;0;0;0;;1;"0";"1";0;"0";"0";"0";"0";"1";"0";"0";"0";"0";;;;;;;;;;;;0;"0";"0,25";"0";;"0";"0";"0";"1";"-1";"-1";"-1";"-1";"0";"0";-1;"-1";0;"-1";"0";"1";"1";"1";"5,789";;0;6.666666666666667;"5";"4,722";occup;"17";"8";"0";"4";"3";"2";présumée fragile;"340,829";"87,789";Autre;G;;;;;;;; ;;;;
"7 899";930100000X0123;93010*00047;"[""93010*00047""]";93010;BONDY;93;SIMPLE;"1";"[""930100000X0123""]";"239";CL;"1 925";"1 925";"1 925";"1 925";"1";"239";13;SOL;"239";"0";"0";"0";"0";"0";"0";"0";"0";"0";"0";"0";"0";"0";"239";"14";"2";"2";"2";"2";"0";"6";"8";MIXTE;"1";"6";"0";"6";"6";"239";"0";"2";"0";"3";"1";"0";"0";"1";"0";"0";"0";"54";"54";"15";"0";"0";"0";"362";"1";"7";G2;PROPRIETE DIVISEE EN LOT;G2a;G2;99;1;MEME COMMUNE;;"1";"1";"1";"[""5B3C8Q8HJCYJ"",""AWH5EMS3NKX4""]";"2";"192";RNC_AB2486900;AB2486900;2017-10-11 00:00:00.0;2019-11-21 00:00:00.0;ATM SARL 34863116900045;non;non;930100000X0123;Copropriété immatriculée;3_2;"1";OUI;"93 010";"93";"200 054 781";Métropole du Grand Paris;"1 925";"1";"14";"6";"362";"239";"0";"6";"4";"3";"0";"1";"0";"0";"0";"0";"2";"0";"0";"2";"1";"2";"1";"0";"3";"6";"5";"1,2";"2";"0";"1";0;;"0";"0";"3";"3";;professionnel;ATM SARL 34863116900045;6832A;BONDY;Mandat en cours;2024-10-13 00:00:00.0;SDC 175 AVENUE HENRI BARBUSSE;175 av henri barbusse 93140 Bondy;non connu;non connu;non connu;0;1960-07-08 00:00:00.0;non;non;oui;;0;0;0;19;8;6;1;0;0;0;DE_1949_A_1960;;;;;;;;;;;;;0;non;non connu;non;2017-07-01 00:00:00.0;2018-06-30 00:00:00.0;31/10/2018;13115.3;2154.98;1043.3;745.69;1;1060.56;non;non renseigné;0;0;0;0;0;0;0;1;individuel;non renseigné;non renseigné;Non renseigné;Non renseigné;non connu;non connu;0;ADRNIVX_0000000268261579;"6";AVANT_1949;V;"0,75";{930100000X0123};{930100000X0123A};2_RNIC_FF;5B3C8Q8HJCYJ,AWH5EMS3NKX4;"2";"192";663181.187805753;6866749.752739636;"663 185,195";"6 866 758,318";"663 181,188";"6 866 749,753";"0";0;1;0;"0";"0";0;0;0;0;0;0.75;"0";"0";0;"0";"0";"0";"100";"0";"0,5";"1";"0";"0";0.16666666666666666;0;0;0.04883276534549464712;0;0;0.06832225735219000568;0;;1639.4125000000000000;1;0;"0";"0,167";"0";;"0";"0";"0";"0";"-1";"0";"-1";"1";"0";"0";-1;"0";0;"0";"0";"1";"0";"0";"1,429";1;0;2.5;"5";"1,6";bati;"25";"9";"5";"4";"5";"2";autres;"240,125";"62,229";Autre;D;;;;;;;; ;;;;
"7 905";930100000X0129;93010*00652;"[""93010*00652""]";93010;BONDY;93;SIMPLE;"1";"[""930100000X0129""]";"508";CL;"1 927";"1 977";"1 927";"1 977";"1";"508";13;SOL;"508";"0";"0";"0";"0";"0";"0";"0";"0";"0";"0";"0";"0";"0";"508";"5";"0";"0";"0";"0";"0";"0";"0";APPARTEMENT;"3";"5";"1";"4";"5";"308";"12";"0";"0";"4";"1";"0";"0";"0";"0";"0";"0";"0";"0";"0";"0";"0";"0";"320";"1";"3";G2;PROPRIETE DIVISEE EN LOT;G2a;G2;99;1;MEME COMMUNE;;"1";"1";"1";"[""9Q6Q5E6R7YZX"",""N5RGSMKV4AWK""]";"2";"204";FF_930100000X0129;;;;;;;930100000X0129;Copropriété non immatriculée;;"0";;"93 010";"93";"200 054 781";Métropole du Grand Paris;"1 927";"3";"5";"5";"320";"320";"1";"4";"5";"4";"0";"1";"0";"0";"0";"0";"0";"0";"0";"2";"1";"1";"0";"1";"0";"2";"2";"2,5";"0";"0";"0";;;"0";"0";"3";"0";;;;;;;;;181 B AV HENRI BARBUSSE, BONDY;;;;;;;;;;;;;;;;;;;;;;;;;;;;;;;;;;;;;;;;;;;;;;;;;;;;;;;;;;;;;;;;;"5";AVANT_1949;M;"0,8";{930100000X0129};{930100000X0129A,930100000X0129B,930100000X0129E};2_FF;9Q6Q5E6R7YZX,N5RGSMKV4AWK;"2";"204";;;"663 232,236";"6 866 767,336";"663 232,236";"6 866 767,336";"1";;;;"0";"0";;;;;;1;"0";"0";0;"0";"0";"0";"100";"0";"0";"0";"0";"0";;;;;;;;;;;;0;"0";"0";"0";;"0";"0";"0";"0";"0";"0";"0";"0";"0";"0";;"0";;"0";"0";"0";"0";"0";"2,727";;0;0;"0";"1,111";gestion;"14";"5";"0";"3";"5";"1";autres;"507,809";"113,46";Gaz;E;;;;;;;; ;;;;
"7 919";930100000X0145;93010*00477;"[""93010*00477""]";93010;BONDY;93;SIMPLE;"1";"[""930100000X0145""]";"336";CL;"1 960";"1 960";"1 960";"1 960";"1";"336";13;SOL;"336";"0";"0";"0";"0";"0";"0";"0";"0";"0";"0";"0";"0";"0";"336";"2";"0";"0";"0";"0";"0";"0";"0";MAISON;"1";"2";"2";"0";"2";"174";"92";"0";"0";"0";"2";"0";"0";"0";"0";"0";"0";"0";"0";"0";"0";"0";"0";"266";"1";"3";G2;PROPRIETE DIVISEE EN LOT;G2a;G2;99;1;MEME COMMUNE;;"1";"1";"1";"[""66E55X9E6NYM"",""WX5JKHMAP7ZB""]";"2";"135";FF_930100000X0145;;;;;;;930100000X0145;Copropriété non immatriculée;;"0";;"93 010";"93";"200 054 781";Métropole du Grand Paris;"1 960";"1";"2";"2";"266";"266";"2";"0";"2";"0";"0";"2";"0";"0";"0";"0";"0";"0";"0";"0";"0";"1";"0";"1";"0";"2";"2";"1";"0";"0";"0";;;"0";"0";"0";"0";;;;;;;;;40 B ALL ANDREA, BONDY;;;;;;;;;;;;;;;;;;;;;;;;;;;;;;;;;;;;;;;;;;;;;;;;;;;;;;;;;;;;;;;;;"2";DE_1949_A_1960;H;"0";{930100000X0145};{930100000X0145A};2_FF;66E55X9E6NYM,WX5JKHMAP7ZB;"2";"135";;;"663 268,538";"6 866 931,639";"663 268,538";"6 866 931,639";"1";;;;"0";"0";;;;;;1;"0";"0";0;"0";"0";"0";"0";"0";"0";"0";"0";"0";;;;;;;;;;;;0;"0";"0";"0";;"0";"0";"0";"1";"-1";"-1";"-1";"-1";"0";"0";-1;"-1";;"-1";"0";"0";"0";"0";"3,333";;0;2.5;"0";"2,174";gestion;"12";"4";"0";"3";"5";"0";autres;"334,694";"87,145";Fioul;E;;;;;;;; ;;;;
"7 933";930100000X0168;93010*00332;"[""93010*00332""]";93010;BONDY;93;SIMPLE;"1";"[""930100000X0168""]";"426";CL;"1 910";"1 930";"1 910";"1 930";"2";"431";13;SOL;"431";"0";"0";"0";"0";"0";"0";"0";"0";"0";"0";"0";"0";"0";"431";"4";"0";"0";"0";"0";"0";"1";"0";APPARTEMENT;"2";"3";"1";"2";"3";"153";"0";"0";"0";"0";"3";"0";"0";"0";"0";"2";"0";"40";"0";"0";"0";"0";"0";"193";"1";"3";G2;PROPRIETE DIVISEE EN LOT;G2a;G2;99;1;MEME COMMUNE;;"1";"1";"1";"[""95ZNC98EA5XM"",""P6HP43HZHB4Y""]";"2";"155";FF_930100000X0168;;;;;;;930100000X0168;Copropriété non immatriculée;;"0";;"93 010";"93";"200 054 781";Métropole du Grand Paris;"1 910";"2";"4";"3";"193";"153";"1";"2";"3";"0";"0";"3";"0";"0";"0";"0";"0";"0";"0";"0";"1";"2";"0";"0";"0";"2";"2";"1,5";"0";"0";"0";;;"0";"0";"0";"0";;;;;;;;;25 ALL ALICE, BONDY;;;;;;;;;;;;;;;;;;;;;;;;;;;;;;;;;;;;;;;;;;;;;;;;;;;;;;;;;;;;;;;;;"3";AVANT_1949;M;"0";{930100000X0168};{930100000X0168A,930100000X0168B};2_FF;95ZNC98EA5XM,P6HP43HZHB4Y;"2";"155";;;"663 140,95";"6 866 912,171";"663 140,95";"6 866 912,171";"1";;;;"0";"0";;;;;;1;"0";"0";0;"0";"0";"0";"0";"0";"0";"0";"0";"0";;;;;;;;;;;;0;"0";"0";"0";;"0";"0";"0";"1";"-1";"-1";"-1";"-1";"0";"0";-1;"-1";;"-1";"0";"0";"2";"1";"3,333";;0;2.5;"0";"2,174";gestion;"12";"4";"0";"3";"5";"0";autres;"427,739";"92,514";Autre;G;;;;;;;; ;;;;
"7 947";930100000X0190;93010*00390;"[""93010*00390""]";93010;BONDY;93;SIMPLE;"1";"[""930100000X0190""]";"380";CL;"1 920";"1 920";"1 920";"1 920";"6";"66";13;SOL;"66";"0";"0";"0";"0";"0";"0";"0";"0";"0";"0";"0";"0";"0";"66";"9";"0";"0";"0";"0";"0";"4";"0";APPARTEMENT;"2";"5";"0";"5";"5";"130";"0";"2";"0";"2";"1";"0";"0";"0";"0";"5";"0";"24";"0";"0";"0";"0";"0";"154";"1";"7";G2;PROPRIETE DIVISEE EN LOT;G2a;G2;99;1;MEME COMMUNE;;"1";"1";"1";"[""834133TB75KD""]";"1";"165";RNC_AH0105536;AH0105536;2021-07-21 00:00:00.0;2021-07-21 00:00:00.0;non connu;non connu;non connu;930100000X0190;Copropriété immatriculée;1_1;"1";OUI;"93 010";"93";"200 054 781";Métropole du Grand Paris;"1 920";"2";"9";"5";"154";"130";"0";"5";"3";"2";"0";"1";"0";"0";"0";"0";"2";"0";"0";"1";"4";"0";"0";"0";"1";"6";"5";"1";"2";"0";"4";0;;"1";"1";"0";"0";;non connu;non connu;non connu;non connu;Pas de mandat en cours;non connu;SDC 5 BIS ALLEE ANDREA;5B all andrea 93140 Bondy;non connu;non connu;non connu;0;1981-07-16 00:00:00.0;non;non connu;oui;non connu;0;0;0;15;5;5;4;0;0;0;DE_1961_A_1974;93010;000;0X;0190;;;;;;;;;1;non;non connu;non renseigné;non connu;non connu;non connu;;;;;;;non renseigné;non renseigné;0;0;0;0;0;0;0;5;individuel;non renseigné;non renseigné;Non renseigné;Non renseigné;non connu;non connu;0;ADRNIVX_0000000268260689;"5";AVANT_1949;V;"0,667";{930100000X0190};{930100000X019001,930100000X0190A};2_RNIC_FF;834133TB75KD;"1";"165";663183.5896510137;6866793.1060998095;"663 185,011";"6 866 793,917";"663 183,59";"6 866 793,106";"0";1;1;;"0";"0";0;0;0;0;;1;"0";"0";0;"0";"0";"0";"0";"1";"0,4";"1";"25";"0";;;;;;;;;;;;0;"0";"0,8";"1";;"0";"0";"0";"1";"-1";"0";"-1";"1";"0";"0";-1;"0";0;"0";"0";"1";"5";"1";"4,211";;1.4285714285714286;5;"5";"3,947";mixte;"19";"8";"0";"4";"5";"2";présumée fragile;"371,496";"96,619";Electricité;E;;;;;;;;electricite;;;;
"7 968";930100000Y0003;93010*00043;"[""93010*00043""]";93010;BONDY;93;SIMPLE;"1";"[""930100000Y0003""]";"525";CL;"1 914";"1 914";"1 914";"1 914";"1";"525";13;SOL;"525";"0";"0";"0";"0";"0";"0";"0";"0";"0";"0";"0";"0";"0";"525";"12";"6";"2";"6";"6";"0";"3";"12";ACTIVITE;"1";"3";"0";"3";"3";"92";"0";"0";"0";"0";"2";"1";"0";"0";"0";"0";"0";"31";"303";"71";"0";"0";"15";"512";"1";"6";G2;PROPRIETE DIVISEE EN LOT;G2a;G2;99;1;MEME COMMUNE;;"1";"1";"1";"[""4G6HG86SEC6Q"",""C1DSP41VTFPC"",""NS451KN5FKF6"",""VA79K24VCEEJ""]";"4";"246";FF_930100000Y0003;;;;;;;930100000Y0003;Copropriété non immatriculée;;"0";;"93 010";"93";"200 054 781";Métropole du Grand Paris;"1 914";"1";"11";"3";"494";"92";"0";"3";"3";"0";"0";"2";"1";"0";"0";"0";"0";"0";"0";"0";"3";"0";"0";"0";"0";"5";"3";"1";"0";"0";"0";;;"1";"1";"0";"0";;;;;;;;;2 RUE RAOUL, BONDY;;;;;;;;;;;;;;;;;;;;;;;;;;;;;;;;;;;;;;;;;;;;;;;;;;;;;;;;;;;;;;;;;"3";AVANT_1949;V;"0";{930100000Y0003};{930100000Y0003A};2_FF;4G6HG86SEC6Q,C1DSP41VTFPC,NS451KN5FKF6,VA79K24VCEEJ;"4";"246";;;"662 789,147";"6 866 770,562";"662 789,147";"6 866 770,562";"1";;;;"0";"0";;;;;;0.3333333333333333;"1";"0";0;"0";"50";"1";"0";"0";"0";"0";"0";"0";;;;;;;;;;;;0;"0";"0";"0";;"0";"0";"0";"0";"-1";"-1";"-1";"-1";"50";"1";-1;"-1";;"-1";"0";"1";"0";"0";"6,667";;0;1.6666666666666667;"10";"3,913";bati;"12";"4";"0";"3";"4";"1";présumée fragile;"526,073";"98,491";Electricité;E;;;;;;;; ;;;;
"7 980";930100000Y0018;93010*00044;"[""93010*00044""]";93010;BONDY;93;SIMPLE;"1";"[""930100000Y0018""]";"224";CL;"1 925";"1 925";"1 925";"1 925";"1";"224";13;SOL;"224";"0";"0";"0";"0";"0";"0";"0";"0";"0";"0";"0";"0";"0";"224";"11";"1";"1";"1";"1";"0";"5";"4";MIXTE;"1";"5";"0";"5";"5";"139";"0";"4";"0";"1";"0";"0";"0";"1";"1";"5";"0";"24";"65";"0";"0";"0";"0";"228";"1";"3";G2;PROPRIETE DIVISEE EN LOT;G2a;G2;99;1;MEME COMMUNE;;"1";"1";"1";"[""FJJDB8C5ACBV""]";"1";"88";FF_930100000Y0018;;;;;;;930100000Y0018;Copropriété non immatriculée;;"0";;"93 010";"93";"200 054 781";Métropole du Grand Paris;"1 925";"1";"10";"5";"220";"139";"0";"5";"1";"1";"0";"0";"0";"0";"0";"0";"4";"1";"1";"4";"1";"0";"0";"0";"4";"2";"2";"2,5";"4";"0";"0";;;"1";"0";"8";"0";;;;;;;;;136 AV HENRI BARBUSSE, BONDY;;;;;;;;;;;;;;;;;;;;;;;;;;;;;;;;;;;;;;;;;;;;;;;;;;;;;;;;;;;;;;;;;"5";AVANT_1949;V;"1";{930100000Y0018};{930100000Y0018A};2_FF;FJJDB8C5ACBV;"1";"88";;;"662 812,265";"6 866 765,122";"662 812,265";"6 866 765,122";"1";;;;"0";"0";;;;;;0.8333333333333334;"0";"1";0;"0";"100";"1";"0";"0";"0,8";"1";"0";"0";;;;;;;;;;;;0.2;"1";"0";"0";;"0";"0";"0";"0";"-1";"0";"-1";"1";"0";"0";-1;"1";;"0";"0";"0";"5";"1";"8,889";;3.3333333333333335;10;"0";"6,667";occup;"10";"4";"0";"3";"2";"1";présumée fragile;"219,49";"60,159";Electricité;G;;;;;;;;electricite;;;;
"7 983";930100000Y0021;93010*00865;"[""93010*00865""]";93010;BONDY;93;SIMPLE;"1";"[""930100000Y0021""]";"1 130";CL;"2 023";"2 023";"2 023";"2 023";"1";"1 130";13;SOL;"1 130";"0";"0";"0";"0";"0";"0";"0";"0";"0";"0";"0";"0";"0";"1 130";"95";"2";"2";"2";"2";"0";"46";"5";APPARTEMENT;"2";"47";"0";"47";"47";"2 689";"418";"0";"0";"0";"0";"0";"0";"0";"0";"0";"0";"550";"280";"0";"0";"0";"0";"3 937";"1";"49";G2;PROPRIETE DIVISEE EN LOT;G2a G2d;G2;G2;3;MEME REGION;;"1";"1";"1";"[""8F7C77MX99DD""]";"1";"0";RNC_AG3715836;AG3715836;2020-10-06 00:00:00.0;2020-10-06 00:00:00.0;FONCIA CHADEFAUX LECOQ 59202763500032;non;non;930100000Y0021;Copropriété immatriculée;1_1;"1";OUI;"93 010";"93";"200 054 781";Métropole du Grand Paris;"2 023";"2";"95";"47";"3 937";"3 107";"0";"47";"0";"0";"0";"0";"0";"0";"0";"47";"0";"0";"0";"0";"18";"19";"10";"0";"1";"48";"47";"1";"0";"0";"20";20;-5.35;"0";"0";"0";"0";;professionnel;FONCIA CHADEFAUX LECOQ 59202763500032;6831Z;AUBERVILLIERS;Mandat en cours;2025-12-31 00:00:00.0;RESIDENCE LE CLOS DE L'ORME A BONDY;142 av henri barbusse 93140 Bondy;non connu;non connu;non connu;0;2020-10-05 00:00:00.0;non;non;oui;non connu;;;;94;48;47;46;0;0;0;A_COMPTER_DE_2011;93010;000;0Y;0021;;;;;;;;;1;non;non connu;non renseigné;non connu;non connu;non connu;;;;;;;non renseigné;2022;0;0;0;0;0;0;0;1;collectif;non;gaz_naturel;Non renseigné;Non renseigné;non connu;non connu;1;non connu;"47";A_COMPTER_DE_2011;V;"0";{930100000Y0021};{930100000Y0021A,930100000Y0021P};2_RNIC_FF;8F7C77MX99DD;"1";"0";662845.5334513038;6866758.013419419;"662 847,467";"6 866 733,075";"662 845,533";"6 866 758,013";"0";0;1;0;"0";"0";0;;;;0;0.9791666666666666;"0";"0";0;"0";"0";"0";"0";"0";"0";"0";"33";"1";;;;;;;;;;;;0;"0";"0,426";"0";0;"0";"0";"0";"0";"-1";"0";"-1";"0";"0";"0";-1;"0";0;"0";"0";"0";"0";"0";"2,143";;0;0;"0";"1,111";gestion;"13";"6";"0";"5";"1";"1";autres;"1 128,355";"134,805";;;;;;;;;;;;;;
"7 988";930100000Y0036;93010*00046;"[""93010*00046""]";93010;BONDY;93;SIMPLE;"1";"[""930100000Y0036""]";"197";CL;"1 922";"1 926";"1 922";"1 926";"1";"197";13;SOL;"197";"0";"0";"0";"0";"0";"0";"0";"0";"0";"0";"0";"0";"0";"197";"2";"0";"0";"0";"0";"0";"0";"0";MAISON;"2";"2";"2";"0";"2";"95";"0";"0";"0";"0";"2";"0";"0";"0";"0";"0";"0";"0";"0";"0";"0";"0";"0";"95";"1";"3";G2;PROPRIETE DIVISEE EN LOT;G2a;G2;99;1;MEME COMMUNE;;"1";"1";"1";"[""5ZGW9ASENVMF"",""NXHDYA74HJ4N""]";"2";"91";RNC_AG1554815;AG1554815;2020-06-18 00:00:00.0;2020-06-18 00:00:00.0;non connu;non connu;non connu;930100000Y0036;Copropriété immatriculée;1_1;"1";OUI;"93 010";"93";"200 054 781";Métropole du Grand Paris;"1 922";"2";"2";"2";"95";"95";"2";"0";"2";"0";"0";"2";"0";"0";"0";"0";"0";"0";"0";"0";"1";"0";"1";"0";"0";"2";"2";"1";"0";"0";"1";0;;"0";"0";"0";"0";;non connu;non connu;non connu;non connu;Pas de mandat en cours;non connu;150 avenue Henri Barbusse;150 av henri barbusse 93140 Bondy;non connu;non connu;non connu;0;1956-07-28 00:00:00.0;non;non connu;oui;non connu;;;;2;2;2;0;0;0;0;DE_1949_A_1960;93010;000;0Y;0036;;;;;;;;;1;non;non connu;non renseigné;non connu;non connu;non connu;;;;;;;non renseigné;non renseigné;0;0;0;0;0;0;0;2;individuel;non renseigné;non renseigné;Non renseigné;Non renseigné;non connu;non connu;0;ADRNIVX_0000000268261619;"2";AVANT_1949;H;"0";{930100000Y0036};{930100000Y0036A,930100000Y0036B};2_RNIC_FF;5ZGW9ASENVMF,NXHDYA74HJ4N;"2";"91";662912.3941542186;6866746.242107294;"662 909,64";"6 866 736,068";"662 912,394";"6 866 746,242";"0";1;1;;"0";"0";0;;;;;1;"0";"0";0;"0";"0";"0";"0";"0";"0";"0";"50";"1";;;;;;;;;;;;0;"0";"0,5";"1";;"0";"0";"0";"0";"-1";"-1";"-1";"-1";"0";"0";-1;"-1";0;"-1";"0";"0";"0";"0";"4";;1.4285714285714286;0;"0";"2,188";gestion;"16";"6";"0";"4";"5";"1";autres;"197,467";"59,895";Gaz;F;;;;;;;; ;;;;
"7 989";930100000Y0037;93010*00639;"[""93010*00639""]";93010;BONDY;93;SIMPLE;"1";"[""930100000Y0037""]";"263";CL;"1 930";"1 966";"1 930";"1 966";"1";"263";13;SOL;"263";"0";"0";"0";"0";"0";"0";"0";"0";"0";"0";"0";"0";"0";"263";"4";"0";"0";"0";"0";"0";"1";"0";APPARTEMENT;"2";"3";"1";"2";"3";"154";"20";"1";"0";"1";"0";"1";"0";"0";"0";"0";"0";"22";"0";"0";"0";"0";"0";"196";"1";"3";G2;PROPRIETE DIVISEE EN LOT;G2a;G2;99;1;MEME COMMUNE;;"1";"1";"1";"[""6BX6YHFQJQAQ"",""V6QDH1S21PFV""]";"2";"72";FF_930100000Y0037;;;;;;;930100000Y0037;Copropriété non immatriculée;;"0";;"93 010";"93";"200 054 781";Métropole du Grand Paris;"1 930";"2";"4";"3";"196";"174";"1";"2";"2";"1";"0";"0";"1";"0";"0";"0";"1";"0";"0";"1";"1";"0";"0";"1";"3";"2";"2";"1,5";"1";"0";"0";;;"0";"0";"3";"2";;;;;;;;;152 AV HENRI BARBUSSE, BONDY;;;;;;;;;;;;;;;;;;;;;;;;;;;;;;;;;;;;;;;;;;;;;;;;;;;;;;;;;;;;;;;;;"3";AVANT_1949;M;"0,5";{930100000Y0037};{930100000Y0037A,930100000Y0037B};2_FF;6BX6YHFQJQAQ,V6QDH1S21PFV;"2";"72";;;"662 920,658";"6 866 734,756";"662 920,658";"6 866 734,756";"1";;;;"0";"0";;;;;;1;"0";"1";0;"0";"0";"0";"0";"0";"1";"1";"0";"0";;;;;;;;;;;;0;"0";"0";"0";;"0";"0";"0";"0";"-1";"-1";"-1";"-1";"0";"0";-1;"-1";;"-1";"0";"1";"0";"0";"8,571";;0;6.666666666666667;"10";"5,714";bati;"10";"3";"0";"3";"3";"1";présumée fragile;"263,696";"69,33";Electricité;G;;;;;;;;electricite;G;;;
"8 030";930100000Y0105;93010*00498;"[""93010*00498""]";93010;BONDY;93;SIMPLE;"1";"[""930100000Y0105""]";"288";CL;"1 925";"1 925";"1 925";"1 925";"3";"288";13;SOL;"288";"0";"0";"0";"0";"0";"0";"0";"0";"0";"0";"0";"0";"0";"288";"4";"0";"0";"0";"0";"0";"2";"0";MIXTE;"2";"2";"2";"0";"2";"126";"0";"0";"0";"0";"2";"0";"0";"0";"0";"0";"0";"24";"0";"0";"0";"0";"0";"150";"1";"3";G2;PROPRIETE DIVISEE EN LOT;G2a;G2;99;1;MEME COMMUNE;;"1";"1";"1";"[""1YB8FA4995C5""]";"1";"123";FF_930100000Y0105;;;;;;;930100000Y0105;Copropriété non immatriculée;;"0";;"93 010";"93";"200 054 781";Métropole du Grand Paris;"1 925";"2";"4";"2";"150";"126";"2";"0";"2";"0";"0";"2";"0";"0";"0";"0";"0";"0";"0";"0";"1";"1";"0";"0";"0";"2";"2";"1";"0";"0";"1";;;"0";"0";"0";"0";;;;;;;;;32 RUE GUY DE MAUPASSANT, BONDY;;;;;;;;;;;;;;;;;;;;;;;;;;;;;;;;;;;;;;;;;;;;;;;;;;;;;;;;;;;;;;;;;"2";AVANT_1949;H;"0";{930100000Y0105};{930100000Y0105A,930100000Y0105B};2_FF;1YB8FA4995C5;"1";"123";;;"662 800,232";"6 866 586,41";"662 800,232";"6 866 586,41";"1";;;;"0";"0";;;;;;1;"0";"0";0;"0";"0";"0";"0";"0";"0";"0";"0";"0";;;;;;;;;;;;0;"0";"0,5";"1";;"0";"0";"0";"0";"-1";"-1";"-1";"-1";"0";"0";-1;"-1";;"-1";"0";"0";"0";"0";"3,333";;1.4285714285714286;0;"0";"1,667";gestion;"13";"4";"0";"4";"5";"0";autres;"286,608";"77,326";Gaz;F;;;;;;;; ;;;;
"8 033";930100000Y0108;93010*00136;"[""93010*00136""]";93010;BONDY;93;SIMPLE;"1";"[""930100000Y0108""]";"409";CL;"1 972";"1 972";"1 972";"1 972";"1";"409";13;SOL;"409";"0";"0";"0";"0";"0";"0";"0";"0";"0";"0";"0";"0";"0";"409";"2";"0";"0";"0";"0";"0";"0";"0";MAISON;"1";"2";"2";"0";"2";"175";"53";"0";"0";"0";"2";"0";"0";"0";"0";"0";"0";"0";"0";"0";"0";"0";"0";"228";"1";"3";G2;PROPRIETE DIVISEE EN LOT;G2a;G2;99;1;MEME COMMUNE;;"1";"1";"1";"[""6Z47NZ2RD7QE"",""ZVP4VB3PMRCW""]";"2";"139";FF_930100000Y0108;;;;;;;930100000Y0108;Copropriété non immatriculée;;"0";;"93 010";"93";"200 054 781";Métropole du Grand Paris;"1 972";"1";"2";"2";"228";"228";"2";"0";"2";"0";"0";"2";"0";"0";"0";"0";"0";"0";"0";"0";"0";"0";"1";"1";"0";"2";"2";"1";"0";"0";"0";;;"0";"0";"0";"0";;;;;;;;;153 RUE LOUIS AUGUSTE BLANQUI, BONDY;;;;;;;;;;;;;;;;;;;;;;;;;;;;;;;;;;;;;;;;;;;;;;;;;;;;;;;;;;;;;;;;;"2";DE_1961_A_1974;H;"0";{930100000Y0108};{930100000Y0108A};2_FF;6Z47NZ2RD7QE,ZVP4VB3PMRCW;"2";"139";;;"662 801,305";"6 866 561,033";"662 801,305";"6 866 561,033";"1";;;;"0";"0";;;;;;1;"0";"0";0;"0";"0";"0";"0";"0";"0";"0";"0";"0";;;;;;;;;;;;0;"0";"0";"0";;"0";"0";"0";"0";"-1";"-1";"-1";"-1";"0";"0";-1;"-1";;"-1";"0";"0";"0";"0";"3,333";;0;6.25;"0";"3,478";occup;"12";"4";"0";"3";"5";"0";a surveiller;"413,711";"96,357";Gaz;E;;;;;;;; ;;;;
"8 040";930100000Y0116;93010*00122;"[""93010*00122""]";93010;BONDY;93;SIMPLE;"1";"[""930100000Y0116""]";"288";CL;"1 924";"1 924";"1 924";"1 924";"1";"288";13;SOL;"288";"0";"0";"0";"0";"0";"0";"0";"0";"0";"0";"0";"0";"0";"288";"2";"0";"0";"0";"0";"0";"0";"0";MAISON;"1";"2";"2";"0";"2";"82";"64";"0";"0";"0";"2";"0";"0";"0";"0";"0";"0";"0";"0";"0";"0";"0";"0";"146";"1";"3";G2;PROPRIETE DIVISEE EN LOT;G2a;G2;99;1;MEME COMMUNE;;"1";"1";"1";"[""NBWRVZ3MKACP"",""Z82G8453Y3VW""]";"2";"75";FF_930100000Y0116;;;;;;;930100000Y0116;Copropriété non immatriculée;;"0";;"93 010";"93";"200 054 781";Métropole du Grand Paris;"1 924";"1";"2";"2";"146";"146";"2";"0";"2";"0";"0";"2";"0";"0";"0";"0";"0";"0";"0";"0";"0";"2";"0";"0";"0";"2";"2";"1";"0";"0";"0";;;"0";"0";"0";"0";;;;;;;;;23 B RUE GUY DE MAUPASSANT, BONDY;;;;;;;;;;;;;;;;;;;;;;;;;;;;;;;;;;;;;;;;;;;;;;;;;;;;;;;;;;;;;;;;;"2";AVANT_1949;H;"0";{930100000Y0116};{930100000Y0116A};2_FF;NBWRVZ3MKACP,Z82G8453Y3VW;"2";"75";;;"662 852,628";"6 866 622,195";"662 852,628";"6 866 622,195";"1";;;;"0";"0";;;;;;1;"0";"0";0;"0";"0";"0";"0";"0";"0";"0";"0";"0";;;;;;;;;;;;0;"0";"0";"0";;"0";"0";"0";"0";"-1";"-1";"-1";"-1";"0";"0";-1;"-1";;"-1";"0";"0";"0";"0";"3,333";;0;0;"0";"1,304";gestion;"12";"4";"0";"3";"5";"0";autres;"287,815";"77,543";Gaz;F;;;;;;;; ;;;;
"8 077";930100000Y0165;93010*00727;"[""93010*00727""]";93010;BONDY;93;SIMPLE;"1";"[""930100000Y0165""]";"448";CL;"1 925";"1 925";"1 925";"1 925";"1";"448";13;SOL;"448";"0";"0";"0";"0";"0";"0";"0";"0";"0";"0";"0";"0";"0";"448";"19";"0";"0";"0";"0";"0";"12";"0";DEPENDANCE;"2";"7";"0";"7";"7";"261";"0";"0";"0";"6";"1";"0";"0";"0";"0";"0";"0";"90";"0";"0";"0";"0";"0";"351";"1";"6";G2;PROPRIETE DIVISEE EN LOT;G2a;G2;99;1;MEME COMMUNE;;"1";"1";"1";"[""TACQMAX6J8MA""]";"1";"194";RNC_AE3806007;AE3806007;2019-02-01 00:00:00.0;2024-04-05 00:00:00.0;SYGI PARTNERS 53494828600024;non connu;non connu;930100000Y0165;Copropriété immatriculée;1_1;"1";OUI;"93 010";"93";"200 054 781";Métropole du Grand Paris;"1 925";"2";"19";"7";"351";"261";"0";"7";"7";"6";"0";"1";"0";"0";"0";"0";"0";"0";"0";"1";"3";"3";"0";"0";"3";"5";"4";"1,75";"0";"0";"1";1;-46.00;"0";"0";"1";"1";;non connu;non connu;non connu;non connu;Pas de mandat en cours;2024-06-30 00:00:00.0;SDC 166 Henri Barbusse;166 av henri barbusse 93140 Bondy;non connu;non connu;non connu;0;2005-04-01 00:00:00.0;non;non;oui;non connu;0;0;0;26;7;7;3;0;0;0;NON_CONNUE;93010;000;0Y;0165;;;;;;;;;1;non;non connu;non;2020-05-21 00:00:00.0;2021-05-22 00:00:00.0;20/10/2021;10727.0;0.0;1996.0;817.0;1;1646.0;non;non renseigné;0;0;0;0;0;0;0;2;individuel;non renseigné;non renseigné;Non;Sans objet;non connu;non connu;0;ADRNIVX_0000000268261604;"7";AVANT_1949;V;"0,857";{930100000Y0165};{930100000Y016501,930100000Y0165A};2_RNIC_FF;TACQMAX6J8MA;"1";"194";663031.8038663445;6866743.143080966;"663 027,214";"6 866 728,471";"663 031,804";"6 866 743,143";"0";1;1;;"0";"0";0;0;0;0;;1;"0";"0";0;"0";"0";"0";"67";"0";"0,429";"1";"33";"1";0.2;0;0;0.07616295329542276499;0;0;0.18607252726764239769;0;;1532.4285714285714286;1;0;"0";"0,143";"0";1;"0";"0";"0";"0";"-1";"0";"-1";"1";"0";"0";-1;"0";0;"0";"0";"1";"0";"0";"3,158";1;2.2222222222222223;2.5;"5";"2,6";bati;"25";"8";"5";"5";"5";"2";a surveiller;"445,985";"89,976";Electricité;F;;;;;;;;electricite;F;F;;
"8 083";930100000Y0173;93010*00118;"[""93010*00118""]";93010;BONDY;93;SIMPLE;"1";"[""930100000Y0173""]";"338";CL;"1 950";"1 950";"1 950";"1 950";"1";"338";13;SOL;"338";"0";"0";"0";"0";"0";"0";"0";"0";"0";"0";"0";"0";"0";"338";"2";"0";"0";"0";"0";"0";"0";"0";MAISON;"1";"2";"2";"0";"2";"91";"65";"0";"0";"0";"2";"0";"0";"0";"0";"0";"0";"0";"0";"0";"0";"0";"0";"156";"1";"3";G2;PROPRIETE DIVISEE EN LOT;G2a;G2;99;1;MEME COMMUNE;;"1";"1";"1";"[""F3GGWBVZBSQZ"",""NFGNX1XS9ANN"",""YADXCN2E8KSZ""]";"3";"124";FF_930100000Y0173;;;;;;;930100000Y0173;Copropriété non immatriculée;;"0";;"93 010";"93";"200 054 781";Métropole du Grand Paris;"1 950";"1";"2";"2";"156";"156";"2";"0";"2";"0";"0";"2";"0";"0";"0";"0";"0";"0";"0";"0";"1";"1";"0";"0";"0";"2";"2";"1";"0";"0";"1";;;"0";"0";"1";"0";;;;;;;;;16 RUE EUGENE MASSON, BONDY;;;;;;;;;;;;;;;;;;;;;;;;;;;;;;;;;;;;;;;;;;;;;;;;;;;;;;;;;;;;;;;;;"2";DE_1949_A_1960;H;"0";{930100000Y0173};{930100000Y0173A};2_FF;F3GGWBVZBSQZ,NFGNX1XS9ANN,YADXCN2E8KSZ;"3";"124";;;"663 039,74";"6 866 646,334";"663 039,74";"6 866 646,334";"1";;;;"0";"0";;;;;;1;"0";"0";0;"0";"0";"0";"0";"0";"0";"0";"0";"0";;;;;;;;;;;;0;"0";"0,5";"1";;"0";"0";"0";"0";"-1";"-1";"-1";"-1";"0";"0";-1;"-1";;"-1";"0";"0";"0";"0";"3,333";;1.4285714285714286;0;"0";"1,538";gestion;"14";"4";"0";"4";"5";"1";autres;"336,827";"87,136";Gaz;E;;;;;;;;gaz;;;;
"8 102";930100000Y0195;93010*00582;"[""93010*00582""]";93010;BONDY;93;SIMPLE;"1";"[""930100000Y0195""]";"343";CL;"1 919";"1 919";"1 919";"1 919";"1";"343";13;SOL;"343";"0";"0";"0";"0";"0";"0";"0";"0";"0";"0";"0";"0";"0";"343";"6";"0";"0";"0";"0";"0";"3";"0";DEPENDANCE;"2";"3";"1";"2";"3";"182";"0";"0";"0";"1";"2";"0";"0";"0";"0";"1";"0";"30";"0";"0";"0";"0";"0";"212";"1";"3";G2;PROPRIETE DIVISEE EN LOT;G2a;G2;99;1;MEME COMMUNE;;"1";"1";"1";"[""GPQAYMAYBCPF""]";"1";"150";FF_930100000Y0195;;;;;;;930100000Y0195;Copropriété non immatriculée;;"0";;"93 010";"93";"200 054 781";Métropole du Grand Paris;"1 919";"2";"6";"3";"212";"182";"1";"2";"3";"1";"0";"2";"0";"0";"0";"0";"0";"0";"0";"0";"1";"2";"0";"0";"0";"2";"2";"1,5";"0";"0";"1";;;"0";"0";"0";"0";;;;;;;;;7 RUE EUGENE MASSON, BONDY;;;;;;;;;;;;;;;;;;;;;;;;;;;;;;;;;;;;;;;;;;;;;;;;;;;;;;;;;;;;;;;;;"3";AVANT_1949;M;"0,333";{930100000Y0195};{930100000Y0195A,930100000Y0195B};2_FF;GPQAYMAYBCPF;"1";"150";;;"663 101,157";"6 866 691,77";"663 101,157";"6 866 691,77";"1";;;;"0";"0";;;;;;1;"0";"0";0;"0";"0";"0";"0";"1";"0";"0";"0";"0";;;;;;;;;;;;0;"0";"0,333";"1";;"0";"0";"0";"0";"-1";"-1";"-1";"-1";"0";"0";-1;"-1";;"-1";"0";"0";"1";"1";"4,545";;1.4285714285714286;0;"0";"2,308";gestion;"14";"5";"0";"4";"5";"0";autres;"342,826";"88,512";Electricité;G;;;;;;;; ;;;;
"8 104";930100000Y0197;93010*00048;"[""93010*00048""]";93010;BONDY;93;SIMPLE;"1";"[""930100000Y0197""]";"271";CL;"1 928";"1 928";"1 928";"1 928";"1";"271";13;SOL;"271";"0";"0";"0";"0";"0";"0";"0";"0";"0";"0";"0";"0";"0";"271";"12";"2";"2";"2";"2";"0";"5";"8";MIXTE;"1";"5";"0";"5";"5";"259";"0";"0";"0";"3";"2";"0";"0";"0";"0";"0";"0";"34";"86";"38";"0";"0";"0";"417";"1";"7";G2;PROPRIETE DIVISEE EN LOT;G2a;G2;99;1;MEME COMMUNE;;"1";"1";"1";"[""A3EQDWXNBYZ3""]";"1";"168";RNC_AE5214010;AE5214010;2019-02-21 00:00:00.0;2019-02-18 00:00:00.0;CABINET DE GESTION IMMOBILIERE 94 40882385400059;non connu;non connu;930100000Y0197;Copropriété immatriculée;3_2;"1";OUI;"93 010";"93";"200 054 781";Métropole du Grand Paris;"1 928";"1";"11";"5";"410";"259";"0";"5";"4";"3";"0";"1";"0";"1";"0";"0";"0";"0";"0";"1";"1";"3";"0";"0";"0";"6";"4";"1,25";"0";"0";"2";2;-75.00;"0";"0";"1";"1";;non connu;non connu;non connu;non connu;Pas de mandat en cours;2019-06-30 00:00:00.0;176 AVENUE HENRI BARBUSSE;176 av henri barbusse 93140 BONDY;176 av henri barbusse 93140 BONDY;non connu;non connu;1;1957-01-30 00:00:00.0;non;non;oui;non connu;0;0;0;15;8;6;0;0;0;0;AVANT_1949;93010;000;OY;0197;;;;;;;;;1;non;non connu;non;2017-01-01 00:00:00.0;2017-12-31 00:00:00.0;29/11/2018;12183.77;0.0;2872.03;;;0.0;non;non renseigné;0;0;0;0;0;0;0;1;individuel;non renseigné;non renseigné;Non renseigné;Non renseigné;non connu;non connu;0;ADRNIVX_0000000268261600;"5";AVANT_1949;V;"0,75";{930100000Y0197};{930100000Y0197A};2_RNIC_FF;A3EQDWXNBYZ3;"1";"168";663107.8160051998;6866740.767732806;"663 103,852";"6 866 730,585";"663 107,816";"6 866 740,768";"0";1;1;;"0";"0";0;0;0;0;;0.7142857142857143;"0";"0";0;"0";"0";"0";"67";"0";"0";"0";"0";"0";;;;;;;0.23572588779991743114;0;;1522.9712500000000000;1;0;"0";"0,4";"1";1;"0";"0";"0";"0";"-1";"0";"-1";"0";"0";"0";-1;"0";0;"0";"0";"1";"0";"0";"3,158";3.3333333333333335;3.3333333333333335;0;"5";"2,791";bati;"22";"8";"2";"5";"5";"2";a surveiller;"271,079";"71,253";Gaz;F;;;;;;;;gaz;F;;;
"8 109";930100000Y0202;93010*00437;"[""93010*00437""]";93010;BONDY;93;SIMPLE;"1";"[""930100000Y0202""]";"326";CL;"1 932";"1 932";"1 932";"1 932";"1";"326";13;SOL;"326";"0";"0";"0";"0";"0";"0";"0";"0";"0";"0";"0";"0";"0";"326";"4";"1";"1";"1";"1";"0";"0";"4";APPARTEMENT;"2";"3";"1";"2";"3";"113";"25";"0";"0";"3";"0";"0";"0";"0";"0";"0";"0";"0";"121";"0";"0";"0";"0";"259";"1";"3";G2;PROPRIETE DIVISEE EN LOT;G2a;G2;99;1;MEME COMMUNE;;"1";"1";"1";"[""2RNEYWJSVJRZ"",""F4VEH5NXM1RA"",""ZCKG3Q6GDV9B""]";"3";"243";FF_930100000Y0202;;;;;;;930100000Y0202;Copropriété non immatriculée;;"0";;"93 010";"93";"200 054 781";Métropole du Grand Paris;"1 932";"2";"4";"3";"259";"138";"1";"2";"3";"3";"0";"0";"0";"0";"0";"0";"0";"0";"0";"0";"1";"2";"0";"0";"0";"2";"2";"1,5";"0";"0";"1";;;"0";"0";"0";"0";;;;;;;;;146 AV HENRI BARBUSSE, BONDY;;;;;;;;;;;;;;;;;;;;;;;;;;;;;;;;;;;;;;;;;;;;;;;;;;;;;;;;;;;;;;;;;"3";AVANT_1949;M;"1";{930100000Y0202};{930100000Y0202A,930100000Y0202B};2_FF;2RNEYWJSVJRZ,F4VEH5NXM1RA,ZCKG3Q6GDV9B;"3";"243";;;"662 882,386";"6 866 736,354";"662 882,386";"6 866 736,354";"1";;;;"0";"0";;;;;;0.75;"0";"1";0;"0";"0";"0";"33";"1";"0";"0";"0";"0";;;;;;;;;;;;0;"0";"0,333";"1";;"0";"0";"0";"0";"-1";"-1";"-1";"-1";"0";"0";-1;"-1";;"-1";"0";"0";"0";"0";"7,273";;1.4285714285714286;3.3333333333333335;"0";"4,583";gestion;"12";"5";"0";"4";"3";"0";présumée fragile;"337,942";"75,256";Electricité;F;;;;;;;; ;;;;
"8 118";930100000Y0211;93010*00645;"[""93010*00645""]";93010;BONDY;93;SIMPLE;"1";"[""930100000Y0211""]";"337";CL;"1 930";"1 982";"1 930";"1 982";"1";"337";13;SOL;"337";"0";"0";"0";"0";"0";"0";"0";"0";"0";"0";"0";"0";"0";"337";"6";"0";"0";"0";"0";"0";"3";"0";DEPENDANCE;"2";"3";"1";"2";"3";"173";"0";"0";"0";"1";"2";"0";"0";"0";"0";"0";"0";"46";"0";"0";"0";"0";"0";"219";"1";"3";G2;PROPRIETE DIVISEE EN LOT;G2a;G2;99;1;MEME COMMUNE;;"1";"1";"1";"[""5VPDTB9M2HPR"",""71275V2T83S2""]";"2";"146";RNC_AH0204875;AH0204875;2021-07-27 00:00:00.0;2021-07-27 00:00:00.0;non connu;non connu;non connu;930100000Y0211;Copropriété immatriculée;1_1;"1";OUI;"93 010";"93";"200 054 781";Métropole du Grand Paris;"1 930";"2";"6";"3";"219";"173";"1";"2";"3";"1";"0";"2";"0";"0";"0";"0";"0";"0";"0";"0";"1";"2";"0";"0";"0";"2";"2";"1,5";"0";"0";"1";0;;"0";"0";"1";"0";;non connu;non connu;non connu;non connu;Pas de mandat en cours;non connu;8/10 rue Bernard de Jussieu;10 r bernard de jussieu 93140 Bondy;non connu;non connu;non connu;0;1999-07-31 00:00:00.0;non;non connu;oui;non connu;0;0;0;2;2;2;0;0;0;0;AVANT_1949;93010;000;0Y;0211;93010;000;0Y;0210;;;;;2;non;non connu;non renseigné;non connu;non connu;non connu;;;;;;;non renseigné;non renseigné;0;0;0;0;0;2;0;0;individuel;non renseigné;non renseigné;Non renseigné;Non renseigné;non connu;non connu;0;ADRNIVX_0000000268262360;"3";AVANT_1949;M;"0,333";{930100000Y0211};{930100000Y0211A,930100000Y0211B};2_RNIC_FF;5VPDTB9M2HPR,71275V2T83S2;"2";"146";662929.2770578243;6866703.654949858;"662 913,194";"6 866 709,19";"662 929,277";"6 866 703,655";"0";1;1;;"0";"0";0;0;0;0;;1;"0";"0";0;"0";"0";"0";"100";"0";"0";"0";"0";"0";;;;;;;;;;;;0;"0";"0,333";"1";;"0";"0";"0";"0";"-1";"-1";"-1";"-1";"0";"0";-1;"-1";0;"-1";"0";"0";"0";"0";"3,158";;1.4285714285714286;5;"0";"2,895";occup;"19";"8";"0";"4";"5";"2";a surveiller;"336,816";"86,221";Electricité;D;;;;;;;;electricite;D;;;
"8 120";930100000Y0214;93010*00824;"[""93010*00824""]";93010;BONDY;93;PDLMP;"4";"[""930100000Y0214"",""930100000Y0216"",""930100000Y0221"",""930100000Y0222""]";"1 268";CL;"2 021";"2 021";"2 021";"2 021";"4";"1 268";13;SOL;"1 268";"0";"0";"0";"0";"0";"0";"0";"0";"0";"0";"0";"0";"0";"1 268";"74";"1";"1";"1";"1";"0";"36";"4";APPARTEMENT;"3";"37";"0";"37";"37";"2 099";"375";"3";"0";"24";"10";"0";"0";"0";"0";"0";"0";"432";"107";"0";"0";"0";"0";"3 013";"4";"38";G2;PROPRIETE DIVISEE EN LOT;G2a;G2;99;1;MEME COMMUNE;;"4";"4";"4";"[""EVH6FY8TD5FP"",""M2CWW9DKJGXG"",""ZHW682P51JXP""]";"3";"741";RNC_AG4114054;AG4114054;2020-10-21 00:00:00.0;2020-10-21 00:00:00.0;BOTIN GESTION IMMOBILIERE 88289392800011;non connu;non connu;930100000Y0214;Copropriété immatriculée;1_1;"1";OUI;"93 010";"93";"200 054 781";Métropole du Grand Paris;"2 021";"3";"74";"37";"3 013";"2 474";"0";"37";"31";"24";"0";"7";"0";"3";"0";"0";"3";"0";"0";"3";"14";"13";"5";"2";"2";"37";"36";"1,028";"3";"0";"19";16;-7.50;"0";"0";"4";"0";;non connu;non connu;non connu;non connu;Pas de mandat en cours;2023-11-17 00:00:00.0;LES TERRASSES;170-174 avenue Henri Barbusse;non connu;non connu;non connu;0;2019-07-31 00:00:00.0;non;non connu;oui;non connu;0;0;;74;38;37;36;0;0;0;A_COMPTER_DE_2011;93010;000;0Y;0222;93010;000;0Y;0221;93010;000;0Y;0216;4;non;non connu;non renseigné;non connu;non connu;non connu;;;;;;;non renseigné;2017;0;0;0;0;0;0;0;1;collectif;non;gaz_naturel;Non renseigné;Non renseigné;non connu;non connu;1;non connu;"37";A_COMPTER_DE_2011;V;"0,774";{930100000Y0214,930100000Y0216,930100000Y0221,930100000Y0222};{930100000Y0214A,930100000Y0214B,930100000Y0214P};2_RNIC_FF;EVH6FY8TD5FP,M2CWW9DKJGXG,ZHW682P51JXP;"3";"741";663067.7568546528;6866724.676529801;"663 067,301";"6 866 723,601";"663 067,757";"6 866 724,677";"0";0;1;;"0";"0";0;0;0;0;;0.9736842105263158;"0";"0";0;"0";"0";"0";"25";"1";"0";"0";"0";"0";;;;;;;;;;;;0;"0";"0,514";"1";0;"0";"0";"0";"0";"-1";"0";"-1";"0";"0";"0";0.1935483870967742;"0";0;"0";"0";"0";"0";"0";"2,632";;1.1111111111111112;0;"0";"1,5";gestion;"20";"8";"0";"5";"5";"2";autres;"1 270,477";"142,326";;C;;;;;;;; ;;;;
"8 151";930100000Z0012;93010*00425;"[""93010*00425""]";93010;BONDY;93;SIMPLE;"1";"[""930100000Z0012""]";"353";CL;"1 930";"1 930";"1 930";"1 930";"1";"353";13;SOL;"353";"0";"0";"0";"0";"0";"0";"0";"0";"0";"0";"0";"0";"0";"353";"3";"1";"1";"1";"1";"0";"0";"1";MAISON;"1";"2";"2";"0";"2";"229";"60";"0";"0";"0";"2";"0";"0";"0";"0";"0";"0";"0";"367";"0";"0";"0";"0";"656";"1";"4";G2;PROPRIETE DIVISEE EN LOT;G2a;G2;99;1;MEME COMMUNE;;"1";"1";"1";"[""C15X2WS7V8BP"",""JR9YNZ39QEZ3"",""TVYPRE1DV6Z7""]";"3";"102";FF_930100000Z0012;;;;;;;930100000Z0012;Copropriété non immatriculée;;"0";;"93 010";"93";"200 054 781";Métropole du Grand Paris;"1 930";"1";"3";"2";"656";"289";"2";"0";"2";"0";"0";"2";"0";"0";"0";"0";"0";"0";"0";"0";"0";"0";"1";"1";"0";"3";"2";"1";"0";"0";"0";;;"0";"0";"0";"0";;;;;;;;;137 RUE LOUIS AUGUSTE BLANQUI, BONDY;;;;;;;;;;;;;;;;;;;;;;;;;;;;;;;;;;;;;;;;;;;;;;;;;;;;;;;;;;;;;;;;;"2";AVANT_1949;H;"0";{930100000Z0012};{930100000Z0012A};2_FF;C15X2WS7V8BP,JR9YNZ39QEZ3,TVYPRE1DV6Z7;"3";"102";;;"662 684,602";"6 866 592,744";"662 684,602";"6 866 592,744";"1";;;;"0";"0";;;;;;0.6666666666666666;"0";"0";0;"0";"0";"0";"0";"0";"0";"0";"0";"0";;;;;;;;;;;;0;"0";"0";"0";;"0";"0";"0";"0";"-1";"-1";"-1";"-1";"0";"0";-1;"-1";;"-1";"0";"0";"0";"0";"3,333";;0;0;"0";"1,429";gestion;"11";"4";"0";"3";"4";"0";autres;"355,255";"88,342";Gaz;E;;;;;;;;gaz;;;;
"8 154";930100000Z0044;93010*00474;"[""93010*00474""]";93010;BONDY;93;SIMPLE;"1";"[""930100000Z0044""]";"176";CL;"1 955";"1 955";"1 955";"1 955";"3";"85";13;SOL;"85";"0";"0";"0";"0";"0";"0";"0";"0";"0";"0";"0";"0";"0";"85";"3";"1";"1";"1";"1";"0";"0";"4";MIXTE;"1";"2";"1";"1";"2";"116";"0";"0";"0";"1";"1";"0";"0";"0";"0";"0";"0";"0";"35";"0";"0";"0";"0";"151";"1";"3";G2;PROPRIETE DIVISEE EN LOT;G2a;G2;99;1;MEME COMMUNE;;"1";"1";"1";"[""BBFQHTB5ZPPA""]";"1";"56";RNC_AG9752684;AG9752684;2021-07-05 00:00:00.0;2021-07-05 00:00:00.0;non connu;non connu;non connu;930100000Z0044;Copropriété immatriculée;1_1;"1";OUI;"93 010";"93";"200 054 781";Métropole du Grand Paris;"1 955";"1";"3";"2";"151";"116";"1";"1";"2";"1";"0";"1";"0";"0";"0";"0";"0";"0";"0";"0";"1";"0";"1";"0";"2";"2";"1";"2";"0";"0";"0";0;;"0";"0";"0";"0";;non connu;non connu;non connu;non connu;Pas de mandat en cours;non connu;128 AVENUE HENRI BARBUSSE 93140 BONDY;128 av henri barbusse 93140 Bondy;non connu;non connu;non connu;0;1987-07-15 00:00:00.0;non;non connu;oui;non connu;;;;7;2;1;1;0;0;0;non renseigné;93010;000;0Z;0044;;;;;;;;;1;non;non connu;non renseigné;non connu;non connu;non connu;;;;;;;non renseigné;non renseigné;0;0;0;0;0;0;0;1;non renseigné;non renseigné;non renseigné;Non renseigné;Non renseigné;non connu;non connu;;ADRNIVX_0000000268260734;"2";DE_1949_A_1960;M;"0,5";{930100000Z0044};{930100000Z0044A};2_RNIC_FF;BBFQHTB5ZPPA;"1";"56";662767.3869971631;6866804.664213412;"662 763,017";"6 866 797,183";"662 767,387";"6 866 804,664";"0";1;1;;"0";"0";0;;;;;0.6666666666666666;"0";"0";0;"0";"0";"0";"0";"0";"1";"1";"0";"0";;;;;;;;;;;;0;"0";"0";"0";;"0";"0";"0";"0";"-1";"-1";"-1";"-1";"0";"0";-1;"-1";0;"-1";"0";"0";"0";"0";"4,615";;0;4;"0";"2,963";gestion;"13";"5";"0";"4";"3";"1";a surveiller;"174,574";"54,713";Electricité;D;;;;;;;;electricite;;;;
"8 209";93010000AB0044;93010*00100;"[""93010*00100""]";93010;BONDY;93;SIMPLE;"1";"[""93010000AB0044""]";"293";CL;"1 931";"1 939";"1 931";"1 939";"1";"293";13;SOL;"293";"0";"0";"0";"0";"0";"0";"0";"0";"0";"0";"0";"0";"0";"293";"3";"0";"0";"0";"0";"0";"1";"0";MAISON;"2";"2";"2";"0";"2";"110";"28";"0";"0";"1";"1";"0";"0";"0";"0";"0";"0";"28";"0";"0";"0";"0";"0";"166";"1";"3";G2;PROPRIETE DIVISEE EN LOT;G2a;G2;99;1;MEME COMMUNE;;"1";"1";"1";"[""B5JH7EM3VMYD"",""KF4V3R417GWQ"",""NW6QEZMP6RZB""]";"3";"145";FF_93010000AB0044;;;;;;;93010000AB0044;Copropriété non immatriculée;;"0";;"93 010";"93";"200 054 781";Métropole du Grand Paris;"1 931";"2";"3";"2";"166";"138";"2";"0";"2";"1";"0";"1";"0";"0";"0";"0";"0";"0";"0";"0";"0";"2";"0";"0";"0";"2";"2";"1";"0";"0";"0";;;"0";"0";"0";"0";;;;;;;;;18 RUE CHARLES FERDINAND, BONDY;;;;;;;;;;;;;;;;;;;;;;;;;;;;;;;;;;;;;;;;;;;;;;;;;;;;;;;;;;;;;;;;;"2";AVANT_1949;H;"0,5";{93010000AB0044};{93010000AB0044A,93010000AB0044B};2_FF;B5JH7EM3VMYD,KF4V3R417GWQ,NW6QEZMP6RZB;"3";"145";;;"662 411,748";"6 866 757,519";"662 411,748";"6 866 757,519";"1";;;;"0";"0";;;;;;1;"0";"0";0;"0";"0";"0";"0";"1";"0";"0";"0";"0";;;;;;;;;;;;0;"0";"0";"0";;"0";"0";"0";"0";"-1";"-1";"-1";"-1";"0";"0";-1;"-1";;"-1";"0";"0";"0";"0";"4,545";;0;0;"0";"2,174";gestion;"12";"5";"0";"3";"4";"0";autres;"295,524";"79,675";Gaz;D;;;;;;;; ;;;;
"8 218";93010000AB0054;93010*00394;"[""93010*00394""]";93010;BONDY;93;SIMPLE;"1";"[""93010000AB0054""]";"510";CL;"1 940";"1 940";"1 940";"1 940";"3";"98";13;SOL;"98";"0";"0";"0";"0";"0";"0";"0";"0";"0";"0";"0";"0";"0";"98";"10";"0";"0";"0";"0";"0";"8";"0";DEPENDANCE;"3";"2";"1";"1";"2";"133";"44";"0";"0";"1";"1";"0";"0";"0";"0";"0";"0";"173";"0";"0";"0";"0";"0";"350";"1";"4";G2;PROPRIETE DIVISEE EN LOT;G2a;G2;99;1;MEME COMMUNE;;"1";"1";"1";"[""EH81SJAA2HAY"",""RE5GB1J5R5DW"",""3Z2FQ6ZP5A5B""]";"3";"210";RNC_AH0404020;AH0404020;2021-08-06 00:00:00.0;2021-08-06 00:00:00.0;non connu;non connu;non connu;93010000AB0054;Copropriété immatriculée;1_1;"1";OUI;"93 010";"93";"200 054 781";Métropole du Grand Paris;"1 940";"3";"10";"2";"350";"177";"1";"1";"2";"1";"0";"1";"0";"0";"0";"0";"0";"0";"0";"0";"0";"2";"0";"0";"0";"3";"2";"1";"0";"0";"1";0;;"0";"0";"0";"0";;non connu;non connu;non connu;non connu;Pas de mandat en cours;non connu;91 rue Louis Auguste Blanqui;91 r louis auguste blanqui 93140 Bondy;non connu;non connu;non connu;0;1978-06-16 00:00:00.0;non;non connu;oui;non connu;;;;15;3;3;6;0;0;0;NON_CONNUE;93010;000;AB;0054;;;;;;;;;1;non;non connu;non renseigné;non connu;non connu;non connu;;;;;;;non renseigné;non renseigné;0;0;0;0;0;0;0;3;individuel;non renseigné;non renseigné;Non renseigné;Non renseigné;non connu;non connu;;ADRNIVX_0000000268263264;"2";AVANT_1949;M;"0,5";{93010000AB0054};{93010000AB0054B,93010000AB0054C,93010000AB0054D};2_RNIC_FF;EH81SJAA2HAY,RE5GB1J5R5DW,3Z2FQ6ZP5A5B;"3";"210";662384.1701515266;6866634.667879315;"662 393,501";"6 866 659,388";"662 384,17";"6 866 634,668";"0";1;1;;"0";"0";0;;;;;1;"0";"0";0;"0";"0";"0";"0";"1";"0";"0";"33";"1";;;;;;;;;;;;0;"0";"0,5";"1";;"0";"0";"0";"0";"-1";"-1";"-1";"-1";"0";"0";-1;"-1";0;"-1";"0";"0";"0";"0";"4,706";;1.4285714285714286;0;"0";"2,647";gestion;"17";"7";"0";"4";"5";"1";a surveiller;"505,386";"118,035";N/A;E;;;;;;;; ;;;;
"8 221";93010000AB0057;93010*00728;"[""93010*00728""]";93010;BONDY;93;SIMPLE;"1";"[""93010000AB0057""]";"383";CL;"1 955";"1 955";"1 955";"1 955";"1";"383";13;SOL;"383";"0";"0";"0";"0";"0";"0";"0";"0";"0";"0";"0";"0";"0";"383";"11";"2";"2";"2";"2";"0";"4";"8";APPARTEMENT;"1";"5";"0";"5";"5";"225";"0";"1";"0";"3";"1";"0";"0";"1";"0";"0";"0";"95";"136";"0";"0";"0";"0";"456";"1";"4";G2;PROPRIETE DIVISEE EN LOT;G2a;G2;99;1;MEME COMMUNE;;"1";"1";"1";"[""ASYCYSG19Q2Y"",""CGNY674PXWA3""]";"2";"166";RNC_AC8206393;AC8206393;2018-07-09 00:00:00.0;2024-03-19 00:00:00.0;NEXITY LAMY 48753009902584;non connu;non connu;93010000AB0057;Copropriété immatriculée;1_1;"1";OUI;"93 010";"93";"200 054 781";Métropole du Grand Paris;"1 955";"1";"11";"5";"456";"225";"0";"5";"4";"3";"0";"1";"0";"0";"0";"0";"1";"0";"0";"2";"2";"1";"0";"0";"3";"3";"3";"1,667";"1";"0";"1";1;-54.00;"0";"0";"1";"1";;non connu;non connu;non connu;non connu;Pas de mandat en cours;2021-03-10 00:00:00.0;95 RUE LOUIS AUGUSTE BLANQUI - MS12953;95 Rue Louis Auguste Blanqui 93140 Bondy;non connu;non connu;non connu;0;2006-11-14 00:00:00.0;non;non;oui;non connu;0;0;0;15;9;9;1;0;0;0;DE_2001_A_2010;93010;000;AB;0057;;;;;;;;;1;non;non connu;non;2022-10-01 00:00:00.0;2023-09-30 00:00:00.0;20/12/2023;21825.0;48590.0;6883.0;0.0;0;7202.0;non;non renseigné;0;0;0;0;0;0;0;3;collectif;non;fioul_domestique;Non renseigné;Non renseigné;non connu;non connu;0;93010_5170_00095;"5";DE_1949_A_1960;V;"0,75";{93010000AB0057};{93010000AB0057A};2_RNIC_FF;ASYCYSG19Q2Y,CGNY674PXWA3;"2";"166";662089.5685493102;6866732.779102815;"662 414,4";"6 866 642,046";"662 089,569";"6 866 732,779";"0";1;0;;"0";"0";0;0;0;0;;0.7142857142857143;"0";"0";0;"0";"0";"0";"0";"0";"0,6";"1";"50";"1";0;0;0;0.000000000000000000000000;0;0;0.09774905914932897820;0;2425.0000000000000000;;0;0;"0";"0,2";"0";1;"0";"0";"1";"0";"0";"0";"0";"0";"0";"0";;"0";0;"0";"0";"1";"0";"0";"1,765";0;3.3333333333333335;0;"5";"1,667";bati;"24";"7";"5";"5";"5";"2";autres;"379,949";"80,023";Autre;E;;;;;;;;autre;;;;
"8 235";93010000AB0090;93010*00818;"[""93010*00818""]";93010;BONDY;93;SIMPLE;"1";"[""93010000AB0090""]";"328";CL;"2 012";"2 012";"2 012";"2 012";"1";"328";13;SOL;"328";"0";"0";"0";"0";"0";"0";"0";"0";"0";"0";"0";"0";"0";"328";"16";"0";"0";"0";"0";"0";"9";"0";DEPENDANCE;"1";"7";"0";"7";"7";"359";"24";"0";"0";"3";"4";"0";"0";"0";"0";"0";"0";"89";"0";"0";"0";"0";"0";"472";"1";"6";G2;PROPRIETE DIVISEE EN LOT;G2a;G2;99;1;MEME COMMUNE;;"1";"1";"1";"[""MXS3C16SR5KD""]";"1";"151";FF_93010000AB0090;;;;;;;93010000AB0090;Copropriété non immatriculée;;"0";;"93 010";"93";"200 054 781";Métropole du Grand Paris;"2 012";"1";"16";"7";"472";"383";"0";"7";"7";"3";"0";"4";"0";"0";"0";"0";"0";"0";"0";"1";"5";"0";"1";"0";"2";"5";"5";"1,4";"0";"0";"3";;;"0";"0";"1";"0";;;;;;;;;37 RUE HENRI ALPY, BONDY;;;;;;;;;;;;;;;;;;;;;;;;;;;;;;;;;;;;;;;;;;;;;;;;;;;;;;;;;;;;;;;;;"7";A_COMPTER_DE_2011;V;"0,429";{93010000AB0090};{93010000AB0090A};2_FF;MXS3C16SR5KD;"1";"151";;;"662 471,175";"6 866 820,313";"662 471,175";"6 866 820,313";"1";;;;"0";"0";;;;;;1;"0";"0";0;"0";"0";"0";"100";"0";"0,286";"0";"0";"0";;;;;;;;;;;;0;"0";"0,429";"1";;"0";"0";"0";"0";"-1";"0";"-1";"0";"0";"0";-1;"0";;"0";"0";"0";"0";"0";"2,727";;1.4285714285714286;0;"0";"1,538";gestion;"14";"5";"0";"4";"4";"1";autres;"324,894";"90,779";Gaz;E;;;;;;;;gaz;E;;;
"8 237";93010000AB0094;93010*00518;"[""93010*00518""]";93010;BONDY;93;SIMPLE;"1";"[""93010000AB0094""]";"331";CL;"1 966";"1 966";"1 966";"1 966";"1";"331";13;SOL;"331";"0";"0";"0";"0";"0";"0";"0";"0";"0";"0";"0";"0";"0";"331";"10";"1";"1";"1";"1";"0";"3";"4";APPARTEMENT;"2";"6";"0";"6";"6";"219";"0";"2";"0";"3";"1";"0";"0";"0";"0";"0";"0";"72";"46";"0";"0";"0";"0";"337";"1";"2";G2;PROPRIETE DIVISEE EN LOT;G2a;G2;99;1;MEME COMMUNE;;"1";"1";"1";"[""PE6GBG6793G9"",""TS9GGDT3SK2X""]";"2";"161";FF_93010000AB0094;;;;;;;93010000AB0094;Copropriété non immatriculée;;"0";;"93 010";"93";"200 054 781";Métropole du Grand Paris;"1 966";"2";"9";"6";"320";"219";"0";"6";"4";"3";"0";"1";"0";"0";"0";"0";"2";"0";"0";"1";"4";"1";"0";"0";"0";"1";"1";"6";"2";"0";"1";;;"0";"0";"3";"0";E;;;;;;;;45 RUE HENRI ALPY, BONDY;;;;;;;;;;;;;;;;;;;;;;;;;;;;;;;;;;;;;;;;;;;;;;;;;;;;;;;;;;;;;;;;;"6";DE_1961_A_1974;V;"0,75";{93010000AB0094};{93010000AB0094A,93010000AB0094B};2_FF;PE6GBG6793G9,TS9GGDT3SK2X;"2";"161";;;"662 483,742";"6 866 854,006";"662 483,742";"6 866 854,006";"1";;;;"0";"0";;;;;;0.8571428571428571;"0";"0";0;"0";"0";"0";"100";"0";"0";"0";"0";"0";;;;;;;;;;;;0;"0";"0,167";"0";;"1";"1";"0";"0";"-1";"0";"-1";"1";"0";"0";-1;"0";;"0";"0";"0";"0";"0";"2,727";;4.285714285714286;3.3333333333333335;"0";"2,857";marche;"15";"5";"0";"4";"4";"2";a surveiller;"331,296";"91,339";Mixte (gaz + élec);E;;;;;;;;mixte;;;;
"8 238";93010000AB0095;93010*00766;"[""93010*00766""]";93010;BONDY;93;SIMPLE;"1";"[""93010000AB0095""]";"331";CL;"1 971";"1 971";"1 971";"1 971";"1";"331";13;SOL;"331";"0";"0";"0";"0";"0";"0";"0";"0";"0";"0";"0";"0";"0";"331";"21";"0";"0";"0";"0";"0";"14";"0";DEPENDANCE;"1";"7";"0";"7";"7";"274";"0";"1";"0";"5";"1";"0";"0";"1";"0";"0";"0";"84";"0";"0";"0";"0";"0";"358";"1";"9";G2;PROPRIETE DIVISEE EN LOT;G2a;G2;99;1;MEME COMMUNE;;"1";"1";"1";"[""Z6ZSC6SXAR9V""]";"1";"98";RNC_AE1727676;AE1727676;2018-12-31 00:00:00.0;non connu;SYNDIC ONE 82091825800014;non connu;non connu;93010000AB0095;Copropriété immatriculée;3_2;"1";OUI;"93 010";"93";"200 054 781";Métropole du Grand Paris;"1 971";"1";"21";"7";"358";"274";"0";"7";"6";"5";"0";"1";"0";"0";"0";"0";"1";"0";"0";"0";"7";"0";"0";"0";"0";"8";"7";"1";"1";"0";"5";4;-13.25;"0";"0";"0";"0";;non connu;non connu;non connu;non connu;Pas de mandat en cours;2022-09-30 00:00:00.0;47 RUE HENRY ALPY;47 r henri alpy 93140 BONDY;non connu;non connu;non connu;0;2011-10-13 00:00:00.0;non;non;oui;non connu;0;0;0;23;8;8;7;0;0;0;DE_2001_A_2010;;;;;;;;;;;;;0;non;non connu;non;2017-01-01 00:00:00.0;2017-12-31 00:00:00.0;15/05/2018;0.0;0.0;0.0;0.0;0;0.0;non;non renseigné;0;0;0;0;0;0;0;1;individuel;non renseigné;non renseigné;Non renseigné;Non renseigné;non connu;non connu;0;ADRNIVX_0000000268259900;"7";DE_1961_A_1974;V;"0,833";{93010000AB0095};{93010000AB0095A};2_RNIC_FF;Z6ZSC6SXAR9V;"1";"98";662505.0339686905;6866855.731151986;"662 486,158";"6 866 862,759";"662 505,034";"6 866 855,731";"0";1;1;;"0";"0";0;0;0;0;;1;"0";"0";0;"0";"0";"0";"40";"1";"0";"0";"13";"0";0;0;0;;;0;;;;0.00000000000000000000;0;0;"0";"0,714";"1";0;"0";"0";"0";"0";"-1";"0";"-1";"1";"0";"0";-1;"0";0;"0";"0";"0";"0";"0";"4,211";0;1.1111111111111112;3.3333333333333335;"0";"2,683";gestion;"21";"8";"3";"5";"4";"1";a surveiller;"331,265";"91,702";Electricité;G;;;;;;;;electricite;;;;
"8 244";93010000AB0101;93010*00621;"[""93010*00621""]";93010;BONDY;93;PDLMP;"2";"[""93010000AB0101"",""93010000AB0102""]";"1 115";CL;"1 994";"1 994";"1 994";"1 994";"2";"1 115";13;SOL;"1 115";"0";"0";"0";"0";"0";"0";"0";"0";"0";"0";"0";"0";"0";"1 115";"33";"0";"0";"0";"0";"0";"22";"0";DEPENDANCE;"2";"11";"0";"11";"11";"694";"38";"1";"0";"4";"6";"0";"0";"0";"0";"0";"0";"194";"0";"0";"0";"0";"0";"926";"2";"12";F7 G2;INVESTISSEUR PROFESSIONNEL ET PROPRIETE DIVISEE EN LOT;F7b G2a;G2;F7;1;MEME COMMUNE;;"2";"2";"2";"[""QVYB7K56WDF3"",""YVZEZE1RCF8Q""]";"2";"322";RNC_AD2393767;AD2393767;2018-09-04 00:00:00.0;2024-02-27 00:00:00.0;MME Michèle FONTAINE FAURE;non;non;93010000AB0101;Copropriété immatriculée;1_1;"1";OUI;"93 010";"93";"200 054 781";Métropole du Grand Paris;"1 994";"2";"33";"11";"926";"732";"0";"11";"10";"4";"0";"6";"0";"0";"0";"0";"1";"0";"0";"0";"3";"6";"2";"0";"1";"11";"11";"1";"2";"0";"3";3;-6.00;"0";"0";"2";"0";;bénévole;MME Michèle FONTAINE FAURE;non connu;BONDY;Mandat en cours;2025-02-23 00:00:00.0;LES TERRASSES DE LA MAIRIE;83 r louis auguste blanqui 93140 Bondy;85 r louis auguste blanqui 93140 Bondy;non connu;non connu;1;1994-09-30 00:00:00.0;non;oui;oui;non connu;0;0;0;33;11;11;11;0;0;0;DE_1994_A_2000;93010;000;AB;0101;93010;000;AB;0102;;;;;2;non;non connu;non;2023-01-01 00:00:00.0;2023-12-31 00:00:00.0;23/02/2024;13972.0;9000.0;950.0;99.0;0;3860.0;non;1994;0;0;0;0;0;0;0;1;individuel;non renseigné;non renseigné;Non;Sans objet;10;94.0;0;ADRNIVX_0000000268263269;"11";DE_1994_A_2000;V;"0,4";{93010000AB0101,93010000AB0102};{93010000AB010101,93010000AB0101A};2_RNIC_FF;QVYB7K56WDF3,YVZEZE1RCF8Q;"2";"322";662313.6049823601;6866651.8070728155;"662 316,893";"6 866 666,701";"662 313,605";"6 866 651,807";"0";0;0;0;"0";"0";0;0;0;0;0;1;"0";"0";0;"0";"0";"0";"67";"0";"0,091";"0";"11";"0";0;0;0;0.00430959428869928609;0;0;0.04135469266933658367;0;;1270.1818181818181818;0;0;"0";"0,273";"0";0;"0";"0";"0";"0";"-1";"0";"-1";"0";"0";"0";-1;"0";0;"0";"0";"0";"0";"0";"0";0;0;0;"0";"0";mixte;"25";"9";"5";"5";"4";"2";autres;"1 110,67";"133,664";Electricité;E;;;;;;;;electricite;;;;
"8 246";93010000AB0120;93010*00632;"[""93010*00632""]";93010;BONDY;93;SIMPLE;"1";"[""93010000AB0120""]";"355";CL;"1 964";"1 964";"1 964";"1 964";"1";"355";13;SOL;"355";"0";"0";"0";"0";"0";"0";"0";"0";"0";"0";"0";"0";"0";"355";"8";"1";"1";"1";"1";"0";"3";"4";APPARTEMENT;"1";"4";"0";"4";"4";"136";"0";"1";"0";"1";"2";"0";"0";"1";"1";"0";"0";"87";"82";"0";"98";"0";"0";"305";"1";"6";G2;PROPRIETE DIVISEE EN LOT;G2a;G2;99;1;MEME COMMUNE;;"1";"1";"1";"[""Y5B1JVPP67VB""]";"1";"144";RNC_AG6940266;AG6940266;2021-03-01 00:00:00.0;2021-07-09 00:00:00.0;LOGIM IDF 83517005100022;non connu;non connu;93010000AB0120;Copropriété immatriculée;3_2;"1";OUI;"93 010";"93";"200 054 781";Métropole du Grand Paris;"1 964";"1";"8";"4";"305";"136";"0";"4";"3";"1";"0";"2";"0";"0";"0";"0";"1";"1";"1";"2";"2";"0";"0";"0";"1";"5";"4";"1";"1";"1";"0";0;;"0";"0";"1";"0";;non connu;non connu;non connu;non connu;Pas de mandat en cours;2022-12-22 00:00:00.0;SDC 2 RUE CHARLES FERDINAND;87 r louis auguste blanqui 93140 Bondy;2 r charles ferdinand 93140 Bondy;non connu;non connu;1;1997-12-15 00:00:00.0;non;non;oui;non connu;0;0;0;7;5;4;1;0;0;0;DE_1961_A_1974;;;;;;;;;;;;;0;non;non connu;non;2020-01-01 00:00:00.0;2020-12-31 00:00:00.0;23/06/2021;4966.0;0.0;0.0;1201.0;1;0.0;non;1967;1;1;0;0;0;0;0;0;individuel;non renseigné;non renseigné;Non renseigné;Non renseigné;non connu;non connu;0;ADRNIVX_0000000268263262;"4";DE_1961_A_1974;V;"0,333";{93010000AB0120};{93010000AB0120A};2_RNIC_FF;Y5B1JVPP67VB;"1";"144";662358.9895144221;6866640.836440464;"662 365,608";"6 866 653,671";"662 358,99";"6 866 640,836";"0";1;1;;"0";"0";0;0;0;0;;0.8;"0";"0";0;"0";"0";"0";"100";"0";"0,25";"0";"0";"0";0.2;0;0;0.24184454289166331051;0;0;0.00000000000000000000;0;;993.2000000000000000;0;0.25;"1";"0";"0";;"0";"0";"0";"0";"-1";"-1";"-1";"-1";"0";"0";-1;"-1";0;"-1";"0";"0";"0";"0";"3,158";0;2.857142857142857;0;"0";"1,667";gestion;"24";"8";"5";"4";"5";"2";autres;"355,083";"76,902";N/A;G;;;;;;;; ;;;;
"8 257";93010000AC0009;93010*00785;"[""93010*00785""]";93010;BONDY;93;PDLMP;"2";"[""93010000AC0009"",""93010000AC0010""]";"1 073";CL;"2 015";"2 015";"2 015";"2 015";"2";"1 073";13;SOL;"1 073";"0";"0";"0";"0";"0";"0";"0";"0";"0";"0";"0";"0";"0";"1 073";"86";"0";"0";"0";"0";"0";"37";"0";APPARTEMENT;"1";"49";"0";"49";"49";"2 669";"448";"4";"0";"13";"31";"1";"0";"1";"0";"0";"0";"389";"0";"0";"0";"0";"0";"3 506";"2";"50";G2;PROPRIETE DIVISEE EN LOT;G2a;G2;99;1;MEME COMMUNE;;"2";"2";"2";"[""Y22BA8G11A7H""]";"1";"690";RNC_AF1435528;AF1435528;2019-05-09 00:00:00.0;2021-03-16 00:00:00.0;UNITIA 82293322200025;non connu;non connu;93010000AC0009;Plusieurs copropriétés immatriculées;1_1;"2";OUI;"93 010";"93";"200 054 781";Métropole du Grand Paris;"2 015";"1";"86";"49";"3 506";"3 117";"0";"49";"45";"13";"0";"31";"1";"0";"0";"0";"4";"0";"0";"7";"20";"14";"6";"2";"0";"49";"49";"1";"4";"0";"9";16;-5.75;"0";"0";"18";"0";;non connu;non connu;non connu;non connu;Pas de mandat en cours;2023-09-29 00:00:00.0;O' COEUR 41/45  AVENUE CARNOT;0' COEUR 41/45 AVENUE CARNOT 93140 BONDY;non connu;non connu;non connu;0;2014-06-19 00:00:00.0;non;non;oui;non connu;0;0;0;86;49;49;28;0;0;0;A_COMPTER_DE_2011;93010;000;AC;0010;;;;;;;;;1;non;non connu;non;2019-01-01 00:00:00.0;2019-12-31 00:00:00.0;30/09/2020;105943.0;3080.0;14307.0;50304.0;28;0.0;non;2014;0;0;0;0;0;0;0;2;collectif;non;gaz_naturel;Non renseigné;Non renseigné;non connu;non connu;1;non connu;"49";A_COMPTER_DE_2011;V;"0,289";{93010000AC0009,93010000AC0010};{93010000AC0009A};2_RNIC;Y22BA8G11A7H;"1";"690";662036.1491803734;6866859.899224188;"662 036,086";"6 866 859,661";"662 036,149";"6 866 859,899";"0";0;1;;"0";"0";0;0;0;0;;1;"0";"0";0;"0";"0";"0";"15";"0";"0";"0";"2";"0";0.5714285714285714;1;0;0.46140722599818386946;1;0;0.13122919017088137366;0;2121.2857142857142857;;0;0;"0";"0,184";"0";;"0";"0";"0";"0";"-1";"0";"-1";"0";"0";"0";;"0";0;"0";"0";"0";"0";"0";"2,5";4;0;0;"0";"2,414";finan;"14";"5";"5";"1";"1";"2";autres;"1 071,006";"133,367";Gaz;C;;;;;;;;gaz;C;;;
"8 258";93010000AC0009;93010*00785;"[""93010*00785""]";93010;BONDY;93;PDLMP;"2";"[""93010000AC0009"",""93010000AC0010""]";"1 073";CL;"2 015";"2 015";"2 015";"2 015";"2";"1 073";13;SOL;"1 073";"0";"0";"0";"0";"0";"0";"0";"0";"0";"0";"0";"0";"0";"1 073";"86";"0";"0";"0";"0";"0";"37";"0";APPARTEMENT;"1";"49";"0";"49";"49";"2 669";"448";"4";"0";"13";"31";"1";"0";"1";"0";"0";"0";"389";"0";"0";"0";"0";"0";"3 506";"2";"50";G2;PROPRIETE DIVISEE EN LOT;G2a;G2;99;1;MEME COMMUNE;;"2";"2";"2";"[""Y22BA8G11A7H""]";"1";"690";RNC_AE1454172;AE1454172;2018-12-21 00:00:00.0;2022-07-20 00:00:00.0;UNITIA 82293322200025;non;non;93010000AC0009;Plusieurs copropriétés immatriculées;1_1;"2";OUI;"93 010";"93";"200 054 781";Métropole du Grand Paris;"2 015";"1";"86";"49";"3 506";"3 117";"0";"49";"45";"13";"0";"31";"1";"0";"0";"0";"4";"0";"0";"7";"20";"14";"6";"2";"0";"49";"49";"1";"4";"0";"9";16;-5.75;"0";"0";"18";"0";;professionnel;UNITIA 82293322200025;6832A;MONTREUIL;Mandat en cours;2025-09-30 00:00:00.0;RESIDENCE O'COEUR;41 av carnot 93140 Bondy;45 av carnot 93140 Bondy;non connu;non connu;1;2014-05-19 00:00:00.0;non;non;oui;non connu;0;0;0;86;49;49;26;0;0;0;A_COMPTER_DE_2011;93010;000;AC;0009;93010;000;AC;0010;;;;;2;non;non connu;non;2021-01-01 00:00:00.0;2021-12-31 00:00:00.0;29/06/2022;94835.0;0.0;19533.0;29994.0;9;5009.0;non;2014;0;0;0;0;0;0;0;2;collectif;non;gaz_naturel;Non renseigné;Non renseigné;non connu;non connu;1;ADRNIVX_0000000358920758;"49";A_COMPTER_DE_2011;V;"0,289";{93010000AC0009,93010000AC0010};{93010000AC0009A};2_RNIC;Y22BA8G11A7H;"1";"690";662014.575172989;6866845.695713416;"662 030,08";"6 866 841,023";"662 014,575";"6 866 845,696";"0";0;1;0;"0";"0";0;0;0;0;0;1;"0";"0";0;"0";"0";"0";"15";"0";"0";"0";"2";"0";0.1836734693877551;0;0;0.31627563663204513102;1;0;0.20596826066325723625;0;1894.5918367346938776;;0;0;"0";"0,184";"0";;"0";"0";"0";"0";"-1";"0";"-1";"0";"0";"0";;"0";0;"0";"0";"0";"0";"0";"2,143";3;0;0;"0";"1,935";finan;"15";"6";"5";"1";"1";"2";autres;"1 071,006";"133,367";Gaz;C;;;;;;;;gaz;C;C, C, C, C;;
"8 271";93010000AC0027;93010*00788;"[""93010*00788""]";93010;BONDY;93;SIMPLE;"1";"[""93010000AC0027""]";"355";CL;"2 010";"2 010";"2 010";"2 010";"1";"355";13;SOL;"355";"0";"0";"0";"0";"0";"0";"0";"0";"0";"0";"0";"0";"0";"355";"7";"0";"0";"0";"0";"0";"2";"0";APPARTEMENT;"1";"5";"0";"5";"5";"222";"0";"0";"0";"3";"2";"0";"0";"0";"0";"0";"0";"40";"0";"0";"0";"0";"0";"262";"1";"6";G2;PROPRIETE DIVISEE EN LOT;G2a;G2;99;1;MEME COMMUNE;;"1";"1";"1";"[""2HB72SWE3HZ2"",""YRC7FQ1CKS57""]";"2";"128";RNC_AG6981260;AG6981260;2021-03-04 00:00:00.0;2021-03-03 00:00:00.0;MME Manuele ROBERT;non connu;non connu;93010000AC0027;Copropriété immatriculée;1_1;"1";OUI;"93 010";"93";"200 054 781";Métropole du Grand Paris;"2 010";"1";"7";"5";"262";"222";"0";"5";"5";"3";"0";"2";"0";"0";"0";"0";"0";"0";"0";"0";"3";"2";"0";"0";"0";"5";"5";"1";"0";"0";"3";3;-22.33;"0";"0";"0";"0";;non connu;non connu;non connu;non connu;Pas de mandat en cours;2022-03-03 00:00:00.0;Résidence des arts;14 av henri barbusse 93140 Bondy;non connu;non connu;non connu;0;2014-10-07 00:00:00.0;non;oui;oui;non connu;0;0;0;7;7;7;0;0;0;0;AVANT_1949;93010;000;AC;0027;;;;;;;;;1;non;non connu;oui;2021-01-01 00:00:00.0;2021-12-31 00:00:00.0;non connu;;;;;;;non renseigné;non renseigné;0;0;0;0;0;1;1;0;individuel;non renseigné;non renseigné;Non renseigné;Non renseigné;non connu;non connu;0;ADRNIVX_0000000268257445;"5";DE_2001_A_2010;V;"0,6";{93010000AC0027};{93010000AC0027A};2_RNIC_FF;2HB72SWE3HZ2,YRC7FQ1CKS57;"2";"128";662094.6141489485;6867021.870889146;"662 091,846";"6 867 011,429";"662 094,614";"6 867 021,871";"0";1;1;;"0";"0";0;0;0;0;;1;"0";"0";0;"0";"0";"0";"67";"0";"0";"0";"20";"0";;;;;;;;;;;;0;"0";"0,6";"1";1;"0";"0";"0";"0";"0";"0";"0";"0";"0";"0";;"0";0;"0";"0";"0";"0";"0";"3,158";;3.3333333333333335;0;"0";"2,368";marche;"19";"8";"0";"5";"5";"1";autres;"357,569";"78,772";Electricité;D;;;;;;;;electricite;;;;
"8 276";93010000AC0046;93010*00181;"[""93010*00181""]";93010;BONDY;93;SIMPLE;"1";"[""93010000AC0046""]";"3 381";CL;"0";"0";"0";"0";"1";"3 381";13;SOL;"3 381";"0";"0";"0";"0";"0";"0";"0";"0";"0";"0";"0";"0";"0";"3 381";"121";"0";"0";"0";"0";"0";"81";"0";DEPENDANCE;"2";"40";"0";"40";"40";"2 326";"0";"4";"0";"13";"23";"0";"0";"0";"0";"0";"0";"818";"0";"0";"0";"0";"0";"3 144";"1";"52";G2;PROPRIETE DIVISEE EN LOT;G2a;G2;99;3;MEME REGION;;"1";"1";"1";"[""FZQHR69MQEVM"",""N3Z25F6VMS9B"",""Y87RSY17CVR1""]";"3";"993";RNC_AA3647450;AA3647450;2017-05-04 00:00:00.0;2024-04-19 00:00:00.0;ATM SARL 34863116900045;non;non;93010000AC0046;Copropriété immatriculée;3_2;"1";OUI;"93 010";"93";"200 054 781";Métropole du Grand Paris;"0";"2";"120";"40";"3 019";"2 326";"0";"40";"34";"13";"0";"21";"0";"2";"0";"0";"4";"0";"0";"0";"14";"12";"14";"0";"1";"51";"40";"1";"4";"0";"12";0;;"0";"0";"7";"2";;professionnel;ATM SARL 34863116900045;6832A;BONDY;Mandat en cours;2025-10-01 00:00:00.0;SDC 55 BLANQUI;55 Rue Louis Auguste Blanqui 93140 Bondy;non connu;non connu;non connu;0;1964-07-16 00:00:00.0;non;non;oui;;0;0;0;121;40;40;40;0;0;0;DE_1961_A_1974;;;;;;;;;;;;;0;non;non connu;non;2023-01-01 00:00:00.0;2023-12-31 00:00:00.0;02/04/2024;165752.0;0.0;42693.0;100728.0;22;33025.0;non;non renseigné;0;0;0;0;0;0;0;3;collectif;non;gaz_naturel;Non renseigné;Non renseigné;20;81.0;2;93010_5170_00055;"40";DE_1961_A_1974;V;"0,382";{93010000AC0046};{93010000AC004601,93010000AC0046A};2_RNIC_FF;FZQHR69MQEVM,N3Z25F6VMS9B,Y87RSY17CVR1;"3";"993";662155.5204785954;6866694.316588926;"662 184,017";"6 866 714,147";"662 155,52";"6 866 694,317";"0";0;0;0;"0";"0";0;0;0;0;0;1;"0";"0";0;"0";"12";"0";"54";"0";"0,025";"0";"0";"0";0.43137254901960786;1;;0.60770307447270621169;1;;0.25757155268111395338;0;4043.8000000000000000;;1;0;"0";"0,3";"0";;"0";"0";"1";"0";"-1";"0";"-1";"0";"9";"0";0.14705882352941177;"0";0;"0";"0";"0";"0";"0";"0";7.142857142857143;1.4285714285714286;0;"0";"1,333";finan;"23";"9";"4";"4";"4";"2";autres;"3 391,396";"233,684";Gaz;F;oui;25/03/2021;;;;;;gaz;F;;;
"8 278";93010000AD0002;93010*00782;"[""93010*00782""]";93010;BONDY;93;SIMPLE;"1";"[""93010000AD0002""]";"833";CL;"1 965";"1 970";"1 965";"1 965";"1";"833";13;SOL;"833";"0";"0";"0";"0";"0";"0";"0";"0";"0";"0";"0";"0";"0";"833";"59";"0";"0";"0";"0";"0";"37";"0";DEPENDANCE;"2";"22";"0";"22";"22";"1 173";"0";"2";"0";"7";"11";"0";"1";"1";"1";"0";"0";"313";"0";"0";"0";"0";"0";"1 486";"1";"23";G2 M1;PROPRIETE DIVISEE EN LOT ET PERSONNE MORALE AUTRE;G2a M1a;G2;M1;2;MEME DEPARTEMENT;;"1";"1";"1";"[""QD77AM56RTDV"",""QK3AP9GWEZZS""]";"2";"341";RNC_AB0245399;AB0245399;2017-08-31 00:00:00.0;2024-08-05 00:00:00.0;ANIC DIOT ET COMPAGNIE 57820239200010;non;non;93010000AD0002;Copropriété immatriculée;1_1;"1";OUI;"93 010";"93";"200 054 781";Métropole du Grand Paris;"1 965";"2";"58";"22";"1 440";"1 173";"0";"22";"18";"7";"0";"11";"0";"0";"1";"1";"2";"1";"1";"2";"18";"1";"0";"0";"1";"22";"21";"1,048";"4";"2";"5";5;-13.00;"0";"0";"4";"1";;professionnel;ANIC DIOT ET COMPAGNIE 57820239200010;6832A;GAGNY;Mandat en cours;2026-06-30 00:00:00.0;SDC 25 ROGER SALENGRO;25 r roger salengro 93140 Bondy;non connu;non connu;non connu;0;1964-09-16 00:00:00.0;non;non;oui;non connu;0;0;0;57;20;20;16;0;0;0;NON_CONNUE;93010;000;AD;0002;;;;;;;;;1;non;non connu;non;2023-01-01 00:00:00.0;2023-12-31 00:00:00.0;12/06/2024;56078.0;0.0;5182.0;1776.0;2;1649.0;non;non renseigné;0;0;0;0;0;0;0;1;collectif;non;gaz_naturel;Non;Sans objet;12;90.0;1;non connu;"22";DE_1961_A_1974;V;"0,389";{93010000AD0002};{93010000AD000201,93010000AD0002A};2_RNIC_FF;QD77AM56RTDV,QK3AP9GWEZZS;"2";"341";661781.9879860762;6866862.350059621;"661 804,735";"6 866 860,266";"661 781,988";"6 866 862,35";"0";0;0;0;"0";"0";0;0;0;0;0;1;"0";"0";0;"0";"5";"0";"71";"0";"0,045";"0";"14";"0";0.09090909090909091;0;1;0.03167017368665073647;0;0;0.09240700452940547095;0;2703.9000000000000000;;0;0.045454545454545456;"0";"0,227";"0";0;"0";"0";"0";"0";"-1";"0";"-1";"1";"0";"0";-1;"0";0;"0";"0";"0";"0";"0";"0";0;0;2.5;"0";"0,385";occup;"26";"9";"5";"5";"5";"2";autres;"831,879";"128,246";Gaz;E;oui;09/04/2024;;;;;;gaz;E;;;
"8 283";93010000AD0019;93010*00663;"[""93010*00663""]";93010;BONDY;93;PDLMP;"3";"[""93010000AD0019"",""93010000AD0135"",""93010000AD0137""]";"1 073";CLV;"2 002";"2 002";"2 002";"2 002";"3";"1 073";13;SOL;"1 073";"0";"0";"0";"0";"0";"0";"0";"0";"0";"0";"0";"0";"0";"1 073";"117";"3";"3";"3";"3";"0";"65";"12";DEPENDANCE;"3";"49";"0";"49";"49";"2 616";"208";"4";"0";"14";"31";"0";"0";"2";"1";"0";"0";"562";"393";"69";"0";"0";"0";"3 848";"3";"53";G2;PROPRIETE DIVISEE EN LOT;G2a;G2;99;1;MEME COMMUNE;;"3";"3";"3";"[""C47JC1X89DWC"",""KPPABT622FYK"",""ZJG1D3GSMBKA""]";"3";"829";RNC_AC1677426;AC1677426;2018-02-22 00:00:00.0;2024-07-04 00:00:00.0;CABINET IMMOBILIER RIVET-LENOBLE 40926757200017;non;non;93010000AD0019;Copropriété immatriculée;3_2;"1";OUI;"93 010";"93";"200 054 781";Métropole du Grand Paris;"2 002";"3";"117";"49";"3 848";"2 824";"0";"49";"44";"14";"0";"30";"0";"1";"0";"0";"4";"1";"1";"4";"19";"17";"9";"0";"4";"52";"49";"1";"4";"0";"12";11;2.64;"0";"0";"7";"0";;professionnel;CABINET IMMOBILIER RIVET-LENOBLE 40926757200017;6831Z;LIVRY GARGAN;Mandat en cours;2026-06-30 00:00:00.0;LES FLORIANES II;2 crs de la republique 93140 Bondy;1 /3  RUE ROGER SALENGRO - BATIMENT B 93140 BONDY;2 COURS DE LA REPUBLIQUE - BATIMENT C 93140 BONDY;3 RUE ROGER SALENGRO/2 COURS DE LA REPUB - BATIMENT INFRA STRUCTURE 93140 BONDY;3;2001-07-17 00:00:00.0;non;non;oui;non connu;0;0;0;119;49;49;42;0;0;0;DE_2001_A_2010;;;;;;;;;;;;;0;non;non connu;non;2023-01-01 00:00:00.0;2023-12-31 00:00:00.0;17/04/2024;94605.0;0.0;20451.0;26658.0;5;15259.0;non;non renseigné;0;0;0;0;0;0;0;1;individuel;non renseigné;non renseigné;Non;Sans objet;15;90.0;2;ADRNIVX_0000000268255492;"49";DE_2001_A_2010;V;"0,318";{93010000AD0019,93010000AD0135,93010000AD0137};{93010000AD0019A,93010000AD0019B,93010000AD0019C};2_RNIC_FF;C47JC1X89DWC,KPPABT622FYK,ZJG1D3GSMBKA;"3";"829";661907.0003328301;6867087.154856046;"661 897,265";"6 867 089,32";"661 907";"6 867 087,155";"0";0;0;0;"0";"0";0;0;0;0;0;0.9423076923076923;"0";"0";0;"0";"7";"0";"33";"1";"0,082";"0";"4";"0";0.09615384615384616;0;0;0.28178214682099254796;1;0;0.21617250673854447439;0;;1849.0816326530612245;1;0.02040816326530612;"0";"0,245";"0";0;"0";"0";"0";"0";"-1";"0";"-1";"0";"7";"0";0.11363636363636363;"0";0;"0";"0";"0";"0";"0";"0,952";4;0;0;"0";"1,2";finan;"25";"9";"5";"5";"4";"2";autres;"1 071,35";"135,903";Mixte (gaz + élec);D;;;;;;;;mixte;D;;;
"8 285";93010000AD0055;93010*00452;"[""93010*00452""]";93010;BONDY;93;SIMPLE;"1";"[""93010000AD0055""]";"1 258";CL;"1 990";"1 990";"1 990";"1 990";"1";"1 258";13;SOL;"1 258";"0";"0";"0";"0";"0";"0";"0";"0";"0";"0";"0";"0";"0";"1 258";"82";"0";"0";"0";"0";"0";"59";"0";DEPENDANCE;"3";"23";"0";"23";"23";"1 112";"0";"4";"1";"8";"10";"0";"0";"1";"0";"0";"0";"520";"0";"0";"0";"0";"0";"1 632";"1";"35";G2;PROPRIETE DIVISEE EN LOT;G2a;G2;99;1;MEME COMMUNE;;"1";"1";"1";"[""HPHNYNSHFBJM"",""T3TMHSKN2Q17"",""YGRNQZ2XXWR3""]";"3";"629";RNC_AB4276333;AB4276333;2017-11-10 00:00:00.0;2023-12-01 00:00:00.0;ATM SARL 34863116900045;non;non;93010000AD0055;Copropriété immatriculée;3_2;"1";OUI;"93 010";"93";"200 054 781";Métropole du Grand Paris;"1 990";"3";"82";"23";"1 632";"1 112";"0";"23";"18";"8";"0";"10";"0";"0";"1";"0";"4";"0";"0";"7";"11";"5";"0";"0";"2";"34";"22";"1,045";"4";"0";"13";11;-16.09;"0";"0";"7";"0";;professionnel;ATM SARL 34863116900045;6832A;BONDY;Mandat en cours;2024-11-29 00:00:00.0;SDC RESIDENCE ANDRE MALRAUX;31 crs de la republique 93140 Bondy;non connu;non connu;non connu;0;1985-07-02 00:00:00.0;non;non;oui;;0;0;0;82;23;23;36;0;0;0;DE_1975_A_1993;;;;;;;;;;;;;0;non;non connu;non;2022-04-01 00:00:00.0;2023-03-31 00:00:00.0;06/11/2023;39745.0;0.0;7069.0;4330.0;3;3999.0;oui;non renseigné;0;0;0;0;0;0;0;3;individuel;non renseigné;non renseigné;Non renseigné;Non renseigné;non connu;non connu;1;ADRNIVX_0000000268258383;"23";DE_1975_A_1993;V;"0,444";{93010000AD0055};{93010000AD005501,93010000AD005502,93010000AD0055A};2_RNIC_FF;HPHNYNSHFBJM,T3TMHSKN2Q17,YGRNQZ2XXWR3;"3";"629";661875.3333226608;6866931.7917327;"661 912,037";"6 866 920,602";"661 875,333";"6 866 931,792";"0";0;0;0;"0";"0";0;0;0;0;0;1;"0";"0";0;"0";"25";"0";"57";"0";"0,087";"0";"6";"0";0.08823529411764706;0;0;0.10894452132343691030;0;0;0.17785885016983268336;0;;-98.0434782608695652;0;0;"0";"0,565";"1";0;"0";"0";"0";"0";"-1";"0";"-1";"1";"22";"0";-1;"0";0;"0";"0";"0";"0";"0";"0";0;1.1111111111111112;2.5;"0";"0,577";occup;"26";"9";"5";"5";"5";"2";autres;"1 261,537";"183,046";Gaz;D;;;;;;;;gaz;D;;;
"8 290";93010000AD0060;93010*00816;"[""93010*00816""]";93010;BONDY;93;PDLMP;"2";"[""93010000AD0060"",""93010000AD0088""]";"1 491";CLV;"2 019";"2 019";"2 019";"2 019";"2";"1 491";13;SOL;"1 491";"0";"0";"0";"0";"0";"0";"0";"0";"0";"0";"743";"0";"0";"748";"54";"0";"0";"0";"0";"0";"20";"0";APPARTEMENT;"2";"34";"0";"34";"34";"2 332";"254";"10";"0";"8";"16";"0";"0";"0";"0";"0";"13";"255";"0";"0";"0";"0";"0";"2 841";"2";"24";G2;PROPRIETE DIVISEE EN LOT;G2a;G2;99;1;MEME COMMUNE;;"2";"2";"2";"[""GBTEX7TQ8KSA"",""WPZA3HS6GQYW""]";"2";"884";RNC_AD5070040;AD5070040;2018-10-15 00:00:00.0;2023-12-01 00:00:00.0;ATM SARL 34863116900045;non;non;93010000AD0060;Copropriété immatriculée;3_2;"1";OUI;"93 010";"93";"200 054 781";Métropole du Grand Paris;"2 019";"2";"54";"34";"2 841";"2 586";"0";"34";"21";"5";"3";"13";"0";"3";"0";"0";"10";"0";"0";"2";"7";"13";"11";"1";"0";"23";"22";"1,545";"10";"0";"1";1;-28.00;"0";"0";"3";"1";;professionnel;ATM SARL 34863116900045;6832A;BONDY;Mandat en cours;2024-12-31 00:00:00.0;SDC 35/37 COURS REPUBLIQUE;35 crs de la republique 93140 Bondy;37 crs de la republique 93140 Bondy;non connu;non connu;1;2018-02-08 00:00:00.0;non;non;oui;;0;0;0;34;21;21;13;0;0;0;A_COMPTER_DE_2011;;;;;;;;;;;;;0;non;non connu;non;2022-07-01 00:00:00.0;2023-06-30 00:00:00.0;16/11/2023;44917.0;0.0;3904.0;10247.0;5;0.0;non;non renseigné;0;0;0;0;0;0;0;1;collectif;non;energie_autre;Non renseigné;Non renseigné;11;90.0;0;ADRNIVX_0000000268259169;"34";A_COMPTER_DE_2011;V;"0,381";{93010000AD0060,93010000AD0088};{93010000AD0060A,93010000AD0060B};2_RNIC_FF;GBTEX7TQ8KSA,WPZA3HS6GQYW;"2";"884";661871.579968831;6866918.472222525;"661 915,986";"6 866 905,119";"661 871,58";"6 866 918,472";"0";0;0;0;"0";"0";0;0;0;0;0;1;"0";"0";0.08823529411764706;"0";"0";"0";"40";"1";"0";"0";"24";"0";0.21739130434782608;0;1;0.22813188770398735445;0;0;0.08691586704365830309;0;2138.9047619047619048;;0;0;"0";"0,029";"0";1;"0";"0";"0";"0";"-1";"0";"-1";"0";"0";"0";-1;"0";0;"0";"0";"0";"0";"0";"0,952";0;2.2222222222222223;0;"0";"0,769";marche;"26";"9";"5";"5";"5";"2";autres;"1 479,251";"188,26";Gaz;C;;;;;;;;gaz;C;;;
"8 291";93010000AD0061;93010*00763;"[""93010*00763""]";93010;BONDY;93;PDLMP;"2";"[""93010000AD0061"",""93010000AD0091""]";"1 444";CL;"1 970";"1 970";"1 970";"1 970";"2";"1 444";13;SOL;"1 444";"0";"0";"0";"0";"0";"0";"0";"0";"0";"0";"0";"0";"0";"1 444";"90";"0";"0";"0";"0";"0";"62";"0";DEPENDANCE;"3";"28";"0";"28";"28";"1 534";"0";"5";"0";"12";"11";"0";"0";"1";"0";"0";"0";"531";"0";"0";"0";"0";"0";"2 065";"2";"38";F7 G2 M1;DROITS DE PROPRIETE COMPLEXES;F7b G2a M1a;G2;F7 M1;3;MEME REGION;;"2";"2";"2";"[""3RMG9ERT58P8"",""ET8MNT4C3XZG"",""MBDNYENAK24V""]";"3";"639";RNC_AB2658359;AB2658359;2017-10-13 00:00:00.0;2024-06-18 00:00:00.0;ATM SARL 34863116900045;non connu;non connu;93010000AD0061;Copropriété immatriculée;2;"1";OUI;"93 010";"93";"200 054 781";Métropole du Grand Paris;"1 970";"3";"89";"28";"2 026";"1 534";"0";"28";"21";"12";"0";"9";"0";"2";"0";"0";"5";"1";"0";"0";"20";"7";"0";"1";"2";"37";"28";"1";"5";"0";"11";9;-16.00;"0";"0";"9";"1";;non connu;non connu;non connu;non connu;Pas de mandat en cours;2024-06-30 00:00:00.0;SDC LE PRESIDENT;41 Avenue de la République 93140 Bondy;non connu;non connu;non connu;0;1970-03-14 00:00:00.0;non;non;oui;;0;0;0;89;28;26;33;0;0;0;DE_1961_A_1974;;;;;;;;;;;;;0;non;non connu;non;2023-01-01 00:00:00.0;2023-12-31 00:00:00.0;16/05/2024;80200.0;9964.0;6482.0;8800.0;7;14228.0;non;non renseigné;0;0;0;0;0;0;0;3;collectif;non;gaz_naturel;Non renseigné;Non renseigné;12;90.0;1;93010_8160_00041;"28";DE_1961_A_1974;V;"0,571";{93010000AD0061,93010000AD0091};{93010000AD006101,93010000AD006102,93010000AD0061A};2_RNIC_FF;3RMG9ERT58P8,ET8MNT4C3XZG,MBDNYENAK24V;"3";"639";661870.2840324871;6866888.678647407;"661 900,322";"6 866 879,077";"661 870,284";"6 866 888,679";"0";0;0;;"0";"0";0;0;0;0;;1;"0";"0";0;"0";"13";"0";"45";"1";"0,107";"0";"9";"0";0.1891891891891892;0;1;0.09759992901823344128;0;1;0.07189122044274876891;0;2792.8571428571428571;;0;0;"0";"0,393";"0";0;"0";"0";"0";"0";"-1";"0";"-1";"0";"9";"0";-1;"0";0;"0";"0";"0";"0";"0";"1,053";3;0;0;"0";"1";finan;"25";"8";"5";"5";"5";"2";autres;"1 460,698";"188,068";Gaz;F;;;;;;;;gaz;F;;;
"8 292";93010000AD0062;93010*00030;"[""93010*00030""]";93010;BONDY;93;SIMPLE;"1";"[""93010000AD0062""]";"1 427";CL;"1 968";"1 968";"1 968";"1 968";"1";"81";13;SOL;"81";"0";"0";"0";"0";"0";"0";"0";"0";"0";"0";"0";"0";"0";"81";"78";"4";"3";"4";"4";"0";"50";"16";DEPENDANCE;"3";"24";"0";"24";"24";"1 185";"4";"7";"0";"9";"8";"0";"0";"3";"1";"0";"0";"446";"190";"0";"0";"13";"50";"1 888";"1";"26";G2;PROPRIETE DIVISEE EN LOT;G2a;G2;99;1;MEME COMMUNE;;"1";"1";"1";"[""JCY9YYEMFJB2"",""KHJAPDNZQ3F9"",""XVDR883WCQA4""]";"3";"639";RNC_AE2537405;AE2537405;2019-01-16 00:00:00.0;2024-03-12 00:00:00.0;ATM SARL 34863116900045;non;non;93010000AD0062;Copropriété immatriculée;3_2;"1";OUI;"93 010";"93";"200 054 781";Métropole du Grand Paris;"1 968";"3";"77";"24";"1 860";"1 189";"0";"24";"17";"9";"0";"8";"0";"0";"0";"0";"7";"2";"1";"5";"11";"8";"0";"0";"0";"25";"21";"1,143";"7";"0";"4";4;-29.00;"0";"0";"6";"2";;professionnel;ATM SARL 34863116900045;6832A;BONDY;Mandat en cours;2024-12-14 00:00:00.0;SDC RESIDENCE MARIGNY;44 av carnot 93140 BONDY;non connu;non connu;non connu;0;1967-05-22 00:00:00.0;non;non;oui;non connu;0;0;0;87;29;22;30;0;0;0;DE_1961_A_1974;;;;;;;;;;;;;0;non;non connu;non;2022-07-01 00:00:00.0;2023-06-30 00:00:00.0;17/01/2024;73638.0;0.0;11660.0;9732.0;5;22815.0;non;non renseigné;0;0;0;0;0;0;0;3;collectif;non;gaz_naturel;Non;Sans objet;17;90.0;1;ADRNIVX_0000000268259923;"24";DE_1961_A_1974;V;"0,529";{93010000AD0062};{93010000AD006201,93010000AD006202,93010000AD0062A};2_RNIC_FF;JCY9YYEMFJB2,KHJAPDNZQ3F9,XVDR883WCQA4;"3";"639";662000.1730829361;6866829.554769297;"661 962,266";"6 866 843,296";"662 000,173";"6 866 829,555";"0";0;0;0;"0";"0";0;0;0;0;0;0.8571428571428571;"0";"0";0;"0";"13";"0";"22";"1";"0";"0";"0";"0";0.2;0;0;0.13216002607349466308;0;1;0.15834216029767239740;0;2470.2758620689655172;;0;0.041666666666666664;"0";"0,167";"0";1;"0";"0";"0";"0";"-1";"0";"-1";"0";"25";"0";-1;"0";0;"0";"0";"0";"0";"0";"0,952";3;2.2222222222222223;0;"0";"1,346";finan;"26";"9";"5";"5";"5";"2";autres;"1 425,534";"186,242";Gaz;E;;;;;;;;gaz;E;;;
"8 296";93010000AD0067;93010*00793;"[""93010*00793""]";93010;BONDY;93;SIMPLE;"1";"[""93010000AD0067""]";"853";CL;"1 963";"1 963";"1 963";"1 963";"1";"853";13;SOL;"853";"0";"0";"0";"0";"0";"0";"0";"0";"0";"0";"0";"0";"0";"853";"55";"0";"0";"0";"0";"0";"36";"0";DEPENDANCE;"2";"19";"0";"19";"19";"945";"0";"3";"0";"5";"11";"0";"0";"0";"0";"0";"0";"314";"0";"0";"0";"0";"0";"1 259";"1";"26";G2;PROPRIETE DIVISEE EN LOT;G2a G2d;G2;G2;2;MEME DEPARTEMENT;;"1";"1";"1";"[""4RFPBW9JCE29"",""5X18PWQC4W52"",""CM8DRN8A4VEA"",""CQEX144JDWMK""]";"4";"363";RNC_AE3857406;AE3857406;2019-01-31 00:00:00.0;2024-03-14 00:00:00.0;SYGI PARTNERS 53494828600024;non connu;non connu;93010000AD0067;Copropriété immatriculée;1_1;"1";OUI;"93 010";"93";"200 054 781";Métropole du Grand Paris;"1 963";"2";"54";"19";"1 243";"945";"0";"19";"16";"5";"0";"11";"0";"0";"0";"0";"3";"0";"0";"5";"5";"9";"0";"0";"0";"25";"19";"1";"3";"0";"5";5;-18.60;"0";"0";"5";"1";;non connu;non connu;non connu;non connu;Pas de mandat en cours;2024-06-30 00:00:00.0;Les Primeveres;46 av carnot 93140 Bondy;non connu;non connu;non connu;0;1967-12-07 00:00:00.0;non;non;oui;non connu;0;0;0;57;21;19;17;0;0;0;NON_CONNUE;93010;000;AD;0067;;;;;;;;;1;non;non connu;non;2022-01-01 00:00:00.0;2022-12-31 00:00:00.0;14/06/2023;41360.0;0.0;5075.0;9511.0;14;8707.0;non;non renseigné;0;0;0;0;0;0;0;1;collectif;non;gaz_naturel;Non;Sans objet;non connu;non connu;1;ADRNIVX_0000000268260799;"19";DE_1961_A_1974;V;"0,313";{93010000AD0067};{93010000AD006701,93010000AD0067A};2_RNIC_FF;4RFPBW9JCE29,5X18PWQC4W52,CM8DRN8A4VEA,CQEX144JDWMK;"4";"363";661995.974249236;6866815.34850088;"661 965,814";"6 866 824,704";"661 995,974";"6 866 815,349";"0";1;0;;"0";"0";0;0;0;0;;1;"0";"0";0;"0";"0";"0";"40";"1";"0";"0";"9";"0";0.56;0;1;0.22995647969052224371;0;1;0.12270309477756286267;0;1874.2857142857142857;;0;0;"0";"0,263";"0";0;"0";"0";"0";"0";"-1";"0";"-1";"0";"0";"0";-1;"0";0;"0";"0";"0";"0";"0";"2,632";3;0;0;"0";"1,6";finan;"25";"8";"5";"5";"5";"2";autres;"852,897";"152,005";Gaz;E;oui;11/09/2024;;;;;;gaz;E;;;
"8 298";93010000AD0068;93010*00796;"[""93010*00796""]";93010;BONDY;93;SIMPLE;"1";"[""93010000AD0068""]";"680";CL;"1 965";"1 965";"1 965";"1 965";"1";"680";13;SOL;"680";"0";"0";"0";"0";"0";"0";"0";"0";"0";"0";"0";"0";"0";"680";"26";"1";"1";"1";"1";"0";"17";"4";DEPENDANCE;"3";"8";"0";"8";"8";"609";"0";"1";"0";"1";"6";"0";"0";"1";"0";"0";"0";"176";"50";"40";"0";"0";"0";"875";"1";"12";F7 G2;INVESTISSEUR PROFESSIONNEL ET PROPRIETE DIVISEE EN LOT;F7b G2a;G2;F7;2;MEME DEPARTEMENT;;"1";"1";"1";"[""3RDZPABB7EEC"",""6Y84VGVP41AH"",""D2PNS89V68QF""]";"3";"364";RNC_AF7722283;AF7722283;2019-12-13 00:00:00.0;2023-12-29 00:00:00.0;EVAM-GID 39072049800034;non;non;93010000AD0068;Copropriété immatriculée;3_2;"1";OUI;"93 010";"93";"200 054 781";Métropole du Grand Paris;"1 965";"3";"25";"8";"832";"609";"0";"8";"7";"1";"0";"6";"0";"0";"0";"0";"1";"1";"0";"0";"0";"4";"4";"0";"0";"11";"8";"1";"1";"0";"4";3;-30.00;"0";"0";"5";"4";;professionnel;EVAM-GID 39072049800034;6832A;AULNAY SOUS BOIS;Mandat en cours;2024-12-20 00:00:00.0;CARNOT;48 av carnot 93140 Bondy;non connu;non connu;non connu;0;1964-05-25 00:00:00.0;non;non;oui;non connu;0;0;0;27;9;8;9;0;0;0;DE_1961_A_1974;;;;;;;;;;;;;0;non;non connu;non;2022-07-01 00:00:00.0;2023-06-30 00:00:00.0;20/12/2023;42341.0;0.0;0.0;;;4000.0;non;1964;0;0;0;0;0;0;0;1;collectif;non;fioul_domestique;Non;Sans objet;non connu;non connu;0;non connu;"8";DE_1961_A_1974;V;"0,143";{93010000AD0068};{93010000AD006801,93010000AD006802,93010000AD0068A};2_RNIC_FF;3RDZPABB7EEC,6Y84VGVP41AH,D2PNS89V68QF;"3";"364";661992.081050621;6866803.030660909;"661 966,707";"6 866 810,103";"661 992,081";"6 866 803,031";"0";0;0;0;"0";"0";0;0;0;0;0;0.8888888888888888;"0";"0";0;"0";"0";"0";"0";"1";"0";"0";"0";"0";;;;;;;0.000000000000000000000000;0;4704.5555555555555556;;1;0;"0";"0,5";"1";1;"0";"0";"0";"0";"-1";"0";"-1";"0";"0";"0";-1;"0";0;"0";"0";"1";"0";"0";"0,952";3.3333333333333335;3.3333333333333335;0;"5";"1,778";bati;"23";"9";"2";"5";"5";"2";autres;"680,076";"127,001";Fioul;G;;;;;;;;fioul;G;;;
"8 300";93010000AD0071;93010*00133;"[""93010*00133""]";93010;BONDY;93;SIMPLE;"1";"[""93010000AD0071""]";"407";CL;"1 900";"1 900";"1 900";"1 900";"1";"407";13;SOL;"407";"0";"0";"0";"0";"0";"0";"0";"0";"0";"0";"0";"0";"0";"407";"38";"1";"1";"1";"1";"0";"19";"4";DEPENDANCE;"1";"18";"0";"18";"18";"759";"0";"6";"0";"7";"5";"0";"0";"0";"0";"0";"0";"121";"80";"13";"0";"0";"0";"973";"1";"18";G2;PROPRIETE DIVISEE EN LOT;G2a;G2;99;1;MEME COMMUNE;;"1";"1";"1";"[""ASKJKT8YF6Y3"",""DAPGTDRBM4PY""]";"2";"314";RNC_AC5701685;AC5701685;2018-05-25 00:00:00.0;2023-02-21 00:00:00.0;L2J - ASSOCIES 79188783900029;non;non;93010000AD0071;Copropriété immatriculée;3_2;"1";OUI;"93 010";"93";"200 054 781";Métropole du Grand Paris;"1 900";"1";"38";"18";"973";"759";"0";"18";"12";"7";"0";"5";"0";"0";"0";"0";"6";"0";"0";"1";"2";"15";"0";"0";"0";"17";"17";"1,059";"6";"0";"9";9;-23.89;"0";"0";"5";"2";;professionnel;L2J - ASSOCIES 79188783900029;6831Z;GAGNY;Mandat en cours;2026-12-31 00:00:00.0;SDC 7 RUE L. A. BLANQUI;7 r louis auguste blanqui 93140 BONDY;53 crs de la republique 93140 Bondy;non connu;non connu;1;1951-09-28 00:00:00.0;non;non;oui;;0;0;0;19;19;17;0;0;0;0;AVANT_1949;;;;;;;;;;;;;0;non;non connu;non;2021-07-01 00:00:00.0;2022-06-30 00:00:00.0;19/01/2023;30728.0;18.0;14428.0;11877.0;6;7537.0;non;non renseigné;0;0;0;0;0;0;0;2;individuel;non renseigné;non renseigné;Non renseigné;Non renseigné;non connu;non connu;0;ADRNIVX_0000000268260819;"18";AVANT_1949;V;"0,583";{93010000AD0071};{93010000AD0071A};2_RNIC_FF;ASKJKT8YF6Y3,DAPGTDRBM4PY;"2";"314";661857.2234112449;6866820.264342761;"661 859,793";"6 866 829,464";"661 857,223";"6 866 820,264";"0";0;0;0;"0";"0";0;0;0;0;0;0.9473684210526315;"0";"0";0;"0";"12";"0";"57";"0";"0";"0";"0";"0";0.35294117647058826;0;0;0.38629415208482404215;1;0;0.46926429454237949652;0;;1617.2631578947368421;1;0;"0";"0,5";"1";1;"0";"0";"0";"0";"-1";"1";"-1";"0";"20";"0";-1;"0";0;"0";"0";"1";"0";"0";"0";4;3.3333333333333335;1.25;"5";"1,923";bati;"26";"9";"5";"5";"5";"2";autres;"406,366";"81,502";Gaz;D;;;;;;;;gaz;D;;;
"8 309";93010000AD0092;93010*00574;"[""93010*00574""]";93010;BONDY;93;SIMPLE;"1";"[""93010000AD0092""]";"345";CL;"1 922";"1 974";"1 922";"1 974";"1";"345";13;SOL;"345";"0";"0";"0";"0";"0";"0";"0";"0";"0";"0";"0";"0";"0";"345";"4";"0";"0";"0";"0";"0";"1";"0";MAISON;"3";"3";"3";"0";"3";"159";"0";"0";"0";"2";"1";"0";"0";"0";"0";"1";"0";"27";"0";"0";"0";"0";"0";"186";"1";"3";G2;PROPRIETE DIVISEE EN LOT;G2a;G2;99;1;MEME COMMUNE;;"1";"1";"1";"[""7QWGNHNN3XTJ"",""HWAJ2XD45HST"",""YE153QJ4X5XV""]";"3";"145";FF_93010000AD0092;;;;;;;93010000AD0092;Copropriété non immatriculée;;"0";;"93 010";"93";"200 054 781";Métropole du Grand Paris;"1 922";"3";"4";"3";"186";"159";"3";"0";"2";"2";"0";"0";"0";"1";"0";"0";"0";"0";"0";"1";"1";"1";"0";"0";"0";"2";"2";"1,5";"0";"0";"0";;;"0";"0";"0";"0";;;;;;;;;3 RUE LOUIS AUGUSTE BLANQUI, BONDY;;;;;;;;;;;;;;;;;;;;;;;;;;;;;;;;;;;;;;;;;;;;;;;;;;;;;;;;;;;;;;;;;"3";AVANT_1949;H;"1";{93010000AD0092};{93010000AD0092A,93010000AD0092B,93010000AD0092C};2_FF;7QWGNHNN3XTJ,HWAJ2XD45HST,YE153QJ4X5XV;"3";"145";;;"661 814,888";"6 866 839,85";"661 814,888";"6 866 839,85";"1";;;;"0";"0";;;;;;1;"0";"1";0;"0";"50";"1";"0";"1";"0";"0";"0";"0";;;;;;;;;;;;0;"0";"0";"0";;"0";"0";"0";"0";"-1";"-1";"-1";"-1";"100";"1";-1;"-1";;"-1";"0";"0";"1";"1";"9,091";;0;1.4285714285714286;"0";"4,583";gestion;"12";"5";"0";"3";"4";"0";présumée fragile;"342,769";"74,165";Electricité;F;;;;;;;; ;;;;
"8 311";93010000AD0106;93010*00828;"[""93010*00828""]";93010;BONDY;93;SIMPLE;"1";"[""93010000AD0106""]";"377";CL;"1 913";"1 913";"1 913";"1 913";"1";"377";13;SOL;"377";"0";"0";"0";"0";"0";"0";"0";"0";"0";"0";"0";"0";"0";"377";"22";"2";"2";"2";"2";"0";"12";"8";DEPENDANCE;"4";"8";"0";"8";"8";"406";"0";"1";"0";"2";"3";"2";"0";"1";"0";"0";"0";"147";"108";"0";"0";"0";"0";"661";"1";"10";F7 G2;INVESTISSEUR PROFESSIONNEL ET PROPRIETE DIVISEE EN LOT;F7b G2a;G2;F7;2;MEME DEPARTEMENT;;"1";"1";"1";"[""CDHQTCEECJSA"",""MJCHEXBG5REE"",""X5SCAX4NTMRS""]";"3";"232";RNC_AD7615776;AD7615776;2018-11-22 00:00:00.0;2023-01-19 00:00:00.0;SOGIM SARL 42936632100041;non;non;93010000AD0106;Copropriété immatriculée;1_1;"1";OUI;"93 010";"93";"200 054 781";Métropole du Grand Paris;"1 913";"4";"21";"8";"633";"406";"0";"8";"7";"2";"0";"3";"2";"0";"0";"0";"1";"1";"0";"0";"1";"7";"0";"0";"0";"9";"7";"1,143";"1";"0";"5";3;-15.00;"0";"0";"8";"4";;professionnel;SOGIM SARL 42936632100041;6832A;VILLEMOMBLE;Mandat en cours;2024-12-31 00:00:00.0;S147;1 crs de la republique 93140 BONDY;9-11 pl de la division leclerc 93140 BONDY;non connu;non connu;1;2001-07-12 00:00:00.0;non;non;oui;non connu;0;0;0;23;10;10;0;0;0;0;AVANT_1949;93010;000;AD;0106;;;;;;;;;1;non;non connu;non;2021-04-01 00:00:00.0;2022-03-31 00:00:00.0;22/12/2022;11559.0;0.0;1081.0;1543.0;2;672.0;non;non renseigné;0;0;0;0;0;0;0;1;individuel;non renseigné;non renseigné;Non renseigné;Non renseigné;non connu;non connu;0;ADRNIVX_0000000268255491;"8";AVANT_1949;V;"0,286";{93010000AD0106};{93010000AD010601,93010000AD0106A,93010000AD0106B,93010000AD0106C};2_RNIC_FF;CDHQTCEECJSA,MJCHEXBG5REE,X5SCAX4NTMRS;"3";"232";661918.891476967;6867089.411858763;"661 931,737";"6 867 087,404";"661 918,891";"6 867 089,412";"0";0;1;0;"0";"0";0;0;0;0;0;0.8;"0";"0";0;"0";"0";"0";"100";"0";"0";"0";"57";"1";0.2222222222222222;1;0;0.13348905614672549529;0;0;0.09352020070940392768;0;;1155.9000000000000000;0;0;"0";"0,625";"1";0;"0";"0";"0";"0";"-1";"0";"-1";"1";"0";"0";0.7142857142857143;"1";0;"0";"0";"1";"0";"0";"1,429";1;1.1111111111111112;6.666666666666667;"5";"2,2";occup;"25";"9";"5";"5";"4";"2";autres;"371,224";"78,889";Mixte (gaz + élec);F;;;;;;;;mixte;F;;;
"8 314";93010000AD0121;93010*00388;"[""93010*00388""]";93010;BONDY;93;SIMPLE;"1";"[""93010000AD0121""]";"207";CL;"1 966";"1 966";"1 966";"1 966";"1";"207";13;SOL;"207";"0";"0";"0";"0";"0";"0";"0";"0";"0";"0";"0";"0";"0";"207";"8";"1";"1";"1";"1";"0";"3";"4";APPARTEMENT;"1";"4";"0";"4";"4";"169";"0";"1";"0";"3";"0";"0";"0";"0";"0";"0";"0";"30";"96";"25";"0";"0";"0";"320";"1";"4";G2;PROPRIETE DIVISEE EN LOT;G2a;G2;99;1;MEME COMMUNE;;"1";"1";"1";"[""34TEP3HAB64S""]";"1";"109";RNC_AC2143469;AC2143469;2018-03-06 00:00:00.0;2021-02-10 00:00:00.0;COPRO 2A 44333885000037;non connu;non connu;93010000AD0121;Copropriété immatriculée;3_2;"1";OUI;"93 010";"93";"200 054 781";Métropole du Grand Paris;"1 966";"1";"8";"4";"320";"169";"0";"4";"3";"3";"0";"0";"0";"0";"0";"0";"1";"0";"0";"0";"4";"0";"0";"0";"0";"3";"2";"2";"1";"0";"0";0;;"0";"0";"0";"0";;non connu;non connu;non connu;non connu;Pas de mandat en cours;2021-03-10 00:00:00.0;SDC 56 BLD CARNOT;56 av carnot 93140 Bondy;non connu;non connu;non connu;0;2014-07-04 00:00:00.0;non;non;oui;non connu;0;0;0;10;6;6;0;0;0;0;NON_CONNUE;;;;;;;;;;;;;0;non;non connu;non;2018-01-01 00:00:00.0;2018-12-31 00:00:00.0;03/04/2019;6099.95;0.0;0.0;;;597.94;non;non renseigné;0;0;0;0;0;0;0;1;individuel;non renseigné;non renseigné;Non renseigné;Non renseigné;non connu;non connu;0;ADRNIVX_0000000268261718;"4";DE_1961_A_1974;V;"1";{93010000AD0121};{93010000AD0121A};2_RNIC_FF;34TEP3HAB64S;"1";"109";661980.3243944563;6866765.521660841;"661 980,034";"6 866 790,293";"661 980,324";"6 866 765,522";"0";1;1;;"0";"0";0;0;0;0;;0.8;"0";"1";0;"0";"33";"1";"100";"0";"0";"0";"0";"0";;;;;;;0.00000000000000000000;0;;1016.6583333333333333;0;0;"0";"0";"0";;"0";"0";"0";"0";"-1";"-1";"-1";"-1";"0";"0";-1;"-1";0;"-1";"0";"0";"0";"0";"5,789";0;0;0;"0";"2,973";gestion;"18";"8";"2";"4";"3";"1";a surveiller;"207,698";"57,971";Autre;E;;;;;;;; ;;;;
"8 321";93010000AD0145;93010*00660;"[""93010*00660""]";93010;BONDY;93;SIMPLE;"1";"[""93010000AD0145""]";"1 343";CL;"1 997";"1 997";"1 997";"1 997";"1";"1 343";13;SOL;"1 343";"0";"0";"0";"0";"0";"0";"0";"0";"0";"0";"0";"0";"0";"1 343";"114";"3";"3";"3";"3";"0";"65";"8";DEPENDANCE;"1";"46";"0";"46";"46";"2 203";"29";"5";"0";"21";"18";"2";"0";"3";"1";"0";"0";"695";"179";"0";"0";"15";"0";"3 121";"1";"59";G2 M1;PROPRIETE DIVISEE EN LOT ET PERSONNE MORALE AUTRE;G2a M1a;G2;M1;3;MEME REGION;;"1";"1";"1";"[""FASWEP6QXKPY""]";"1";"683";RNC_AD8799082;AD8799082;2018-11-28 00:00:00.0;2024-08-20 00:00:00.0;SOGIM SARL 42936632100041;non;non;93010000AD0145;Copropriété immatriculée;1_1;"1";OUI;"93 010";"93";"200 054 781";Métropole du Grand Paris;"1 997";"1";"114";"46";"3 121";"2 232";"0";"46";"40";"21";"0";"17";"2";"1";"0";"0";"5";"3";"1";"12";"17";"12";"4";"1";"0";"58";"45";"1,022";"6";"0";"14";14;-3.43;"0";"0";"9";"0";;professionnel;SOGIM SARL 42936632100041;6832A;VILLEMOMBLE;Mandat en cours;2024-09-30 00:00:00.0;S143;3-7 r roger salengro 93140 bondy;non connu;non connu;non connu;0;1996-11-08 00:00:00.0;non;non;oui;non connu;0;0;0;117;49;46;11;0;0;0;DE_1994_A_2000;93010;000;AD;0145;;;;;;;;;1;non;non connu;non;2023-01-01 00:00:00.0;2023-12-31 00:00:00.0;26/06/2024;77509.0;0.0;7266.0;10085.0;9;29711.0;non;1996;0;0;0;0;0;0;0;1;individuel;non renseigné;non renseigné;Non;Sans objet;non connu;non connu;1;non connu;"46";DE_1994_A_2000;V;"0,525";{93010000AD0145};{93010000AD0145A};2_RNIC_FF;FASWEP6QXKPY;"1";"683";661866.0493409138;6867102.770377821;"661 867,291";"6 867 067,293";"661 866,049";"6 867 102,77";"0";0;0;0;"0";"0";0;0;0;0;0;0.9387755102040817;"0";"0";0;"0";"4";"0";"57";"0";"0";"0";"4";"0";0.15517241379310345;0;1;0.13011392225418983602;0;1;0.09374395231521500729;0;;1541.0000000000000000;1;0.021739130434782608;"0";"0,304";"0";0;"0";"0";"0";"0";"-1";"0";"-1";"1";"0";"0";0.15;"0";0;"0";"0";"0";"0";"0";"0";4;0;3.3333333333333335;"0";"1,2";finan;"25";"9";"5";"5";"4";"2";autres;"1 344,956";"176,779";Mixte (gaz + élec);E;oui;20/12/2024;oui;;"1";;19/12/2024;mixte;E;;;
"8 324";93010000AD0156;93010*00794;"[""93010*00794""]";93010;BONDY;93;SIMPLE;"1";"[""93010000AD0156""]";"1 566";CL;"2 016";"2 016";"2 016";"2 016";"1";"1 566";13;SOL;"1 566";"0";"0";"0";"0";"0";"0";"0";"0";"0";"0";"0";"0";"0";"1 566";"78";"0";"0";"0";"0";"0";"39";"0";MIXTE;"1";"39";"0";"39";"39";"1 971";"161";"1";"0";"10";"28";"0";"0";"0";"0";"0";"0";"468";"0";"0";"0";"0";"0";"2 600";"1";"40";G2;PROPRIETE DIVISEE EN LOT;G2a;G2;99;3;MEME REGION;;"1";"1";"1";"[""KTRXJFAAPGDT"",""X7N94ESTH9Q9""]";"2";"654";RNC_AA1825017;AA1825017;2017-02-15 00:00:00.0;2018-06-27 00:00:00.0;COGIM 31734074300036;non connu;non connu;93010000AD0156;Copropriété immatriculée;3_1;"1";OUI;"93 010";"93";"200 054 781";Métropole du Grand Paris;"2 016";"1";"78";"39";"2 600";"2 132";"0";"39";"38";"10";"0";"28";"0";"0";"0";"0";"1";"0";"0";"0";"21";"18";"0";"0";"0";"39";"39";"1";"2";"0";"3";3;14.67;"0";"0";"4";"0";;non connu;non connu;non connu;non connu;Pas de mandat en cours;2019-06-30 00:00:00.0;SDC COTE JARDIN;17 r louis auguste blanqui 93140 Bondy;non connu;non connu;non connu;0;2015-07-02 00:00:00.0;non;non;oui;non connu;0;0;0;78;39;39;0;0;0;0;A_COMPTER_DE_2011;;;;;;;;;;;;;0;non;non connu;non;2017-01-01 00:00:00.0;2017-12-31 00:00:00.0;19/06/2018;79855.59;4812.63;7919.65;11554.01;12;0.0;non;non renseigné;0;0;0;0;0;0;0;1;collectif;non;gaz_naturel;Non renseigné;Non renseigné;non connu;non connu;1;non connu;"39";A_COMPTER_DE_2011;V;"0,263";{93010000AD0156};{93010000AD0156A};2_RNIC_FF;KTRXJFAAPGDT,X7N94ESTH9Q9;"2";"654";661923.022191899;6866803.484496605;"661 910,319";"6 866 829,061";"661 923,022";"6 866 803,485";"0";1;1;;"0";"0";0;0;0;0;;1;"0";"0";0;"0";"0";"0";"60";"0";"0";"0";"8";"0";0.3076923076923077;1;0;0.13646218144186803502;0;0;0.09353745714743973595;0;1996.2971794871794872;;0;0;"0";"0,077";"0";0;"0";"0";"0";"0";"-1";"0";"-1";"1";"0";"0";0.13157894736842105;"0";0;"0";"0";"0";"0";"0";"3,158";1;0;2.5;"0";"1,8";gestion;"25";"8";"5";"5";"5";"2";autres;"1 568,814";"251,199";Gaz;C;;;;;;;;gaz;C;;;
"8 326";93010000AE0012;93010*00749;"[""93010*00749""]";93010;BONDY;93;PDLMP;"11";"[""93010000AE0012"",""93010000AE0013"",""93010000AE0102"",""93010000AE0107"",""93010000AE0108"",""93010000AE0182"",""93010000AE0197"",""93010000AE0200"",""93010000AE0212"",""93010000AE0214"",""93010000AE0216""]";"2 128";CL;"2 011";"2 012";"2 011";"2 012";"11";"2 128";13;SOL;"2 128";"0";"0";"0";"0";"0";"0";"0";"0";"0";"0";"0";"0";"0";"2 128";"81";"0";"0";"0";"0";"0";"37";"0";APPARTEMENT;"5";"44";"4";"40";"44";"2 386";"103";"6";"0";"14";"22";"2";"0";"2";"0";"0";"0";"503";"0";"0";"0";"0";"0";"2 992";"11";"45";G2;PROPRIETE DIVISEE EN LOT;G2a;G2;99;3;MEME REGION;;"11";"11";"11";"[""ENA73F3GACDT"",""PY75EQQNFS1Y"",""ZGAS6Y47J932""]";"3";"1 078";FF_93010000AE0012;;;;;;;93010000AE0012;Copropriété non immatriculée;;"0";;"93 010";"93";"200 054 781";Métropole du Grand Paris;"2 011";"5";"81";"44";"2 992";"2 489";"4";"40";"38";"14";"0";"22";"2";"0";"0";"0";"6";"1";"0";"9";"15";"13";"4";"3";"1";"44";"44";"1";"6";"0";"10";;;"1";"0";"4";"0";;;;;;;;;12 RUE JEAN JAURES, BONDY;;;;;;;;;;;;;;;;;;;;;;;;;;;;;;;;;;;;;;;;;;;;;;;;;;;;;;;;;;;;;;;;;"44";A_COMPTER_DE_2011;M;"0,368";{93010000AE0012,93010000AE0013,93010000AE0102,93010000AE0107,93010000AE0108,93010000AE0182,93010000AE0197,93010000AE0200,93010000AE0212,93010000AE0214,93010000AE0216};{93010000AE0012A,93010000AE0012B,93010000AE0012C,93010000AE0012D,93010000AE0012E};1_FF;ENA73F3GACDT,PY75EQQNFS1Y,ZGAS6Y47J932;"3";"1 078";;;"661 685,182";"6 867 156,853";"661 685,182";"6 867 156,853";"1";;;;"0";"0";;;;;;1;"0";"0";0;"0";"2";"0";"46";"1";"0,023";"0";"2";"0";;;;;;;;;;;;0;"0";"0,227";"0";;"0";"0";"0";"0";"-1";"0";"-1";"0";"5";"0";0.13157894736842105;"0";;"0";"0";"0";"0";"0";"4,545";;0;0;"0";"1,923";gestion;"14";"5";"0";"4";"4";"1";autres;"2 129,484";"285,479";Electricité;C;;;;;;;;electricite;C;;;
"8 327";93010000AE0016;93010*00772;"[""93010*00772""]";93010;BONDY;93;SIMPLE;"1";"[""93010000AE0016""]";"674";CL;"1 968";"1 968";"1 968";"1 968";"1";"674";13;SOL;"674";"0";"0";"0";"0";"0";"0";"0";"0";"0";"0";"0";"0";"0";"674";"52";"0";"0";"0";"0";"0";"38";"0";DEPENDANCE;"2";"14";"0";"14";"14";"767";"0";"3";"0";"2";"9";"0";"0";"0";"0";"0";"0";"300";"0";"0";"0";"0";"0";"1 067";"1";"17";F7 G2;INVESTISSEUR PROFESSIONNEL ET PROPRIETE DIVISEE EN LOT;F7b G2a;G2;F7;3;MEME REGION;;"1";"1";"1";"[""DBAS9W44GAMP"",""EJBA1VC78F7G""]";"2";"326";RNC_AA4777942;AA4777942;2017-05-31 00:00:00.0;2023-06-26 00:00:00.0;FONCIA MANAGO 30265417300020;non;non;93010000AE0016;Copropriété immatriculée;3_2;"1";OUI;"93 010";"93";"200 054 781";Métropole du Grand Paris;"1 968";"2";"51";"14";"1 047";"767";"0";"14";"9";"2";"0";"7";"0";"2";"0";"0";"3";"0";"0";"0";"6";"8";"0";"0";"0";"16";"14";"1";"3";"0";"5";4;-32.00;"0";"0";"6";"3";;professionnel;FONCIA MANAGO 30265417300020;6832A;EZANVILLE;Mandat en cours;2026-09-30 00:00:00.0;18 RUE JEAN JAURES;18 r jean jaures 93140 BONDY;non connu;non connu;non connu;0;1952-06-13 00:00:00.0;non;non;oui;non connu;0;0;0;49;15;13;21;0;0;0;DE_1949_A_1960;;;;;;;;;;;;;0;non;non connu;non;2022-01-01 00:00:00.0;2022-12-31 00:00:00.0;21/03/2023;57192.0;22087.0;4443.0;19581.0;15;7008.0;non;non renseigné;0;0;0;0;0;0;0;1;collectif;non;fioul_domestique;Non renseigné;Non renseigné;14;90.0;1;ADRNIVX_0000000268256552;"14";DE_1961_A_1974;V;"0,222";{93010000AE0016};{93010000AE001601,93010000AE0016A};2_RNIC_FF;DBAS9W44GAMP,EJBA1VC78F7G;"2";"326";661685.6710647623;6867064.262349162;"661 669,359";"6 867 072,205";"661 685,671";"6 867 064,262";"0";0;0;0;"0";"0";0;0;0;0;0;1;"0";"0";0;"0";"13";"0";"50";"0";"0";"0";"13";"0";0.9375;0;0;0.24698848370943124913;0;0;0.05604258378637470200;0;3679.4666666666666667;;1;0;"0";"0,357";"1";1;"0";"0";"0";"0";"-1";"0";"-1";"1";"22";"0";-1;"0";0;"0";"0";"1";"0";"0";"0";1;3.3333333333333335;3.3333333333333335;"5";"1,6";bati;"25";"9";"5";"5";"4";"2";autres;"673,232";"107,38";;F;;;;;;;;fioul;F;;;
"8 336";93010000AE0029;93010*00126;"[""93010*00126""]";93010;BONDY;93;SIMPLE;"1";"[""93010000AE0029""]";"1 281";CL;"1 928";"1 990";"1 928";"1 990";"1";"1 281";13;SOL;"1 281";"0";"0";"0";"0";"0";"0";"0";"0";"0";"0";"0";"0";"0";"1 281";"43";"1";"1";"1";"1";"0";"31";"4";DEPENDANCE;"4";"11";"0";"11";"11";"621";"0";"1";"0";"3";"7";"0";"0";"0";"0";"0";"0";"411";"50";"0";"0";"0";"0";"1 082";"1";"11";G2;PROPRIETE DIVISEE EN LOT;G2a;G2;99;1;MEME COMMUNE;;"1";"1";"1";"[""F31G4RWQBXBP"",""J1VW2QD42813"",""JXM9JDQWEQV1""]";"3";"739";RNC_AE2854867;AE2854867;2019-01-18 00:00:00.0;2024-07-05 00:00:00.0;SOGIM SARL 42936632100041;non;non;93010000AE0029;Copropriété immatriculée;1_1;"1";OUI;"93 010";"93";"200 054 781";Métropole du Grand Paris;"1 928";"4";"43";"11";"1 082";"621";"0";"11";"8";"3";"0";"5";"0";"2";"0";"0";"1";"0";"0";"0";"2";"6";"3";"0";"2";"10";"10";"1,1";"1";"0";"1";1;-29.00;"0";"0";"1";"0";;professionnel;SOGIM SARL 42936632100041;6832A;VILLEMOMBLE;Mandat en cours;2024-09-30 00:00:00.0;S146;20 r jean jaures 93140 BONDY;non connu;non connu;non connu;0;1961-06-02 00:00:00.0;non;non;oui;non connu;0;0;0;31;15;14;1;0;0;0;DE_1949_A_1960;93010;000;AE;0029;;;;;;;;;1;non;non connu;non;2023-01-01 00:00:00.0;2023-12-31 00:00:00.0;25/06/2024;15135.0;0.0;8.0;2689.0;1;3732.0;non;non renseigné;0;0;0;0;0;0;0;3;individuel;non renseigné;non renseigné;Non;Sans objet;non connu;non connu;0;ADRNIVX_0000000268256553;"11";AVANT_1949;V;"0,375";{93010000AE0029};{93010000AE002901,93010000AE0029A,93010000AE0029B,93010000AE0029C};2_RNIC_FF;F31G4RWQBXBP,J1VW2QD42813,JXM9JDQWEQV1;"3";"739";661679.8997678676;6867045.173796327;"661 654,578";"6 867 051,107";"661 679,9";"6 867 045,174";"0";0;0;0;"0";"0";0;0;0;0;0;0.9166666666666666;"0";"0";0;"0";"11";"0";"50";"0";"0";"0";"0";"0";0.1;0;0;0.17766765774694416914;0;1;0.00052857614800132144;0;;1009.0000000000000000;0;0;"0";"0,091";"0";1;"0";"0";"0";"0";"-1";"0";"-1";"1";"0";"0";-1;"0";0;"0";"0";"0";"0";"0";"0";3;2.2222222222222223;2.5;"0";"1,346";finan;"26";"9";"5";"5";"5";"2";autres;"1 283,758";"172,861";Gaz;E;;;;;;;;gaz;E;;;
"8 337";93010000AE0030;93010*00757;"[""93010*00757""]";93010;BONDY;93;SIMPLE;"1";"[""93010000AE0030""]";"1 493";CL;"1 974";"1 974";"1 974";"1 974";"2";"1 493";09;JARDINS;"1 493";"0";"0";"0";"0";"0";"0";"0";"0";"0";"1 385";"0";"0";"0";"108";"54";"0";"0";"0";"0";"0";"39";"0";DEPENDANCE;"1";"15";"0";"15";"15";"1 112";"0";"0";"0";"2";"13";"0";"0";"0";"0";"0";"0";"419";"0";"0";"0";"0";"0";"1 531";"1";"17";F7 G2;INVESTISSEUR PROFESSIONNEL ET PROPRIETE DIVISEE EN LOT;F7b G2a;G2;F7;2;MEME DEPARTEMENT;;"1";"1";"1";"[""3T7G9J81B81Y"",""MM55V3ERMATQ"",""YQ1DB5B1V4TE""]";"3";"323";RNC_AE1610260;AE1610260;2018-12-26 00:00:00.0;2024-07-15 00:00:00.0;A.D.J. GESTION 60203245000010;non;non;93010000AE0030;Copropriété immatriculée;1_1;"1";OUI;"93 010";"93";"200 054 781";Métropole du Grand Paris;"1 974";"1";"53";"15";"1 474";"1 112";"0";"15";"15";"2";"0";"13";"0";"0";"0";"0";"0";"0";"0";"0";"1";"8";"6";"0";"0";"17";"15";"1";"0";"0";"5";5;-21.00;"0";"0";"3";"2";;professionnel;A.D.J. GESTION 60203245000010;6832A;JOINVILLE LE PONT;Mandat en cours;2025-06-30 00:00:00.0;RESIDENCE LA TEOCHE;22 r jean jaures 93140 Bondy;non connu;non connu;non connu;0;1973-11-14 00:00:00.0;non;non;oui;non connu;0;0;0;53;15;15;38;0;0;0;DE_1961_A_1974;93010;000;AE;0030;;;;;;;;;1;non;non connu;non;2023-01-01 00:00:00.0;2023-12-31 00:00:00.0;20/06/2024;40283.0;9078.0;79.0;2776.0;3;2544.0;non;1973;0;0;0;0;0;0;0;1;individuel;non renseigné;non renseigné;Non;Sans objet;15;94.0;1;ADRNIVX_0000000268257475;"15";DE_1961_A_1974;V;"0,133";{93010000AE0030};{93010000AE0030A};2_RNIC_FF;3T7G9J81B81Y,MM55V3ERMATQ,YQ1DB5B1V4TE;"3";"323";661674.1262250394;6867025.75166075;"661 633,866";"6 867 040,147";"661 674,126";"6 867 025,752";"0";0;0;0;"0";"0";0;0;0;0;0;1;"0";"0";0;"0";"25";"0";"50";"0";"0";"0";"0";"0";0.17647058823529413;0;1;0.05623873098194931221;0;1;0.00160045379955835579;0;;2552.2000000000000000;1;0;"0";"0,333";"1";1;"0";"0";"0";"0";"-1";"0";"0";"0";"23";"0";-1;"0";0;"0";"0";"1";"0";"0";"0";4;3.3333333333333335;0;"5";"1,731";bati;"26";"9";"5";"5";"5";"2";autres;"1 484,094";"203,815";Electricité;G;;;;;;;;electricite;G;;;
"8 349";93010000AE0043;93010*00597;"[""93010*00597""]";93010;BONDY;93;SIMPLE;"1";"[""93010000AE0043""]";"402";CL;"1 870";"1 969";"1 870";"1 969";"1";"402";13;SOL;"402";"0";"0";"0";"0";"0";"0";"0";"0";"0";"0";"0";"0";"0";"402";"3";"0";"0";"0";"0";"0";"1";"0";MAISON;"2";"2";"2";"0";"2";"208";"0";"0";"0";"0";"2";"0";"0";"0";"0";"0";"0";"7";"0";"0";"0";"0";"0";"215";"1";"3";G2;PROPRIETE DIVISEE EN LOT;G2a;G2;99;1;MEME COMMUNE;;"1";"1";"1";"[""D3651R1AAH3S"",""J8RMBKA4MX4N"",""MCKKV2HP61KM""]";"3";"144";FF_93010000AE0043;;;;;;;93010000AE0043;Copropriété non immatriculée;;"0";;"93 010";"93";"200 054 781";Métropole du Grand Paris;"1 870";"2";"3";"2";"215";"208";"2";"0";"2";"0";"0";"2";"0";"0";"0";"0";"0";"0";"0";"0";"0";"0";"2";"0";"0";"2";"2";"1";"0";"0";"0";;;"0";"0";"0";"0";;;;;;;;;25 RUE JEAN JAURES, BONDY;;;;;;;;;;;;;;;;;;;;;;;;;;;;;;;;;;;;;;;;;;;;;;;;;;;;;;;;;;;;;;;;;"2";AVANT_1949;H;"0";{93010000AE0043};{93010000AE0043A,93010000AE0043B};2_FF;D3651R1AAH3S,J8RMBKA4MX4N,MCKKV2HP61KM;"3";"144";;;"661 673,006";"6 866 965,842";"661 673,006";"6 866 965,842";"1";;;;"0";"0";;;;;;1;"0";"0";0;"0";"0";"0";"0";"0";"0";"0";"0";"0";;;;;;;;;;;;0;"0";"0";"0";;"0";"0";"0";"0";"-1";"-1";"-1";"-1";"0";"0";-1;"-1";;"-1";"0";"0";"0";"0";"3,333";;0;0;"0";"1,304";gestion;"12";"4";"0";"3";"5";"0";autres;"400,101";"83,125";Gaz;E;;;;;;;; ;;;;
"8 360";93010000AE0056;93010*00348;"[""93010*00348""]";93010;BONDY;93;SIMPLE;"1";"[""93010000AE0056""]";"1 643";CL;"1 955";"1 955";"1 955";"1 955";"1";"1 643";13;SOL;"1 643";"0";"0";"0";"0";"0";"0";"0";"0";"0";"0";"0";"0";"0";"1 643";"53";"0";"0";"0";"0";"0";"29";"0";DEPENDANCE;"3";"24";"0";"24";"24";"1 477";"2";"4";"0";"10";"9";"1";"0";"0";"0";"0";"0";"269";"0";"0";"0";"0";"0";"1 748";"1";"23";G2;PROPRIETE DIVISEE EN LOT;G2a;G2;99;1;MEME COMMUNE;;"1";"1";"1";"[""DFXA5E6HFFRZ"",""FPG56RXSV1TT"",""G2KVRKAA3B84"",""Z3FVGTNDWKTP""]";"4";"641";RNC_AB2392850;AB2392850;2017-10-10 00:00:00.0;2024-06-26 00:00:00.0;ATM SARL 34863116900045;non;non;93010000AE0056;Copropriété immatriculée;3_2;"1";OUI;"93 010";"93";"200 054 781";Métropole du Grand Paris;"1 955";"3";"51";"24";"1 718";"1 479";"0";"24";"19";"10";"0";"8";"1";"1";"0";"0";"4";"0";"0";"0";"3";"18";"3";"0";"0";"22";"20";"1,2";"4";"0";"9";8;-31.00;"0";"0";"6";"2";F,F,F;professionnel;ATM SARL 34863116900045;6832A;BONDY;Mandat en cours;2025-04-10 00:00:00.0;SDC 21 RUE JEAN JAURES;21 Rue Jean Jaurés 93140 Bondy;non connu;non connu;non connu;0;1963-01-01 00:00:00.0;non;non;oui;;0;0;0;57;24;24;9;0;0;0;DE_1961_A_1974;;;;;;;;;;;;;0;non;non connu;non;2023-01-01 00:00:00.0;2023-12-31 00:00:00.0;13/06/2024;42292.0;4008.0;3448.0;3904.0;3;13629.0;non;non renseigné;0;0;0;0;0;0;0;4;individuel;non renseigné;non renseigné;Non renseigné;Non renseigné;non connu;non connu;0;93010_4740_00021;"24";DE_1949_A_1960;V;"0,526";{93010000AE0056};{93010000AE0056A,93010000AE0056B,93010000AE0056C};2_RNIC_FF;DFXA5E6HFFRZ,FPG56RXSV1TT,G2KVRKAA3B84,Z3FVGTNDWKTP;"4";"641";661676.3952100931;6867003.051423773;"661 715,729";"6 866 993,304";"661 676,395";"6 867 003,051";"0";0;0;0;"0";"0";0;0;0;0;0;1;"0";"0";0;"0";"9";"0";"70";"0";"0";"0";"0";"0";0.13636363636363635;0;0;0.08431965442764578834;0;0;0.07447084233261339093;0;;1762.1666666666666667;1;0;"0";"0,375";"0";1;"0";"0";"0";"0";"-1";"0";"-1";"1";"11";"0";-1;"0";0;"0";"1";"0";"0";"0";"0";1;2.2222222222222223;2.5;"3";"1,296";bati;"27";"9";"5";"5";"5";"3";autres;"1 647,517";"193,874";Mixte (gaz + élec);G;;;;;;;;mixte;G;;;
"8 362";93010000AE0057;93010*00266;"[""93010*00266""]";93010;BONDY;93;SIMPLE;"1";"[""93010000AE0057""]";"3 548";CL;"1 968";"1 968";"1 968";"1 968";"2";"3 548";11;TERRAINS D AGREMENT;"3 548";"0";"0";"0";"0";"0";"0";"0";"0";"0";"0";"0";"1 868";"0";"1 680";"122";"0";"0";"0";"0";"0";"82";"0";DEPENDANCE;"1";"40";"0";"40";"40";"3 354";"0";"5";"0";"6";"28";"1";"0";"2";"0";"0";"0";"803";"0";"0";"0";"0";"0";"4 157";"1";"40";G2;PROPRIETE DIVISEE EN LOT;G2a;G2;99;2;MEME DEPARTEMENT;;"1";"1";"1";"[""FXRVKX2NEA78"",""CEYPS1WZ855Y""]";"2";"602";RNC_AB4360970;AB4360970;2017-11-13 00:00:00.0;2024-09-25 00:00:00.0;CITYA IMMOBILIER PECORARI 41130103900086;non;non;93010000AE0057;Copropriété immatriculée;3_2;"1";OUI;"93 010";"93";"200 054 781";Métropole du Grand Paris;"1 968";"1";"119";"40";"4 067";"3 354";"0";"40";"33";"6";"0";"26";"1";"2";"0";"0";"5";"0";"0";"1";"4";"8";"8";"19";"4";"40";"40";"1";"6";"0";"6";5;-45.60;"0";"0";"12";"2";;professionnel;CITYA IMMOBILIER PECORARI 41130103900086;6832A;PARIS 19;Mandat en cours;2025-02-06 00:00:00.0;36 SALENGRO 19 J JAURES - MS10689;36 r roger salengro 93140 BONDY;non connu;non connu;non connu;0;1968-07-30 00:00:00.0;non;non;oui;non connu;0;0;0;117;39;39;39;0;0;0;NON_CONNUE;;;;;;;;;;;;;0;non;non connu;non;2023-01-01 00:00:00.0;2023-12-31 00:00:00.0;06/02/2024;163797.0;12052.0;57454.0;44068.0;25;37926.0;oui;non renseigné;0;0;0;0;0;0;0;2;mixte;oui;non renseigné;Non;Sans objet;non connu;non connu;3;ADRNIVX_0000000268257471;"40";DE_1961_A_1974;V;"0,182";{93010000AE0057};{93010000AE0057A};2_RNIC_FF;FXRVKX2NEA78,CEYPS1WZ855Y;"2";"602";661814.2705966668;6866988.351211225;"661 748,934";"6 867 007,526";"661 814,271";"6 866 988,351";"0";0;0;0;"0";"0";0;0;0;0;0;1;"0";"0";0;"0";"9";"0";"40";"1";"0,075";"0";"0";"0";0.625;0;1;0.25060136821932453412;0;1;0.32672349572644712225;0;;;;0;"0";"0,15";"0";1;"0";"0";"0";"0";"-1";"0";"-1";"0";"8";"0";0.15151515151515152;"0";0;"0";"0";"0";"0";"0";"0,952";3.3333333333333335;2.2222222222222223;0;"0";"1,373";finan;"25";"9";"4";"5";"5";"2";autres;"3 540,984";"323,699";Gaz;D;oui;26/05/2024;;;;;;gaz;D;;;
"8 363";93010000AE0059;93010*00369;"[""93010*00369""]";93010;BONDY;93;SIMPLE;"1";"[""93010000AE0059""]";"1 822";CL;"1 980";"1 980";"1 980";"1 980";"2";"1 822";09;JARDINS;"1 822";"0";"0";"0";"0";"0";"0";"0";"0";"0";"1 649";"0";"0";"0";"173";"110";"0";"0";"0";"0";"0";"79";"0";DEPENDANCE;"2";"31";"0";"31";"31";"1 964";"0";"2";"0";"7";"21";"1";"0";"0";"0";"0";"0";"757";"0";"0";"0";"0";"0";"2 721";"1";"35";G2;PROPRIETE DIVISEE EN LOT;G2a;G2;99;1;MEME COMMUNE;;"1";"1";"1";"[""BB7THEYMR72D"",""WMVDPNR3HABJ""]";"2";"493";RNC_AB2484848;AB2484848;2017-10-11 00:00:00.0;2024-02-14 00:00:00.0;ATM SARL 34863116900045;non connu;non connu;93010000AE0059;Copropriété immatriculée;3_2;"1";OUI;"93 010";"93";"200 054 781";Métropole du Grand Paris;"1 980";"2";"108";"31";"2 664";"1 964";"0";"31";"29";"7";"0";"21";"1";"0";"0";"0";"2";"0";"0";"6";"4";"12";"9";"0";"1";"34";"31";"1";"3";"0";"14";12;-31.00;"0";"0";"4";"0";;non connu;non connu;non connu;non connu;Pas de mandat en cours;2022-06-30 00:00:00.0;SDC RESIDENCE LE FLORIAN;17 r jean jaures 93140 Bondy;non connu;non connu;non connu;0;1979-11-08 00:00:00.0;non;non;oui;;0;0;0;106;31;31;44;0;0;0;DE_1975_A_1993;;;;;;;;;;;;;0;non;non connu;non;2022-10-01 00:00:00.0;2023-09-30 00:00:00.0;07/02/2024;65080.0;13752.0;4202.0;7823.0;10;3752.0;non;non renseigné;0;0;0;0;0;0;0;2;individuel;non renseigné;non renseigné;Non renseigné;Non renseigné;non connu;non connu;2;ADRNIVX_0000000268256550;"31";DE_1975_A_1993;V;"0,241";{93010000AE0059};{93010000AE005901,93010000AE0059A};2_RNIC_FF;BB7THEYMR72D,WMVDPNR3HABJ;"2";"493";661690.1908287804;6867049.331357341;"661 724,242";"6 867 044,932";"661 690,191";"6 867 049,331";"0";1;0;;"0";"0";0;0;0;0;;1;"0";"0";0;"0";"27";"0";"50";"0";"0,032";"0";"6";"0";0.29411764705882354;0;1;0.09923635072051958595;0;1;0.05330322711589202354;0;;1970.3225806451612903;1;0;"0";"0,452";"0";1;"1";"1";"0";"0";"-1";"0";"-1";"1";"29";"0";0.1724137931034483;"0";0;"0";"0";"0";"0";"0";"1,579";4;5.555555555555555;2.5;"0";"2,8";marche;"25";"8";"5";"5";"5";"2";a surveiller;"1 826,047";"202,148";Gaz;D;;;;;;;;gaz;D;;;
"8 369";93010000AE0066;93010*00599;"[""93010*00599""]";93010;BONDY;93;PDLMP;"3";"[""93010000AE0066"",""93010000AE0067"",""93010000AE0068""]";"1 409";CL;"1 996";"1 996";"1 996";"1 996";"3";"1 409";13;SOL;"1 409";"0";"0";"0";"0";"0";"0";"0";"0";"0";"0";"0";"0";"0";"1 409";"93";"0";"0";"0";"0";"0";"47";"0";DEPENDANCE;"2";"46";"0";"46";"46";"2 108";"59";"4";"0";"14";"25";"3";"0";"1";"0";"0";"0";"592";"0";"0";"0";"0";"0";"2 759";"3";"48";G2;PROPRIETE DIVISEE EN LOT;G2a;G2;99;1;MEME COMMUNE;;"3";"3";"3";"[""1J6EFV27983J"",""DWMH6YQR2PES"",""KMRDTM9KR95S"",""WJPEJXS73AW4""]";"4";"565";RNC_AA5345947;AA5345947;2017-06-14 00:00:00.0;2022-01-25 00:00:00.0;FONCIA MANAGO 30265417300020;non connu;non connu;93010000AE0066;Copropriété immatriculée;2;"1";OUI;"93 010";"93";"200 054 781";Métropole du Grand Paris;"1 996";"2";"93";"46";"2 759";"2 167";"0";"46";"41";"14";"0";"24";"3";"1";"0";"0";"4";"0";"0";"14";"18";"14";"0";"0";"1";"47";"46";"1";"5";"0";"16";14;-24.43;"0";"0";"11";"1";;non connu;non connu;non connu;non connu;Pas de mandat en cours;2023-09-01 00:00:00.0;LE VICTORIA;3-5 r jean jaures 93140 Bondy;non connu;non connu;non connu;0;1998-12-28 00:00:00.0;non;non;oui;non connu;0;0;0;93;46;46;32;0;0;0;DE_1994_A_2000;;;;;;;;;;;;;0;non;non connu;non;2020-01-01 00:00:00.0;2020-12-31 00:00:00.0;14/09/2021;64000.0;0.0;1763.0;4090.0;3;0.0;non;non renseigné;0;0;0;0;0;0;0;1;collectif;non;gaz_naturel;Non renseigné;Non renseigné;non connu;non connu;1;non connu;"46";DE_1994_A_2000;V;"0,341";{93010000AE0066,93010000AE0067,93010000AE0068};{93010000AE006601,93010000AE0066A};2_RNIC_FF;1J6EFV27983J,DWMH6YQR2PES,KMRDTM9KR95S,WJPEJXS73AW4;"4";"565";661723.1148662228;6867161.316482367;"661 732,511";"6 867 129,042";"661 723,115";"6 867 161,316";"0";0;1;;"0";"0";0;0;0;0;;1;"0";"0";0;"0";"4";"0";"38";"1";"0,022";"0";"2";"0";0.06382978723404255;0;0;0.06390625000000000000;0;0;0.02754687500000000000;0;1347.8260869565217391;;0;0;"0";"0,348";"0";1;"0";"0";"0";"0";"-1";"0";"-1";"0";"4";"0";-1;"0";0;"0";"0";"0";"0";"0";"2,632";0;2.2222222222222223;0;"0";"1,458";gestion;"24";"8";"5";"5";"4";"2";autres;"1 402,63";"150,647";Gaz;D;;;;;;;;gaz;D;;;
"8 376";93010000AE0121;93010*00405;"[""93010*00405""]";93010;BONDY;93;SIMPLE;"1";"[""93010000AE0121""]";"2 430";CL;"1 962";"1 962";"1 962";"1 962";"1";"2 430";13;SOL;"2 430";"0";"0";"0";"0";"0";"0";"0";"0";"0";"0";"0";"0";"0";"2 430";"183";"1";"1";"1";"1";"0";"122";"4";DEPENDANCE;"2";"60";"0";"60";"60";"3 606";"0";"10";"0";"19";"31";"0";"0";"1";"0";"0";"0";"1 084";"9";"0";"0";"0";"0";"4 699";"1";"63";G2;PROPRIETE DIVISEE EN LOT;G2a;G2;99;1;MEME COMMUNE;;"1";"1";"1";"[""4J4S5P752NSA"",""GAZ1HE516ESX"",""WP9QE5BG9ACW"",""1V9E12KECG7C"",""BEYA51PZ248Z"",""KDHDFT871FJ2"",""PJQQVNP4P53P""]";"7";"1 119";RNC_AB4223293;AB4223293;2017-11-08 00:00:00.0;2024-03-15 00:00:00.0;ATM SARL 34863116900045;non;non;93010000AE0121;Copropriété immatriculée;3_2;"1";OUI;"93 010";"93";"200 054 781";Métropole du Grand Paris;"1 962";"2";"181";"60";"4 601";"3 606";"0";"60";"47";"15";"4";"28";"0";"3";"0";"0";"10";"1";"0";"3";"0";"34";"23";"0";"4";"63";"53";"1,132";"11";"1";"18";18;-27.00;"0";"0";"15";"4";;professionnel;ATM SARL 34863116900045;6832A;BONDY;Mandat en cours;2027-03-06 00:00:00.0;SDC RESIDENCE DE LA MAIRIE;38 r roger salengro 93140 BONDY;non connu;non connu;non connu;0;1962-04-25 00:00:00.0;non;non;oui;;0;0;0;161;62;62;60;0;0;0;DE_1961_A_1974;;;;;;;;;;;;;0;non;non connu;non;2021-10-01 00:00:00.0;2022-09-30 00:00:00.0;09/03/2023;179545.0;21799.0;9286.0;34386.0;24;11093.0;non;non renseigné;0;0;0;0;0;0;0;2;collectif;non;gaz_naturel;Non renseigné;Non renseigné;non connu;non connu;1;ADRNIVX_0000000268258385;"60";DE_1961_A_1974;V;"0,404";{93010000AE0121};{93010000AE012102,93010000AE0121A};2_RNIC_FF;4J4S5P752NSA,GAZ1HE516ESX,WP9QE5BG9ACW,1V9E12KECG7C,BEYA51PZ248Z,KDHDFT871FJ2,PJQQVNP4P53P;"7";"1 119";661808.8126956727;6866972.262929998;"661 787,615";"6 866 955,235";"661 808,813";"6 866 972,263";"0";0;0;0;"0";"0";0;0;0;0;0;0.9836065573770492;"0";"0";0.06666666666666667;"0";"16";"0";"55";"0";"0,05";"0";"2";"0";0.38095238095238093;1;0;0.17078234265734265734;0;0;0.04612007310870947235;0;2863.6290322580645161;;0;0;"0";"0,3";"0";1;"0";"0";"0";"0";"-1";"0";"-1";"1";"10";"0";0.1276595744680851;"0";0;"0";"0";"0";"0";"0";"0";1;2.2222222222222223;2.5;"0";"0,962";occup;"26";"9";"5";"5";"5";"2";autres;"2 432,338";"244,08";Gaz;F;;;;;;;;gaz;F;;;
"8 377";93010000AE0123;93010*00456;"[""93010*00456""]";93010;BONDY;93;SIMPLE;"1";"[""93010000AE0123""]";"1 488";CL;"1 987";"1 987";"1 987";"1 987";"1";"1 488";13;SOL;"1 488";"0";"0";"0";"0";"0";"0";"0";"0";"0";"0";"0";"0";"0";"1 488";"83";"0";"0";"0";"0";"0";"62";"0";DEPENDANCE;"4";"21";"0";"21";"21";"1 298";"0";"2";"0";"3";"16";"0";"0";"1";"0";"0";"0";"573";"0";"0";"0";"0";"0";"1 871";"1";"32";G2;PROPRIETE DIVISEE EN LOT;G2a;G2;99;1;MEME COMMUNE;;"1";"1";"1";"[""GG61FRBPXFPE"",""77GCJTH7B2J4"",""B6348KVT2RQP""]";"3";"573";RNC_AB2393437;AB2393437;2017-10-10 00:00:00.0;2022-08-19 00:00:00.0;ATM SARL 34863116900045;non connu;non connu;93010000AE0123;Copropriété immatriculée;3_2;"1";OUI;"93 010";"93";"200 054 781";Métropole du Grand Paris;"1 987";"4";"82";"21";"1 865";"1 298";"0";"21";"19";"3";"0";"16";"0";"0";"0";"0";"2";"0";"0";"4";"3";"4";"10";"0";"0";"31";"21";"1";"2";"0";"8";7;-23.00;"0";"0";"2";"0";;non connu;non connu;non connu;non connu;Pas de mandat en cours;2024-06-30 00:00:00.0;SDC'RESIDENCE DU PARC' A BONDY;28 r roger salengro 93140 Bondy;non connu;non connu;non connu;0;1986-01-29 00:00:00.0;non;non;oui;;0;0;0;82;21;20;41;0;0;0;DE_1975_A_1993;;;;;;;;;;;;;0;non;non connu;non;2021-01-01 00:00:00.0;2021-12-31 00:00:00.0;05/05/2022;50676.0;0.0;13972.0;6292.0;5;3238.0;non;non renseigné;0;0;0;0;0;0;0;3;individuel;non renseigné;non renseigné;Non renseigné;Non renseigné;non connu;non connu;1;ADRNIVX_0000000268257467;"21";DE_1975_A_1993;V;"0,158";{93010000AE0123};{93010000AE012301,93010000AE0123A,93010000AE0123B,93010000AE0123C};2_RNIC_FF;GG61FRBPXFPE,77GCJTH7B2J4,B6348KVT2RQP;"3";"573";661830.4667096385;6867031.946783091;"661 799,941";"6 867 031,819";"661 830,467";"6 867 031,947";"0";0;1;;"0";"0";0;0;0;0;;1;"0";"0";0;"0";"6";"0";"67";"0";"0";"0";"3";"0";0.16129032258064516;0;0;0.12416133870076564843;0;0;0.27571236877417317862;1;;2317.9047619047619048;1;0;"0";"0,381";"0";1;"1";"1";"0";"0";"0";"0";"0";"0";"13";"0";;"0";0;"0";"0";"0";"0";"0";"1,579";3;5.555555555555555;0;"0";"2,2";marche;"25";"8";"5";"5";"5";"2";autres;"1 502,53";"199,717";Electricité;D;;;;;;;;electricite;D;;;
"8 379";93010000AE0129;93010*00526;"[""93010*00526""]";93010;BONDY;93;PDLMP;"7";"[""93010000AE0129"",""93010000AE0130"",""93010000AE0133"",""93010000AE0147"",""93010000AE0150"",""93010000AE0152"",""93010000AE0155""]";"1 887";CLV;"1 993";"1 994";"1 993";"1 994";"7";"1 887";13;SOL;"1 887";"0";"0";"0";"0";"0";"0";"0";"0";"0";"0";"0";"0";"0";"1 887";"195";"0";"0";"0";"0";"0";"120";"0";DEPENDANCE;"3";"75";"0";"75";"75";"3 274";"200";"5";"0";"28";"41";"1";"0";"2";"0";"0";"0";"1 014";"0";"0";"0";"0";"0";"4 488";"7";"78";G2;PROPRIETE DIVISEE EN LOT;G2a;G2;99;2;MEME DEPARTEMENT;;"7";"7";"7";"[""8SEFQD8K8KDW"",""DVP9TEHBFPE8"",""ZPDRQ5J3Z9SM""]";"3";"977";RNC_AB5191739;AB5191739;2017-11-23 00:00:00.0;2023-01-10 00:00:00.0;LAROZE IMMOBILIER 83159289400024;non;non;93010000AE0129;Plusieurs copropriétés immatriculées;1_1;"2";OUI;"93 010";"93";"200 054 781";Métropole du Grand Paris;"1 993";"3";"195";"75";"4 488";"3 474";"0";"75";"68";"28";"0";"39";"1";"2";"0";"0";"5";"1";"0";"21";"39";"15";"0";"0";"0";"77";"73";"1,027";"7";"0";"0";0;;"0";"0";"23";"0";;professionnel;LAROZE IMMOBILIER 83159289400024;6832A;PARIS 12;Mandat en cours;2024-12-31 00:00:00.0;SDC LES JARDINS JULES GUESDE;34 r jules guesde 93140 Bondy;8 rle sainte-barbe 93140 Bondy;10 r jean jaures 93140 Bondy;12 r jean jaures 93140 Bondy;3;2009-12-23 00:00:00.0;non;non;oui;non connu;0;0;0;81;44;44;37;0;0;0;DE_2001_A_2010;93010;000;AE;0129;93010;000;AE;0151;93010;000;AE;0150;5;non;non connu;non;2021-07-01 00:00:00.0;2022-06-30 00:00:00.0;03/01/2023;67154.0;0.0;14193.0;24335.0;8;13339.0;non;2007;0;0;0;0;0;0;0;3;individuel;non renseigné;non renseigné;Non renseigné;Non renseigné;15;94.0;2;non connu;"44";DE_1975_A_1993;V;"0,412";{93010000AE0129,93010000AE0130,93010000AE0133,93010000AE0147,93010000AE0150,93010000AE0152,93010000AE0155};{93010000AE0129A,93010000AE0129B,93010000AE0129C};2_RNIC;8SEFQD8K8KDW,DVP9TEHBFPE8,ZPDRQ5J3Z9SM;"3";"977";661669.9801945536;6867185.687756878;"661 667,618";"6 867 102,394";"661 669,98";"6 867 185,688";"0";0;0;0;"0";"0";0;0;0;0;0;1;"0";"0";0;"0";"6";"0";"46";"0";"0";"0";"4";"0";0.1038961038961039;0;0;0.36237603121184143908;1;0;0.21135003127140602198;0;;1435.3181818181818182;0;0;"0";"0";"0";;"0";"0";"0";"0";"-1";"0";"-1";"0";"5";"0";-1;"0";0;"0";"0";"0";"0";"0";"0";3;0;;"0";"1,034";finan;"14";"6";"5";"1";"0";"2";autres;"1 870,388";"190,939";Electricité;D;;;;;;;;electricite;D;;;
"8 380";93010000AE0129;93010*00526;"[""93010*00526""]";93010;BONDY;93;PDLMP;"7";"[""93010000AE0129"",""93010000AE0130"",""93010000AE0133"",""93010000AE0147"",""93010000AE0150"",""93010000AE0152"",""93010000AE0155""]";"1 887";CLV;"1 993";"1 994";"1 993";"1 994";"7";"1 887";13;SOL;"1 887";"0";"0";"0";"0";"0";"0";"0";"0";"0";"0";"0";"0";"0";"1 887";"195";"0";"0";"0";"0";"0";"120";"0";DEPENDANCE;"3";"75";"0";"75";"75";"3 274";"200";"5";"0";"28";"41";"1";"0";"2";"0";"0";"0";"1 014";"0";"0";"0";"0";"0";"4 488";"7";"78";G2;PROPRIETE DIVISEE EN LOT;G2a;G2;99;2;MEME DEPARTEMENT;;"7";"7";"7";"[""8SEFQD8K8KDW"",""DVP9TEHBFPE8"",""ZPDRQ5J3Z9SM""]";"3";"977";RNC_AB4220489;AB4220489;2017-11-08 00:00:00.0;2023-04-21 00:00:00.0;ATM SARL 34863116900045;non;non;93010000AE0129;Plusieurs copropriétés immatriculées;3_2;"2";OUI;"93 010";"93";"200 054 781";Métropole du Grand Paris;"1 993";"3";"195";"75";"4 488";"3 474";"0";"75";"68";"28";"0";"39";"1";"2";"0";"0";"5";"1";"0";"21";"39";"15";"0";"0";"0";"77";"73";"1,027";"7";"0";"0";0;;"0";"0";"23";"0";;professionnel;ATM SARL 34863116900045;6832A;BONDY;Mandat en cours;2027-04-12 00:00:00.0;SDC LE VIVALDI-RUE STE BARBE;14 r jean jaures 93140 BONDY;5/7 RUELLE SAINTE BARBE 93140 BONDY;non connu;non connu;1;1992-04-30 00:00:00.0;non;non;oui;;0;0;0;225;75;75;75;0;0;0;DE_1975_A_1993;;;;;;;;;;;;;0;non;non connu;non;2022-01-01 00:00:00.0;2022-12-31 00:00:00.0;21/03/2023;107196.0;21170.0;8616.0;13076.0;14;25299.0;non;non renseigné;0;0;0;0;0;0;0;3;individuel;non renseigné;non renseigné;Non renseigné;Non renseigné;10;90.0;2;ADRNIVX_0000000268255511;"75";DE_1975_A_1993;V;"0,412";{93010000AE0129,93010000AE0130,93010000AE0133,93010000AE0147,93010000AE0150,93010000AE0152,93010000AE0155};{93010000AE0129A,93010000AE0129B,93010000AE0129C};2_RNIC;8SEFQD8K8KDW,DVP9TEHBFPE8,ZPDRQ5J3Z9SM;"3";"977";661696.4664954051;6867100.331584346;"661 667,618";"6 867 102,394";"661 696,466";"6 867 100,332";"0";0;0;0;"0";"0";0;0;0;0;0;1;"0";"0";0;"0";"6";"0";"46";"0";"0";"0";"4";"0";0.18181818181818182;0;0;0.10186497982331770095;0;0;0.06712057709985510182;0;;1375.9466666666666667;0;0;"0";"0";"0";;"0";"0";"0";"0";"-1";"0";"-1";"0";"5";"0";-1;"0";0;"0";"0";"0";"0";"0";"0";0;0;;"0";"0";mixte;"14";"6";"5";"1";"0";"2";autres;"1 870,388";"190,939";Electricité;D;;;;;;;;electricite;D;;;
"8 385";93010000AE0161;93010*00566;"[""93010*00566""]";93010;BONDY;93;SIMPLE;"1";"[""93010000AE0161""]";"1 502";CL;"1 979";"1 979";"1 979";"1 979";"1";"1 502";13;SOL;"1 502";"0";"0";"0";"0";"0";"0";"0";"0";"0";"0";"0";"0";"0";"1 502";"58";"1";"1";"1";"1";"0";"34";"4";DEPENDANCE;"2";"23";"0";"23";"23";"1 534";"114";"4";"0";"6";"13";"0";"0";"1";"1";"0";"0";"405";"40";"60";"0";"0";"0";"2 153";"1";"26";G2;PROPRIETE DIVISEE EN LOT;G2a;G2;99;1;MEME COMMUNE;;"1";"1";"1";"[""TEWC7Z4Q131X"",""Y9FNHSFAKAFX""]";"2";"410";RNC_AD5042098;AD5042098;2018-10-18 00:00:00.0;2024-06-18 00:00:00.0;ATM SARL 34863116900045;non;non;93010000AE0161;Copropriété immatriculée;3_2;"1";OUI;"93 010";"93";"200 054 781";Métropole du Grand Paris;"1 979";"2";"58";"23";"2 153";"1 648";"0";"23";"19";"6";"0";"13";"0";"0";"0";"0";"4";"1";"1";"4";"1";"16";"2";"0";"0";"25";"23";"1";"4";"1";"9";7;-32.14;"0";"0";"11";"0";;professionnel;ATM SARL 34863116900045;6832A;BONDY;Mandat en cours;2026-06-04 00:00:00.0;SDC 26 RUE ROGER SALENGRO;26 Rue Roger Salengro 93140 Bondy;non connu;non connu;non connu;0;1979-03-06 00:00:00.0;non;non;oui;;0;0;0;81;26;24;32;0;0;0;DE_1975_A_1993;;;;;;;;;;;;;0;non;non connu;non;2023-01-01 00:00:00.0;2023-12-31 00:00:00.0;03/06/2024;47553.0;993.0;6793.0;2991.0;3;12107.0;non;non renseigné;0;0;0;0;0;0;0;1;individuel;non renseigné;non renseigné;Non renseigné;Non renseigné;18;90.0;1;93010_8172_00026;"23";DE_1975_A_1993;V;"0,316";{93010000AE0161};{93010000AE0161A,93010000AE0161B};2_RNIC_FF;TEWC7Z4Q131X,Y9FNHSFAKAFX;"2";"410";661834.8725271752;6867044.149956923;"661 790,832";"6 867 061,638";"661 834,873";"6 867 044,15";"0";0;0;0;"0";"0";0;0;0;0;0;0.9583333333333334;"0";"0";0;"0";"16";"0";"83";"0";"0";"0";"4";"0";0.12;0;0;0.06161166728463725127;0;0;0.13992913937296584683;0;;1752.0384615384615385;1;0.043478260869565216;"0";"0,391";"0";1;"0";"0";"0";"0";"-1";"0";"-1";"0";"15";"0";-1;"0";0;"0";"0";"0";"0";"0";"0";1;2.2222222222222223;0;"0";"0,577";marche;"26";"9";"5";"5";"5";"2";autres;"1 506,184";"194,488";Mixte (gaz + élec);E;oui;19/05/2021;oui;;"1";"1";26/11/2021;mixte;E;;;
"8 386";93010000AE0163;93010*00178;"[""93010*00178""]";93010;BONDY;93;SIMPLE;"1";"[""93010000AE0163""]";"433";CL;"1 941";"1 941";"1 941";"1 941";"1";"433";13;SOL;"433";"0";"0";"0";"0";"0";"0";"0";"0";"0";"0";"0";"0";"0";"433";"10";"0";"0";"0";"0";"0";"2";"0";APPARTEMENT;"1";"8";"0";"8";"8";"229";"0";"0";"0";"8";"0";"0";"0";"0";"0";"0";"0";"32";"0";"0";"0";"0";"0";"261";"1";"2";G2;PROPRIETE DIVISEE EN LOT;G2a;G2;99;1;MEME COMMUNE;;"1";"1";"1";"[""GKJR11RQFXS3"",""VH4T2AY3163R"",""YCDCTARZZA2Z""]";"3";"204";FF_93010000AE0163;;;;;;;93010000AE0163;Copropriété non immatriculée;;"0";;"93 010";"93";"200 054 781";Métropole du Grand Paris;"1 941";"1";"10";"8";"261";"229";"0";"8";"8";"8";"0";"0";"0";"0";"0";"0";"0";"0";"0";"1";"7";"0";"0";"0";"0";"1";"1";"8";"0";"0";"0";;;"0";"0";"0";"0";E,E,F;;;;;;;;62 RUE JULES GUESDE, BONDY;;;;;;;;;;;;;;;;;;;;;;;;;;;;;;;;;;;;;;;;;;;;;;;;;;;;;;;;;;;;;;;;;"8";AVANT_1949;V;"1";{93010000AE0163};{93010000AE0163B};2_FF;GKJR11RQFXS3,VH4T2AY3163R,YCDCTARZZA2Z;"3";"204";;;"661 821,738";"6 867 126,881";"661 821,738";"6 867 126,881";"1";;;;"0";"0";;;;;;1;"0";"1";0;"0";"0";"0";"0";"1";"0";"0";"0";"0";;;;;;;;;;;;0;"0";"0";"0";;"0";"0";"0";"0";"-1";"0";"-1";"1";"0";"0";0.625;"1";;"0";"1";"0";"0";"0";"7,273";;0;10;"10";"6,087";mixte;"11";"5";"0";"3";"2";"1";présumée fragile;"441,988";"84,601";Electricité;F;;;;;;;; ;;;;
"8 388";93010000AE0165;93010*00576;"[""93010*00576""]";93010;BONDY;93;SIMPLE;"1";"[""93010000AE0165""]";"526";CL;"1 910";"1 936";"1 910";"1 936";"1";"526";13;SOL;"526";"0";"0";"0";"0";"0";"0";"0";"0";"0";"0";"0";"0";"0";"526";"12";"3";"3";"3";"3";"0";"1";"12";APPARTEMENT;"4";"8";"0";"8";"8";"255";"0";"2";"0";"4";"2";"0";"0";"2";"0";"0";"0";"18";"108";"40";"0";"0";"0";"421";"1";"9";G2;PROPRIETE DIVISEE EN LOT;G2a;G2;99;1;MEME COMMUNE;;"1";"1";"1";"[""2CRMNQ88BCJB"",""BFHSPXZ24FW7""]";"2";"258";RNC_AE2895951;AE2895951;2019-01-21 00:00:00.0;2023-07-04 00:00:00.0;FONCIA CHADEFAUX LECOQ 59202763500032;non;non;93010000AE0165;Copropriété immatriculée;3_2;"1";OUI;"93 010";"93";"200 054 781";Métropole du Grand Paris;"1 910";"4";"12";"8";"421";"255";"0";"8";"6";"4";"0";"2";"0";"0";"0";"0";"2";"2";"0";"3";"3";"2";"0";"0";"4";"8";"6";"1,333";"2";"0";"2";1;-20.00;"0";"0";"5";"1";;professionnel;FONCIA CHADEFAUX LECOQ 59202763500032;6831Z;AUBERVILLIERS;Mandat en cours;2025-09-30 00:00:00.0;8-14 RUE ROGER SALENGRO;8A r roger salengro 93140 Bondy;8 r roger salengro 93140 BONDY;non connu;non connu;1;1985-03-25 00:00:00.0;non;non;oui;non connu;0;0;0;24;19;13;1;0;0;0;AVANT_1949;;;;;;;;;;;;;0;non;non connu;non;2021-04-01 00:00:00.0;2022-03-31 00:00:00.0;29/09/2022;20012.0;0.0;747.0;7119.0;4;4164.0;non;non renseigné;0;0;0;0;0;0;0;1;individuel;non renseigné;non renseigné;Non;Sans objet;non connu;non connu;0;non connu;"8";AVANT_1949;V;"0,667";{93010000AE0165};{93010000AE0165A,93010000AE0165B,93010000AE0165C,93010000AE0165D};2_RNIC_FF;2CRMNQ88BCJB,BFHSPXZ24FW7;"2";"258";661856.2687219323;6867098.164331776;"661 846,267";"6 867 102,139";"661 856,269";"6 867 098,164";"0";0;1;0;"0";"0";0;0;0;0;0;0.7272727272727273;"0";"0";0;"0";"0";"0";"100";"0";"0,5";"1";"0";"0";0.5;1;0;0.35573655806516090346;1;0;0.03732760343793723766;0;;1053.2631578947368421;0;0;"0";"0,25";"0";1;"0";"0";"0";"0";"-1";"0";"-1";"0";"0";"0";-1;"0";0;"0";"0";"1";"0";"0";"1,429";4;2.2222222222222223;0;"5";"2,2";bati;"25";"9";"5";"5";"4";"2";autres;"526,18";"125,805";Autre;E;;;;;;;;gaz;E;;;
"8 392";93010000AE0175;93010*00255;"[""93010*00255""]";93010;BONDY;93;SIMPLE;"1";"[""93010000AE0175""]";"3 085";CL;"1 933";"1 974";"1 933";"1 974";"1";"3 085";13;SOL;"3 085";"0";"0";"0";"0";"0";"0";"0";"0";"0";"0";"0";"0";"0";"3 085";"185";"0";"0";"0";"0";"0";"127";"0";DEPENDANCE;"3";"58";"0";"58";"58";"3 595";"0";"5";"0";"22";"31";"0";"0";"2";"1";"0";"0";"1 136";"0";"0";"0";"0";"0";"4 731";"1";"65";G2;PROPRIETE DIVISEE EN LOT;G2a;G2;99;1;MEME COMMUNE;;"1";"1";"1";"[""4YA85V82PNVG"",""77NG6V8JQ1TK"",""8WM3CA4PASX7"",""CWVRZRAHR8KK"",""G5DMNQ99GR2T"",""KFR621KVCJD5"",""KXQPDSTS55NG""]";"7";"1 075";RNC_AA9996315;AA9996315;2017-08-30 00:00:00.0;2023-10-04 00:00:00.0;FONCIA CHADEFAUX LECOQ 59202763500032;non connu;non connu;93010000AE0175;Copropriété immatriculée;3_1;"1";OUI;"93 010";"93";"200 054 781";Métropole du Grand Paris;"1 933";"3";"185";"58";"4 731";"3 595";"0";"58";"50";"22";"0";"28";"0";"3";"0";"0";"5";"2";"1";"17";"16";"6";"8";"11";"5";"64";"57";"1,018";"7";"2";"19";13;-45.23;"0";"0";"20";"8";;non connu;non connu;non connu;non connu;Pas de mandat en cours;2023-11-23 00:00:00.0;RESIDENCE VERLAINE;9T r jean jaures 93140 BONDY;non connu;non connu;non connu;0;2005-02-18 00:00:00.0;non;non;oui;non connu;0;0;0;192;58;58;37;0;0;0;DE_1961_A_1974;;;;;;;;;;;;;0;non;non connu;non;2022-01-01 00:00:00.0;2022-12-31 00:00:00.0;19/06/2023;162541.0;28589.0;9454.0;28394.0;17;18809.0;non;non renseigné;0;0;0;0;0;0;0;1;collectif;non;gaz_naturel;Non renseigné;Non renseigné;15;90.0;1;non connu;"58";AVANT_1949;V;"0,44";{93010000AE0175};{93010000AE0175A,93010000AE0175B,93010000AE0175C};2_RNIC;4YA85V82PNVG,77NG6V8JQ1TK,8WM3CA4PASX7,CWVRZRAHR8KK,G5DMNQ99GR2T,KFR621KVCJD5,KXQPDSTS55NG;"7";"1 075";661748.0862975959;6867090.6492615845;"661 742,001";"6 867 088,132";"661 748,086";"6 867 090,649";"0";0;0;;"0";"0";0;0;0;0;;1;"0";"0";0;"0";"10";"0";"74";"0";"0,086";"0";"5";"0";0.265625;1;0;0.14855857269920996181;0;0;0.04946371579553183697;0;2767.9482758620689655;;0;0.017241379310344827;"0";"0,328";"0";1;"0";"0";"0";"0";"-1";"0";"-1";"0";"13";"0";0.16;"0";0;"0";"0";"1";"0";"0";"0";1;2.2222222222222223;0;"5";"1,042";bati;"24";"8";"5";"5";"4";"2";autres;"3 091,1";"276,305";Gaz;D;oui;17/11/2023;;;;;;gaz;D;;;
"8 397";93010000AE0186;93010*00691;"[""93010*00691""]";93010;BONDY;93;PDLMP;"2";"[""93010000AE0186"",""93010000AE0188""]";"932";CL;"2 003";"2 003";"2 003";"2 003";"2";"932";13;SOL;"932";"0";"0";"0";"0";"0";"0";"0";"0";"0";"0";"0";"0";"0";"932";"49";"1";"0";"1";"1";"0";"22";"4";APPARTEMENT;"2";"26";"0";"26";"26";"1 719";"93";"1";"0";"9";"16";"0";"0";"1";"0";"0";"0";"345";"43";"2";"0";"0";"13";"2 215";"2";"28";G2;PROPRIETE DIVISEE EN LOT;G2a;G2;99;1;MEME COMMUNE;;"2";"2";"2";"[""BRQWW8PGCACY"",""EJMNAAVN7AMJ"",""KYBFMXZ83H3Q""]";"3";"391";RNC_AB2832269;AB2832269;2017-10-17 00:00:00.0;2019-08-28 00:00:00.0;ATM SARL 34863116900045;non connu;non connu;93010000AE0186;Copropriété immatriculée;3_2;"1";OUI;"93 010";"93";"200 054 781";Métropole du Grand Paris;"2 003";"2";"49";"26";"2 215";"1 812";"0";"26";"25";"9";"0";"16";"0";"0";"0";"0";"1";"0";"0";"1";"6";"10";"8";"1";"0";"27";"26";"1";"1";"0";"8";7;-25.86;"0";"0";"0";"0";;non connu;non connu;non connu;non connu;Pas de mandat en cours;2023-05-15 00:00:00.0;RESIDENCE LE CLOS ST PIERRE;52 r jules guesde 93140 Bondy;52-54 r jules guesde 93140 Bondy;56 r jules guesde 93140 Bondy;non connu;2;2002-10-14 00:00:00.0;non;non;oui;;0;0;0;50;27;27;23;0;0;0;DE_2001_A_2010;;;;;;;;;;;;;0;non;non connu;non;2018-01-01 00:00:00.0;2018-12-31 00:00:00.0;28/05/2019;43193.45;7206.54;7252.81;4343.21;4;4075.03;non;non renseigné;0;0;0;0;0;0;0;2;collectif;non;energie_autre;Non renseigné;Non renseigné;non connu;non connu;0;ADRNIVX_0000000311836584;"26";DE_2001_A_2010;V;"0,36";{93010000AE0186,93010000AE0188};{93010000AE0186A,93010000AE0186B};2_RNIC_FF;BRQWW8PGCACY,EJMNAAVN7AMJ,KYBFMXZ83H3Q;"3";"391";661783.0970870468;6867163.589004621;"661 783,641";"6 867 154,573";"661 783,097";"6 867 163,589";"0";1;1;;"0";"0";0;0;0;0;;0.9629629629629629;"0";"0";0;"0";"4";"0";"44";"1";"0";"0";"4";"0";0.14814814814814814;0;0;0.08617481868547989791;0;0;0.14390498887003747421;0;1599.7574074074074074;;0;0;"0";"0,308";"0";1;"0";"0";"0";"0";"0";"0";"0";"0";"0";"0";;"0";0;"0";"0";"0";"0";"0";"4,211";0;2.2222222222222223;0;"0";"2,174";gestion;"23";"8";"5";"5";"4";"1";autres;"931,558";"128,088";Electricité;D;;;;;;;;electricite;D;;;
"8 399";93010000AE0194;93010*00228;"[""93010*00228""]";93010;BONDY;93;SIMPLE;"1";"[""93010000AE0194""]";"1 108";CL;"1 970";"1 970";"1 970";"1 970";"1";"1 108";13;SOL;"1 108";"0";"0";"0";"0";"0";"0";"0";"0";"0";"0";"0";"0";"0";"1 108";"82";"0";"0";"0";"0";"0";"54";"0";DEPENDANCE;"2";"28";"0";"28";"28";"1 115";"0";"2";"0";"8";"16";"2";"0";"2";"1";"0";"0";"426";"0";"0";"0";"0";"0";"1 541";"1";"30";G2;PROPRIETE DIVISEE EN LOT;G2a;G2;99;1;MEME COMMUNE;;"1";"1";"1";"[""9GWS1KE95B6W"",""EKQPFE9X1TMF"",""HTNMXZYDGY5T""]";"3";"385";RNC_AE5094552;AE5094552;2019-02-21 00:00:00.0;2024-01-17 00:00:00.0;KOUBY FINANCIAL AND PROPERTY MANAGEMENT 83335843500018;non connu;non connu;93010000AE0194;Copropriété immatriculée;2;"1";OUI;"93 010";"93";"200 054 781";Métropole du Grand Paris;"1 970";"2";"82";"28";"1 541";"1 115";"0";"28";"25";"8";"0";"15";"2";"1";"0";"0";"2";"1";"1";"7";"14";"7";"0";"0";"0";"29";"27";"1,037";"2";"1";"9";8;-22.25;"0";"0";"6";"4";;non connu;non connu;non connu;non connu;Mandat expiré sans successeur déclaré;2024-09-25 00:00:00.0;50 JULES GUESDE;50 r jules guesde 93140 BONDY;50 r jules guesde 93140 BONDY;50 r jules guesde 93140 BONDY;non connu;2;1970-06-16 00:00:00.0;non;non;oui;non connu;0;0;0;84;28;28;28;0;0;0;DE_1961_A_1974;93010;000;AE;0175;;;;;;;;;1;non;non connu;non;2022-01-01 00:00:00.0;2022-12-31 00:00:00.0;15/09/2023;61212.0;3515.0;13670.0;3672.0;6;5068.0;non;non renseigné;0;0;0;0;0;0;0;1;collectif;non;fioul_domestique;Non;Sans objet;non connu;non connu;1;ADRNIVX_0000000311836583;"28";DE_1961_A_1974;V;"0,32";{93010000AE0194};{93010000AE019401,93010000AE0194A};2_RNIC;9GWS1KE95B6W,EKQPFE9X1TMF,HTNMXZYDGY5T;"3";"385";661749.1125991071;6867090.642479633;"661 762,586";"6 867 136,395";"661 749,113";"6 867 090,642";"0";0;0;;"0";"0";0;0;0;0;;1;"0";"0";0;"0";"14";"0";"13";"1";"0";"0";"10";"0";0.20689655172413793;1;0;0.05673057611197799991;0;0;0.21119471009007060423;0;2114.7142857142857143;;0;0.03571428571428571;"0";"0,321";"0";1;"0";"0";"0";"0";"-1";"0";"-1";"1";"13";"0";-1;"0";0;"0";"0";"1";"0";"0";"1,053";1;2.2222222222222223;3.3333333333333335;"5";"1,875";bati;"24";"8";"5";"5";"4";"2";autres;"1 105,172";"175,965";Fioul;F;oui;06/03/2024;;;;;;fioul;F;;;
"8 400";93010000AE0195;93010*00791;"[""93010*00791""]";93010;BONDY;93;SIMPLE;"1";"[""93010000AE0195""]";"1 286";CL;"1 974";"1 974";"1 974";"1 974";"1";"1 286";13;SOL;"1 286";"0";"0";"0";"0";"0";"0";"0";"0";"0";"0";"0";"0";"0";"1 286";"63";"4";"3";"4";"4";"0";"44";"16";DEPENDANCE;"1";"15";"0";"15";"15";"1 390";"0";"2";"0";"0";"13";"0";"0";"1";"0";"0";"0";"391";"229";"92";"0";"0";"11";"2 113";"1";"21";G2;PROPRIETE DIVISEE EN LOT;G2a;G2;99;2;MEME DEPARTEMENT;;"1";"1";"1";"[""D8N5PV6T1ZEN""]";"1";"411";RNC_AC5181599;AC5181599;2018-05-11 00:00:00.0;2024-03-12 00:00:00.0;SYNDIC ADMINISTRATION DE BIENS IMMOBILIERS 33930323200047;non;non;93010000AE0195;Copropriété immatriculée;3_1;"1";OUI;"93 010";"93";"200 054 781";Métropole du Grand Paris;"1 974";"1";"62";"15";"2 100";"1 390";"0";"15";"12";"0";"0";"12";"0";"1";"0";"0";"2";"1";"0";"0";"0";"0";"5";"10";"1";"20";"15";"1";"4";"0";"5";4;-56.00;"0";"0";"2";"1";;professionnel;SYNDIC ADMINISTRATION DE BIENS IMMOBILIERS 33930323200047;6831Z;SAINT OUEN;Mandat en cours;2025-09-05 00:00:00.0;RESIDENCE SAINTE BARBE;28 r jules guesde 93140 BONDY;32 r jules guesde 93140 BONDY;non connu;non connu;1;1974-04-26 00:00:00.0;non;non;oui;non connu;0;0;0;71;20;15;18;0;0;0;DE_1961_A_1974;;;;;;;;;;;;;0;non;non connu;non;2022-01-01 00:00:00.0;2022-12-31 00:00:00.0;06/03/2024;52886.0;0.0;13617.0;55963.0;4;16912.0;non;non renseigné;0;0;0;0;0;0;0;2;collectif;non;energie_autre;Non;Sans objet;non connu;non connu;0;ADRNIVX_0000000268254540;"15";DE_1961_A_1974;V;"0";{93010000AE0195};{93010000AE0195A};2_RNIC_FF;D8N5PV6T1ZEN;"1";"411";661645.295202304;6867166.613291621;"661 644,797";"6 867 168,285";"661 645,295";"6 867 166,613";"0";0;0;0;"0";"0";0;0;0;0;0;0.7894736842105263;"0";"0";0;"0";"22";"0";"0";"0";"0,067";"0";"0";"0";0.2;0;0;1.05818174942328782665;1;0;0.25747834965775441516;0;2644.3000000000000000;;0;0;"0";"0,333";"1";1;"0";"0";"0";"0";"0";"0";"0";"0";"25";"0";;"0";0;"0";"0";"0";"0";"0";"0";3;3.3333333333333335;0;"0";"1,25";marche;"24";"8";"5";"5";"4";"2";autres;"1 284,429";"146,891";Electricité;E;;;;;;;;electricite;E;;;
"8 434";93010000AG0069;93010*00664;"[""93010*00664""]";93010;BONDY;93;SIMPLE;"1";"[""93010000AG0069""]";"433";CL;"1 929";"1 929";"1 929";"1 929";"1";"433";13;SOL;"433";"0";"0";"0";"0";"0";"0";"0";"0";"0";"0";"0";"0";"0";"433";"93";"2";"2";"2";"2";"0";"42";"8";APPARTEMENT;"1";"49";"0";"49";"49";"1 514";"0";"10";"0";"36";"2";"1";"0";"5";"2";"0";"0";"228";"62";"20";"0";"0";"0";"1 824";"1";"17";G2;PROPRIETE DIVISEE EN LOT;G2a;G2;99;4;FRANCE METROPOLITAINE;;"1";"1";"1";"[""45GQCB7YW9FV"",""4GPPX2MD8NER""]";"2";"358";RNC_AF4283917;AF4283917;2019-08-05 00:00:00.0;2024-05-30 00:00:00.0;CABINET LOISELET PERE FILS ET DAIGREMONT 54206101500237;non connu;non connu;93010000AG0069;Copropriété immatriculée;3_2;"1";OUI;"93 010";"93";"200 054 781";Métropole du Grand Paris;"1 929";"1";"92";"49";"1 795";"1 514";"0";"49";"37";"36";"0";"0";"1";"2";"0";"0";"10";"2";"2";"14";"32";"3";"0";"0";"11";"16";"14";"3,5";"12";"1";"1";1;-67.00;"0";"0";"23";"16";;non connu;non connu;non connu;non connu;Pas de mandat en cours;2022-06-02 00:00:00.0;2VGS;2 Villa Gabriel Seailles 93140 Bondy;2/4 Villa Gabriel Seailles 93140 BONDY;non connu;non connu;1;2001-07-16 00:00:00.0;non;non;oui;non connu;0;0;0;104;50;48;0;0;0;0;NON_CONNUE;;;;;;;;;;;;;0;non;non connu;non;2022-01-01 00:00:00.0;2022-12-31 00:00:00.0;27/07/2023;84213.0;14601.0;14931.0;14682.0;0;20327.0;non;non renseigné;0;0;0;0;0;0;0;1;individuel;non renseigné;non renseigné;Non;Sans objet;non connu;non connu;0;93010_4115_00002;"49";AVANT_1949;V;"0,973";{93010000AG0069};{93010000AG0069A};2_RNIC_FF;45GQCB7YW9FV,4GPPX2MD8NER;"2";"358";661213.41371367;6867022.148218831;"661 222,427";"6 867 017,674";"661 213,414";"6 867 022,148";"0";1;0;;"0";"0";0;0;0;0;;0.9607843137254902;"0";"1";0;"0";"0";"0";"23";"1";"0,224";"0";"0";"0";0;0;0;0.14858218471066852875;0;0;0.15110207055680369178;0;;1684.2600000000000000;1;0.04081632653061224;"0";"0,02";"0";1;"0";"0";"0";"1";"0";"0";"0";"0";"0";"0";;"0";0;"0";"0";"1";"0";"0";"4,211";1;2.2222222222222223;2.857142857142857;"5";"3,061";bati;"24";"8";"5";"5";"4";"2";a surveiller;"435,29";"85,126";Electricité;E;oui;27/09/2023;oui;;"1";;28/05/2024;electricite;E;;;
"8 438";93010000AG0072;93010*00066;"[""93010*00066""]";93010;BONDY;93;SIMPLE;"1";"[""93010000AG0072""]";"151";CL;"1 920";"1 920";"1 920";"1 920";"1";"151";13;SOL;"151";"0";"0";"0";"0";"0";"0";"0";"0";"0";"0";"0";"0";"0";"151";"7";"0";"0";"0";"0";"0";"4";"0";DEPENDANCE;"1";"3";"0";"3";"3";"135";"0";"0";"0";"1";"2";"0";"0";"0";"0";"0";"0";"27";"0";"0";"0";"0";"0";"162";"1";"4";G2;PROPRIETE DIVISEE EN LOT;G2a;G2;99;1;MEME COMMUNE;;"1";"1";"1";"[""NFWTXAK1TN5V""]";"1";"57";RNC_AG8758567;AG8758567;2021-05-20 00:00:00.0;2021-05-20 00:00:00.0;non connu;non connu;non connu;93010000AG0072;Copropriété immatriculée;1_1;"1";OUI;"93 010";"93";"200 054 781";Métropole du Grand Paris;"1 920";"1";"6";"3";"156";"135";"0";"3";"3";"1";"0";"2";"0";"0";"0";"0";"0";"0";"0";"0";"3";"0";"0";"0";"0";"3";"3";"1";"0";"0";"1";1;-66.00;"0";"0";"0";"0";;non connu;non connu;non connu;non connu;Pas de mandat en cours;non connu;226 avenue de Rosny;226 av de rosny 93140 Bondy;non connu;non connu;non connu;0;1950-04-12 00:00:00.0;non;non connu;oui;non connu;;;;7;2;2;2;0;0;0;NON_CONNUE;93010;000;AG;0072;;;;;;;;;1;non;non connu;non renseigné;non connu;non connu;non connu;;;;;;;non renseigné;non renseigné;0;0;0;0;0;1;0;0;individuel;non renseigné;non renseigné;Non renseigné;Non renseigné;non connu;non connu;0;ADRNIVX_0000000268257529;"3";AVANT_1949;V;"0,333";{93010000AG0072};{93010000AG0072A};2_RNIC_FF;NFWTXAK1TN5V;"1";"57";661210.7248104395;6866981.911084342;"661 218,943";"6 866 982,531";"661 210,725";"6 866 981,911";"0";1;1;;"0";"0";0;;;;;1;"0";"0";0;"0";"0";"0";"100";"0";"0";"0";"0";"0";;;;;;;;;;;;0;"0";"0,333";"1";1;"0";"0";"0";"1";"-1";"-1";"-1";"-1";"0";"0";-1;"-1";0;"-1";"0";"0";"0";"0";"3,529";;3.3333333333333335;2.5;"0";"3,056";gestion;"18";"7";"0";"5";"5";"1";a surveiller;"150,203";"49,463";Autre;D;;;;;;;; ;;;;
"8 456";93010000AG0094;93010*00753;"[""93010*00753""]";93010;BONDY;93;SIMPLE;"1";"[""93010000AG0094""]";"617";CL;"1 910";"1 910";"1 910";"1 910";"1";"617";13;SOL;"617";"0";"0";"0";"0";"0";"0";"0";"0";"0";"0";"0";"0";"0";"617";"20";"0";"0";"0";"0";"0";"12";"0";DEPENDANCE;"1";"8";"0";"8";"8";"377";"0";"0";"0";"2";"6";"0";"0";"0";"0";"0";"0";"197";"0";"0";"0";"0";"0";"574";"1";"9";G2 M1;PROPRIETE DIVISEE EN LOT ET PERSONNE MORALE AUTRE;G2a M1a;G2;M1;3;MEME REGION;;"1";"1";"1";"[""CZ14F745QFW3""]";"1";"237";RNC_AD7416860;AD7416860;2018-11-13 00:00:00.0;2023-04-21 00:00:00.0;ATM SARL 34863116900045;non;non;93010000AG0094;Copropriété immatriculée;3_1;"1";OUI;"93 010";"93";"200 054 781";Métropole du Grand Paris;"1 910";"1";"19";"8";"566";"377";"0";"8";"7";"2";"0";"5";"0";"1";"0";"0";"0";"0";"0";"0";"2";"5";"1";"0";"1";"8";"8";"1";"0";"0";"0";0;;"0";"0";"1";"1";;professionnel;ATM SARL 34863116900045;6832A;BONDY;Mandat en cours;2025-04-10 00:00:00.0;SDC 4 BIS ALLEE RULHIERE;4B all rulhiere 93140 BONDY;non connu;non connu;non connu;0;1996-11-19 00:00:00.0;non;non;oui;;0;0;0;27;11;8;0;0;0;0;DE_1949_A_1960;;;;;;;;;;;;;0;non;non connu;non;2022-01-01 00:00:00.0;2022-12-31 00:00:00.0;11/04/2023;11101.0;5606.0;1513.0;782.0;0;2429.0;non;non renseigné;0;0;0;0;0;0;0;2;individuel;non renseigné;non renseigné;Non renseigné;Non renseigné;12;90.0;0;ADRNIVX_0000000268258432;"8";AVANT_1949;V;"0,286";{93010000AG0094};{93010000AG0094A};2_RNIC_FF;CZ14F745QFW3;"1";"237";661364.8131268227;6866946.963981057;"661 367,68";"6 866 949,298";"661 364,813";"6 866 946,964";"0";0;0;0;"0";"0";0;0;0;0;0;1;"0";"0";0;"0";"17";"0";"0";"1";"0,125";"0";"0";"0";0;0;0;0.04680672771892021308;0;0;0.09056084276051954271;0;;1009.1818181818181818;0;0;"0";"0";"0";;"0";"0";"0";"0";"-1";"0";"-1";"1";"20";"0";-1;"0";0;"0";"0";"1";"0";"0";"0,952";0;0;2.5;"5";"1,2";bati;"25";"9";"5";"4";"5";"2";autres;"617,686";"98,564";Electricité;F;;;;;;;;electricite;;;;
"8 465";93010000AG0105;93010*00278;"[""93010*00278""]";93010;BONDY;93;SIMPLE;"1";"[""93010000AG0105""]";"459";CL;"1 910";"1 910";"1 910";"1 910";"1";"459";13;SOL;"459";"0";"0";"0";"0";"0";"0";"0";"0";"0";"0";"0";"0";"0";"459";"14";"0";"0";"0";"0";"0";"11";"0";DEPENDANCE;"2";"3";"0";"3";"3";"96";"0";"2";"0";"1";"0";"0";"0";"2";"1";"0";"0";"123";"0";"0";"0";"0";"0";"219";"1";"2";G2;PROPRIETE DIVISEE EN LOT;G2a;G2;99;1;MEME COMMUNE;;"1";"1";"1";"[""DJ69V8XGGR1R"",""ND9G92QPT4PG"",""ZCWSAJZ42P3M""]";"3";"125";FF_93010000AG0105;;;;;;;93010000AG0105;Copropriété non immatriculée;;"0";;"93 010";"93";"200 054 781";Métropole du Grand Paris;"1 910";"2";"13";"3";"210";"96";"0";"3";"1";"1";"0";"0";"0";"0";"0";"0";"2";"2";"1";"0";"3";"0";"0";"0";"3";"1";"1";"3";"2";"2";"0";;;"0";"0";"0";"0";;;;;;;;;10 RUE PHILEAS COLLARDEAU, BONDY;;;;;;;;;;;;;;;;;;;;;;;;;;;;;;;;;;;;;;;;;;;;;;;;;;;;;;;;;;;;;;;;;"3";AVANT_1949;V;"1";{93010000AG0105};{93010000AG010501,93010000AG0105A};2_FF;DJ69V8XGGR1R,ND9G92QPT4PG,ZCWSAJZ42P3M;"3";"125";;;"661 283,739";"6 866 951,883";"661 283,739";"6 866 951,883";"1";;;;"0";"0";;;;;;1;"0";"1";0;"0";"0";"0";"0";"0";"1";"1";"0";"0";;;;;;;;;;;;0.3333333333333333;"1";"0";"0";;"0";"0";"0";"0";"-1";"-1";"-1";"-1";"0";"0";-1;"-1";;"-1";"0";"0";"0";"0";"8,571";;3.3333333333333335;3.3333333333333335;"0";"5,263";gestion;"9";"3";"0";"3";"3";"0";présumée fragile;"455,863";"107,091";Electricité;G;;;;;;;;electricite;;;;
"8 467";93010000AG0107;93010*00513;"[""93010*00513""]";93010;BONDY;93;SIMPLE;"1";"[""93010000AG0107""]";"325";CL;"1 899";"1 899";"1 899";"1 899";"3";"325";13;SOL;"325";"0";"0";"0";"0";"0";"0";"0";"0";"0";"0";"0";"0";"0";"325";"9";"0";"0";"0";"0";"0";"5";"0";DEPENDANCE;"2";"4";"1";"3";"4";"192";"17";"1";"0";"2";"1";"0";"0";"0";"0";"0";"0";"88";"0";"0";"0";"0";"0";"297";"1";"5";G2;PROPRIETE DIVISEE EN LOT;G2a;G2;99;1;MEME COMMUNE;;"1";"1";"1";"[""NF74B6SX9K1E""]";"1";"103";RNC_AE6235535;AE6235535;2019-02-13 00:00:00.0;2019-01-29 00:00:00.0;CLICSYNDIC 79520330600027;non connu;non connu;93010000AG0107;Copropriété immatriculée;3_2;"1";OUI;"93 010";"93";"200 054 781";Métropole du Grand Paris;"1 899";"2";"9";"4";"297";"209";"1";"3";"3";"2";"0";"1";"0";"0";"0";"0";"1";"0";"0";"0";"2";"2";"0";"0";"0";"4";"4";"1";"1";"0";"2";2;-66.00;"0";"0";"3";"0";;non connu;non connu;non connu;non connu;Pas de mandat en cours;2019-06-28 00:00:00.0;6 rue Phileas Collardeau;6 r phileas collardeau 93140 Bondy;non connu;non connu;non connu;0;1900-01-01 00:00:00.0;non;non;oui;non connu;0;0;0;11;3;3;0;0;0;0;NON_CONNUE;;;;;;;;;;;;;0;non;non connu;oui;2018-01-01 00:00:00.0;2018-12-31 00:00:00.0;non connu;;;;;;;non renseigné;non renseigné;0;0;0;0;0;0;0;1;individuel;non renseigné;non renseigné;Non renseigné;Non renseigné;non connu;non connu;0;ADRNIVX_0000000268258446;"4";AVANT_1949;M;"0,667";{93010000AG0107};{93010000AG0107A,93010000AG0107B};2_RNIC_FF;NF74B6SX9K1E;"1";"103";661269.2913628737;6866969.509108544;"661 265,268";"6 866 943,504";"661 269,291";"6 866 969,509";"0";1;1;;"0";"0";0;0;0;0;;1;"0";"0";0;"0";"0";"0";"50";"0";"0";"0";"0";"0";;;;;;;;;;;;0;"0";"0,5";"1";1;"0";"0";"0";"1";"-1";"-1";"-1";"-1";"0";"0";-1;"-1";0;"-1";"0";"0";"0";"0";"3,158";;3.3333333333333335;2.5;"0";"2,75";marche;"20";"8";"0";"5";"5";"2";a surveiller;"323,091";"90,654";Mixte (gaz + élec);F;;;;;;;;mixte;F;;;
"8 470";93010000AG0113;93010*00064;"[""93010*00064""]";93010;BONDY;93;SIMPLE;"1";"[""93010000AG0113""]";"438";CL;"1 900";"1 900";"1 900";"1 900";"1";"438";13;SOL;"438";"0";"0";"0";"0";"0";"0";"0";"0";"0";"0";"0";"0";"0";"438";"8";"0";"0";"0";"0";"0";"6";"0";DEPENDANCE;"1";"2";"0";"2";"2";"106";"0";"0";"0";"0";"1";"1";"0";"0";"0";"0";"0";"87";"0";"0";"0";"0";"0";"193";"1";"3";G2;PROPRIETE DIVISEE EN LOT;G2a;G2;99;1;MEME COMMUNE;;"1";"1";"1";"[""7WVMNR1WV15Q"",""F3Y9QHEWT45V""]";"2";"94";FF_93010000AG0113;;;;;;;93010000AG0113;Copropriété non immatriculée;;"0";;"93 010";"93";"200 054 781";Métropole du Grand Paris;"1 900";"1";"7";"2";"167";"106";"0";"2";"2";"0";"0";"1";"1";"0";"0";"0";"0";"0";"0";"0";"0";"2";"0";"0";"0";"2";"2";"1";"0";"0";"0";;;"0";"0";"0";"0";;;;;;;;;212 AV DE ROSNY, BONDY;;;;;;;;;;;;;;;;;;;;;;;;;;;;;;;;;;;;;;;;;;;;;;;;;;;;;;;;;;;;;;;;;"2";AVANT_1949;V;"0";{93010000AG0113};{93010000AG0113A};2_FF;7WVMNR1WV15Q,F3Y9QHEWT45V;"2";"94";;;"661 235,156";"6 866 879,552";"661 235,156";"6 866 879,552";"1";;;;"0";"0";;;;;;1;"0";"0";0;"0";"0";"0";"0";"0";"0";"0";"0";"0";;;;;;;;;;;;0;"0";"0";"0";;"0";"0";"0";"1";"-1";"-1";"-1";"-1";"0";"0";-1;"-1";;"-1";"0";"0";"0";"0";"3,333";;0;2.5;"0";"2,174";gestion;"12";"4";"0";"3";"5";"0";autres;"437,732";"98,515";Gaz;G;;;;;;;; ;;;;
"8 474";93010000AG0117;93010*00545;"[""93010*00545""]";93010;BONDY;93;SIMPLE;"1";"[""93010000AG0117""]";"274";CL;"1 924";"1 924";"1 924";"1 924";"1";"274";13;SOL;"274";"0";"0";"0";"0";"0";"0";"0";"0";"0";"0";"0";"0";"0";"274";"5";"0";"0";"0";"0";"0";"1";"0";APPARTEMENT;"2";"4";"1";"3";"4";"164";"0";"1";"0";"3";"0";"0";"0";"1";"0";"0";"0";"10";"0";"0";"0";"0";"0";"174";"1";"3";G2;PROPRIETE DIVISEE EN LOT;G2a;G2;99;1;MEME COMMUNE;;"1";"1";"1";"[""W98ZY4KTDT5P""]";"1";"155";FF_93010000AG0117;;;;;;;93010000AG0117;Copropriété non immatriculée;;"0";;"93 010";"93";"200 054 781";Métropole du Grand Paris;"1 924";"2";"5";"4";"174";"164";"1";"3";"3";"3";"0";"0";"0";"0";"0";"0";"1";"0";"0";"3";"0";"0";"0";"1";"0";"2";"2";"2";"1";"0";"0";;;"0";"0";"0";"0";;;;;;;;;1 RUE MICHELET, BONDY;;;;;;;;;;;;;;;;;;;;;;;;;;;;;;;;;;;;;;;;;;;;;;;;;;;;;;;;;;;;;;;;;"4";AVANT_1949;M;"1";{93010000AG0117};{93010000AG0117A,93010000AG0117B};2_FF;W98ZY4KTDT5P;"1";"155";;;"661 230,757";"6 866 844,985";"661 230,757";"6 866 844,985";"1";;;;"0";"0";;;;;;1;"0";"1";0;"0";"0";"0";"33";"1";"0";"0";"0";"0";;;;;;;;;;;;0;"0";"0";"0";;"0";"0";"0";"1";"-1";"-1";"-1";"-1";"0";"0";-1;"-1";;"-1";"0";"0";"0";"0";"7,273";;0;10;"0";"6,087";occup;"11";"5";"0";"3";"3";"0";présumée fragile;"273,965";"72,562";Electricité;E;;;;;;;;electricite;;;;
"8 475";93010000AG0118;93010*00183;"[""93010*00183""]";93010;BONDY;93;PDLMP;"2";"[""93010000AG0118"",""93010000AG0119""]";"771";CL;"1 912";"1 912";"1 912";"1 912";"3";"665";13;SOL;"665";"0";"0";"0";"0";"0";"0";"0";"0";"0";"0";"0";"0";"0";"665";"2";"0";"0";"0";"0";"0";"0";"0";MAISON;"1";"2";"2";"0";"2";"136";"104";"0";"0";"0";"2";"0";"0";"0";"0";"0";"0";"0";"0";"0";"0";"0";"0";"240";"2";"3";G2;PROPRIETE DIVISEE EN LOT;G2a;G2;99;1;MEME COMMUNE;;"2";"2";"2";"[""55KRHN6Q83S3"",""N2VNM97E1VDZ"",""V7SFNBDDCK66"",""VKM96D63GB75""]";"4";"92";FF_93010000AG0118;;;;;;;93010000AG0118;Copropriété non immatriculée;;"0";;"93 010";"93";"200 054 781";Métropole du Grand Paris;"1 912";"1";"2";"2";"240";"240";"2";"0";"2";"0";"0";"2";"0";"0";"0";"0";"0";"0";"0";"0";"0";"2";"0";"0";"0";"2";"2";"1";"0";"0";"0";;;"0";"0";"0";"0";;;;;;;;;3 RUE MICHELET, BONDY;;;;;;;;;;;;;;;;;;;;;;;;;;;;;;;;;;;;;;;;;;;;;;;;;;;;;;;;;;;;;;;;;"2";AVANT_1949;H;"0";{93010000AG0118,93010000AG0119};{93010000AG0118A};2_FF;55KRHN6Q83S3,N2VNM97E1VDZ,V7SFNBDDCK66,VKM96D63GB75;"4";"92";;;"661 259,093";"6 866 884,813";"661 259,093";"6 866 884,813";"1";;;;"0";"0";;;;;;1;"0";"0";0;"0";"0";"0";"0";"0";"0";"0";"0";"0";;;;;;;;;;;;0;"0";"0";"0";;"0";"0";"0";"1";"-1";"-1";"-1";"-1";"0";"0";-1;"-1";;"-1";"0";"0";"0";"0";"3,333";;0;2.5;"0";"2,174";gestion;"12";"4";"0";"3";"5";"0";autres;"771,448";"215,141";Fioul;E;;;;;;;;gaz;;;;
"8 485";93010000AG0128;93010*00212;"[""93010*00212""]";93010;BONDY;93;SIMPLE;"1";"[""93010000AG0128""]";"244";CL;"1 901";"1 901";"1 901";"1 901";"2";"70";13;SOL;"70";"0";"0";"0";"0";"0";"0";"0";"0";"0";"0";"0";"0";"0";"70";"5";"0";"0";"0";"0";"0";"3";"0";DEPENDANCE;"1";"2";"0";"2";"2";"142";"0";"0";"0";"0";"2";"0";"0";"0";"0";"0";"0";"25";"0";"0";"0";"0";"0";"167";"1";"3";G2;PROPRIETE DIVISEE EN LOT;G2a;G2;99;1;MEME COMMUNE;;"1";"1";"1";"[""KBAHTSFTMAFN""]";"1";"74";FF_93010000AG0128;;;;;;;93010000AG0128;Copropriété non immatriculée;;"0";;"93 010";"93";"200 054 781";Métropole du Grand Paris;"1 901";"1";"4";"2";"158";"142";"0";"2";"1";"0";"0";"1";"0";"1";"0";"0";"0";"0";"0";"0";"0";"1";"0";"1";"0";"2";"2";"1";"1";"0";"0";;;"0";"0";"0";"0";;;;;;;;;10 RUE DE CRONSTADT, BONDY;;;;;;;;;;;;;;;;;;;;;;;;;;;;;;;;;;;;;;;;;;;;;;;;;;;;;;;;;;;;;;;;;"2";AVANT_1949;V;"0";{93010000AG0128};{93010000AG0128A};2_FF;KBAHTSFTMAFN;"1";"74";;;"661 352,995";"6 866 902,384";"661 352,995";"6 866 902,384";"1";;;;"0";"0";;;;;;1;"0";"0";0;"0";"50";"1";"0";"0";"0";"0";"0";"0";;;;;;;;;;;;0;"0";"0";"0";;"0";"0";"0";"0";"-1";"-1";"-1";"-1";"50";"1";-1;"-1";;"-1";"0";"0";"0";"0";"5,556";;0;1.25;"0";"2,609";gestion;"12";"4";"0";"3";"5";"0";a surveiller;"246,037";"68,819";Gaz;E;;;;;;;; ;;;;
"8 498";93010000AG0139;93010*00412;"[""93010*00412""]";93010;BONDY;93;SIMPLE;"1";"[""93010000AG0139""]";"272";CL;"1 930";"1 939";"1 930";"1 939";"1";"24";13;SOL;"24";"0";"0";"0";"0";"0";"0";"0";"0";"0";"0";"0";"0";"0";"24";"7";"0";"0";"0";"0";"0";"3";"0";DEPENDANCE;"2";"4";"2";"2";"4";"140";"34";"0";"0";"0";"3";"1";"0";"0";"0";"1";"0";"48";"0";"0";"0";"0";"0";"222";"1";"5";G2;PROPRIETE DIVISEE EN LOT;G2a;G2;99;1;MEME COMMUNE;;"1";"1";"1";"[""3KMCAC64PM7D"",""H422XNWF7MSD"",""SBN387EEFGG3""]";"3";"153";RNC_AF0210716;AF0210716;2019-06-06 00:00:00.0;2019-06-03 00:00:00.0;M Sibawenou TCHACONDO;non connu;non connu;93010000AG0139;Copropriété immatriculée;1_1;"1";OUI;"93 010";"93";"200 054 781";Métropole du Grand Paris;"1 930";"2";"6";"4";"184";"174";"2";"2";"3";"0";"0";"2";"1";"1";"0";"0";"0";"0";"0";"1";"3";"0";"0";"0";"0";"4";"4";"1";"0";"0";"2";2;-61.50;"0";"0";"3";"2";;non connu;non connu;non connu;non connu;Pas de mandat en cours;2021-03-10 00:00:00.0;10 RUE MICHELET;10 r michelet 93140 Bondy;non connu;non connu;non connu;0;1984-07-11 00:00:00.0;oui;non;oui;non connu;0;0;0;12;4;4;0;0;0;0;AVANT_1949;93010;000;AG;0139;;;;;;;;;1;non;non connu;oui;2019-01-01 00:00:00.0;2019-12-31 00:00:00.0;non connu;;;;;;;non renseigné;1939;0;0;0;0;0;0;0;5;individuel;non renseigné;non renseigné;Non renseigné;Non renseigné;non connu;non connu;0;ADRNIVX_0000000268260914;"4";AVANT_1949;M;"0";{93010000AG0139};{93010000AG0139A,93010000AG0139B};2_RNIC_FF;3KMCAC64PM7D,H422XNWF7MSD,SBN387EEFGG3;"3";"153";661265.8234200443;6866823.746524259;"661 260,587";"6 866 804,093";"661 265,823";"6 866 823,747";"0";1;1;;"0";"0";0;0;0;0;;1;"0";"0";0;"0";"0";"0";"0";"0";"0";"0";"25";"0";;;;;;;;;;;;0;"0";"0,5";"1";1;"0";"0";"0";"1";"-1";"-1";"-1";"-1";"0";"0";-1;"-1";0;"-1";"0";"1";"1";"1";"3,529";;3.3333333333333335;2.5;"5";"3,421";bati;"19";"7";"0";"5";"5";"2";a surveiller;"271,364";"96,934";Mixte (gaz + élec);G;;;;;;;;mixte;G;;;
"8 531";93010000AG0197;93010*00035;"[""93010*00035""]";93010;BONDY;93;SIMPLE;"1";"[""93010000AG0197""]";"221";CL;"1 936";"1 936";"1 936";"1 936";"1";"77";13;SOL;"77";"0";"0";"0";"0";"0";"0";"0";"0";"0";"0";"0";"0";"0";"77";"2";"0";"0";"0";"0";"0";"0";"0";MAISON;"1";"2";"2";"0";"2";"82";"63";"1";"0";"1";"0";"0";"0";"1";"0";"1";"0";"0";"0";"0";"0";"0";"0";"145";"1";"3";G2;PROPRIETE DIVISEE EN LOT;G2a;G2;99;1;MEME COMMUNE;;"1";"1";"1";"[""FDKZ47PRSQ5D""]";"1";"140";FF_93010000AG0197;;;;;;;93010000AG0197;Copropriété non immatriculée;;"0";;"93 010";"93";"200 054 781";Métropole du Grand Paris;"1 936";"1";"2";"2";"145";"145";"2";"0";"1";"1";"0";"0";"0";"0";"0";"0";"1";"1";"0";"0";"0";"2";"0";"0";"0";"2";"2";"1";"1";"0";"0";;;"1";"0";"0";"0";;;;;;;;;185 B AV DE ROSNY, BONDY;;;;;;;;;;;;;;;;;;;;;;;;;;;;;;;;;;;;;;;;;;;;;;;;;;;;;;;;;;;;;;;;;"2";AVANT_1949;H;"1";{93010000AG0197};{93010000AG0197A};2_FF;FDKZ47PRSQ5D;"1";"140";;;"661 193,832";"6 866 803,296";"661 193,832";"6 866 803,296";"1";;;;"0";"0";;;;;;1;"0";"1";0;"0";"0";"0";"0";"1";"0";"0";"0";"0";;;;;;;;;;;;0;"0";"0";"0";;"0";"0";"0";"1";"-1";"-1";"-1";"-1";"0";"0";-1;"-1";;"-1";"0";"0";"1";"1";"7,273";;0;3.3333333333333335;"0";"4";gestion;"12";"5";"0";"3";"3";"1";présumée fragile;"225,29";"68,42";Gaz;E;;;;;;;;gaz;E;;;
"8 533";93010000AG0209;93010*00532;"[""93010*00532""]";93010;BONDY;93;SIMPLE;"1";"[""93010000AG0209""]";"321";CL;"1 930";"1 991";"1 991";"1 991";"4";"321";13;SOL;"321";"0";"0";"0";"0";"0";"0";"0";"0";"0";"0";"0";"0";"0";"321";"17";"0";"0";"0";"0";"0";"8";"0";APPARTEMENT;"3";"9";"0";"9";"9";"238";"0";"5";"0";"4";"0";"0";"0";"1";"1";"0";"0";"52";"0";"0";"0";"0";"0";"290";"1";"8";G2;PROPRIETE DIVISEE EN LOT;G2a;G2;99;1;MEME COMMUNE;;"1";"1";"1";"[""W85NR452F9ZR""]";"1";"137";RNC_AG6928303;AG6928303;2021-03-03 00:00:00.0;2023-03-13 00:00:00.0;FDM IMMO 80226357400013;non;non;93010000AG0209;Copropriété immatriculée;3_2;"1";OUI;"93 010";"93";"200 054 781";Métropole du Grand Paris;"1 991";"3";"17";"9";"290";"238";"0";"9";"4";"4";"0";"0";"0";"0";"0";"0";"5";"1";"1";"3";"6";"0";"0";"0";"3";"7";"7";"1,286";"5";"1";"1";0;;"0";"0";"0";"0";;professionnel;FDM IMMO 80226357400013;6831Z;LIVRY-GARGAN;Mandat en cours;2025-02-09 00:00:00.0;SDC 195 AVENUE DE ROSNY;195 av de rosny 93140 Bondy;non connu;non connu;non connu;0;1991-04-08 00:00:00.0;non;non;oui;non connu;0;0;0;16;7;7;0;0;0;0;AVANT_1949;;;;;;;;;;;;;0;non;non connu;non;2021-01-01 00:00:00.0;2021-12-31 00:00:00.0;03/06/2022;5187.0;0.0;0.0;0.0;0;955.0;non;non renseigné;0;0;0;0;0;0;0;2;individuel;non renseigné;non renseigné;Non renseigné;Non renseigné;non connu;non connu;0;ADRNIVX_0000000268260018;"9";DE_1975_A_1993;V;"1";{93010000AG0209};{93010000AG0209A,93010000AG0209B,93010000AG0209C};2_RNIC_FF;W85NR452F9ZR;"1";"137";661202.3837622562;6866874.990648168;"661 191,484";"6 866 874,144";"661 202,384";"6 866 874,991";"0";0;1;0;"0";"0";0;0;0;0;0;1;"0";"1";0;"0";"0";"0";"50";"0";"0,333";"1";"0";"0";0;0;0;0.00000000000000000000;0;0;0.00000000000000000000;0;;741.0000000000000000;0;0.1111111111111111;"1";"0,111";"0";;"0";"0";"0";"1";"-1";"0";"-1";"0";"0";"0";-1;"1";0;"0";"0";"0";"0";"0";"2,857";0;2.857142857142857;6.666666666666667;"0";"2,609";occup;"22";"9";"5";"4";"3";"1";a surveiller;"320,111";"74,606";Gaz;E;;;;;;;;gaz;;;;
"8 550";93010000AG0322;93010*00748;"[""93010*00748""]";93010;BONDY;93;SIMPLE;"1";"[""93010000AG0322""]";"446";CL;"2 008";"2 011";"2 008";"2 011";"1";"446";13;SOL;"446";"0";"0";"0";"0";"0";"0";"0";"0";"0";"0";"0";"0";"0";"446";"6";"0";"0";"0";"0";"0";"2";"0";APPARTEMENT;"3";"4";"1";"3";"4";"202";"0";"0";"0";"3";"1";"0";"0";"0";"0";"0";"0";"24";"0";"0";"0";"0";"0";"226";"1";"5";G2;PROPRIETE DIVISEE EN LOT;G2a;G2;99;1;MEME COMMUNE;;"1";"1";"1";"[""73VTY2Y4EV9H"",""MWZJWB6CJWTF""]";"2";"119";FF_93010000AG0322;;;;;;;93010000AG0322;Copropriété non immatriculée;;"0";;"93 010";"93";"200 054 781";Métropole du Grand Paris;"2 008";"3";"6";"4";"226";"202";"1";"3";"4";"3";"0";"1";"0";"0";"0";"0";"0";"0";"0";"1";"1";"1";"0";"1";"2";"4";"4";"1";"0";"0";"3";;;"0";"0";"2";"1";;;;;;;;;216 AV DE ROSNY, BONDY;;;;;;;;;;;;;;;;;;;;;;;;;;;;;;;;;;;;;;;;;;;;;;;;;;;;;;;;;;;;;;;;;"4";DE_2001_A_2010;M;"0,75";{93010000AG0322};{93010000AG0322A,93010000AG0322B,93010000AG0322C};2_FF;73VTY2Y4EV9H,MWZJWB6CJWTF;"2";"119";;;"661 227,628";"6 866 910,155";"661 227,628";"6 866 910,155";"1";;;;"0";"0";;;;;;1;"0";"0";0;"0";"0";"0";"0";"1";"0,25";"0";"0";"0";;;;;;;;;;;;0;"0";"0,75";"1";;"2";"1";"0";"1";"-1";"-1";"-1";"-1";"0";"0";-1;"-1";;"-1";"0";"1";"0";"0";"4,545";;5.714285714285714;2.5;"10";"4,643";bati;"15";"5";"0";"4";"5";"1";présumée fragile;"448,464";"87,375";Electricité;D;;;;;;;;electricite;D;;;
"8 565";93010000AH0015;93010*00013;"[""93010*00013""]";93010;BONDY;93;SIMPLE;"1";"[""93010000AH0015""]";"521";CL;"1 900";"1 900";"1 900";"1 900";"1";"521";13;SOL;"521";"0";"0";"0";"0";"0";"0";"0";"0";"0";"0";"0";"0";"0";"521";"9";"0";"0";"0";"0";"0";"4";"0";MIXTE;"1";"5";"1";"4";"5";"166";"30";"1";"0";"1";"3";"0";"0";"0";"0";"0";"0";"42";"0";"0";"0";"0";"0";"238";"1";"5";G2;PROPRIETE DIVISEE EN LOT;G2a;G2;99;1;MEME COMMUNE;;"1";"1";"1";"[""ZFY13FZMRGPP"",""ZZGQS8C33AYS""]";"2";"135";RNC_AF2561074;AF2561074;2020-08-11 00:00:00.0;2022-03-30 00:00:00.0;M michel cracco;non;non;93010000AH0015;Copropriété immatriculée;1_1;"1";OUI;"93 010";"93";"200 054 781";Métropole du Grand Paris;"1 900";"1";"9";"5";"238";"196";"1";"4";"4";"1";"0";"3";"0";"0";"0";"0";"1";"0";"0";"1";"2";"2";"0";"0";"0";"4";"4";"1,25";"1";"0";"0";0;;"1";"1";"1";"1";;bénévole;M michel cracco;non connu;BONDY;Mandat en cours;2025-03-30 00:00:00.0;Michel CRACCO;7 all rulhiere 93140 Bondy;non connu;non connu;non connu;0;1957-07-08 00:00:00.0;non;oui;oui;non connu;0;0;0;9;5;5;0;0;0;0;AVANT_1949;93010;000;AH;0015;;;;;;;;;1;non;non connu;oui;2019-07-31 00:00:00.0;2020-07-31 00:00:00.0;non connu;;;;;;;non;1900;0;0;0;0;0;0;0;2;individuel;non renseigné;non renseigné;Non renseigné;Non renseigné;non connu;non connu;0;ADRNIVX_0000000268258415;"5";AVANT_1949;M;"0,25";{93010000AH0015};{93010000AH0015A};2_RNIC_FF;ZFY13FZMRGPP,ZZGQS8C33AYS;"2";"135";661430.9171659395;6866943.409505511;"661 436,478";"6 866 957,573";"661 430,917";"6 866 943,41";"0";0;1;0;"0";"0";0;0;0;0;0;1;"0";"0";0;"0";"50";"1";"100";"0";"0";"0";"0";"0";;;;;;;;;;;;0;"0";"0";"0";;"0";"0";"0";"0";"0";"0";"0";"0";"50";"1";;"0";0;"0";"0";"1";"0";"0";"2,381";;0;1.25;"5";"2";bati;"20";"9";"0";"4";"5";"2";autres;"523,495";"96,991";Electricité;F;oui;27/08/2022;oui;;"1";;26/09/2022;electricite;F;;;
"8 569";93010000AH0019;93010*00414;"[""93010*00414""]";93010;BONDY;93;SIMPLE;"1";"[""93010000AH0019""]";"904";CL;"1 896";"1 896";"1 896";"1 896";"7";"627";13;SOL;"627";"0";"0";"0";"0";"0";"0";"0";"0";"0";"0";"0";"0";"0";"627";"10";"0";"0";"0";"0";"0";"3";"0";APPARTEMENT;"1";"7";"0";"7";"7";"264";"0";"0";"0";"7";"0";"0";"0";"0";"0";"0";"0";"66";"0";"0";"0";"0";"0";"330";"1";"2";G2;PROPRIETE DIVISEE EN LOT;G2a;G2;99;1;MEME COMMUNE;;"1";"1";"1";"[""49QGRBHA5D73"",""RTW31MYG214Z""]";"2";"166";FF_93010000AH0019;;;;;;;93010000AH0019;Copropriété non immatriculée;;"0";;"93 010";"93";"200 054 781";Métropole du Grand Paris;"1 896";"1";"10";"7";"330";"264";"0";"7";"7";"7";"0";"0";"0";"0";"0";"0";"0";"0";"0";"1";"2";"3";"1";"0";"7";"1";"1";"7";"0";"0";"0";;;"0";"0";"0";"0";;;;;;;;;24 RUE PHILEAS COLLARDEAU, BONDY;;;;;;;;;;;;;;;;;;;;;;;;;;;;;;;;;;;;;;;;;;;;;;;;;;;;;;;;;;;;;;;;;"7";AVANT_1949;V;"1";{93010000AH0019};{93010000AH0019A};2_FF;49QGRBHA5D73,RTW31MYG214Z;"2";"166";;;"661 372,759";"6 866 984,583";"661 372,759";"6 866 984,583";"1";;;;"0";"0";;;;;;1;"0";"1";0;"0";"0";"0";"0";"0";"1";"1";"0";"0";;;;;;;;;;;;0;"0";"0";"0";;"0";"0";"0";"0";"-1";"0";"-1";"1";"0";"0";-1;"0";;"0";"0";"0";"0";"0";"8,571";;0;3.3333333333333335;"0";"4,211";gestion;"9";"3";"0";"3";"3";"0";présumée fragile;"906,775";"120,391";Autre;E;;;;;;;; ;;;;
"8 583";93010000AH0033;93010*00321;"[""93010*00321""]";93010;BONDY;93;SIMPLE;"1";"[""93010000AH0033""]";"403";CL;"1 931";"1 931";"1 931";"1 931";"1";"403";13;SOL;"403";"0";"0";"0";"0";"0";"0";"0";"0";"0";"0";"0";"0";"0";"403";"10";"0";"0";"0";"0";"0";"6";"0";DEPENDANCE;"3";"4";"0";"4";"4";"227";"0";"4";"0";"0";"0";"0";"0";"0";"0";"0";"0";"149";"0";"0";"0";"0";"0";"376";"1";"2";G2;PROPRIETE DIVISEE EN LOT;G2a;G2;99;1;MEME COMMUNE;;"1";"1";"1";"[""24BKB6XCJARV"",""CX9T3E2B35BY"",""P93212J76PN9""]";"3";"151";FF_93010000AH0033;;;;;;;93010000AH0033;Copropriété non immatriculée;;"0";;"93 010";"93";"200 054 781";Métropole du Grand Paris;"1 931";"3";"9";"4";"349";"227";"0";"4";"0";"0";"0";"0";"0";"0";"0";"0";"4";"0";"0";"1";"0";"2";"1";"0";"4";"1";"1";"4";"4";"0";"0";;;"0";"0";"0";"0";G;;;;;;;;19 RUE DE CRONSTADT, BONDY;;;;;;;;;;;;;;;;;;;;;;;;;;;;;;;;;;;;;;;;;;;;;;;;;;;;;;;;;;;;;;;;;"4";AVANT_1949;V;"0";{93010000AH0033};{93010000AH003301,93010000AH003302,93010000AH0033A};2_FF;24BKB6XCJARV,CX9T3E2B35BY,P93212J76PN9;"3";"151";;;"661 365,255";"6 866 835,228";"661 365,255";"6 866 835,228";"1";;;;"0";"0";;;;;;1;"0";"0";0;"0";"0";"0";"0";"0";"1";"1";"0";"0";;;;;;;;;;;;0;"0";"0";"0";;"0";"0";"0";"0";"-1";"-1";"-1";"-1";"0";"0";-1;"-1";;"-1";"1";"0";"0";"0";"7,5";;0;0;"10";"3,571";bati;"7";"2";"0";"3";"1";"1";présumée fragile;"400,885";"82,138";Autre;D;;;;;;;; ;;;;
"8 590";93010000AH0043;93010*00726;"[""93010*00726""]";93010;BONDY;93;SIMPLE;"1";"[""93010000AH0043""]";"345";CL;"1 910";"2 007";"1 910";"1 910";"1";"345";13;SOL;"345";"0";"0";"0";"0";"0";"0";"0";"0";"0";"0";"0";"0";"0";"345";"13";"0";"0";"0";"0";"0";"9";"0";DEPENDANCE;"2";"4";"0";"4";"4";"248";"0";"1";"0";"0";"3";"0";"0";"0";"0";"0";"0";"61";"0";"0";"0";"0";"0";"309";"1";"5";G2;PROPRIETE DIVISEE EN LOT;G2a;G2;99;1;MEME COMMUNE;;"1";"1";"1";"[""8S417VSFPHYG""]";"1";"91";RNC_AE5752589;AE5752589;2019-02-25 00:00:00.0;2023-10-04 00:00:00.0;M Makwala NDUNDU;non connu;non connu;93010000AH0043;Copropriété immatriculée;3_2;"1";OUI;"93 010";"93";"200 054 781";Métropole du Grand Paris;"1 910";"2";"13";"4";"309";"248";"0";"4";"2";"0";"0";"2";"0";"1";"0";"0";"1";"0";"0";"0";"0";"4";"0";"0";"0";"4";"4";"1";"1";"0";"4";2;-17.00;"0";"0";"3";"1";;non connu;non connu;non connu;non connu;Pas de mandat en cours;2024-04-29 00:00:00.0;SDC 35 Rue Michelet chez M Makwala NDUNDU;35 r michelet 93140 Bondy;non connu;non connu;non connu;0;2007-01-01 00:00:00.0;oui;non;oui;non connu;1;0;0;13;4;4;5;0;0;0;AVANT_1949;;;;;;;;;;;;;0;non;non connu;non;2021-04-01 00:00:00.0;2022-03-25 00:00:00.0;27/03/2022;3068.0;0.0;0.0;0.0;0;300.0;non;1889;0;0;0;0;0;0;0;1;individuel;non renseigné;non renseigné;Non;Sans objet;non connu;non connu;0;ADRNIVX_0000000268260883;"4";AVANT_1949;V;"0";{93010000AH0043};{93010000AH004301,93010000AH0043A};2_RNIC_FF;8S417VSFPHYG;"1";"91";661438.0722436215;6866784.899095275;"661 442,344";"6 866 792,128";"661 438,072";"6 866 784,899";"0";0;1;;"0";"0";0;1;0;1;;1;"0";"0";0;"0";"0";"0";"0";"0";"0";"0";"25";"0";0;0;0;0.00000000000000000000;0;0;0.00000000000000000000;0;;767.0000000000000000;0;0;"0";"1";"1";0;"0";"0";"0";"0";"-1";"-1";"-1";"-1";"0";"0";-1;"-1";0;"-1";"0";"1";"0";"0";"2,941";0;1.1111111111111112;0;"5";"1,667";bati;"24";"7";"5";"5";"5";"2";autres;"345,23";"74,164";Electricité;F;;;;;;;;electricite;F;;;
"8 604";93010000AH0060;93010*00642;"[""93010*00642""]";93010;BONDY;93;SIMPLE;"1";"[""93010000AH0060""]";"156";CL;"1 933";"1 933";"1 933";"1 933";"1";"156";13;SOL;"156";"0";"0";"0";"0";"0";"0";"0";"0";"0";"0";"0";"0";"0";"156";"25";"0";"0";"0";"0";"0";"13";"0";DEPENDANCE;"1";"12";"0";"12";"12";"487";"0";"4";"0";"4";"4";"0";"0";"0";"0";"0";"0";"52";"0";"0";"0";"0";"0";"539";"1";"13";F7 G2;INVESTISSEUR PROFESSIONNEL ET PROPRIETE DIVISEE EN LOT;F7b G2a;G2;F7;2;MEME DEPARTEMENT;;"1";"1";"1";"[""ZMVA43H7QSW1""]";"1";"101";RNC_AC4755179;AC4755179;2018-04-26 00:00:00.0;2024-05-31 00:00:00.0;ATM SARL 34863116900045;non;non;93010000AH0060;Copropriété immatriculée;1_1;"1";OUI;"93 010";"93";"200 054 781";Métropole du Grand Paris;"1 933";"1";"25";"12";"539";"487";"0";"12";"7";"4";"0";"3";"0";"1";"0";"0";"4";"0";"0";"1";"11";"0";"0";"0";"1";"13";"12";"1";"4";"0";"6";6;-32.33;"0";"0";"9";"5";;professionnel;ATM SARL 34863116900045;6832A;BONDY;Mandat en cours;2025-05-31 00:00:00.0;2 VILLA DUBREUIL;2 vla du breuil 93140 Bondy;non connu;non connu;non connu;0;1971-03-24 00:00:00.0;non;non;oui;non connu;0;0;0;24;12;12;0;0;0;0;AVANT_1949;93010;000;AH;0060;;;;;;;;;1;non;non connu;non;2022-12-01 00:00:00.0;2023-11-30 00:00:00.0;16/05/2024;24812.0;0.0;3548.0;864.0;2;2019.0;non;193;0;0;0;0;0;0;0;1;collectif;non;fioul_domestique;Non;Sans objet;non connu;non connu;0;ADRNIVX_0000000268259984;"12";AVANT_1949;V;"0,571";{93010000AH0060};{93010000AH0060A};2_RNIC_FF;ZMVA43H7QSW1;"1";"101";661459.3190515194;6866837.80089325;"661 463,232";"6 866 844,847";"661 459,319";"6 866 837,801";"0";0;0;0;"0";"0";0;0;0;0;0;1;"0";"0";0;"0";"0";"0";"50";"0";"0,083";"0";"9";"0";0.15384615384615385;0;0;0.03482186039013380622;0;0;0.14299532484281799129;0;2067.6666666666666667;;0;0;"0";"0,5";"1";1;"0";"0";"0";"0";"0";"0";"0";"0";"0";"0";;"0";0;"0";"0";"1";"0";"0";"0";0;3.3333333333333335;0;"5";"0,962";bati;"26";"9";"5";"5";"5";"2";autres;"153,334";"48,699";Fioul;G;;;;;;;;fioul;G;;;
"8 609";93010000AH0066;93010*00014;"[""93010*00014""]";93010;BONDY;93;SIMPLE;"1";"[""93010000AH0066""]";"982";CL;"1 880";"1 880";"1 880";"1 880";"4";"82";13;SOL;"82";"0";"0";"0";"0";"0";"0";"0";"0";"0";"0";"0";"0";"0";"82";"12";"0";"0";"0";"0";"0";"8";"0";DEPENDANCE;"1";"4";"0";"4";"4";"288";"0";"0";"0";"1";"3";"0";"0";"0";"0";"0";"0";"158";"0";"0";"0";"0";"0";"446";"1";"5";G2;PROPRIETE DIVISEE EN LOT;G2a;G2;99;1;MEME COMMUNE;;"1";"1";"1";"[""12QYPXCE62GT"",""18CNV9DFYTY8"",""N61HN56NB153""]";"3";"198";FF_93010000AH0066;;;;;;;93010000AH0066;Copropriété non immatriculée;;"0";;"93 010";"93";"200 054 781";Métropole du Grand Paris;"1 880";"1";"12";"4";"446";"288";"0";"4";"4";"1";"0";"3";"0";"0";"0";"0";"0";"0";"0";"0";"0";"2";"2";"0";"0";"4";"4";"1";"0";"0";"0";;;"0";"0";"0";"0";;;;;;;;;14 B ALL RULHIERE, BONDY;;;;;;;;;;;;;;;;;;;;;;;;;;;;;;;;;;;;;;;;;;;;;;;;;;;;;;;;;;;;;;;;;"4";AVANT_1949;V;"0,25";{93010000AH0066};{93010000AH0066A};2_FF;12QYPXCE62GT,18CNV9DFYTY8,N61HN56NB153;"3";"198";;;"661 444,755";"6 866 905,593";"661 444,755";"6 866 905,593";"1";;;;"0";"0";;;;;;1;"0";"0";0;"0";"0";"0";"100";"0";"0";"0";"0";"0";;;;;;;;;;;;0;"0";"0";"0";;"0";"0";"0";"0";"-1";"-1";"-1";"-1";"0";"0";-1;"-1";;"-1";"0";"0";"0";"0";"2,727";;0;0;"0";"1,2";gestion;"13";"5";"0";"3";"5";"0";autres;"979,988";"129,845";Gaz;D;;;;;;;;gaz;;;;
"8 613";93010000AH0071;93010*00761;"[""93010*00761""]";93010;BONDY;93;SIMPLE;"1";"[""93010000AH0071""]";"185";CL;"1 869";"1 869";"1 869";"1 869";"1";"185";13;SOL;"185";"0";"0";"0";"0";"0";"0";"0";"0";"0";"0";"0";"0";"0";"185";"4";"0";"0";"0";"0";"0";"2";"0";MIXTE;"1";"2";"0";"2";"2";"126";"0";"0";"0";"0";"2";"0";"0";"0";"0";"0";"0";"32";"0";"0";"0";"0";"0";"158";"1";"3";G2;PROPRIETE DIVISEE EN LOT;G2a;G2;99;1;MEME COMMUNE;;"1";"1";"1";"[""1VY37S1Z4WMV""]";"1";"70";RNC_AE8523680;AE8523680;2019-03-19 00:00:00.0;2024-01-15 00:00:00.0;M JILMAR DURO;non;non;93010000AH0071;Copropriété immatriculée;3_2;"1";OUI;"93 010";"93";"200 054 781";Métropole du Grand Paris;"1 869";"1";"4";"2";"158";"126";"0";"2";"2";"0";"0";"2";"0";"0";"0";"0";"0";"0";"0";"0";"2";"0";"0";"0";"0";"2";"2";"1";"0";"0";"0";0;;"0";"0";"0";"0";;bénévole;M JILMAR DURO;non connu;BONDY;Mandat en cours;2024-12-31 00:00:00.0;LES MARRONNIERS;43 r du breuil 93140 Bondy;non connu;non connu;non connu;0;2011-07-13 00:00:00.0;non;oui;oui;non connu;0;0;0;4;2;2;0;0;0;0;AVANT_1949;;;;;;;;;;;;;0;non;non connu;non;2023-01-01 00:00:00.0;2023-12-31 00:00:00.0;10/01/2024;1570.0;0.0;0.0;0.0;0;30.0;non;non renseigné;0;0;0;0;0;0;0;1;individuel;non renseigné;non renseigné;Non;Sans objet;9;90.0;0;ADRNIVX_0000000268258412;"2";AVANT_1949;V;"0";{93010000AH0071};{93010000AH0071A};2_RNIC_FF;1VY37S1Z4WMV;"1";"70";661516.1786283914;6866943.286856293;"661 524,378";"6 866 942,271";"661 516,179";"6 866 943,287";"0";0;1;0;"0";"0";0;0;0;0;0;1;"0";"0";0;"0";"0";"0";"0";"0";"0";"0";"0";"0";0;0;0;0.00000000000000000000;0;0;0.00000000000000000000;0;;785.0000000000000000;0;0;"0";"0";"0";;"0";"0";"0";"0";"-1";"-1";"-1";"-1";"0";"0";-1;"-1";0;"-1";"0";"0";"0";"0";"1,579";0;0;0;"0";"0,652";gestion;"23";"8";"5";"4";"5";"1";autres;"187,99";"55,561";Gaz;E;oui;04/02/2021;oui;;"2";;04/02/2021; ;;;;
"8 620";93010000AH0080;93010*00445;"[""93010*00445""]";93010;BONDY;93;SIMPLE;"1";"[""93010000AH0080""]";"490";CL;"1 900";"1 900";"1 900";"1 900";"1";"490";13;SOL;"490";"0";"0";"0";"0";"0";"0";"0";"0";"0";"0";"0";"0";"0";"490";"12";"0";"0";"0";"0";"0";"10";"0";DEPENDANCE;"3";"2";"0";"2";"2";"112";"0";"0";"0";"0";"2";"0";"0";"0";"0";"0";"0";"126";"0";"0";"0";"0";"0";"238";"1";"7";G2;PROPRIETE DIVISEE EN LOT;G2a;G2;99;1;MEME COMMUNE;;"1";"1";"1";"[""2TY53BY2183J"",""42T5GM7TZEMM"",""7RAQ9W6RN14A""]";"3";"217";FF_93010000AH0080;;;;;;;93010000AH0080;Copropriété non immatriculée;;"0";;"93 010";"93";"200 054 781";Métropole du Grand Paris;"1 900";"3";"12";"2";"238";"112";"0";"2";"2";"0";"0";"2";"0";"0";"0";"0";"0";"0";"0";"0";"0";"2";"0";"0";"0";"6";"2";"1";"0";"0";"0";;;"0";"0";"0";"0";;;;;;;;;36 RUE PAUL VAILLANT COUTURIER, BONDY;;;;;;;;;;;;;;;;;;;;;;;;;;;;;;;;;;;;;;;;;;;;;;;;;;;;;;;;;;;;;;;;;"2";AVANT_1949;V;"0";{93010000AH0080};{93010000AH008001,93010000AH008002,93010000AH0080A};2_FF;2TY53BY2183J,42T5GM7TZEMM,7RAQ9W6RN14A;"3";"217";;;"661 637,733";"6 866 930,287";"661 637,733";"6 866 930,287";"1";;;;"0";"0";;;;;;1;"0";"0";0;"0";"0";"0";"0";"0";"0";"0";"0";"0";;;;;;;;;;;;0;"0";"0";"0";;"0";"0";"0";"0";"-1";"-1";"-1";"-1";"0";"0";-1;"-1";;"-1";"0";"0";"0";"0";"3,333";;0;0;"0";"1,304";gestion;"12";"4";"0";"3";"5";"0";autres;"491,18";"103,775";Gaz;F;;;;;;;; ;;;;
"8 653";93010000AH0126;93010*00139;"[""93010*00139""]";93010;BONDY;93;SIMPLE;"1";"[""93010000AH0126""]";"108";CL;"1 934";"1 934";"1 934";"1 934";"1";"108";13;SOL;"108";"0";"0";"0";"0";"0";"0";"0";"0";"0";"0";"0";"0";"0";"108";"12";"0";"0";"0";"0";"0";"8";"0";DEPENDANCE;"1";"4";"0";"4";"4";"122";"0";"1";"0";"1";"2";"0";"0";"1";"1";"0";"0";"87";"0";"0";"0";"0";"0";"209";"1";"5";G2;PROPRIETE DIVISEE EN LOT;G2a;G2;99;1;MEME COMMUNE;;"1";"1";"1";"[""AEAH5C93FYMH""]";"1";"83";RNC_AF3389707;AF3389707;2019-07-04 00:00:00.0;2019-07-04 00:00:00.0;non connu;non connu;non connu;93010000AH0126;Copropriété immatriculée;1_1;"1";OUI;"93 010";"93";"200 054 781";Métropole du Grand Paris;"1 934";"1";"11";"4";"199";"122";"0";"4";"3";"1";"0";"2";"0";"0";"0";"0";"1";"1";"1";"2";"2";"0";"0";"0";"0";"4";"4";"1";"1";"1";"2";2;-54.00;"0";"0";"0";"0";;non connu;non connu;non connu;non connu;Pas de mandat en cours;non connu;55 rue Michelet;55 r michelet 93140 Bondy;non connu;non connu;non connu;0;1961-04-18 00:00:00.0;non;non connu;oui;non connu;;;;14;4;4;0;0;0;0;AVANT_1949;93010;000;AH;0126;;;;;;;;;1;non;non connu;non renseigné;non connu;non connu;non connu;;;;;;;non renseigné;non renseigné;0;0;0;0;0;0;1;0;individuel;non renseigné;non renseigné;Non renseigné;Non renseigné;non connu;non connu;0;ADRNIVX_0000000268261770;"4";AVANT_1949;V;"0,333";{93010000AH0126};{93010000AH0126A};2_RNIC_FF;AEAH5C93FYMH;"1";"83";661559.4733585351;6866739.6109358575;"661 561,903";"6 866 744,377";"661 559,473";"6 866 739,611";"0";1;1;;"0";"0";0;;;;;1;"0";"0";0;"0";"25";"0";"100";"0";"0";"0";"0";"0";;;;;;;;;;;;0.25;"1";"0,5";"1";1;"0";"0";"0";"0";"-1";"-1";"-1";"-1";"50";"1";-1;"-1";0;"-1";"0";"0";"0";"0";"3,529";;5.555555555555555;1.25;"0";"3,333";marche;"18";"7";"0";"5";"5";"1";a surveiller;"107,796";"41,649";Gaz;E;;;;;;;;gaz;;;;
"8 657";93010000AH0128;93010*00214;"[""93010*00214""]";93010;BONDY;93;SIMPLE;"1";"[""93010000AH0128""]";"136";CL;"1 920";"1 920";"1 920";"1 920";"1";"136";13;SOL;"136";"0";"0";"0";"0";"0";"0";"0";"0";"0";"0";"0";"0";"0";"136";"6";"0";"0";"0";"0";"0";"4";"0";DEPENDANCE;"1";"2";"0";"2";"2";"161";"0";"2";"0";"0";"0";"0";"0";"0";"0";"0";"0";"43";"0";"0";"0";"0";"0";"204";"1";"3";G2;PROPRIETE DIVISEE EN LOT;G2a;G2;99;1;MEME COMMUNE;;"1";"1";"1";"[""5YD9H18KC5BC""]";"1";"82";FF_93010000AH0128;;;;;;;93010000AH0128;Copropriété non immatriculée;;"0";;"93 010";"93";"200 054 781";Métropole du Grand Paris;"1 920";"1";"6";"2";"204";"161";"0";"2";"0";"0";"0";"0";"0";"0";"0";"0";"2";"0";"0";"0";"0";"1";"1";"0";"0";"2";"2";"1";"2";"0";"1";;;"0";"0";"1";"1";;;;;;;;;61 RUE JEAN JAURES, BONDY;;;;;;;;;;;;;;;;;;;;;;;;;;;;;;;;;;;;;;;;;;;;;;;;;;;;;;;;;;;;;;;;;"2";AVANT_1949;V;"0";{93010000AH0128};{93010000AH0128A};2_FF;5YD9H18KC5BC;"1";"82";;;"661 604,772";"6 866 743,684";"661 604,772";"6 866 743,684";"1";;;;"0";"0";;;;;;1;"0";"0";0;"0";"0";"0";"0";"0";"0";"0";"50";"1";;;;;;;;;;;;0;"0";"0,5";"1";;"0";"0";"0";"0";"-1";"-1";"-1";"-1";"0";"0";-1;"-1";;"-1";"0";"1";"0";"0";"5";;1.4285714285714286;0;"10";"3,529";bati;"9";"3";"0";"4";"1";"1";présumée fragile;"138,712";"47,103";Gaz;F;;;;;;;;gaz;F;;;
"8 661";93010000AH0132;93010*00577;"[""93010*00577""]";93010;BONDY;93;SIMPLE;"1";"[""93010000AH0132""]";"204";CL;"1 920";"1 920";"1 920";"1 920";"1";"204";13;SOL;"204";"0";"0";"0";"0";"0";"0";"0";"0";"0";"0";"0";"0";"0";"204";"10";"0";"0";"0";"0";"0";"7";"0";DEPENDANCE;"1";"3";"0";"3";"3";"155";"0";"0";"0";"3";"0";"0";"0";"0";"0";"0";"0";"84";"0";"0";"0";"0";"0";"239";"1";"2";G2;PROPRIETE DIVISEE EN LOT;G2a;G2;99;1;MEME COMMUNE;;"1";"1";"1";"[""75FHDAZW2FP3"",""M3TBCQHNQSNN""]";"2";"114";FF_93010000AH0132;;;;;;;93010000AH0132;Copropriété non immatriculée;;"0";;"93 010";"93";"200 054 781";Métropole du Grand Paris;"1 920";"1";"10";"3";"239";"155";"0";"3";"3";"3";"0";"0";"0";"0";"0";"0";"0";"0";"0";"0";"2";"0";"1";"0";"0";"1";"1";"3";"0";"0";"2";;;"0";"0";"0";"0";;;;;;;;;55 RUE JEAN JAURES, BONDY;;;;;;;;;;;;;;;;;;;;;;;;;;;;;;;;;;;;;;;;;;;;;;;;;;;;;;;;;;;;;;;;;"3";AVANT_1949;V;"1";{93010000AH0132};{93010000AH0132A};2_FF;75FHDAZW2FP3,M3TBCQHNQSNN;"2";"114";;;"661 621,069";"6 866 786,482";"661 621,069";"6 866 786,482";"1";;;;"0";"0";;;;;;1;"0";"1";0;"0";"0";"0";"100";"0";"0";"0";"0";"0";;;;;;;;;;;;0;"0";"0,667";"1";;"0";"0";"0";"0";"-1";"-1";"-1";"-1";"0";"0";-1;"-1";;"-1";"0";"0";"0";"0";"5,455";;1.4285714285714286;6.666666666666667;"0";"4,583";occup;"12";"5";"0";"4";"3";"0";présumée fragile;"197,588";"57,928";Autre;E;;;;;;;; ;;;;
"8 664";93010000AH0135;93010*00175;"[""93010*00175""]";93010;BONDY;93;PDLMP;"2";"[""93010000AH0135"",""93010000AH0136""]";"534";CL;"1 900";"1 910";"1 900";"1 910";"3";"331";13;SOL;"331";"0";"0";"0";"0";"0";"0";"0";"0";"0";"0";"0";"0";"0";"331";"20";"1";"1";"1";"1";"0";"13";"4";DEPENDANCE;"3";"6";"1";"5";"6";"253";"43";"1";"0";"3";"2";"0";"0";"1";"0";"0";"0";"122";"28";"0";"0";"0";"0";"446";"2";"9";G2;PROPRIETE DIVISEE EN LOT;G2a;G2;99;1;MEME COMMUNE;;"2";"2";"2";"[""B8A2R9BSAF9T"",""C5A23C3EAB37"",""H35T1YV37J2H"",""XRZV9MD32WSA"",""YA8SXSV1J4RG""]";"5";"270";RNC_AG2170181;AG2170181;2020-07-21 00:00:00.0;2020-07-21 00:00:00.0;M Andoni LOITI VITORIA;non;non;93010000AH0135;Copropriété immatriculée;1_1;"1";OUI;"93 010";"93";"200 054 781";Métropole du Grand Paris;"1 900";"3";"20";"6";"446";"296";"1";"5";"5";"3";"0";"2";"0";"0";"0";"0";"1";"1";"0";"1";"2";"3";"0";"0";"1";"8";"6";"1";"1";"0";"3";2;-36.00;"0";"0";"0";"0";;bénévole;M Andoni LOITI VITORIA;non connu;ST DENIS;Mandat en cours;2025-06-20 00:00:00.0;47/49 RUE JEAN JAURES;47 r jean jaures 93140 Bondy;49 r jean jaures 93140 Bondy;non connu;non connu;1;1959-07-22 00:00:00.0;non;non connu;oui;non connu;;;;14;7;6;0;0;0;0;NON_CONNUE;93010;000;AH;0136;93010;000;AH;0135;;;;;2;non;non connu;non renseigné;non connu;non connu;non connu;;;;;;;non renseigné;non renseigné;0;0;0;0;0;0;0;2;non renseigné;non renseigné;non renseigné;Non renseigné;Non renseigné;non connu;non connu;;ADRNIVX_0000000268260854;"6";AVANT_1949;M;"0,6";{93010000AH0135,93010000AH0136};{93010000AH013501,93010000AH0135A,93010000AH0135B};2_RNIC_FF;B8A2R9BSAF9T,C5A23C3EAB37,H35T1YV37J2H,XRZV9MD32WSA,YA8SXSV1J4RG;"5";"270";661634.7332623084;6866811.837657404;"661 633,173";"6 866 813,822";"661 634,733";"6 866 811,838";"0";0;1;0;"0";"0";0;;;;0;0.8571428571428571;"0";"0";0;"0";"0";"0";"0";"1";"0,167";"0";"33";"1";;;;;;;;;;;;0;"0";"0,5";"1";1;"0";"0";"0";"0";"0";"0";"0";"0";"0";"0";;"0";0;"0";"0";"0";"0";"0";"2,632";;3.3333333333333335;0;"0";"2,105";marche;"19";"8";"0";"5";"5";"1";autres;"532,669";"92,891";Gaz;F;;;;;;;;gaz;;;;
"8 675";93010000AH0148;93010*00361;"[""93010*00361""]";93010;BONDY;93;SIMPLE;"1";"[""93010000AH0148""]";"152";CL;"1 910";"1 910";"1 910";"1 910";"1";"152";13;SOL;"152";"0";"0";"0";"0";"0";"0";"0";"0";"0";"0";"0";"0";"0";"152";"4";"0";"0";"0";"0";"0";"2";"0";MIXTE;"1";"2";"0";"2";"2";"70";"0";"0";"0";"0";"2";"0";"0";"0";"0";"0";"0";"29";"0";"0";"0";"0";"0";"99";"1";"3";G2;PROPRIETE DIVISEE EN LOT;G2a;G2;99;1;MEME COMMUNE;;"1";"1";"1";"[""MCWXE4QS76DF""]";"1";"48";RNC_AG8589855;AG8589855;2021-05-11 00:00:00.0;2021-05-11 00:00:00.0;non connu;non connu;non connu;93010000AH0148;Copropriété immatriculée;1_1;"1";OUI;"93 010";"93";"200 054 781";Métropole du Grand Paris;"1 910";"1";"4";"2";"99";"70";"0";"2";"0";"0";"0";"0";"0";"2";"0";"0";"0";"0";"0";"0";"2";"0";"0";"0";"0";"2";"2";"1";"0";"0";"1";1;-59.00;"0";"0";"0";"0";;non connu;non connu;non connu;non connu;Pas de mandat en cours;non connu;SDC 6B RUE YVONNE;6B r yvonne 93140 Bondy;non connu;non connu;non connu;0;1952-07-21 00:00:00.0;non;non connu;oui;non connu;0;0;0;2;2;2;0;0;0;0;AVANT_1949;93010;000;AH;0148;;;;;;;;;1;non;non connu;non renseigné;non connu;non connu;non connu;;;;;;;non renseigné;non renseigné;0;0;0;0;0;0;0;2;individuel;non renseigné;non renseigné;Non renseigné;Non renseigné;non connu;non connu;0;ADRNIVX_0000000268259184;"2";AVANT_1949;V;"0";{93010000AH0148};{93010000AH0148A};2_RNIC_FF;MCWXE4QS76DF;"1";"48";661682.5180547873;6866898.0362279145;"661 683,165";"6 866 897,621";"661 682,518";"6 866 898,036";"0";1;1;;"0";"0";0;0;0;0;;1;"0";"0";0;"0";"0";"0";"0";"0";"0";"0";"0";"0";;;;;;;;;;;;0;"0";"0,5";"1";1;"0";"0";"0";"0";"-1";"-1";"-1";"-1";"0";"0";-1;"-1";0;"-1";"0";"0";"0";"0";"4,286";;3.3333333333333335;0;"0";"3,214";gestion;"14";"6";"0";"5";"2";"1";a surveiller;"153,17";"57,458";Electricité;D;;;;;;;; ;;;;
"8 679";93010000AH0152;93010*00737;"[""93010*00737""]";93010;BONDY;93;SIMPLE;"1";"[""93010000AH0152""]";"224";CL;"1 913";"1 913";"1 913";"1 913";"2";"100";13;SOL;"100";"0";"0";"0";"0";"0";"0";"0";"0";"0";"0";"0";"0";"0";"100";"6";"0";"0";"0";"0";"0";"1";"0";APPARTEMENT;"1";"5";"0";"5";"5";"180";"0";"0";"0";"5";"0";"0";"0";"0";"0";"0";"0";"12";"0";"0";"0";"0";"0";"192";"1";"6";G2 M1;PROPRIETE DIVISEE EN LOT ET PERSONNE MORALE AUTRE;G2a M1a;G2;M1;3;MEME REGION;;"1";"1";"1";"[""1FCTMRHRW12S""]";"1";"87";RNC_AD5758784;AD5758784;2018-10-24 00:00:00.0;2024-08-28 00:00:00.0;ATM SARL 34863116900045;non;non;93010000AH0152;Copropriété immatriculée;3_2;"1";OUI;"93 010";"93";"200 054 781";Métropole du Grand Paris;"1 913";"1";"5";"5";"180";"180";"0";"5";"5";"5";"0";"0";"0";"0";"0";"0";"0";"0";"0";"0";"4";"0";"1";"0";"0";"5";"5";"1";"1";"0";"1";1;-47.00;"0";"0";"2";"1";;professionnel;ATM SARL 34863116900045;6832A;BONDY;Mandat en cours;2027-03-06 00:00:00.0;SDC 16 RUE YVONNE BONDY;16 Rue Yvonne 93140 Bondy;non connu;non connu;non connu;0;1977-01-06 00:00:00.0;non;non;oui;;0;0;0;9;5;5;0;0;0;0;DE_1975_A_1993;;;;;;;;;;;;;0;non;non connu;non;2023-01-01 00:00:00.0;2023-12-31 00:00:00.0;07/03/2024;9962.0;0.0;1100.0;309.0;1;2939.0;non;non renseigné;0;0;0;0;0;0;0;1;individuel;non renseigné;non renseigné;Non renseigné;Non renseigné;11;90.0;0;93010_9980_00016;"5";AVANT_1949;V;"1";{93010000AH0152};{93010000AH0152A};2_RNIC_FF;1FCTMRHRW12S;"1";"87";661681.2234925443;6866846.447114837;"661 669,342";"6 866 849,823";"661 681,223";"6 866 846,447";"0";0;0;0;"0";"0";0;0;0;0;0;1;"0";"1";0;"0";"40";"1";"80";"0";"0";"0";"20";"0";0.2;0;0;0.03101786789801244730;0;0;0.11041959445894398715;0;;1992.4000000000000000;1;0;"0";"0,2";"0";1;"0";"0";"0";"0";"-1";"0";"-1";"1";"0";"0";-1;"0";0;"0";"0";"1";"0";"0";"2,381";1;2.2222222222222223;3.3333333333333335;"5";"2,4";bati;"24";"9";"5";"5";"3";"2";autres;"218,667";"64,564";Electricité;F;;;;;;;;electricite;F;;;
"8 687";93010000AH0162;93010*00202;"[""93010*00202""]";93010;BONDY;93;SIMPLE;"1";"[""93010000AH0162""]";"345";CL;"1 935";"1 935";"1 935";"1 935";"1";"345";13;SOL;"345";"0";"0";"0";"0";"0";"0";"0";"0";"0";"0";"0";"0";"0";"345";"4";"0";"0";"0";"0";"0";"2";"0";MIXTE;"1";"2";"0";"2";"2";"149";"0";"0";"0";"0";"2";"0";"0";"0";"0";"0";"0";"30";"0";"0";"0";"0";"0";"179";"1";"3";G2;PROPRIETE DIVISEE EN LOT;G2a;G2;99;1;MEME COMMUNE;;"1";"1";"1";"[""DZ5XEB2BNFJW""]";"1";"118";FF_93010000AH0162;;;;;;;93010000AH0162;Copropriété non immatriculée;;"0";;"93 010";"93";"200 054 781";Métropole du Grand Paris;"1 935";"1";"4";"2";"179";"149";"0";"2";"2";"0";"0";"2";"0";"0";"0";"0";"0";"0";"0";"0";"0";"0";"2";"0";"0";"2";"2";"1";"0";"0";"0";;;"0";"0";"0";"0";;;;;;;;;3 B RUE BEAUREGARD, BONDY;;;;;;;;;;;;;;;;;;;;;;;;;;;;;;;;;;;;;;;;;;;;;;;;;;;;;;;;;;;;;;;;;"2";AVANT_1949;V;"0";{93010000AH0162};{93010000AH0162A};2_FF;DZ5XEB2BNFJW;"1";"118";;;"661 615,915";"6 866 740,252";"661 615,915";"6 866 740,252";"1";;;;"0";"0";;;;;;1;"0";"0";0;"0";"0";"0";"0";"0";"0";"0";"0";"0";;;;;;;;;;;;0;"0";"0";"0";;"0";"0";"0";"0";"-1";"-1";"-1";"-1";"0";"0";-1;"-1";;"-1";"0";"0";"0";"0";"3,333";;0;0;"0";"1,304";gestion;"12";"4";"0";"3";"5";"0";autres;"342,163";"84,155";Gaz;D;;;;;;;; ;;;;
"8 688";93010000AH0164;93010*00283;"[""93010*00283""]";93010;BONDY;93;SIMPLE;"1";"[""93010000AH0164""]";"276";CL;"1 939";"1 939";"1 939";"1 939";"1";"276";13;SOL;"276";"0";"0";"0";"0";"0";"0";"0";"0";"0";"0";"0";"0";"0";"276";"2";"0";"0";"0";"0";"0";"0";"0";MAISON;"1";"2";"2";"0";"2";"198";"85";"0";"0";"0";"2";"0";"0";"0";"0";"0";"0";"0";"0";"0";"0";"0";"0";"283";"1";"3";G2;PROPRIETE DIVISEE EN LOT;G2a;G2;99;1;MEME COMMUNE;;"1";"1";"1";"[""5N768T2ZQGFF""]";"1";"125";FF_93010000AH0164;;;;;;;93010000AH0164;Copropriété non immatriculée;;"0";;"93 010";"93";"200 054 781";Métropole du Grand Paris;"1 939";"1";"2";"2";"283";"283";"2";"0";"2";"0";"0";"2";"0";"0";"0";"0";"0";"0";"0";"0";"0";"0";"1";"1";"0";"2";"2";"1";"0";"0";"0";;;"1";"1";"0";"0";;;;;;;;;9 RUE BEAUREGARD, BONDY;;;;;;;;;;;;;;;;;;;;;;;;;;;;;;;;;;;;;;;;;;;;;;;;;;;;;;;;;;;;;;;;;"2";AVANT_1949;H;"0";{93010000AH0164};{93010000AH0164A};2_FF;5N768T2ZQGFF;"1";"125";;;"661 667,859";"6 866 735,15";"661 667,859";"6 866 735,15";"1";;;;"0";"0";;;;;;1;"0";"0";0;"0";"50";"1";"0";"0";"0";"0";"0";"0";;;;;;;;;;;;0;"0";"0";"0";;"0";"0";"0";"0";"-1";"-1";"-1";"-1";"50";"1";-1;"-1";;"-1";"0";"1";"0";"0";"5,556";;0;1.25;"10";"3,2";bati;"13";"4";"0";"3";"5";"1";a surveiller;"275,469";"65,893";Gaz;E;;;;;;;; ;;;;
"8 699";93010000AH0184;93010*00844;"[""93010*00844""]";93010;BONDY;93;PDLMP;"2";"[""93010000AH0184"",""93010000AH0194""]";"1 944";CL;"1 968";"1 968";"1 968";"1 968";"2";"1 944";13;SOL;"1 944";"0";"0";"0";"0";"0";"0";"0";"0";"0";"0";"0";"0";"0";"1 944";"123";"3";"3";"3";"3";"0";"81";"12";DEPENDANCE;"1";"39";"0";"39";"39";"2 156";"0";"3";"0";"13";"21";"2";"0";"0";"0";"0";"0";"570";"254";"40";"0";"10";"13";"3 043";"2";"38";G2;PROPRIETE DIVISEE EN LOT;G2a;G2;99;2;MEME DEPARTEMENT;;"2";"2";"2";"[""27A252WXGARV"",""9SP33D4E1H8B""]";"2";"1 064";RNC_AA7926975;AA7926975;2017-08-01 00:00:00.0;2022-06-16 00:00:00.0;COPRO 2A 44333885000037;non connu;non connu;93010000AH0184;Copropriété immatriculée;3_2;"1";OUI;"93 010";"93";"200 054 781";Métropole du Grand Paris;"1 968";"1";"122";"39";"3 024";"2 156";"0";"39";"33";"13";"0";"18";"2";"3";"0";"0";"3";"0";"0";"16";"7";"16";"0";"0";"1";"38";"35";"1,114";"5";"0";"11";9;-30.22;"0";"0";"16";"1";;non connu;non connu;non connu;non connu;Pas de mandat en cours;2023-09-30 00:00:00.0;RESIDENCE HAUDRICOURT;58-60 r roger salengro 93140 Bondy;58-60 r roger salengro 93140 Bondy;58-60 r roger salengro 93140 Bondy;non connu;2;1969-01-16 00:00:00.0;non;non;oui;non connu;0;0;0;121;41;38;0;0;0;0;DE_1961_A_1974;;;;;;;;;;;;;0;non;non connu;non;2021-01-01 00:00:00.0;2021-12-31 00:00:00.0;12/05/2022;118400.0;0.0;4973.0;3572.0;3;27865.0;oui;non renseigné;0;0;0;0;0;0;0;1;collectif;non;fioul_domestique;Non renseigné;Non renseigné;non connu;non connu;2;non connu;"39";DE_1961_A_1974;V;"0,394";{93010000AH0184,93010000AH0194};{93010000AH0184A};2_RNIC_FF;27A252WXGARV,9SP33D4E1H8B;"2";"1 064";661771.5532215651;6866814.268555326;"661 744,539";"6 866 816,265";"661 771,553";"6 866 814,269";"0";0;1;;"0";"0";0;0;0;0;;0.9285714285714286;"0";"0";0;"0";"18";"0";"58";"0";"0,026";"0";"15";"0";0.07894736842105263;0;0;0.03016891891891891892;0;0;0.04200168918918918919;0;1814.6341463414634146;;0;0;"0";"0,282";"0";1;"0";"0";"0";"0";"-1";"0";"-1";"0";"15";"0";0.15151515151515152;"0";0;"0";"0";"0";"0";"0";"1,579";0;2.2222222222222223;0;"0";"1";marche;"25";"8";"5";"5";"5";"2";autres;"1 946,955";"178,358";Fioul;E;;;;;;;;fioul;E;;;
"8 719";93010000AH0226;93010*00838;"[""93010*00838""]";93010;BONDY;93;PDLMP;"2";"[""93010000AH0226"",""93010000AH0227""]";"739";CL;"1 979";"1 979";"1 979";"1 979";"2";"739";13;SOL;"739";"0";"0";"0";"0";"0";"0";"0";"0";"0";"0";"0";"0";"0";"739";"66";"0";"0";"0";"0";"0";"35";"0";DEPENDANCE;"1";"31";"0";"31";"31";"951";"0";"5";"0";"17";"9";"0";"0";"1";"0";"0";"0";"369";"0";"0";"0";"0";"0";"1 320";"2";"34";G2;PROPRIETE DIVISEE EN LOT;G2a;G2;99;1;MEME COMMUNE;;"2";"2";"2";"[""4363KPKKT22N"",""7W296YZVGJ79"",""FMEM3X8WHM3Z"",""WMQ7HVPD3ZFT""]";"4";"338";RNC_AD7347156;AD7347156;2018-11-13 00:00:00.0;2021-06-15 00:00:00.0;ATM SARL 34863116900045;non;non;93010000AH0226;Copropriété immatriculée;3_2;"1";OUI;"93 010";"93";"200 054 781";Métropole du Grand Paris;"1 979";"1";"65";"31";"1 298";"951";"0";"31";"25";"17";"0";"8";"0";"1";"0";"0";"5";"0";"0";"20";"11";"0";"0";"0";"2";"33";"31";"1";"6";"1";"8";8;-8.50;"0";"0";"9";"2";;professionnel;ATM SARL 34863116900045;6832A;BONDY;Mandat en cours;2025-02-01 00:00:00.0;SDC RESIDENCE L'ARMORIAL;54-56 r roger salengro 93140 Bondy;non connu;non connu;non connu;0;1979-01-03 00:00:00.0;non;non;oui;;0;0;0;66;31;31;30;0;0;0;DE_1975_A_1993;;;;;;;;;;;;;0;non;non connu;non;2018-01-01 00:00:00.0;2018-12-31 00:00:00.0;16/05/2019;66237.16;3394.15;14053.81;12716.88;12;6251.6;non;non renseigné;0;0;0;0;0;0;0;1;collectif;non;gaz_naturel;Non renseigné;Non renseigné;non connu;non connu;1;non connu;"31";DE_1975_A_1993;V;"0,68";{93010000AH0226,93010000AH0227};{93010000AH0226A};2_RNIC_FF;4363KPKKT22N,7W296YZVGJ79,FMEM3X8WHM3Z,WMQ7HVPD3ZFT;"4";"338";661772.7747781201;6866832.719994887;"661 752,047";"6 866 829,208";"661 772,775";"6 866 832,72";"0";0;1;0;"0";"0";0;0;0;0;0;1;"0";"0";0;"0";"3";"0";"63";"0";"0,065";"0";"10";"0";0.36363636363636365;1;0;0.18263163510782721164;0;0;0.20183176217710107709;0;2072.1664516129032258;;0;0;"0";"0,258";"0";0;"0";"0";"0";"0";"0";"0";"0";"0";"11";"0";;"0";0;"0";"0";"0";"0";"0";"1,429";1;0;0;"0";"0,769";gestion;"26";"9";"5";"5";"5";"2";autres;"743,909";"108,992";Gaz;E;;;;;;;;gaz;E;;;
"8 728";93010000AH0237;93010*00383;"[""93010*00383""]";93010;BONDY;93;SIMPLE;"1";"[""93010000AH0237""]";"257";CL;"1 912";"1 912";"1 912";"1 912";"2";"140";13;SOL;"140";"0";"0";"0";"0";"0";"0";"0";"0";"0";"0";"0";"0";"0";"140";"13";"0";"0";"0";"0";"0";"7";"0";DEPENDANCE;"1";"6";"0";"6";"6";"280";"0";"0";"0";"4";"2";"0";"0";"0";"0";"0";"0";"74";"0";"0";"0";"0";"0";"354";"1";"7";G2;PROPRIETE DIVISEE EN LOT;G2a;G2;99;1;MEME COMMUNE;;"1";"1";"1";"[""41YEVJYM3ZN1""]";"1";"127";RNC_AG1901578;AG1901578;2020-07-08 00:00:00.0;2020-07-08 00:00:00.0;non connu;non connu;non connu;93010000AH0237;Copropriété immatriculée;1_1;"1";OUI;"93 010";"93";"200 054 781";Métropole du Grand Paris;"1 912";"1";"12";"6";"346";"280";"0";"6";"6";"4";"0";"2";"0";"0";"0";"0";"0";"0";"0";"0";"1";"5";"0";"0";"1";"6";"6";"1";"0";"0";"1";1;-9.00;"0";"0";"0";"0";;non connu;non connu;non connu;non connu;Pas de mandat en cours;non connu;36 rue Yvonne;36 r yvonne 93140 Bondy;non connu;non connu;non connu;0;1981-06-19 00:00:00.0;non;non connu;oui;non connu;;;;14;6;6;0;0;0;0;AVANT_1949;93010;000;AH;0237;;;;;;;;;1;non;non connu;non renseigné;non connu;non connu;non connu;;;;;;;non renseigné;non renseigné;0;0;0;0;0;1;0;0;individuel;non renseigné;non renseigné;Non renseigné;Non renseigné;non connu;non connu;0;ADRNIVX_0000000268261753;"6";AVANT_1949;V;"0,667";{93010000AH0237};{93010000AH0237A};2_RNIC_FF;41YEVJYM3ZN1;"1";"127";661652.9048751314;6866743.884144206;"661 643,784";"6 866 748,886";"661 652,905";"6 866 743,884";"0";1;1;;"0";"0";0;;;;;1;"0";"0";0;"0";"0";"0";"33";"1";"0,167";"0";"0";"0";;;;;;;;;;;;0;"0";"0,167";"0";0;"0";"0";"0";"0";"-1";"0";"-1";"0";"0";"0";-1;"0";0;"0";"0";"0";"0";"0";"4,706";;0;0;"0";"2,222";gestion;"18";"7";"0";"5";"5";"1";autres;"254,486";"64,749";Electricité;D;;;;;;;;electricite;;;;
"8 730";93010000AH0240;93010*00395;"[""93010*00395""]";93010;BONDY;93;SIMPLE;"1";"[""93010000AH0240""]";"240";CL;"0";"0";"0";"0";"2";"93";13;SOL;"93";"0";"0";"0";"0";"0";"0";"0";"0";"0";"0";"0";"0";"0";"93";"7";"0";"0";"0";"0";"0";"4";"0";DEPENDANCE;"2";"3";"0";"3";"3";"142";"0";"0";"0";"1";"2";"0";"0";"0";"0";"0";"0";"45";"0";"0";"0";"0";"0";"187";"1";"4";G2;PROPRIETE DIVISEE EN LOT;G2a;G2;99;1;MEME COMMUNE;;"1";"1";"1";"[""5CSCDWE5SA1X""]";"1";"79";RNC_AD9218660;AD9218660;2018-12-03 00:00:00.0;2022-03-25 00:00:00.0;FONCIA MANAGO 30265417300020;non connu;non connu;93010000AH0240;Copropriété immatriculée;3_2;"1";OUI;"93 010";"93";"200 054 781";Métropole du Grand Paris;"0";"2";"7";"3";"187";"142";"0";"3";"3";"1";"0";"2";"0";"0";"0";"0";"0";"0";"0";"0";"1";"2";"0";"0";"0";"3";"3";"1";"0";"0";"1";0;;"0";"0";"0";"0";;non connu;non connu;non connu;non connu;Pas de mandat en cours;2023-09-30 00:00:00.0;12 ALLEE RULHIERE;12 all rulhiere 93140 BONDY;non connu;non connu;non connu;0;1974-07-24 00:00:00.0;non;non;oui;non connu;0;0;0;3;3;3;0;0;0;0;AVANT_1949;;;;;;;;;;;;;0;non;non connu;non;2021-01-01 00:00:00.0;2021-12-31 00:00:00.0;22/03/2022;6643.0;0.0;466.0;0.0;0;926.0;non;non renseigné;0;0;0;0;0;0;0;1;collectif;non;fioul_domestique;Non renseigné;Non renseigné;9;90.0;0;ADRNIVX_0000000268258419;"3";AVANT_1949;V;"0,333";{93010000AH0240};{93010000AH0240A,93010000AH0240B};2_RNIC_FF;5CSCDWE5SA1X;"1";"79";661428.8059772601;6866934.638614963;"661 427,781";"6 866 922,655";"661 428,806";"6 866 934,639";"0";0;1;;"0";"0";0;0;0;0;;1;"0";"0";0;"0";"0";"0";"100";"0";"0";"0";"0";"0";0;0;0;0.00000000000000000000;0;0;0.07014902905313864218;0;2214.3333333333333333;;0;0;"0";"0,333";"1";;"0";"0";"0";"0";"-1";"-1";"-1";"-1";"0";"0";-1;"-1";0;"-1";"0";"0";"0";"0";"1,579";0;1.4285714285714286;0;"0";"0,87";gestion;"23";"8";"5";"4";"5";"1";autres;"241,083";"65,076";;G;;;;;;;; ;;;;
"8 731";93010000AH0241;93010*00300;"[""93010*00300""]";93010;BONDY;93;SIMPLE;"1";"[""93010000AH0241""]";"1 270";CL;"1 977";"1 977";"1 977";"1 977";"1";"1 270";13;SOL;"1 270";"0";"0";"0";"0";"0";"0";"0";"0";"0";"0";"0";"0";"0";"1 270";"76";"1";"1";"1";"1";"0";"54";"4";DEPENDANCE;"1";"21";"0";"21";"21";"1 285";"0";"3";"0";"2";"15";"1";"0";"0";"0";"0";"0";"410";"82";"12";"0";"0";"0";"1 789";"1";"31";G2;PROPRIETE DIVISEE EN LOT;G2a;G2;99;3;MEME REGION;;"1";"1";"1";"[""M97T3QR8SV4X"",""S6Q59XF7YBEH""]";"2";"875";RNC_AD7462062;AD7462062;2018-11-15 00:00:00.0;2021-06-07 00:00:00.0;CABINET DENIS ET COMPAGNIE 66205605000021;non connu;non connu;93010000AH0241;Copropriété immatriculée;1_1;"1";OUI;"93 010";"93";"200 054 781";Métropole du Grand Paris;"1 977";"1";"75";"21";"1 769";"1 285";"0";"21";"18";"2";"0";"15";"1";"0";"0";"0";"3";"0";"0";"0";"10";"11";"0";"0";"0";"30";"21";"1";"3";"0";"5";4;-28.50;"0";"0";"8";"2";;non connu;non connu;non connu;non connu;Pas de mandat en cours;2024-04-18 00:00:00.0;62/64 RUE ROGER SALENGRO 93140 BONDY;64 r roger salengro 93140 Bondy;non connu;non connu;non connu;0;1975-12-26 00:00:00.0;non;non;oui;non connu;0;0;0;78;23;20;32;0;0;0;DE_1975_A_1993;93010;000;AH;0241;;;;;;;;;1;non;non connu;non;2019-01-01 00:00:00.0;2019-12-31 00:00:00.0;12/11/2020;64429.0;3590.0;10562.0;2990.0;1;10482.0;non;1975;0;0;0;0;0;0;0;1;collectif;non;electricite;Non renseigné;Non renseigné;non connu;non connu;1;non connu;"21";DE_1975_A_1993;V;"0,111";{93010000AH0241};{93010000AH0241A};2_RNIC_FF;M97T3QR8SV4X,S6Q59XF7YBEH;"2";"875";661760.492867751;6866760.29752522;"661 735,04";"6 866 773,962";"661 760,493";"6 866 760,298";"0";0;1;;"0";"0";0;0;0;0;;0.9545454545454546;"0";"0";0;"0";"17";"0";"50";"0";"0";"0";"0";"0";0.03333333333333333;0;0;0.04395830576750613799;0;0;0.15528014231317720049;0;2714.3043478260869565;;0;0;"0";"0,238";"0";1;"0";"0";"0";"0";"-1";"0";"-1";"1";"20";"0";-1;"0";0;"0";"0";"0";"0";"0";"1,579";0;2.2222222222222223;2.5;"0";"1,4";occup;"25";"8";"5";"5";"5";"2";autres;"1 260,503";"153,29";Electricité;D;;;;;;;;electricite;D;;;
"8 733";93010000AH0245;93010*00519;"[""93010*00519""]";93010;BONDY;93;SIMPLE;"1";"[""93010000AH0245""]";"300";CL;"0";"0";"0";"0";"2";"300";13;SOL;"300";"0";"0";"0";"0";"0";"0";"0";"0";"0";"0";"0";"0";"0";"300";"4";"0";"0";"0";"0";"0";"1";"0";APPARTEMENT;"1";"3";"0";"3";"3";"167";"0";"1";"0";"1";"1";"0";"0";"0";"0";"0";"0";"3";"0";"0";"0";"0";"0";"170";"1";"4";G2;PROPRIETE DIVISEE EN LOT;G2a;G2;99;1;MEME COMMUNE;;"1";"1";"1";"[""1V6TJDTATP7P""]";"1";"115";RNC_AI4516829;AI4516829;2023-12-26 00:00:00.0;2023-12-26 00:00:00.0;non connu;non connu;non connu;93010000AH0245;Copropriété immatriculée;1_1;"1";OUI;"93 010";"93";"200 054 781";Métropole du Grand Paris;"0";"1";"4";"3";"170";"167";"0";"3";"2";"1";"0";"1";"0";"0";"0";"0";"1";"0";"0";"0";"1";"2";"0";"0";"1";"3";"3";"1";"1";"0";"0";0;;"0";"0";"2";"0";E;non connu;non connu;non connu;non connu;Pas de mandat en cours;non connu;SDC 25 RUE YVONNE BONDY;25 Rue Yvonne 93140 Bondy;non connu;non connu;non connu;0;1990-07-26 00:00:00.0;non;non connu;oui;non connu;0;0;0;11;4;4;0;0;0;0;DE_1949_A_1960;93010;000;AH;0245;;;;;;;;;1;non;non connu;oui;non connu;2023-12-30 00:00:00.0;non connu;;;;;;;non;non renseigné;0;0;0;0;0;0;0;1;individuel;non renseigné;non renseigné;Non;Sans objet;non connu;non connu;0;Bondy;"3";DE_1949_A_1960;V;"0,5";{93010000AH0245};{93010000AH0245A};0;1V6TJDTATP7P;"1";"115";661686.8242785397;6866784.359411394;"661 684,204";"6 866 783,115";"661 686,824";"6 866 784,359";"0";0;1;;"0";"0";0;0;0;0;;1;"0";"0";0;"0";"0";"0";"0";"0";"0,333";"1";"0";"0";;;;;;;;;;;;0;"0";"0";"0";;"0";"0";"0";"0";"-1";"-1";"-1";"-1";"0";"0";-1;"-1";0;"-1";"0";"0";"0";"0";"1,765";;0;2.5;"0";"1,316";occup;"19";"7";"0";"4";"5";"3";autres;"297,015";"70,626";Mixte (gaz + élec);E;;;;;;;;mixte;E;;;
"8 745";93010000AH0294;93010*00858;"[""93010*00858""]";93010;BONDY;93;SIMPLE;"1";"[""93010000AH0294""]";"227";CL;"2 021";"2 021";"2 021";"2 021";"1";"227";13;SOL;"227";"0";"0";"0";"0";"0";"0";"0";"0";"0";"0";"0";"0";"0";"227";"11";"0";"0";"0";"0";"0";"3";"0";APPARTEMENT;"2";"8";"0";"8";"8";"231";"3";"0";"0";"0";"0";"0";"0";"0";"0";"0";"0";"24";"0";"0";"0";"0";"0";"258";"1";"3";G2;PROPRIETE DIVISEE EN LOT;G2a;G2;99;1;MEME COMMUNE;;"1";"1";"1";"[""Y5XHNMK1GJGX""]";"1";"101";FF_93010000AH0294;;;;;;;93010000AH0294;Copropriété non immatriculée;;"0";;"93 010";"93";"200 054 781";Métropole du Grand Paris;"2 021";"2";"11";"8";"258";"234";"0";"8";"0";"0";"0";"0";"0";"0";"0";"8";"0";"0";"0";"1";"6";"1";"0";"0";"4";"2";"2";"4";"0";"0";"0";;;"0";"0";"0";"0";;;;;;;;;69 B RUE DU BREUIL, BONDY;;;;;;;;;;;;;;;;;;;;;;;;;;;;;;;;;;;;;;;;;;;;;;;;;;;;;;;;;;;;;;;;;"8";A_COMPTER_DE_2011;V;"0";{93010000AH0294};{93010000AH0294A,93010000AH0294CV};0;Y5XHNMK1GJGX;"1";"101";;;"661 466,235";"6 866 784,568";"661 466,235";"6 866 784,568";"1";;;;"0";"0";;;;;;1;"0";"0";0;"0";"0";"0";"0";"0";"0,5";"1";"0";"0";;;;;;;;;;;;0;"0";"0";"0";;"0";"0";"0";"0";"-1";"0";"-1";"0";"0";"0";-1;"0";;"0";"0";"0";"0";"0";"5";;0;0;"0";"2,143";gestion;"7";"3";"0";"3";"1";"0";autres;"233,325";"60,636";Electricité;E;;;;;;;;electricite;;;;
"8 749";93010000AI0009;93010*00661;"[""93010*00661""]";93010;BONDY;93;PDLMP;"3";"[""93010000AI0009"",""93010000AI0019"",""93010000AI0183""]";"2 401";CL;"2 002";"2 003";"2 002";"2 003";"3";"2 401";13;SOL;"2 401";"0";"0";"0";"0";"0";"0";"0";"0";"0";"0";"0";"0";"0";"2 401";"75";"0";"0";"0";"0";"0";"51";"0";DEPENDANCE;"4";"24";"0";"24";"24";"1 330";"324";"3";"0";"6";"15";"0";"0";"1";"0";"0";"0";"396";"0";"0";"0";"0";"0";"2 050";"3";"25";G2;PROPRIETE DIVISEE EN LOT;G2a;G2;99;1;MEME COMMUNE;;"3";"3";"3";"[""3E4A6J8VYVNV"",""93BEKJYGN4RD"",""D185P9F2X94T"",""EMF5YRT4DVEJ"",""RRGQD1KSV7K5""]";"5";"636";RNC_AB2831766;AB2831766;2017-10-17 00:00:00.0;2024-05-21 00:00:00.0;ATM SARL 34863116900045;non connu;non connu;93010000AI0009;Copropriété immatriculée;3_2;"1";OUI;"93 010";"93";"200 054 781";Métropole du Grand Paris;"2 002";"4";"75";"24";"2 050";"1 654";"0";"24";"20";"6";"0";"14";"0";"1";"0";"0";"3";"1";"0";"0";"15";"5";"4";"0";"0";"24";"24";"1";"3";"0";"7";7;7.00;"0";"0";"2";"0";;non connu;non connu;non connu;non connu;Pas de mandat en cours;2021-06-17 00:00:00.0;SDC LES TERRASSES MICHELET;38 Rue Michelet 93140 Bondy;non connu;non connu;non connu;0;2001-01-29 00:00:00.0;non;non;oui;;0;0;0;75;26;24;27;0;0;0;DE_1994_A_2000;;;;;;;;;;;;;0;non;non connu;non;2023-01-01 00:00:00.0;2023-12-31 00:00:00.0;16/04/2024;33337.0;11952.0;3202.0;10351.0;6;6279.0;non;non renseigné;0;0;0;0;0;0;0;3;individuel;non renseigné;non renseigné;Non renseigné;Non renseigné;non connu;non connu;0;93010_6212_00038;"24";DE_2001_A_2010;V;"0,3";{93010000AI0009,93010000AI0019,93010000AI0183};{93010000AI000901,93010000AI0009A,93010000AI0009B,93010000AI0009C};2_RNIC_FF;3E4A6J8VYVNV,93BEKJYGN4RD,D185P9F2X94T,EMF5YRT4DVEJ,RRGQD1KSV7K5;"5";"636";661387.0359546884;6866794.469050012;"661 376,05";"6 866 763,998";"661 387,036";"6 866 794,469";"0";1;0;;"0";"0";0;0;0;0;;1;"0";"0";0;"0";"4";"0";"33";"1";"0";"0";"4";"0";0.25;1;0;0.22855439510697961978;0;1;0.07070149484422265892;0;;1282.1923076923076923;0;0;"0";"0,292";"0";0;"0";"0";"0";"0";"-1";"0";"-1";"1";"7";"0";-1;"0";0;"0";"0";"0";"0";"0";"2,632";4;0;2.5;"0";"2,2";finan;"25";"8";"5";"5";"5";"2";autres;"2 398,88";"274,892";Electricité;D;;;;;;;;electricite;D;;;
"8 754";93010000AI0020;93010*00138;"[""93010*00138""]";93010;BONDY;93;SIMPLE;"1";"[""93010000AI0020""]";"867";CL;"1 949";"1 949";"1 949";"1 949";"1";"867";13;SOL;"867";"0";"0";"0";"0";"0";"0";"0";"0";"0";"0";"0";"0";"0";"867";"23";"0";"0";"0";"0";"0";"12";"0";DEPENDANCE;"1";"11";"2";"9";"11";"531";"87";"1";"0";"3";"7";"0";"0";"1";"0";"1";"0";"95";"0";"0";"0";"0";"0";"713";"1";"12";G2;PROPRIETE DIVISEE EN LOT;G2a;G2;99;1;MEME COMMUNE;;"1";"1";"1";"[""6WZ6S6Q2ZFV7"",""3DRHG4ATC7RF"",""5QM1Q8MX3MCR""]";"3";"257";RNC_AD6405088;AD6405088;2019-02-06 00:00:00.0;2021-04-22 00:00:00.0;IMMO FAN 43935578500023;non;non;93010000AI0020;Copropriété immatriculée;3_2;"1";OUI;"93 010";"93";"200 054 781";Métropole du Grand Paris;"1 949";"1";"22";"11";"707";"618";"2";"9";"9";"3";"0";"6";"0";"1";"0";"0";"1";"1";"0";"0";"9";"1";"1";"0";"0";"11";"11";"1";"1";"0";"10";9;0.00;"0";"0";"7";"3";;professionnel;IMMO FAN 43935578500023;6831Z;PARIS 18;Mandat en cours;2025-08-01 00:00:00.0;SDC 44 RUE MICHELET;44 r michelet 93140 Bondy;3 pas michelet 93140 Bondy;3B pas michelet 93140 Bondy;non connu;2;1954-10-01 00:00:00.0;non;non;oui;non connu;0;0;0;14;14;14;0;0;0;0;AVANT_1949;;;;;;;;;;;;;0;non;non connu;non;2019-07-01 00:00:00.0;2020-07-01 00:00:00.0;31/01/2021;9044.0;0.0;2263.0;2369.0;1;391.0;non;non renseigné;0;0;0;0;0;0;0;3;individuel;non renseigné;non renseigné;Non renseigné;Non renseigné;non connu;non connu;0;ADRNIVX_0000000268260895;"11";DE_1949_A_1960;M;"0,333";{93010000AI0020};{93010000AI0020A};2_RNIC_FF;6WZ6S6Q2ZFV7,3DRHG4ATC7RF,5QM1Q8MX3MCR;"3";"257";661421.7727200387;6866781.338035423;"661 405,956";"6 866 731,436";"661 421,773";"6 866 781,338";"0";0;1;0;"0";"0";0;0;0;0;0;1;"0";"0";0;"0";"9";"0";"67";"0";"0";"0";"18";"0";0.09090909090909091;0;0;0.26194161875276426360;1;0;0.25022114108801415303;1;;646.0000000000000000;0;0;"0";"0,909";"1";0;"0";"0";"0";"0";"0";"0";"0";"0";"14";"0";;"0";0;"0";"0";"1";"1";"1";"1,429";5;1.1111111111111112;0;"5";"2,115";mixte;"26";"9";"5";"5";"5";"2";autres;"874,34";"233,714";Gaz;F;oui;18/09/2018;oui;;"2";;10/07/2025;gaz;F;;;
"8 763";93010000AI0033;93010*00720;"[""93010*00720""]";93010;BONDY;93;SIMPLE;"1";"[""93010000AI0033""]";"329";CL;"1 914";"1 914";"1 914";"1 914";"1";"329";13;SOL;"329";"0";"0";"0";"0";"0";"0";"0";"0";"0";"0";"0";"0";"0";"329";"2";"0";"0";"0";"0";"0";"0";"0";MAISON;"2";"2";"2";"0";"2";"110";"110";"0";"0";"0";"2";"0";"0";"0";"0";"0";"0";"0";"0";"0";"0";"0";"0";"220";"1";"3";G2;PROPRIETE DIVISEE EN LOT;G2a;G2;99;1;MEME COMMUNE;;"1";"1";"1";"[""G4JQ89V147R9""]";"1";"74";FF_93010000AI0033;;;;;;;93010000AI0033;Copropriété non immatriculée;;"0";;"93 010";"93";"200 054 781";Métropole du Grand Paris;"1 914";"2";"2";"2";"220";"220";"2";"0";"2";"0";"0";"2";"0";"0";"0";"0";"0";"0";"0";"0";"0";"2";"0";"0";"0";"2";"2";"1";"0";"0";"0";;;"0";"0";"0";"0";;;;;;;;;99 B RUE BAUDIN, BONDY;;;;;;;;;;;;;;;;;;;;;;;;;;;;;;;;;;;;;;;;;;;;;;;;;;;;;;;;;;;;;;;;;"2";AVANT_1949;H;"0";{93010000AI0033};{93010000AI0033A,93010000AI0033B};2_FF;G4JQ89V147R9;"1";"74";;;"661 392,053";"6 866 662,131";"661 392,053";"6 866 662,131";"1";;;;"0";"0";;;;;;1;"0";"0";0;"0";"0";"0";"0";"0";"0";"0";"0";"0";;;;;;;;;;;;0;"0";"0";"0";;"0";"0";"0";"0";"-1";"-1";"-1";"-1";"0";"0";-1;"-1";;"-1";"0";"0";"0";"0";"3,333";;0;0;"0";"1,304";gestion;"12";"4";"0";"3";"5";"0";autres;"327,391";"96,111";Gaz;G;;;;;;;; ;;;;
"8 764";93010000AI0035;93010*00738;"[""93010*00738""]";93010;BONDY;93;SIMPLE;"1";"[""93010000AI0035""]";"503";CL;"1 958";"1 958";"1 958";"1 958";"1";"503";13;SOL;"503";"0";"0";"0";"0";"0";"0";"0";"0";"0";"0";"0";"0";"0";"503";"6";"0";"0";"0";"0";"0";"3";"0";MIXTE;"1";"3";"0";"3";"3";"145";"0";"0";"0";"1";"2";"0";"0";"0";"0";"0";"0";"24";"0";"0";"0";"0";"0";"169";"1";"4";F7 G2;INVESTISSEUR PROFESSIONNEL ET PROPRIETE DIVISEE EN LOT;F7b G2a;G2;F7;3;MEME REGION;;"1";"1";"1";"[""RTJYM72ZJK6S""]";"1";"64";RNC_AA2422301;AA2422301;2017-03-10 00:00:00.0;2024-06-11 00:00:00.0;ULAN IMMOBILIER 48468984900020;non;non;93010000AI0035;Copropriété immatriculée;3_2;"1";OUI;"93 010";"93";"200 054 781";Métropole du Grand Paris;"1 958";"1";"6";"3";"169";"145";"0";"3";"3";"1";"0";"2";"0";"0";"0";"0";"0";"0";"0";"0";"0";"3";"0";"0";"0";"3";"3";"1";"0";"0";"0";0;;"0";"0";"1";"1";;professionnel;ULAN IMMOBILIER 48468984900020;6832A;PARIS 13;Mandat en cours;2025-12-31 00:00:00.0;SDC 107 Baudin;107 r baudin 93140 Bondy;non connu;non connu;non connu;0;2012-06-13 00:00:00.0;non;non;oui;non connu;0;0;0;9;3;3;0;0;0;0;DE_1949_A_1960;;;;;;;;;;;;;0;non;non connu;non;2023-01-01 00:00:00.0;2023-12-31 00:00:00.0;10/06/2024;4333.0;5351.0;6.0;920.0;1;1002.0;non;non renseigné;0;0;0;0;0;0;0;1;individuel;non renseigné;non renseigné;Non;Sans objet;non connu;non connu;0;non connu;"3";DE_1949_A_1960;V;"0,333";{93010000AI0035};{93010000AI0035A};2_RNIC_FF;RTJYM72ZJK6S;"1";"64";661403.9013266618;6866618.991364913;"661 414,265";"6 866 645,137";"661 403,901";"6 866 618,991";"0";0;0;0;"0";"0";0;0;0;0;0;1;"0";"0";0;"0";"0";"0";"0";"1";"0";"0";"0";"0";0.3333333333333333;0;1;0.09500206526228831062;0;1;0.00061957868649318463;0;;1444.3333333333333333;0;0;"0";"0";"0";;"0";"0";"0";"0";"-1";"-1";"-1";"-1";"0";"0";-1;"-1";0;"-1";"0";"1";"0";"0";"0,952";3;0;0;"5";"1,4";bati;"25";"9";"5";"4";"5";"2";autres;"505,355";"128,858";Gaz;F;;;;;;;;gaz;F;;;
"8 766";93010000AI0038;93010*00586;"[""93010*00586""]";93010;BONDY;93;SIMPLE;"1";"[""93010000AI0038""]";"242";CL;"1 898";"1 912";"1 898";"1 912";"1";"242";13;SOL;"242";"0";"0";"0";"0";"0";"0";"0";"0";"0";"0";"0";"0";"0";"242";"4";"0";"0";"0";"0";"0";"1";"0";MAISON;"3";"3";"3";"0";"3";"153";"12";"1";"0";"0";"2";"0";"0";"1";"0";"0";"0";"15";"0";"0";"0";"0";"0";"180";"1";"3";G2;PROPRIETE DIVISEE EN LOT;G2a;G2;99;1;MEME COMMUNE;;"1";"1";"1";"[""CHVZ7N1P17MG""]";"1";"130";RNC_AI4469300;AI4469300;2023-12-21 00:00:00.0;2023-12-21 00:00:00.0;non connu;non connu;non connu;93010000AI0038;Copropriété immatriculée;1_1;"1";OUI;"93 010";"93";"200 054 781";Métropole du Grand Paris;"1 898";"3";"4";"3";"180";"165";"3";"0";"2";"0";"0";"2";"0";"0";"0";"0";"1";"0";"0";"1";"0";"1";"1";"0";"0";"2";"2";"1,5";"1";"0";"2";0;;"0";"0";"1";"1";;non connu;non connu;non connu;non connu;Pas de mandat en cours;non connu;SDC 113 RUE BAUDIN;113 Rue Baudin 93140 Bondy;Rue de l'Egalité 93140 Bondy;non connu;non connu;1;1995-06-15 00:00:00.0;non;non connu;oui;non connu;0;0;0;3;3;3;0;0;0;0;DE_1949_A_1960;93010;000;AI;0038;;;;;;;;;1;non;non connu;oui;2023-01-01 00:00:00.0;2023-12-31 00:00:00.0;non connu;;;;;;;non;non renseigné;0;0;0;0;0;0;3;0;individuel;non renseigné;non renseigné;Non;Sans objet;non connu;non connu;0;Bondy;"3";AVANT_1949;H;"0";{93010000AI0038};{93010000AI0038A,93010000AI0038B,93010000AI0038C};0;CHVZ7N1P17MG;"1";"130";661429.7838259453;6866608.254699139;"661 438,223";"6 866 616,138";"661 429,784";"6 866 608,255";"0";0;1;;"0";"0";0;0;0;0;;1;"0";"0";0;"0";"0";"0";"0";"0";"0";"0";"0";"0";;;;;;;;;;;;0;"0";"0,667";"1";;"0";"0";"0";"0";"-1";"-1";"-1";"-1";"0";"0";-1;"-1";0;"-1";"0";"1";"0";"0";"1,765";;1.4285714285714286;0;"5";"1,667";bati;"18";"7";"0";"4";"5";"2";autres;"242,981";"65,457";Gaz;G;;;;;;;; ;;;;
"8 780";93010000AI0055;93010*00160;"[""93010*00160""]";93010;BONDY;93;PDLMP;"2";"[""93010000AI0055"",""93010000AI0056""]";"219";CL;"1 920";"1 920";"1 920";"1 920";"3";"153";13;SOL;"153";"0";"0";"0";"0";"0";"0";"0";"0";"0";"0";"0";"0";"0";"153";"2";"0";"0";"0";"0";"0";"0";"0";MAISON;"1";"2";"2";"0";"2";"110";"55";"0";"0";"0";"2";"0";"0";"0";"0";"0";"0";"0";"0";"0";"0";"0";"0";"165";"2";"3";G2;PROPRIETE DIVISEE EN LOT;G2a;G2;99;1;MEME COMMUNE;;"2";"2";"2";"[""8Q7YT3FBXWX2"",""BC9JXGNHPSM7""]";"2";"77";RNC_AF2875409;AF2875409;2019-06-18 00:00:00.0;2019-06-18 00:00:00.0;non connu;non connu;non connu;93010000AI0055;Copropriété immatriculée;1_1;"1";OUI;"93 010";"93";"200 054 781";Métropole du Grand Paris;"1 920";"1";"2";"2";"165";"165";"2";"0";"2";"0";"0";"2";"0";"0";"0";"0";"0";"0";"0";"0";"0";"2";"0";"0";"0";"2";"2";"1";"0";"0";"2";0;;"0";"0";"0";"0";;non connu;non connu;non connu;non connu;Pas de mandat en cours;non connu;6 allée de l'Egalité 93140 BONDY;6 all de l'egalite 93140 Bondy;non connu;non connu;non connu;0;1963-01-09 00:00:00.0;non;non connu;oui;non connu;;;;6;2;2;0;0;0;0;non renseigné;93010;000;AI;0055;93010;000;AI;0056;;;;;2;non;non connu;non renseigné;non connu;non connu;non connu;;;;;;;non renseigné;non renseigné;0;0;0;0;0;0;0;1;non renseigné;non renseigné;non renseigné;Non renseigné;Non renseigné;non connu;non connu;;ADRNIVX_0000000268262505;"2";AVANT_1949;H;"0";{93010000AI0055,93010000AI0056};{93010000AI0055A};2_RNIC_FF;8Q7YT3FBXWX2,BC9JXGNHPSM7;"2";"77";661482.1786107204;6866703.4281311855;"661 485,498";"6 866 712,977";"661 482,179";"6 866 703,428";"0";1;1;;"0";"0";0;;;;;1;"0";"0";0;"0";"0";"0";"0";"0";"0";"0";"0";"0";;;;;;;;;;;;0;"0";"1";"1";;"0";"0";"0";"0";"-1";"-1";"-1";"-1";"0";"0";-1;"-1";0;"-1";"0";"0";"0";"0";"4";;1.4285714285714286;0;"0";"2,188";gestion;"16";"6";"0";"4";"5";"1";autres;"221,017";"61,07";Autre;E;;;;;;;;gaz;;;;
"8 782";93010000AI0059;93010*00711;"[""93010*00711""]";93010;BONDY;93;SIMPLE;"1";"[""93010000AI0059""]";"1 276";CL;"1 905";"1 974";"1 905";"1 905";"1";"1 276";13;SOL;"1 276";"0";"0";"0";"0";"0";"0";"0";"0";"0";"0";"0";"0";"0";"1 276";"81";"1";"1";"1";"1";"0";"50";"4";DEPENDANCE;"3";"30";"0";"30";"30";"1 249";"0";"1";"0";"19";"10";"0";"0";"0";"0";"0";"0";"602";"56";"83";"0";"0";"0";"1 990";"1";"31";G2;PROPRIETE DIVISEE EN LOT;G2a;G2;99;1;MEME COMMUNE;;"1";"1";"1";"[""5MD5BF3CJWSG"",""N25QZ46YFXNY"",""3EVNB316RTW1""]";"3";"676";RNC_AH5131271;AH5131271;2022-05-04 00:00:00.0;2022-05-03 00:00:00.0;NSE ESTATE 90221794200025;non;non;93010000AI0059;Copropriété immatriculée;1_1;"1";OUI;"93 010";"93";"200 054 781";Métropole du Grand Paris;"1 905";"3";"81";"30";"1 990";"1 249";"0";"30";"29";"19";"0";"10";"0";"0";"0";"0";"1";"0";"0";"5";"19";"4";"2";"0";"4";"30";"24";"1,25";"2";"0";"9";7;-24.29;"0";"0";"6";"4";;professionnel;NSE ESTATE 90221794200025;6831Z;BAGNOLET;Mandat en cours;2025-06-30 00:00:00.0;56-60 Rue MICHELET;60 r michelet 93140 Bondy;non connu;non connu;non connu;0;2005-05-25 00:00:00.0;non;non;oui;non connu;0;0;0;53;31;30;22;0;0;0;DE_1994_A_2000;93010;000;AI;0059;;;;;;;;;1;non;non connu;non;2019-01-01 00:00:00.0;2019-12-31 00:00:00.0;08/02/2021;34148.0;0.0;5024.0;13904.0;6;376.0;non;non renseigné;0;0;0;0;0;0;0;3;individuel;non renseigné;non renseigné;Non renseigné;Non renseigné;non connu;non connu;0;ADRNIVX_0000000268261771;"30";AVANT_1949;V;"0,655";{93010000AI0059};{93010000AI0059A,93010000AI0059B,93010000AI0059C};2_RNIC_FF;5MD5BF3CJWSG,N25QZ46YFXNY,3EVNB316RTW1;"3";"676";661564.2366238346;6866728.236725248;"661 519,858";"6 866 737,344";"661 564,237";"6 866 728,237";"0";0;1;0;"0";"0";0;0;0;0;0;0.967741935483871;"0";"0";0;"0";"4";"0";"60";"0";"0,133";"0";"4";"0";0.2;0;0;0.40716879465854515638;1;0;0.14712428253484830737;0;;1101.5483870967741935;0;0;"0";"0,3";"0";1;"0";"0";"0";"0";"-1";"0";"-1";"1";"0";"0";0.1724137931034483;"0";0;"0";"0";"1";"0";"0";"1,429";3;2.2222222222222223;2.5;"5";"2,308";bati;"26";"9";"5";"5";"5";"2";autres;"1 275,154";"224,516";Electricité;F;;;;;;;;gaz;F;;;
"8 785";93010000AI0062;93010*00385;"[""93010*00385""]";93010;BONDY;93;SIMPLE;"1";"[""93010000AI0062""]";"369";CL;"1 914";"1 952";"1 914";"1 952";"1";"369";13;SOL;"369";"0";"0";"0";"0";"0";"0";"0";"0";"0";"0";"0";"0";"0";"369";"2";"0";"0";"0";"0";"0";"0";"0";MAISON;"2";"2";"2";"0";"2";"125";"82";"0";"0";"0";"2";"0";"0";"0";"0";"0";"0";"0";"0";"0";"0";"0";"0";"207";"1";"3";G2;PROPRIETE DIVISEE EN LOT;G2a;G2;99;1;MEME COMMUNE;;"1";"1";"1";"[""52WDRG26C27E"",""95PMCWFSWHR7"",""GDD5M6RWJ7YP"",""SYS9PFY94SXP""]";"4";"127";FF_93010000AI0062;;;;;;;93010000AI0062;Copropriété non immatriculée;;"0";;"93 010";"93";"200 054 781";Métropole du Grand Paris;"1 914";"2";"2";"2";"207";"207";"2";"0";"2";"0";"0";"2";"0";"0";"0";"0";"0";"0";"0";"0";"1";"0";"0";"1";"0";"2";"2";"1";"0";"0";"0";;;"0";"0";"0";"0";;;;;;;;;5 RUE DE L EGALITE, BONDY;;;;;;;;;;;;;;;;;;;;;;;;;;;;;;;;;;;;;;;;;;;;;;;;;;;;;;;;;;;;;;;;;"2";AVANT_1949;H;"0";{93010000AI0062};{93010000AI0062A,93010000AI0062B};2_FF;52WDRG26C27E,95PMCWFSWHR7,GDD5M6RWJ7YP,SYS9PFY94SXP;"4";"127";;;"661 567,372";"6 866 680,255";"661 567,372";"6 866 680,255";"1";;;;"0";"0";;;;;;1;"0";"0";0;"0";"50";"1";"0";"0";"0";"0";"0";"0";;;;;;;;;;;;0;"0";"0";"0";;"0";"0";"0";"0";"-1";"-1";"-1";"-1";"50";"1";-1;"-1";;"-1";"0";"0";"0";"0";"5,556";;0;1.25;"0";"2,609";gestion;"12";"4";"0";"3";"5";"0";a surveiller;"370,393";"97,198";Electricité;E;;;;;;;; ;;;;
"8 796";93010000AI0079;93010*00094;"[""93010*00094""]";93010;BONDY;93;SIMPLE;"1";"[""93010000AI0079""]";"700";CL;"1 927";"1 970";"1 927";"1 970";"2";"700";09;JARDINS;"700";"0";"0";"0";"0";"0";"0";"0";"0";"0";"529";"0";"0";"0";"171";"2";"0";"0";"0";"0";"0";"0";"0";MAISON;"2";"2";"2";"0";"2";"140";"63";"0";"0";"0";"2";"0";"0";"0";"0";"0";"0";"0";"0";"0";"0";"0";"0";"203";"1";"3";G2;PROPRIETE DIVISEE EN LOT;G2a;G2;99;1;MEME COMMUNE;;"1";"1";"1";"[""MCGWGWQF17E5"",""NPGH549MMB29""]";"2";"140";FF_93010000AI0079;;;;;;;93010000AI0079;Copropriété non immatriculée;;"0";;"93 010";"93";"200 054 781";Métropole du Grand Paris;"1 927";"2";"2";"2";"203";"203";"2";"0";"2";"0";"0";"2";"0";"0";"0";"0";"0";"0";"0";"0";"0";"0";"1";"1";"0";"2";"2";"1";"0";"0";"0";;;"0";"0";"0";"0";;;;;;;;;139 RUE BAUDIN, BONDY;;;;;;;;;;;;;;;;;;;;;;;;;;;;;;;;;;;;;;;;;;;;;;;;;;;;;;;;;;;;;;;;;"2";AVANT_1949;H;"0";{93010000AI0079};{93010000AI0079A,93010000AI0079B};2_FF;MCGWGWQF17E5,NPGH549MMB29;"2";"140";;;"661 603,335";"6 866 584,12";"661 603,335";"6 866 584,12";"1";;;;"0";"0";;;;;;1;"0";"0";0;"0";"50";"1";"0";"0";"0";"0";"0";"0";;;;;;;;;;;;0;"0";"0";"0";;"0";"0";"0";"0";"-1";"-1";"-1";"-1";"50";"1";-1;"-1";;"-1";"0";"0";"0";"0";"5,556";;0;1.25;"0";"2,609";gestion;"12";"4";"0";"3";"5";"0";a surveiller;"699,829";"124,904";Fioul;F;;;;;;;;fioul;;;;
"8 802";93010000AI0086;93010*00270;"[""93010*00270""]";93010;BONDY;93;SIMPLE;"1";"[""93010000AI0086""]";"3 366";CL;"1 962";"1 962";"1 962";"1 962";"1";"3 366";13;SOL;"3 366";"0";"0";"0";"0";"0";"0";"0";"0";"0";"0";"0";"0";"0";"3 366";"98";"1";"1";"0";"0";"1";"57";"0";DEPENDANCE;"2";"40";"0";"40";"40";"2 256";"0";"4";"0";"19";"16";"1";"0";"0";"0";"0";"0";"513";"0";"0";"0";"0";"0";"2 769";"1";"46";G2;PROPRIETE DIVISEE EN LOT;G2a;G2;99;1;MEME COMMUNE;;"1";"1";"1";"[""5MAYH2N76DJP"",""AKAZDMYVGWGV""]";"2";"826";RNC_AB2486173;AB2486173;2017-10-11 00:00:00.0;2024-04-11 00:00:00.0;ATM SARL 34863116900045;non;non;93010000AI0086;Copropriété immatriculée;3_2;"1";OUI;"93 010";"93";"200 054 781";Métropole du Grand Paris;"1 962";"2";"97";"40";"2 769";"2 256";"0";"40";"36";"19";"0";"16";"1";"0";"0";"0";"4";"0";"0";"0";"10";"22";"8";"0";"0";"44";"40";"1";"4";"0";"9";9;-15.00;"0";"0";"9";"4";;professionnel;ATM SARL 34863116900045;6832A;BONDY;Mandat en cours;2025-01-19 00:00:00.0;SDC RESIDENCE DES ORMES;20 Rue de la Fraternite 93140 Bondy;non connu;non connu;non connu;0;1962-02-12 00:00:00.0;non;non;oui;;0;0;0;96;80;80;16;0;0;0;DE_1961_A_1974;;;;;;;;;;;;;0;non;non connu;non;2023-01-01 00:00:00.0;2023-12-31 00:00:00.0;06/03/2024;113604.0;9337.0;0.0;27180.0;9;32830.0;non;non renseigné;0;0;0;0;0;0;0;3;collectif;non;gaz_naturel;Non renseigné;Non renseigné;non connu;non connu;0;93010_3575_00020;"40";DE_1961_A_1974;V;"0,528";{93010000AI0086};{93010000AI0086A,93010000AI0086B};2_RNIC_FF;5MAYH2N76DJP,AKAZDMYVGWGV;"2";"826";661630.2263003844;6866629.607829347;"661 600,093";"6 866 617,503";"661 630,226";"6 866 629,608";"0";0;0;0;"0";"0";0;0;0;0;0;1;"0";"0";0;"0";"11";"0";"53";"0";"0";"0";"9";"0";0.20454545454545456;1;0;0.22108165705501012681;0;1;0.000000000000000000000000;0;1420.0500000000000000;;0;0;"0";"0,225";"0";0;"1";"0";"0";"0";"-1";"0";"-1";"1";"6";"0";0.16666666666666666;"0";0;"0";"0";"1";"0";"0";"0";4;0;2.5;"5";"1,538";bati;"26";"9";"5";"5";"5";"2";autres;"3 367,883";"259,562";Gaz;D;;;;;;;;gaz;D;;;
"8 803";93010000AI0087;93010*00455;"[""93010*00455""]";93010;BONDY;93;SIMPLE;"1";"[""93010000AI0087""]";"494";CL;"1 903";"1 903";"1 903";"1 903";"2";"500";13;SOL;"500";"0";"0";"0";"0";"0";"0";"0";"0";"0";"0";"0";"0";"0";"500";"6";"0";"0";"0";"0";"0";"4";"0";DEPENDANCE;"1";"2";"0";"2";"2";"126";"26";"1";"0";"0";"1";"0";"0";"0";"0";"0";"0";"45";"0";"0";"0";"0";"0";"197";"1";"3";G2;PROPRIETE DIVISEE EN LOT;G2a;G2;99;1;MEME COMMUNE;;"1";"1";"1";"[""9PQZB61FK53C""]";"1";"126";FF_93010000AI0087;;;;;;;93010000AI0087;Copropriété non immatriculée;;"0";;"93 010";"93";"200 054 781";Métropole du Grand Paris;"1 903";"1";"6";"2";"197";"152";"0";"2";"1";"0";"0";"1";"0";"0";"0";"0";"1";"0";"0";"0";"0";"2";"0";"0";"0";"2";"2";"1";"1";"0";"0";;;"0";"0";"1";"1";;;;;;;;;8 RUE DE LA FRATERNITE, BONDY;;;;;;;;;;;;;;;;;;;;;;;;;;;;;;;;;;;;;;;;;;;;;;;;;;;;;;;;;;;;;;;;;"2";AVANT_1949;V;"0";{93010000AI0087};{93010000AI0087A};2_FF;9PQZB61FK53C;"1";"126";;;"661 601,14";"6 866 651,745";"661 601,14";"6 866 651,745";"1";;;;"0";"0";;;;;;1;"0";"0";0;"0";"0";"0";"0";"0";"0";"0";"0";"0";;;;;;;;;;;;0;"0";"0";"0";;"0";"0";"0";"0";"-1";"-1";"-1";"-1";"0";"0";-1;"-1";;"-1";"0";"1";"0";"0";"3,333";;0;0;"10";"2";bati;"13";"4";"0";"3";"5";"1";autres;"494,431";"116,647";Electricité;G;;;;;;;;electricite;G;;;
"8 804";93010000AI0088;93010*00636;"[""93010*00636""]";93010;BONDY;93;SIMPLE;"1";"[""93010000AI0088""]";"365";CL;"1 910";"1 959";"1 910";"1 959";"1";"365";13;SOL;"365";"0";"0";"0";"0";"0";"0";"0";"0";"0";"0";"0";"0";"0";"365";"2";"0";"0";"0";"0";"0";"0";"0";MAISON;"2";"2";"2";"0";"2";"85";"76";"0";"0";"0";"2";"0";"0";"0";"0";"0";"0";"0";"0";"0";"0";"0";"0";"161";"1";"3";G2;PROPRIETE DIVISEE EN LOT;G2a;G2;99;1;MEME COMMUNE;;"1";"1";"1";"[""6Q56Q3HJHZRF"",""B9PW11KJK1SA"",""FPC5QV7N4X16""]";"3";"93";FF_93010000AI0088;;;;;;;93010000AI0088;Copropriété non immatriculée;;"0";;"93 010";"93";"200 054 781";Métropole du Grand Paris;"1 910";"2";"2";"2";"161";"161";"2";"0";"2";"0";"0";"2";"0";"0";"0";"0";"0";"0";"0";"1";"0";"1";"0";"0";"0";"2";"2";"1";"0";"0";"1";;;"0";"0";"0";"0";;;;;;;;;6 RUE DE LA FRATERNITE, BONDY;;;;;;;;;;;;;;;;;;;;;;;;;;;;;;;;;;;;;;;;;;;;;;;;;;;;;;;;;;;;;;;;;"2";AVANT_1949;H;"0";{93010000AI0088};{93010000AI0088A,93010000AI0088B};2_FF;6Q56Q3HJHZRF,B9PW11KJK1SA,FPC5QV7N4X16;"3";"93";;;"661 599,467";"6 866 664,047";"661 599,467";"6 866 664,047";"1";;;;"0";"0";;;;;;1;"0";"0";0;"0";"0";"0";"0";"0";"0";"0";"0";"0";;;;;;;;;;;;0;"0";"0,5";"1";;"0";"0";"0";"0";"-1";"-1";"-1";"-1";"0";"0";-1;"-1";;"-1";"0";"0";"0";"0";"3,333";;1.4285714285714286;0;"0";"1,667";gestion;"13";"4";"0";"4";"5";"0";autres;"364,901";"92,992";Gaz;F;;;;;;;;gaz;;;;
"8 816";93010000AI0103;93010*00466;"[""93010*00466""]";93010;BONDY;93;PDLMP;"2";"[""93010000AI0103"",""93010000AI0138""]";"2 295";CL;"1 987";"1 987";"1 987";"1 987";"2";"2 295";13;SOL;"2 295";"0";"0";"0";"0";"0";"0";"0";"0";"0";"0";"0";"0";"0";"2 295";"72";"0";"0";"0";"0";"0";"40";"0";DEPENDANCE;"4";"32";"2";"30";"32";"2 147";"82";"0";"0";"6";"26";"0";"0";"0";"0";"0";"0";"551";"0";"0";"0";"0";"0";"2 780";"2";"36";G2;PROPRIETE DIVISEE EN LOT;G2a;G2;99;1;MEME COMMUNE;;"2";"2";"2";"[""72GPDSHAMN8P"",""9FH1JAXFNX1S"",""AZDSQZGP45XZ"",""BWXXG6FS31WP"",""E37Y8XMW5RQD"",""FZDCDDV5B97C""]";"6";"1 032";FF_93010000AI0103;;;;;;;93010000AI0103;Copropriété non immatriculée;;"0";;"93 010";"93";"200 054 781";Métropole du Grand Paris;"1 987";"4";"72";"32";"2 780";"2 229";"2";"30";"32";"6";"0";"26";"0";"0";"0";"0";"0";"0";"0";"4";"5";"11";"9";"3";"0";"35";"32";"1";"0";"0";"8";;;"0";"0";"6";"0";;;;;;;;;80 B RUE ROGER SALENGRO, BONDY;;;;;;;;;;;;;;;;;;;;;;;;;;;;;;;;;;;;;;;;;;;;;;;;;;;;;;;;;;;;;;;;;"32";DE_1975_A_1993;M;"0,188";{93010000AI0103,93010000AI0138};{93010000AI010301,93010000AI010302,93010000AI010303,93010000AI0103B};2_FF;72GPDSHAMN8P,9FH1JAXFNX1S,AZDSQZGP45XZ,BWXXG6FS31WP,E37Y8XMW5RQD,FZDCDDV5B97C;"6";"1 032";;;"661 701,695";"6 866 649,687";"661 701,695";"6 866 649,687";"1";;;;"0";"0";;;;;;1;"0";"0";0;"0";"17";"0";"50";"0";"0";"0";"6";"0";;;;;;;;;;;;0;"0";"0,25";"0";;"0";"0";"0";"0";"0";"0";"0";"0";"19";"0";;"0";;"0";"0";"0";"0";"0";"2,727";;0;0;"0";"1,071";gestion;"15";"5";"0";"4";"5";"1";autres;"2 306,962";"193,607";Electricité;D;;;;;;;;gaz;D;;;
"8 817";93010000AI0104;93010*00306;"[""93010*00306""]";93010;BONDY;93;SIMPLE;"1";"[""93010000AI0104""]";"1 907";CL;"1 964";"1 964";"1 964";"1 964";"1";"1 907";13;SOL;"1 907";"0";"0";"0";"0";"0";"0";"0";"0";"0";"0";"0";"0";"0";"1 907";"74";"1";"1";"0";"0";"1";"42";"0";DEPENDANCE;"2";"31";"0";"31";"31";"1 678";"0";"4";"0";"10";"17";"0";"0";"0";"0";"0";"0";"305";"0";"0";"0";"0";"0";"1 983";"1";"34";G2;PROPRIETE DIVISEE EN LOT;G2a;G2;99;2;MEME DEPARTEMENT;;"1";"1";"1";"[""D54Y2286NKP1"",""72XNHRXCMWZC"",""JBFR139GXWTM""]";"3";"442";RNC_AC3648854;AC3648854;2018-04-06 00:00:00.0;2024-03-05 00:00:00.0;ANIC DIOT ET COMPAGNIE 57820239200010;non connu;non connu;93010000AI0104;Copropriété immatriculée;1_1;"1";OUI;"93 010";"93";"200 054 781";Métropole du Grand Paris;"1 964";"2";"72";"31";"1 901";"1 678";"0";"31";"26";"10";"0";"16";"0";"1";"0";"0";"4";"0";"0";"0";"7";"16";"8";"0";"2";"32";"31";"1";"4";"0";"13";12;-13.00;"0";"0";"7";"6";;non connu;non connu;non connu;non connu;Pas de mandat en cours;2024-06-30 00:00:00.0;SDC 3 bis rue de la Fraternité;3B r de la fraternite 93140 Bondy;non connu;non connu;non connu;0;1962-09-17 00:00:00.0;non;non;oui;non connu;0;0;0;72;31;31;10;0;0;0;DE_1961_A_1974;93010;000;AI;0104;;;;;;;;;1;non;non connu;non;2022-01-01 00:00:00.0;2022-12-31 00:00:00.0;12/04/2023;74963.0;0.0;0.0;0.0;0;0.0;non;1962;0;0;0;0;0;0;0;2;collectif;non;fioul_domestique;Non;Sans objet;non connu;non connu;1;non connu;"31";DE_1961_A_1974;V;"0,385";{93010000AI0104};{93010000AI010401,93010000AI0104A};2_RNIC_FF;D54Y2286NKP1,72XNHRXCMWZC,JBFR139GXWTM;"3";"442";661649.6862647571;6866667.509861723;"661 652,092";"6 866 668,851";"661 649,686";"6 866 667,51";"0";0;0;;"0";"0";0;0;0;0;;1;"0";"0";0;"0";"17";"0";"50";"0";"0,065";"0";"10";"0";0;0;0;0.000000000000000000000000;0;0;0.000000000000000000000000;0;2353.6451612903225806;;0;0;"0";"0,419";"0";0;"0";"0";"0";"0";"-1";"0";"-1";"1";"18";"0";0.2692307692307692;"0";0;"0";"0";"1";"0";"0";"0";0;0;2.5;"5";"0,8";bati;"25";"8";"5";"5";"5";"2";autres;"1 903,919";"206,201";Fioul;E;oui;09/04/2024;;;;;;fioul;E;;;
"8 822";93010000AI0110;93010*00623;"[""93010*00623""]";93010;BONDY;93;SIMPLE;"1";"[""93010000AI0110""]";"171";CL;"1 910";"1 910";"1 910";"1 910";"1";"171";13;SOL;"171";"0";"0";"0";"0";"0";"0";"0";"0";"0";"0";"0";"0";"0";"171";"30";"0";"0";"0";"0";"0";"14";"0";APPARTEMENT;"1";"16";"0";"16";"16";"619";"0";"2";"0";"11";"3";"0";"0";"0";"0";"0";"0";"84";"0";"0";"0";"0";"0";"703";"1";"15";G2;PROPRIETE DIVISEE EN LOT;G2a;G2;99;1;MEME COMMUNE;;"1";"1";"1";"[""MB4T4AEXNN5P""]";"1";"161";RNC_AB2657021;AB2657021;2017-10-13 00:00:00.0;2024-06-18 00:00:00.0;ATM SARL 34863116900045;non;non;93010000AI0110;Copropriété immatriculée;3_2;"1";OUI;"93 010";"93";"200 054 781";Métropole du Grand Paris;"1 910";"1";"30";"16";"703";"619";"0";"16";"14";"11";"0";"3";"0";"0";"0";"0";"2";"0";"0";"2";"10";"4";"0";"0";"1";"14";"14";"1,143";"2";"0";"4";4;-15.00;"0";"0";"6";"2";G;professionnel;ATM SARL 34863116900045;6832A;BONDY;Mandat en cours;2025-11-23 00:00:00.0;SDC 94 RUE ROGER SALENGRO;94 Rue Roger Salengro 93140 Bondy;non connu;non connu;non connu;0;1997-01-31 00:00:00.0;non;non;oui;;0;0;0;35;16;15;0;0;0;0;DE_1994_A_2000;;;;;;;;;;;;;0;non;non connu;non;2023-01-01 00:00:00.0;2023-12-31 00:00:00.0;16/05/2024;22169.0;14123.0;2164.0;3746.0;2;7051.0;non;non renseigné;0;0;0;0;0;0;0;1;individuel;non renseigné;non renseigné;Non renseigné;Non renseigné;13;90.0;0;93010_8172_00094;"16";AVANT_1949;V;"0,786";{93010000AI0110};{93010000AI0110A};2_RNIC_FF;MB4T4AEXNN5P;"1";"161";661685.4249507865;6866561.854033403;"661 679,513";"6 866 562,399";"661 685,425";"6 866 561,854";"0";0;0;0;"0";"0";0;0;0;0;0;1;"0";"0";0;"0";"15";"0";"50";"0";"0,063";"0";"0";"0";0.14285714285714285;0;0;0.10321834013005621074;0;0;0.05962746610823321944;0;;1385.5625000000000000;0;0;"0";"0,25";"0";0;"0";"0";"0";"0";"-1";"0";"-1";"1";"33";"1";-1;"0";0;"0";"1";"1";"0";"0";"0";0;0;3.75;"7";"1,296";bati;"27";"9";"5";"5";"5";"3";autres;"172,639";"58,179";Mixte (gaz + élec);E;;;;;;;;mixte;E;;;
"8 827";93010000AI0117;93010*00095;"[""93010*00095""]";93010;BONDY;93;SIMPLE;"1";"[""93010000AI0117""]";"332";CL;"1 900";"1 900";"1 900";"1 900";"3";"166";13;SOL;"166";"0";"0";"0";"0";"0";"0";"0";"0";"0";"0";"0";"0";"0";"166";"2";"0";"0";"0";"0";"0";"0";"0";MAISON;"1";"2";"2";"0";"2";"108";"85";"0";"0";"0";"2";"0";"0";"0";"0";"0";"0";"0";"0";"0";"0";"0";"0";"193";"1";"3";G2;PROPRIETE DIVISEE EN LOT;G2a;G2;99;1;MEME COMMUNE;;"1";"1";"1";"[""7HPX5TRGH99J"",""8PFKC8RE4D1D""]";"2";"99";FF_93010000AI0117;;;;;;;93010000AI0117;Copropriété non immatriculée;;"0";;"93 010";"93";"200 054 781";Métropole du Grand Paris;"1 900";"1";"2";"2";"193";"193";"2";"0";"2";"0";"0";"2";"0";"0";"0";"0";"0";"0";"0";"0";"0";"1";"1";"0";"0";"2";"2";"1";"0";"0";"0";;;"0";"0";"0";"0";;;;;;;;;142 RUE BAUDIN, BONDY;;;;;;;;;;;;;;;;;;;;;;;;;;;;;;;;;;;;;;;;;;;;;;;;;;;;;;;;;;;;;;;;;"2";AVANT_1949;H;"0";{93010000AI0117};{93010000AI0117A};2_FF;7HPX5TRGH99J,8PFKC8RE4D1D;"2";"99";;;"661 599,634";"6 866 530,601";"661 599,634";"6 866 530,601";"1";;;;"0";"0";;;;;;1;"0";"0";0;"0";"0";"0";"0";"0";"0";"0";"0";"0";;;;;;;;;;;;0;"0";"0";"0";;"0";"0";"0";"0";"-1";"-1";"-1";"-1";"0";"0";-1;"-1";;"-1";"0";"0";"0";"0";"3,333";;0;0;"0";"1,304";gestion;"12";"4";"0";"3";"5";"0";autres;"327,92";"101,287";Gaz;G;;;;;;;; ;;;;
"8 828";93010000AI0118;93010*00211;"[""93010*00211""]";93010;BONDY;93;SIMPLE;"1";"[""93010000AI0118""]";"349";CL;"1 890";"1 890";"1 890";"1 890";"2";"98";13;SOL;"98";"0";"0";"0";"0";"0";"0";"0";"0";"0";"0";"0";"0";"0";"98";"8";"0";"0";"0";"0";"0";"5";"0";DEPENDANCE;"1";"3";"0";"3";"3";"110";"0";"1";"0";"1";"1";"0";"0";"0";"0";"0";"0";"49";"0";"0";"0";"0";"0";"159";"1";"4";G2;PROPRIETE DIVISEE EN LOT;G2a;G2;99;1;MEME COMMUNE;;"1";"1";"1";"[""ATPHACV1RH2T"",""HFQV7H4W6VK3""]";"2";"136";FF_93010000AI0118;;;;;;;93010000AI0118;Copropriété non immatriculée;;"0";;"93 010";"93";"200 054 781";Métropole du Grand Paris;"1 890";"1";"8";"3";"159";"110";"0";"3";"2";"1";"0";"1";"0";"0";"0";"0";"1";"0";"0";"0";"2";"1";"0";"0";"0";"3";"3";"1";"1";"0";"0";;;"0";"0";"1";"0";;;;;;;;;140 RUE BAUDIN, BONDY;;;;;;;;;;;;;;;;;;;;;;;;;;;;;;;;;;;;;;;;;;;;;;;;;;;;;;;;;;;;;;;;;"3";AVANT_1949;V;"0,5";{93010000AI0118};{93010000AI0118A};2_FF;ATPHACV1RH2T,HFQV7H4W6VK3;"2";"136";;;"661 592,082";"6 866 532,984";"661 592,082";"6 866 532,984";"1";;;;"0";"0";;;;;;1;"0";"0";0;"0";"33";"1";"100";"0";"0";"0";"0";"0";;;;;;;;;;;;0;"0";"0";"0";;"0";"0";"0";"0";"-1";"-1";"-1";"-1";"0";"0";-1;"-1";;"-1";"0";"0";"0";"0";"4,545";;0;0;"0";"1,852";gestion;"14";"5";"0";"3";"5";"1";autres;"350,049";"101,806";Autre;D;;;;;;;; ;;;;
"8 829";93010000AI0119;93010*00093;"[""93010*00093""]";93010;BONDY;93;SIMPLE;"1";"[""93010000AI0119""]";"323";CL;"1 880";"1 907";"1 880";"1 907";"1";"323";13;SOL;"323";"0";"0";"0";"0";"0";"0";"0";"0";"0";"0";"0";"0";"0";"323";"5";"0";"0";"0";"0";"0";"2";"0";MAISON;"3";"3";"3";"0";"3";"123";"56";"0";"0";"2";"1";"0";"0";"0";"0";"0";"0";"22";"0";"0";"0";"0";"0";"201";"1";"4";G2;PROPRIETE DIVISEE EN LOT;G2a;G2;99;1;MEME COMMUNE;;"1";"1";"1";"[""9GJ5N77Y65FB"",""HP7M9VTGSJ1S""]";"2";"141";RNC_AG5079967;AG5079967;2020-12-03 00:00:00.0;2020-12-03 00:00:00.0;non connu;non connu;non connu;93010000AI0119;Copropriété immatriculée;1_1;"1";OUI;"93 010";"93";"200 054 781";Métropole du Grand Paris;"1 880";"3";"5";"3";"201";"179";"3";"0";"3";"2";"0";"1";"0";"0";"0";"0";"0";"0";"0";"0";"0";"3";"0";"0";"0";"3";"3";"1";"0";"0";"2";0;;"0";"0";"0";"0";;non connu;non connu;non connu;non connu;Pas de mandat en cours;non connu;138 rue Baudin;138 r baudin 93140 Bondy;non connu;non connu;non connu;0;1967-05-16 00:00:00.0;non;non connu;oui;non connu;;;;3;3;3;0;0;0;0;DE_1961_A_1974;93010;000;AI;0119;;;;;;;;;1;non;non connu;non renseigné;non connu;non connu;non connu;;;;;;;non renseigné;non renseigné;3;0;0;0;0;0;0;0;individuel;non renseigné;non renseigné;Non renseigné;Non renseigné;non connu;non connu;0;ADRNIVX_0000000268264906;"3";AVANT_1949;H;"0,667";{93010000AI0119};{93010000AI0119A,93010000AI0119B,93010000AI0119C};2_RNIC_FF;9GJ5N77Y65FB,HP7M9VTGSJ1S;"2";"141";661591.9735576868;6866555.022782752;"661 586,664";"6 866 533,882";"661 591,974";"6 866 555,023";"0";1;1;;"0";"0";0;;;;;1;"0";"0";0;"0";"0";"0";"50";"0";"0";"0";"33";"1";;;;;;;;;;;;0;"0";"0,667";"1";;"0";"0";"0";"0";"-1";"-1";"-1";"-1";"0";"0";-1;"-1";0;"-1";"0";"0";"0";"0";"3,529";;1.4285714285714286;0;"0";"2,059";gestion;"17";"7";"0";"4";"5";"1";autres;"326,878";"114,649";Electricité;D;;;;;;;; ;;;;
"8 837";93010000AI0136;93010*00499;"[""93010*00499""]";93010;BONDY;93;PDLMP;"2";"[""93010000AI0136"",""93010000AI0141""]";"1 021";CL;"1 990";"1 990";"1 990";"1 990";"2";"1 021";13;SOL;"1 021";"0";"0";"0";"0";"0";"0";"0";"0";"0";"0";"0";"0";"0";"1 021";"42";"1";"1";"1";"1";"0";"21";"4";DEPENDANCE;"3";"20";"0";"20";"20";"1 031";"0";"2";"0";"9";"8";"1";"0";"0";"0";"0";"0";"276";"48";"0";"0";"0";"0";"1 355";"2";"25";G2;PROPRIETE DIVISEE EN LOT;G2a;G2;99;1;MEME COMMUNE;;"2";"2";"2";"[""1BM449M1WQHY"",""4T5TZGV9SH7W"",""6DA9DC5BW88F"",""GRCFWEGWCQ3V"",""JZHMWD2NA5AV""]";"5";"471";RNC_AC5118815;AC5118815;2018-05-09 00:00:00.0;2024-01-22 00:00:00.0;NEXITY LAMY 48753009902584;non;non;93010000AI0136;Copropriété immatriculée;1_1;"1";OUI;"93 010";"93";"200 054 781";Métropole du Grand Paris;"1 990";"3";"42";"20";"1 355";"1 031";"0";"20";"18";"9";"0";"8";"1";"0";"0";"0";"2";"0";"0";"6";"3";"9";"2";"0";"1";"24";"20";"1";"2";"0";"10";9;-26.78;"0";"0";"4";"1";;professionnel;NEXITY LAMY 48753009902584;6832A;PARIS 8;Mandat en cours;2025-03-31 00:00:00.0;90 RUE ROGER SALENGRO  - MS1580;90 r roger salengro 93140 Bondy;non connu;non connu;non connu;0;1987-01-01 00:00:00.0;non;non;oui;non connu;0;0;0;42;21;19;21;0;0;0;DE_1975_A_1993;93010;000;AI;0141;93010;000;AI;0136;;;;;2;non;non connu;non;2022-10-01 00:00:00.0;2023-09-30 00:00:00.0;16/01/2024;32254.0;0.0;2631.0;205.0;0;11305.0;non;non renseigné;0;0;0;0;0;0;0;1;individuel;non renseigné;non renseigné;Non renseigné;Non renseigné;10;90.0;1;ADRNIVX_0000000268264158;"20";DE_1975_A_1993;V;"0,5";{93010000AI0136,93010000AI0141};{93010000AI013601,93010000AI013602,93010000AI0136A};2_RNIC_FF;1BM449M1WQHY,4T5TZGV9SH7W,6DA9DC5BW88F,GRCFWEGWCQ3V,JZHMWD2NA5AV;"5";"471";661693.9203336373;6866582.5925173005;"661 678,559";"6 866 582,611";"661 693,92";"6 866 582,593";"0";0;0;0;"0";"0";0;0;0;0;0;0.9523809523809523;"0";"0";0;"0";"19";"0";"75";"0";"0,05";"0";"5";"0";0;0;0;0.00635580083090469399;0;0;0.08157127798102560923;0;;1440.6666666666666667;0;0;"0";"0,5";"0";1;"0";"0";"0";"0";"-1";"0";"-1";"1";"50";"1";-1;"0";0;"0";"0";"0";"0";"0";"0";0;2.2222222222222223;3.75;"0";"0,962";occup;"26";"9";"5";"5";"5";"2";autres;"981,695";"137,925";Electricité;F;;;;;;;;electricite;F;;;
"8 846";93010000AI0151;93010*00835;"[""93010*00835""]";93010;BONDY;93;SIMPLE;"1";"[""93010000AI0151""]";"2 561";CL;"1 962";"1 962";"1 962";"1 962";"2";"2 561";13;SOL;"2 561";"0";"0";"0";"0";"0";"0";"0";"0";"0";"0";"0";"1 016";"0";"1 545";"61";"0";"0";"0";"0";"0";"31";"0";DEPENDANCE;"1";"30";"0";"30";"30";"1 830";"0";"2";"0";"9";"19";"0";"0";"0";"0";"0";"0";"246";"0";"0";"0";"0";"0";"2 076";"1";"31";G2;PROPRIETE DIVISEE EN LOT;G2a;G2;99;1;MEME COMMUNE;;"1";"1";"1";"[""YMXG8JJJ9755"",""EK3FZCFDZ15A""]";"2";"507";RNC_AB2190486;AB2190486;2017-10-05 00:00:00.0;2024-06-18 00:00:00.0;ATM SARL 34863116900045;non;non;93010000AI0151;Copropriété immatriculée;3_2;"1";OUI;"93 010";"93";"200 054 781";Métropole du Grand Paris;"1 962";"1";"60";"30";"1 950";"1 830";"0";"30";"27";"9";"0";"18";"0";"1";"0";"0";"2";"0";"0";"0";"5";"10";"10";"5";"0";"30";"30";"1";"2";"0";"6";6;-27.00;"0";"0";"9";"1";F;professionnel;ATM SARL 34863116900045;6832A;BONDY;Mandat en cours;2025-05-08 00:00:00.0;SDC RESIDENCE MICHELET;109 Rue Baudin 93140 Bondy;non connu;non connu;non connu;0;1960-06-02 00:00:00.0;non;non;oui;;0;0;0;62;32;32;0;0;0;0;DE_1949_A_1960;;;;;;;;;;;;;0;non;non connu;non;2023-01-01 00:00:00.0;2023-12-31 00:00:00.0;11/06/2024;71107.0;0.0;7992.0;5692.0;6;1416.0;non;non renseigné;0;0;0;0;0;0;0;1;collectif;non;gaz_naturel;Non renseigné;Non renseigné;16;90.0;0;93010_0620_00109;"30";DE_1961_A_1974;V;"0,333";{93010000AI0151};{93010000AI0151A};2_RNIC_FF;YMXG8JJJ9755,EK3FZCFDZ15A;"2";"507";661411.7243464239;6866615.7143636;"661 436,152";"6 866 671,193";"661 411,724";"6 866 615,714";"0";0;0;0;"0";"0";0;0;0;0;0;1;"0";"0";0;"0";"13";"0";"33";"1";"0";"0";"13";"0";0.2;0;0;0.08004837779684137989;0;0;0.11239399777799654042;0;2222.0937500000000000;;0;0;"0";"0,2";"0";1;"0";"0";"0";"0";"-1";"0";"-1";"1";"16";"0";-1;"0";0;"0";"1";"0";"0";"0";"0,952";0;2.2222222222222223;2.5;"3";"1,481";bati;"27";"9";"5";"5";"5";"3";autres;"2 556,515";"295,842";Gaz;F;oui;27/09/2023;oui;;"3";"1";04/03/2025;gaz;F;;;
"8 849";93010000AI0156;93010*00490;"[""93010*00490""]";93010;BONDY;93;SIMPLE;"1";"[""93010000AI0156""]";"447";CL;"1 967";"1 967";"1 967";"1 967";"2";"301";13;SOL;"301";"0";"0";"0";"0";"0";"0";"0";"0";"0";"0";"0";"0";"0";"301";"7";"0";"0";"0";"0";"0";"5";"0";DEPENDANCE;"1";"2";"0";"2";"2";"140";"0";"0";"0";"1";"1";"0";"0";"0";"0";"0";"0";"178";"0";"0";"0";"0";"0";"318";"1";"3";G2;PROPRIETE DIVISEE EN LOT;G2a;G2;99;1;MEME COMMUNE;;"1";"1";"1";"[""87Y2S64YKP5K""]";"1";"111";FF_93010000AI0156;;;;;;;93010000AI0156;Copropriété non immatriculée;;"0";;"93 010";"93";"200 054 781";Métropole du Grand Paris;"1 967";"1";"6";"2";"241";"140";"0";"2";"2";"1";"0";"1";"0";"0";"0";"0";"0";"0";"0";"0";"1";"0";"1";"0";"0";"2";"2";"1";"0";"0";"0";;;"0";"0";"0";"0";;;;;;;;;120 RUE BAUDIN, BONDY;;;;;;;;;;;;;;;;;;;;;;;;;;;;;;;;;;;;;;;;;;;;;;;;;;;;;;;;;;;;;;;;;"2";DE_1961_A_1974;V;"0,5";{93010000AI0156};{93010000AI0156A};2_FF;87Y2S64YKP5K;"1";"111";;;"661 505,292";"6 866 556,091";"661 505,292";"6 866 556,091";"1";;;;"0";"0";;;;;;1;"0";"0";0;"0";"0";"0";"100";"0";"0";"0";"0";"0";;;;;;;;;;;;0;"0";"0";"0";;"0";"0";"0";"0";"-1";"-1";"-1";"-1";"0";"0";-1;"-1";;"-1";"0";"0";"0";"0";"2,727";;0;0;"0";"1,2";gestion;"13";"5";"0";"3";"5";"0";autres;"447,294";"101,328";Autre;E;;;;;;;; ;;;;
"8 852";93010000AI0159;93010*00464;"[""93010*00464""]";93010;BONDY;93;PDLMP;"2";"[""93010000AI0159"",""93010000AI0160""]";"715";CL;"1 936";"1 936";"1 936";"1 936";"2";"715";13;SOL;"715";"0";"0";"0";"0";"0";"0";"0";"0";"0";"0";"0";"0";"0";"715";"3";"0";"0";"0";"0";"0";"1";"0";MAISON;"1";"2";"2";"0";"2";"163";"131";"0";"0";"0";"2";"0";"0";"0";"0";"0";"0";"21";"0";"0";"0";"0";"0";"315";"2";"3";G2;PROPRIETE DIVISEE EN LOT;G2a;G2;99;1;MEME COMMUNE;;"2";"2";"2";"[""19V853F8JSVZ"",""8BRZH5Y8HK7H"",""VW71GE18J968""]";"3";"147";FF_93010000AI0159;;;;;;;93010000AI0159;Copropriété non immatriculée;;"0";;"93 010";"93";"200 054 781";Métropole du Grand Paris;"1 936";"1";"3";"2";"315";"294";"2";"0";"2";"0";"0";"2";"0";"0";"0";"0";"0";"0";"0";"0";"0";"0";"2";"0";"0";"2";"2";"1";"0";"0";"0";;;"0";"0";"0";"0";;;;;;;;;14 B RUE DE L EGALITE, BONDY;;;;;;;;;;;;;;;;;;;;;;;;;;;;;;;;;;;;;;;;;;;;;;;;;;;;;;;;;;;;;;;;;"2";AVANT_1949;H;"0";{93010000AI0159,93010000AI0160};{93010000AI0159A};2_FF;19V853F8JSVZ,8BRZH5Y8HK7H,VW71GE18J968;"3";"147";;;"661 481,833";"6 866 674,029";"661 481,833";"6 866 674,029";"1";;;;"0";"0";;;;;;1;"0";"0";0;"0";"0";"0";"0";"0";"0";"0";"0";"0";;;;;;;;;;;;0;"0";"0";"0";;"0";"0";"0";"0";"-1";"-1";"-1";"-1";"0";"0";-1;"-1";;"-1";"0";"0";"0";"0";"3,333";;0;0;"0";"1,304";gestion;"12";"4";"0";"3";"5";"0";autres;"710,59";"172,742";Fioul;E;;;;;;;;gaz;;;;
"8 856";93010000AI0166;93010*00225;"[""93010*00225""]";93010;BONDY;93;SIMPLE;"1";"[""93010000AI0166""]";"359";CL;"1 926";"1 926";"1 926";"1 926";"1";"359";13;SOL;"359";"0";"0";"0";"0";"0";"0";"0";"0";"0";"0";"0";"0";"0";"359";"7";"0";"0";"0";"0";"0";"5";"0";DEPENDANCE;"2";"2";"0";"2";"2";"158";"0";"1";"0";"1";"0";"0";"0";"1";"0";"0";"0";"138";"0";"0";"0";"0";"0";"296";"1";"2";G2;PROPRIETE DIVISEE EN LOT;G2a;G2;99;1;MEME COMMUNE;;"1";"1";"1";"[""HGA7G3WANWQW"",""YHDH6FKNZGJX""]";"2";"116";FF_93010000AI0166;;;;;;;93010000AI0166;Copropriété non immatriculée;;"0";;"93 010";"93";"200 054 781";Métropole du Grand Paris;"1 926";"2";"7";"2";"296";"158";"0";"2";"1";"1";"0";"0";"0";"0";"0";"0";"1";"1";"0";"0";"0";"0";"2";"0";"2";"1";"1";"2";"1";"0";"1";;;"0";"0";"0";"0";;;;;;;;;115 B RUE BAUDIN, BONDY;;;;;;;;;;;;;;;;;;;;;;;;;;;;;;;;;;;;;;;;;;;;;;;;;;;;;;;;;;;;;;;;;"2";AVANT_1949;V;"1";{93010000AI0166};{93010000AI0166A,93010000AI0166B};2_FF;HGA7G3WANWQW,YHDH6FKNZGJX;"2";"116";;;"661 471,337";"6 866 602,203";"661 471,337";"6 866 602,203";"1";;;;"0";"0";;;;;;1;"0";"1";0;"0";"0";"0";"0";"0";"1";"1";"0";"0";;;;;;;;;;;;0;"0";"0,5";"1";;"0";"0";"0";"0";"-1";"-1";"-1";"-1";"0";"0";-1;"-1";;"-1";"0";"0";"0";"0";"8,571";;1.4285714285714286;0;"0";"3,5";gestion;"10";"3";"0";"4";"3";"0";a surveiller;"351,706";"91,004";Gaz;F;;;;;;;;gaz;;;;
"8 857";93010000AI0168;93010*00473;"[""93010*00473""]";93010;BONDY;93;SIMPLE;"1";"[""93010000AI0168""]";"953";CL;"0";"0";"0";"0";"1";"953";13;SOL;"953";"0";"0";"0";"0";"0";"0";"0";"0";"0";"0";"0";"0";"0";"953";"60";"0";"0";"0";"0";"0";"40";"0";DEPENDANCE;"2";"20";"0";"20";"20";"1 163";"0";"4";"0";"6";"10";"0";"0";"1";"0";"0";"0";"328";"0";"0";"0";"0";"0";"1 491";"1";"21";G2;PROPRIETE DIVISEE EN LOT;G2a;G2;99;1;MEME COMMUNE;;"1";"1";"1";"[""GZ34XPARGFED"",""YZ552426BRG3"",""ES37EQ1PBXA3""]";"3";"459";RNC_AC6062772;AC6062772;2018-06-01 00:00:00.0;2024-09-25 00:00:00.0;ATM SARL 34863116900045;non;non;93010000AI0168;Copropriété immatriculée;3_2;"1";OUI;"93 010";"93";"200 054 781";Métropole du Grand Paris;"0";"2";"60";"20";"1 491";"1 163";"0";"20";"14";"6";"0";"8";"0";"2";"0";"0";"4";"0";"0";"0";"8";"12";"0";"0";"1";"20";"18";"1,111";"4";"0";"5";0;;"0";"0";"5";"3";F;professionnel;ATM SARL 34863116900045;6832A;BONDY;Mandat en cours;2025-12-31 00:00:00.0;37 rue Yvonne;37 r yvonne 93140 Bondy;non connu;non connu;non connu;0;1971-01-01 00:00:00.0;non;non;oui;non connu;0;0;0;59;20;20;19;0;0;0;DE_1961_A_1974;;;;;;;;;;;;;0;non;non connu;non;2023-01-01 00:00:00.0;2023-12-31 00:00:00.0;24/06/2024;54386.0;0.0;0.0;7616.0;3;12447.0;non;non renseigné;0;0;0;1;0;0;0;0;collectif;non;fioul_domestique;Non;Sans objet;non connu;non connu;1;ADRNIVX_0000000268262482;"20";DE_1961_A_1974;V;"0,429";{93010000AI0168};{93010000AI016801,93010000AI0168A};2_RNIC_FF;GZ34XPARGFED,YZ552426BRG3,ES37EQ1PBXA3;"3";"459";661648.9232616196;6866696.204963166;"661 669,885";"6 866 687,44";"661 648,923";"6 866 696,205";"0";0;0;0;"0";"0";0;0;0;0;0;1;"0";"0";0;"0";"18";"0";"60";"0";"0,05";"0";"6";"0";0.15;0;0;0.14003603868642665392;0;1;0.000000000000000000000000;0;2619.3000000000000000;;0;0;"0";"0,25";"0";;"0";"0";"0";"0";"-1";"0";"-1";"0";"10";"0";-1;"0";0;"0";"1";"1";"0";"0";"0";3;0;0;"7";"1,346";bati;"26";"9";"5";"4";"5";"3";autres;"953,337";"131,269";Fioul;F;;;;;;;;fioul;F;;;
"8 860";93010000AI0177;93010*00561;"[""93010*00561""]";93010;BONDY;93;PDLMP;"2";"[""93010000AI0177"",""93010000AI0178""]";"1 444";CL;"1 993";"1 994";"1 993";"1 994";"2";"1 444";13;SOL;"1 444";"0";"0";"0";"0";"0";"0";"0";"0";"0";"0";"0";"0";"0";"1 444";"12";"0";"0";"0";"0";"0";"3";"0";MAISON;"7";"9";"6";"3";"9";"710";"257";"0";"0";"0";"9";"0";"0";"0";"0";"0";"0";"16";"0";"0";"0";"0";"0";"983";"2";"10";G2;PROPRIETE DIVISEE EN LOT;G2a;G2;99;1;MEME COMMUNE;;"2";"2";"2";"[""85WG5PMTEBNX"",""FNP3TEVDWRMP"",""GWAGTVQWKZNE"",""ZWF4F19RB6EZ""]";"4";"507";RNC_AE8393738;AE8393738;2019-03-04 00:00:00.0;2024-06-24 00:00:00.0;M SERGE MAISONNIER;non;non;93010000AI0177;Copropriété immatriculée;1_1;"1";OUI;"93 010";"93";"200 054 781";Métropole du Grand Paris;"1 993";"7";"12";"9";"983";"967";"6";"3";"9";"0";"0";"9";"0";"0";"0";"0";"0";"0";"0";"0";"1";"1";"7";"0";"0";"9";"9";"1";"0";"0";"1";0;;"1";"0";"0";"0";;bénévole;M SERGE MAISONNIER;non connu;BONDY;Mandat en cours;2025-06-23 00:00:00.0;Hameau de la Gare;130 r baudin 93140 Bondy;non connu;non connu;non connu;0;1993-04-13 00:00:00.0;non;non;oui;non connu;0;0;0;12;9;9;3;0;0;0;DE_1975_A_1993;93010;000;AI;0177;93010;000;AI;0178;;;;;2;non;non connu;non;2023-01-01 00:00:00.0;2023-12-31 00:00:00.0;24/05/2024;2800.0;0.0;0.0;0.0;0;2880.0;non;1993;0;0;0;0;0;0;0;9;individuel;non renseigné;non renseigné;Non;Sans objet;13;94.0;0;ADRNIVX_0000000268264918;"9";DE_1975_A_1993;M;"0";{93010000AI0177,93010000AI0178};{93010000AI0177A,93010000AI0177B,93010000AI0177C,93010000AI0177D,93010000AI0177E,93010000AI0177F,93010000AI0177G};2_RNIC_FF;85WG5PMTEBNX,FNP3TEVDWRMP,GWAGTVQWKZNE,ZWF4F19RB6EZ;"4";"507";661554.4988041839;6866564.612470746;"661 541,243";"6 866 545,817";"661 554,499";"6 866 564,612";"0";0;0;0;"0";"0";0;0;0;0;0;1;"0";"0";0;"0";"0";"0";"0";"0";"0";"0";"0";"0";0;0;0;0.00000000000000000000;0;0;0.00000000000000000000;0;;311.1111111111111111;0;0;"0";"0,111";"0";;"0";"0";"0";"0";"0";"0";"0";"0";"0";"0";;"0";0;"0";"0";"0";"0";"0";"0";0;0;0;"0";"0";mixte;"24";"8";"5";"4";"5";"2";autres;"1 441,884";"167,533";Gaz;D;;;;;;;; ;;;;
"8 861";93010000AI0179;93010*00604;"[""93010*00604""]";93010;BONDY;93;PDLMP;"2";"[""93010000AI0179"",""93010000AI0180""]";"1 267";CL;"1 997";"1 997";"1 997";"1 997";"2";"1 267";13;SOL;"1 267";"0";"0";"0";"0";"0";"0";"0";"0";"0";"0";"0";"0";"0";"1 267";"70";"0";"0";"0";"0";"0";"46";"0";DEPENDANCE;"1";"24";"0";"24";"24";"1 350";"212";"2";"0";"5";"17";"0";"0";"0";"0";"0";"0";"388";"0";"0";"0";"0";"0";"1 950";"2";"25";G2;PROPRIETE DIVISEE EN LOT;G2a;G2;99;1;MEME COMMUNE;;"2";"2";"2";"[""6QCDC7TQ8SXA"",""RTAC11YGK5AT"",""RD5HHMZ1SJPS""]";"3";"394";RNC_AE2970853;AE2970853;2019-02-01 00:00:00.0;2023-10-02 00:00:00.0;ATM SARL 34863116900045;non connu;non connu;93010000AI0179;Plusieurs copropriétés immatriculées;2;"2";OUI;"93 010";"93";"200 054 781";Métropole du Grand Paris;"1 997";"1";"70";"24";"1 950";"1 562";"0";"24";"20";"5";"0";"15";"0";"2";"0";"0";"2";"0";"0";"3";"9";"9";"3";"0";"0";"24";"24";"1";"2";"0";"9";14;-7.57;"0";"0";"8";"0";;non connu;non connu;non connu;non connu;Pas de mandat en cours;2024-05-14 00:00:00.0;SDC LE SAINT JAMES;72-74 r roger salengro 93140 Bondy;non connu;non connu;non connu;0;1996-03-01 00:00:00.0;non;non;oui;;0;0;0;70;24;24;26;0;0;0;DE_1994_A_2000;;;;;;;;;;;;;0;non;non connu;non;2021-07-01 00:00:00.0;2022-06-30 00:00:00.0;15/11/2022;49184.0;0.0;33559.0;22514.0;23;503.0;non;non renseigné;0;0;0;0;0;0;0;1;collectif;non;energie_autre;Non renseigné;Non renseigné;non connu;non connu;1;non connu;"24";DE_1994_A_2000;V;"0,25";{93010000AI0179,93010000AI0180};{93010000AI0179A};2_RNIC;6QCDC7TQ8SXA,RTAC11YGK5AT,RD5HHMZ1SJPS;"3";"394";661746.2381777102;6866711.129321582;"661 724,825";"6 866 691,523";"661 746,238";"6 866 711,129";"0";1;1;;"0";"0";0;0;0;0;;1;"0";"0";0;"0";"4";"0";"40";"0";"0";"0";"4";"0";0.9583333333333334;0;1;0.45775048796356538712;0;1;0.68231538711776187378;0;1966.0000000000000000;;0;0;"0";"0,375";"0";;"0";"0";"0";"0";"-1";"0";"-1";"0";"0";"0";-1;"0";0;"0";"0";"0";"0";"0";"5";3;0;0;"0";"3,103";gestion;"14";"5";"5";"1";"1";"2";a surveiller;"1 264,66";"145,57";Autre;D;;;;;;;;autre;D;;;
"8 862";93010000AI0179;93010*00604;"[""93010*00604""]";93010;BONDY;93;PDLMP;"2";"[""93010000AI0179"",""93010000AI0180""]";"1 267";CL;"1 997";"1 997";"1 997";"1 997";"2";"1 267";13;SOL;"1 267";"0";"0";"0";"0";"0";"0";"0";"0";"0";"0";"0";"0";"0";"1 267";"70";"0";"0";"0";"0";"0";"46";"0";DEPENDANCE;"1";"24";"0";"24";"24";"1 350";"212";"2";"0";"5";"17";"0";"0";"0";"0";"0";"0";"388";"0";"0";"0";"0";"0";"1 950";"2";"25";G2;PROPRIETE DIVISEE EN LOT;G2a;G2;99;1;MEME COMMUNE;;"2";"2";"2";"[""6QCDC7TQ8SXA"",""RTAC11YGK5AT"",""RD5HHMZ1SJPS""]";"3";"394";RNC_AB3959053;AB3959053;2017-11-07 00:00:00.0;2023-06-20 00:00:00.0;ATM SARL 34863116900045;non connu;non connu;93010000AI0179;Plusieurs copropriétés immatriculées;3_2;"2";OUI;"93 010";"93";"200 054 781";Métropole du Grand Paris;"1 997";"1";"70";"24";"1 950";"1 562";"0";"24";"20";"5";"0";"15";"0";"2";"0";"0";"2";"0";"0";"3";"9";"9";"3";"0";"0";"24";"24";"1";"2";"0";"9";14;-7.57;"0";"0";"8";"0";;non connu;non connu;non connu;non connu;Pas de mandat en cours;2024-04-18 00:00:00.0;SDC 76/78 RUE R.SALENGRO BONDY;76 r roger salengro 93140 BONDY;non connu;non connu;non connu;0;1986-03-21 00:00:00.0;non;non;oui;;0;0;0;69;30;30;39;0;0;0;DE_1975_A_1993;;;;;;;;;;;;;0;non;non connu;non;2022-01-01 00:00:00.0;2022-12-31 00:00:00.0;09/05/2023;48703.0;0.0;3822.0;7951.0;6;8176.0;oui;non renseigné;0;0;0;0;0;0;0;3;individuel;non renseigné;non renseigné;Non renseigné;Non renseigné;13;90.0;1;non connu;"30";DE_1994_A_2000;V;"0,25";{93010000AI0179,93010000AI0180};{93010000AI0179A};2_RNIC;6QCDC7TQ8SXA,RTAC11YGK5AT,RD5HHMZ1SJPS;"3";"394";661737.0120616341;6866679.609004042;"661 724,825";"6 866 691,523";"661 737,012";"6 866 679,609";"0";0;0;;"0";"0";0;0;0;0;;1;"0";"0";0;"0";"4";"0";"40";"0";"0";"0";"4";"0";0.25;0;0;0.16325483029792825904;0;0;0.07847565858366014414;0;;223.4333333333333333;0;0;"0";"0,3";"0";;"0";"0";"0";"0";"-1";"0";"-1";"0";"0";"0";-1;"0";0;"0";"0";"0";"0";"0";"0";0;0;0;"0";"0";mixte;"14";"5";"5";"1";"1";"2";autres;"1 264,66";"145,57";Autre;D;;;;;;;;autre;D;;;
"8 871";93010000AI0195;93010*00653;"[""93010*00653""]";93010;BONDY;93;SIMPLE;"1";"[""93010000AI0195""]";"625";CL;"2 001";"2 001";"2 001";"2 001";"1";"625";13;SOL;"625";"0";"0";"0";"0";"0";"0";"0";"0";"0";"0";"0";"0";"0";"625";"42";"0";"0";"0";"0";"0";"28";"0";DEPENDANCE;"1";"14";"0";"14";"14";"737";"142";"1";"0";"7";"4";"2";"0";"0";"0";"0";"0";"204";"0";"0";"0";"0";"0";"1 083";"1";"15";G2;PROPRIETE DIVISEE EN LOT;G2a;G2;99;3;MEME REGION;;"1";"1";"1";"[""FRVWR6Y2FR1R""]";"1";"276";RNC_AD4401238;AD4401238;2018-10-08 00:00:00.0;2024-07-02 00:00:00.0;NEXITY LAMY 48753009902584;non;non;93010000AI0195;Copropriété immatriculée;1_4;"1";OUI;"93 010";"93";"200 054 781";Métropole du Grand Paris;"2 001";"1";"42";"14";"1 083";"879";"0";"14";"13";"7";"0";"4";"2";"0";"0";"0";"1";"0";"0";"0";"9";"5";"0";"0";"0";"14";"14";"1";"1";"0";"3";3;20.00;"0";"0";"3";"0";;professionnel;NEXITY LAMY 48753009902584;6832A;PARIS 8;Mandat en cours;2024-09-30 00:00:00.0;VILLA ENEA - MS12923;150 Rue Baudin 93140 Bondy;non connu;non connu;non connu;0;2000-05-25 00:00:00.0;non;non;oui;non connu;0;0;0;42;14;14;14;0;0;0;DE_1994_A_2000;93010;000;AI;0181;;;;;;;;;1;non;non connu;non;2023-04-01 00:00:00.0;2024-03-31 00:00:00.0;27/06/2024;31761.0;0.0;2319.0;1138.0;1;19753.0;non;non renseigné;0;0;0;0;0;0;0;1;individuel;non renseigné;non renseigné;Non;Sans objet;12;90.0;1;93010_0620_00150;"14";DE_2001_A_2010;V;"0,538";{93010000AI0195};{93010000AI0195B};2_RNIC_FF;FRVWR6Y2FR1R;"1";"276";661627.4733741131;6866546.113638963;"661 639,873";"6 866 535,634";"661 627,473";"6 866 546,114";"0";0;0;0;"0";"0";0;0;0;0;0;1;"0";"0";0;"0";"7";"0";"14";"1";"0";"0";"0";"0";0.07142857142857142;0;1;0.03583010610497150593;0;1;0.07301407386417304241;0;;2125.7857142857142857;1;0;"0";"0,214";"0";0;"0";"0";"0";"0";"-1";"0";"-1";"0";"0";"0";-1;"0";0;"0";"0";"0";"0";"0";"0,952";4;0;0;"0";"1,154";finan;"26";"9";"5";"5";"5";"2";autres;"617,001";"115,569";Electricité;C;oui;22/11/2023;oui;;"2";;26/09/2025;electricite;C;;;
"8 875";93010000AI0198;93010*00810;"[""93010*00810""]";93010;BONDY;93;SIMPLE;"1";"[""93010000AI0198""]";"792";CL;"2 017";"2 017";"2 017";"2 017";"1";"792";13;SOL;"792";"0";"0";"0";"0";"0";"0";"0";"0";"0";"0";"0";"0";"0";"792";"19";"0";"0";"0";"0";"0";"4";"0";APPARTEMENT;"1";"15";"0";"15";"15";"606";"21";"3";"0";"11";"1";"0";"0";"0";"0";"0";"0";"48";"0";"0";"0";"0";"0";"675";"1";"15";G2;PROPRIETE DIVISEE EN LOT;G2a;G2;99;1;MEME COMMUNE;;"1";"1";"1";"[""5K2ER64CRA77"",""JREB2MPMKXJK""]";"2";"360";RNC_AE9942285;AE9942285;2019-04-03 00:00:00.0;2022-09-06 00:00:00.0;BLUE SYNDIC 83461882900016;non;non;93010000AI0198;Copropriété immatriculée;3_2;"1";OUI;"93 010";"93";"200 054 781";Métropole du Grand Paris;"2 017";"1";"19";"15";"675";"627";"0";"15";"11";"11";"0";"0";"0";"1";"0";"0";"3";"0";"0";"4";"10";"1";"0";"0";"0";"14";"14";"1,071";"3";"0";"3";2;-5.00;"0";"0";"0";"0";;professionnel;BLUE SYNDIC 83461882900016;6832A;PARIS 8;Mandat en cours;2025-03-21 00:00:00.0;SDC 104 RUE ROGER SALENGRO;104 r roger salengro 93140 Bondy;non connu;non connu;non connu;0;2016-10-19 00:00:00.0;non;non;oui;non connu;0;0;0;19;15;15;4;0;0;0;A_COMPTER_DE_2011;93010;000;AJ;0114;;;;;;;;;1;non;non connu;non;2020-10-01 00:00:00.0;2021-09-30 00:00:00.0;12/01/2022;17350.0;0.0;0.0;0.0;0;1939.0;non;2017;0;0;0;0;0;0;0;1;individuel;non renseigné;non renseigné;Non renseigné;Non renseigné;non connu;non connu;0;ADRNIVX_0000000268265715;"15";A_COMPTER_DE_2011;V;"1";{93010000AI0198};{93010000AI0198B};2_RNIC_FF;5K2ER64CRA77,JREB2MPMKXJK;"2";"360";661669.6786854814;6866486.897201024;"661 630,588";"6 866 496,695";"661 669,679";"6 866 486,897";"0";0;1;0;"0";"0";0;0;0;0;0;1;"0";"1";0;"0";"0";"0";"73";"0";"0";"0";"7";"0";0;0;0;0.000000000000000000000000;0;0;0.000000000000000000000000;0;;1156.6666666666666667;0;0;"0";"0,2";"0";0;"0";"0";"0";"0";"-1";"0";"-1";"1";"0";"0";-1;"0";0;"0";"0";"0";"0";"0";"2,857";0;0;2.857142857142857;"0";"1,633";mixte;"24";"9";"5";"5";"4";"1";autres;"799,334";"195,486";Gaz;C;;;;;;;;gaz;C;;;
"8 879";93010000AJ0001;93010*00150;"[""93010*00150""]";93010;BONDY;93;SIMPLE;"1";"[""93010000AJ0001""]";"349";CL;"1 958";"1 970";"1 958";"1 970";"1";"349";13;SOL;"349";"0";"0";"0";"0";"0";"0";"0";"0";"0";"0";"0";"0";"0";"349";"4";"1";"1";"1";"1";"0";"0";"4";MAISON;"4";"3";"2";"1";"3";"294";"14";"0";"0";"0";"2";"0";"1";"0";"0";"0";"0";"0";"69";"21";"0";"0";"0";"398";"1";"4";G2;PROPRIETE DIVISEE EN LOT;G2a;G2;99;1;MEME COMMUNE;;"1";"1";"1";"[""HQSDSRSFTRRQ"",""MFVJP9RK9724"",""TCXJ4NM5NSR9"",""Y5JE9C63XTKA""]";"4";"280";RNC_AI3906666;AI3906666;2023-11-13 00:00:00.0;2023-11-10 00:00:00.0;M Thomas CHAUMERON;non connu;non connu;93010000AJ0001;Copropriété immatriculée;1_1;"1";OUI;"93 010";"93";"200 054 781";Métropole du Grand Paris;"1 958";"4";"4";"3";"398";"308";"2";"1";"2";"0";"0";"2";"0";"0";"1";"0";"0";"0";"0";"0";"0";"0";"3";"0";"0";"3";"3";"1";"1";"0";"2";0;;"0";"0";"0";"0";;non connu;non connu;non connu;non connu;Pas de mandat en cours;2024-05-06 00:00:00.0;SDC 79 BIS RUE ROGER SALENGRO 93140 BONDY;79B r roger salengro 93140 Bondy;non connu;non connu;non connu;0;1963-10-21 00:00:00.0;non;non;oui;non connu;0;0;0;13;12;5;1;0;0;0;AVANT_1949;93010;000;AJ;0001;;;;;;;;;1;non;non connu;non;2020-01-01 00:00:00.0;2020-12-31 00:00:00.0;07/05/2021;0.0;0.0;0.0;0.0;0;0.0;non;1880;0;0;0;0;0;0;0;3;individuel;non renseigné;non renseigné;Non;Sans objet;non connu;non connu;0;ADRNIVX_0000000268266353;"3";DE_1949_A_1960;M;"0";{93010000AJ0001};{93010000AJ0001A,93010000AJ0001C,93010000AJ0001D,93010000AJ0001E};0;HQSDSRSFTRRQ,MFVJP9RK9724,TCXJ4NM5NSR9,Y5JE9C63XTKA;"4";"280";661680.6803703575;6866432.113218466;"661 678,159";"6 866 430,826";"661 680,68";"6 866 432,113";"0";0;1;;"0";"0";0;0;0;0;;0.75;"0";"0";0;"0";"0";"0";"0";"0";"0";"0";"0";"0";0;0;;;;;;;;0.00000000000000000000;0;0;"0";"0,667";"1";;"0";"0";"0";"0";"-1";"-1";"-1";"-1";"0";"0";-1;"-1";0;"-1";"0";"0";"0";"0";"1,765";0;1.4285714285714286;0;"0";"1,111";gestion;"19";"7";"2";"4";"5";"1";autres;"347,177";"76,632";Gaz;C;;;;;;;;gaz;C;;;
"8 886";93010000AJ0011;93010*00200;"[""93010*00200""]";93010;BONDY;93;SIMPLE;"1";"[""93010000AJ0011""]";"380";CL;"1 910";"1 927";"1 910";"1 927";"1";"380";13;SOL;"380";"0";"0";"0";"0";"0";"0";"0";"0";"0";"0";"0";"0";"0";"380";"2";"0";"0";"0";"0";"0";"0";"0";MAISON;"2";"2";"2";"0";"2";"145";"10";"0";"0";"0";"2";"0";"0";"0";"0";"0";"0";"0";"0";"0";"0";"0";"0";"155";"1";"3";G2;PROPRIETE DIVISEE EN LOT;G2a;G2;99;1;MEME COMMUNE;;"1";"1";"1";"[""H8FVHRWNFFKV"",""QBJBFQM2FW6T""]";"2";"132";FF_93010000AJ0011;;;;;;;93010000AJ0011;Copropriété non immatriculée;;"0";;"93 010";"93";"200 054 781";Métropole du Grand Paris;"1 910";"2";"2";"2";"155";"155";"2";"0";"2";"0";"0";"2";"0";"0";"0";"0";"0";"0";"0";"0";"0";"0";"2";"0";"0";"2";"2";"1";"0";"0";"0";;;"0";"0";"2";"0";;;;;;;;;94 AV DE LA REPUBLIQUE, BONDY;;;;;;;;;;;;;;;;;;;;;;;;;;;;;;;;;;;;;;;;;;;;;;;;;;;;;;;;;;;;;;;;;"2";AVANT_1949;H;"0";{93010000AJ0011};{93010000AJ0011A,93010000AJ0011B};2_FF;H8FVHRWNFFKV,QBJBFQM2FW6T;"2";"132";;;"661 730,163";"6 866 480,826";"661 730,163";"6 866 480,826";"1";;;;"0";"0";;;;;;1;"0";"0";0;"0";"0";"0";"0";"0";"0";"0";"0";"0";;;;;;;;;;;;0;"0";"0";"0";;"0";"0";"0";"0";"-1";"-1";"-1";"-1";"0";"0";-1;"-1";;"-1";"0";"0";"0";"0";"3,333";;0;0;"0";"1,304";gestion;"12";"4";"0";"3";"4";"1";autres;"379,269";"84,218";Electricité;D;;;;;;;;electricite;;;;
"8 887";93010000AJ0012;93010*00536;"[""93010*00536""]";93010;BONDY;93;SIMPLE;"1";"[""93010000AJ0012""]";"917";CL;"1 890";"1 970";"1 890";"1 890";"1";"917";13;SOL;"917";"0";"0";"0";"0";"0";"0";"0";"0";"0";"0";"0";"0";"0";"917";"48";"0";"0";"0";"0";"0";"32";"0";DEPENDANCE;"5";"16";"0";"16";"16";"740";"0";"3";"0";"10";"3";"0";"0";"0";"0";"0";"0";"266";"0";"0";"0";"0";"0";"1 006";"1";"13";G2;PROPRIETE DIVISEE EN LOT;G2a;G2;99;1;MEME COMMUNE;;"1";"1";"1";"[""4M7H6JKAWMQY"",""942THMXZZG1Q"",""KP6BBRTW4J68""]";"3";"446";RNC_AH4324430;AH4324430;2022-04-06 00:00:00.0;2022-04-05 00:00:00.0;MDB IMMOBILIER 50863027400068;non connu;non connu;93010000AJ0012;Copropriété immatriculée;1_1;"1";OUI;"93 010";"93";"200 054 781";Métropole du Grand Paris;"1 890";"5";"48";"16";"1 006";"740";"0";"16";"13";"10";"0";"3";"0";"0";"0";"0";"3";"0";"0";"0";"3";"13";"0";"0";"1";"12";"9";"1,778";"3";"0";"5";5;-3.20;"0";"0";"1";"0";;non connu;non connu;non connu;non connu;Pas de mandat en cours;2022-06-30 00:00:00.0;SDC 73 RUE ROGER SALENGRO;73 r roger salengro 93140 Bondy;non connu;non connu;non connu;0;1991-09-02 00:00:00.0;non;non;oui;non connu;0;0;0;53;16;16;15;0;0;0;NON_CONNUE;93010;000;AJ;0012;;;;;;;;;1;non;non connu;non;2019-01-01 00:00:00.0;2019-12-31 00:00:00.0;05/10/2020;15009.0;0.0;0.0;0.0;0;0.0;non;non renseigné;1;1;1;1;0;0;0;0;individuel;non renseigné;non renseigné;Non renseigné;Non renseigné;non connu;non connu;0;ADRNIVX_0000000268265712;"16";AVANT_1949;V;"0,769";{93010000AJ0012};{93010000AJ001201,93010000AJ001202,93010000AJ0012A,93010000AJ0012B,93010000AJ0012C};2_RNIC_FF;4M7H6JKAWMQY,942THMXZZG1Q,KP6BBRTW4J68;"3";"446";661678.0262786018;6866485.285115191;"661 697,052";"6 866 483,102";"661 678,026";"6 866 485,285";"0";1;1;;"0";"0";0;0;0;0;;1;"0";"0";0;"0";"20";"0";"67";"0";"0,063";"0";"0";"0";0;0;0;0.000000000000000000000000;0;0;0.000000000000000000000000;0;;938.0625000000000000;0;0;"0";"0,313";"1";0;"0";"0";"0";"0";"-1";"0";"-1";"1";"0";"0";-1;"0";0;"0";"0";"0";"0";"0";"3,158";0;1.1111111111111112;2.5;"0";"1,8";gestion;"25";"8";"5";"5";"5";"2";autres;"912,715";"129,41";Electricité;E;;;;;;;;electricite;;;;
"8 890";93010000AJ0018;93010*00059;"[""93010*00059""]";93010;BONDY;93;SIMPLE;"1";"[""93010000AJ0018""]";"119";CL;"0";"0";"0";"0";"1";"119";13;SOL;"119";"0";"0";"0";"0";"0";"0";"0";"0";"0";"0";"0";"0";"0";"119";"8";"0";"0";"0";"0";"0";"6";"0";DEPENDANCE;"1";"2";"0";"2";"2";"90";"0";"0";"0";"0";"2";"0";"0";"0";"0";"0";"0";"120";"0";"0";"0";"0";"0";"210";"1";"3";G2;PROPRIETE DIVISEE EN LOT;G2a;G2;99;1;MEME COMMUNE;;"1";"1";"1";"[""BJQ3NYKPNWVX""]";"1";"64";FF_93010000AJ0018;;;;;;;93010000AJ0018;Copropriété non immatriculée;;"0";;"93 010";"93";"200 054 781";Métropole du Grand Paris;"0";"1";"8";"2";"210";"90";"0";"2";"2";"0";"0";"2";"0";"0";"0";"0";"0";"0";"0";"0";"2";"0";"0";"0";"0";"2";"2";"1";"0";"0";"0";;;"0";"0";"0";"0";;;;;;;;;92 AV DE LA REPUBLIQUE, BONDY;;;;;;;;;;;;;;;;;;;;;;;;;;;;;;;;;;;;;;;;;;;;;;;;;;;;;;;;;;;;;;;;;"2";;V;"0";{93010000AJ0018};{93010000AJ0018A};2_FF;BJQ3NYKPNWVX;"1";"64";;;"661 741,612";"6 866 490,143";"661 741,612";"6 866 490,143";"1";;;;"0";"0";;;;;;1;"0";"0";0;"0";"0";"0";"0";"0";"0";"0";"0";"0";;;;;;;;;;;;0;"0";"0";"0";;"0";"0";"0";"0";"-1";"-1";"-1";"-1";"0";"0";-1;"-1";;"-1";"0";"0";"0";"0";"3,333";;0;0;"0";"1,429";gestion;"11";"4";"0";"3";"4";"0";autres;"121,727";"44,223";Autre;D;;;;;;;; ;;;;
"8 898";93010000AJ0026;93010*00792;"[""93010*00792""]";93010;BONDY;93;SIMPLE;"1";"[""93010000AJ0026""]";"653";CL;"2 016";"2 016";"2 016";"2 016";"1";"653";13;SOL;"653";"0";"0";"0";"0";"0";"0";"0";"0";"0";"0";"0";"0";"0";"653";"30";"0";"0";"0";"0";"0";"6";"0";APPARTEMENT;"2";"24";"0";"24";"24";"1 125";"107";"2";"0";"12";"10";"0";"0";"0";"0";"0";"0";"75";"0";"0";"0";"0";"0";"1 307";"1";"26";G2;PROPRIETE DIVISEE EN LOT;G2a;G2;99;2;MEME DEPARTEMENT;;"1";"1";"1";"[""2R9N2SEZNJC7""]";"1";"386";RNC_AD1428028;AD1428028;2018-08-22 00:00:00.0;2022-01-25 00:00:00.0;IMMO 1ER 42391780600014;non connu;non connu;93010000AJ0026;Copropriété immatriculée;3_2;"1";OUI;"93 010";"93";"200 054 781";Métropole du Grand Paris;"2 016";"2";"30";"24";"1 307";"1 232";"0";"24";"21";"12";"0";"9";"0";"1";"0";"0";"2";"0";"0";"4";"12";"8";"0";"0";"1";"25";"24";"1";"2";"0";"0";0;;"0";"0";"2";"0";;non connu;non connu;non connu;non connu;Pas de mandat en cours;2019-04-20 00:00:00.0;SDC VILLA SALENGRO;63 r roger salengro 93140 Bondy;non connu;non connu;non connu;0;2015-02-06 00:00:00.0;non;non;oui;;0;0;0;30;24;24;6;0;0;0;A_COMPTER_DE_2011;;;;;;;;;;;;;0;non;non connu;non;2020-04-01 00:00:00.0;2021-03-31 00:00:00.0;22/11/2021;26215.0;0.0;2567.0;3968.0;4;0.0;non;non renseigné;0;0;0;0;0;0;0;1;individuel;non renseigné;non renseigné;Non renseigné;Non renseigné;non connu;non connu;1;non connu;"24";A_COMPTER_DE_2011;V;"0,571";{93010000AJ0026};{93010000AJ002601,93010000AJ0026A};2_RNIC_FF;2R9N2SEZNJC7;"1";"386";661690.867572639;6866553.366691649;"661 710,346";"6 866 556,82";"661 690,868";"6 866 553,367";"0";1;1;;"0";"0";0;0;0;0;;1;"0";"0";0;"0";"0";"0";"64";"0";"0,042";"0";"0";"0";0.16;0;0;0.15136372305931718482;0;0;0.09792103757390806790;0;;1008.9583333333333333;0;0;"0";"0";"0";;"0";"0";"0";"0";"-1";"0";"-1";"1";"0";"0";0.3333333333333333;"0";0;"0";"0";"0";"0";"0";"3,158";0;0;2.5;"0";"1,667";gestion;"24";"8";"5";"4";"5";"2";autres;"649,117";"105,368";Gaz;C;;;;;;;;gaz;C;;;
"8 900";93010000AJ0028;93010*00149;"[""93010*00149""]";93010;BONDY;93;SIMPLE;"1";"[""93010000AJ0028""]";"294";CL;"1 910";"1 926";"1 910";"1 926";"1";"294";13;SOL;"294";"0";"0";"0";"0";"0";"0";"0";"0";"0";"0";"0";"0";"0";"294";"3";"0";"0";"0";"0";"0";"1";"0";MAISON;"2";"2";"2";"0";"2";"67";"36";"0";"0";"0";"2";"0";"0";"0";"0";"1";"0";"8";"0";"0";"0";"0";"0";"111";"1";"3";G2;PROPRIETE DIVISEE EN LOT;G2a;G2;99;1;MEME COMMUNE;;"1";"1";"1";"[""8CTXWF4AVGK8"",""GZPCQ9QCSX9M""]";"2";"107";RNC_AH5808373;AH5808373;2022-06-08 00:00:00.0;2022-06-08 00:00:00.0;non connu;non connu;non connu;93010000AJ0028;Copropriété immatriculée;3_2;"1";OUI;"93 010";"93";"200 054 781";Métropole du Grand Paris;"1 910";"2";"3";"2";"111";"103";"2";"0";"2";"0";"0";"2";"0";"0";"0";"0";"0";"0";"0";"0";"2";"0";"0";"0";"0";"2";"2";"1";"0";"0";"1";0;;"0";"0";"0";"0";;non connu;non connu;non connu;non connu;Pas de mandat en cours;non connu;SDC 59 rue Roger Salengro 93140 BONDY;59 r roger salengro 93140 Bondy;non connu;non connu;non connu;0;1967-02-08 00:00:00.0;non;non connu;oui;non connu;;;;2;2;2;0;0;0;0;NON_CONNUE;;;;;;;;;;;;;0;non;non connu;non renseigné;non connu;non connu;non connu;;;;;;;non renseigné;non renseigné;0;0;0;0;0;0;0;2;non renseigné;non renseigné;non renseigné;Non renseigné;Non renseigné;non connu;non connu;;ADRNIVX_0000000268264154;"2";AVANT_1949;H;"0";{93010000AJ0028};{93010000AJ0028A,93010000AJ0028B};2_RNIC_FF;8CTXWF4AVGK8,GZPCQ9QCSX9M;"2";"107";661705.3947826658;6866588.187885548;"661 719,018";"6 866 582,366";"661 705,395";"6 866 588,188";"0";1;1;;"0";"0";0;;;;;1;"0";"0";0;"0";"0";"0";"0";"0";"0";"0";"50";"1";;;;;;;;;;;;0;"0";"0,5";"1";;"0";"0";"0";"0";"-1";"-1";"-1";"-1";"0";"0";-1;"-1";0;"-1";"0";"0";"1";"1";"4";;1.4285714285714286;0;"0";"2,188";gestion;"16";"6";"0";"4";"5";"1";autres;"293,254";"79,099";Electricité;G;;;;;;;;electricite;;;;
"8 909";93010000AJ0037;93010*00468;"[""93010*00468""]";93010;BONDY;93;PDLMP;"2";"[""93010000AJ0037"",""93010000AJ0038""]";"602";CL;"1 920";"1 920";"1 920";"1 920";"8";"429";13;SOL;"429";"0";"0";"0";"0";"0";"0";"0";"0";"0";"0";"0";"0";"0";"429";"12";"0";"0";"0";"0";"0";"0";"0";APPARTEMENT;"3";"12";"0";"12";"12";"381";"0";"2";"0";"8";"2";"0";"0";"0";"0";"6";"0";"0";"0";"0";"0";"0";"0";"381";"2";"11";G2;PROPRIETE DIVISEE EN LOT;G2a;G2;99;1;MEME COMMUNE;;"2";"2";"2";"[""3X8C219DTAGH"",""K5CKKJAP49Y5"",""WD1Q8G3S87EY"",""XMVE3FAHVYKW""]";"4";"211";RNC_AE5526793;AE5526793;2019-02-25 00:00:00.0;2022-03-16 00:00:00.0;M Thomas Germond;non connu;non connu;93010000AJ0037;Copropriété immatriculée;1_1;"1";OUI;"93 010";"93";"200 054 781";Métropole du Grand Paris;"1 920";"3";"12";"12";"381";"381";"0";"12";"10";"8";"0";"2";"0";"0";"0";"0";"2";"0";"0";"7";"3";"0";"2";"0";"3";"10";"10";"1,2";"2";"0";"3";1;-42.00;"0";"0";"2";"1";;non connu;non connu;non connu;non connu;Pas de mandat en cours;2023-05-20 00:00:00.0;République;78 av de la republique 93140 Bondy;76 av de la republique 93140 Bondy;non connu;non connu;1;1985-08-21 00:00:00.0;non;non;oui;non connu;0;0;0;8;5;5;0;0;0;0;AVANT_1949;93010;000;AJ;0038;93010;000;AJ;0037;;;;;2;non;non connu;oui;2019-01-01 00:00:00.0;2019-12-31 00:00:00.0;non connu;;;;;;;non renseigné;1948;1;0;0;0;0;0;0;0;individuel;non renseigné;non renseigné;Non renseigné;Non renseigné;non connu;non connu;0;ADRNIVX_0000000268264877;"12";AVANT_1949;V;"0,8";{93010000AJ0037,93010000AJ0038};{93010000AJ0037A,93010000AJ0037C,93010000AJ0037D};2_RNIC_FF;3X8C219DTAGH,K5CKKJAP49Y5,WD1Q8G3S87EY,XMVE3FAHVYKW;"4";"211";661763.2778881592;6866571.458637347;"661 750,859";"6 866 584,29";"661 763,278";"6 866 571,459";"0";1;1;;"0";"0";0;0;0;0;;1;"0";"0";0;"0";"13";"0";"80";"0";"0,25";"0";"0";"0";;;;;;;;;;;;0;"0";"0,25";"0";1;"0";"0";"0";"0";"-1";"0";"-1";"1";"0";"0";-1;"0";0;"0";"0";"0";"6";"1";"3,158";;2.2222222222222223;3.3333333333333335;"0";"2,632";occup;"19";"8";"0";"5";"4";"2";a surveiller;"605,669";"100,597";Autre;F;;;;;;;;electricite;F;;;
"8 914";93010000AJ0045;93010*00565;"[""93010*00565""]";93010;BONDY;93;SIMPLE;"1";"[""93010000AJ0045""]";"1 943";CLV;"1 994";"1 994";"1 994";"1 994";"1";"1 943";13;SOL;"1 943";"0";"0";"0";"0";"0";"0";"0";"0";"0";"0";"0";"0";"0";"1 943";"127";"1";"1";"1";"1";"0";"81";"4";DEPENDANCE;"3";"45";"0";"45";"45";"1 917";"114";"0";"0";"19";"26";"0";"0";"0";"0";"0";"0";"525";"48";"0";"0";"0";"0";"2 604";"1";"49";G2;PROPRIETE DIVISEE EN LOT;G2a;G2;99;1;MEME COMMUNE;;"1";"1";"1";"[""7M5A63RTF8S1"",""KRC8P7GW79ZR""]";"2";"1 068";RNC_AD7333602;AD7333602;2018-11-13 00:00:00.0;2023-04-24 00:00:00.0;ATM SARL 34863116900045;non;non;93010000AJ0045;Copropriété immatriculée;3_2;"1";OUI;"93 010";"93";"200 054 781";Métropole du Grand Paris;"1 994";"3";"127";"45";"2 604";"2 031";"0";"45";"44";"19";"0";"25";"0";"1";"0";"0";"0";"0";"0";"17";"17";"11";"0";"0";"3";"48";"44";"1,023";"1";"0";"15";15;-46.60;"0";"0";"14";"0";D;professionnel;ATM SARL 34863116900045;6832A;BONDY;Mandat en cours;2025-05-30 00:00:00.0;SDC 31-33 RUE ROGER SALENGRO;31 r roger salengro 93140 BONDY;non connu;non connu;non connu;0;1994-02-15 00:00:00.0;non;non;oui;;0;0;0;130;46;44;40;0;0;0;DE_1994_A_2000;;;;;;;;;;;;;0;non;non connu;non;2022-01-01 00:00:00.0;2022-12-31 00:00:00.0;05/04/2023;65747.0;15432.0;8623.0;4137.0;4;7860.0;non;non renseigné;0;0;0;0;0;0;0;3;individuel;non renseigné;non renseigné;Non renseigné;Non renseigné;7;90.0;2;ADRNIVX_0000000268260843;"45";DE_1994_A_2000;V;"0,432";{93010000AJ0045};{93010000AJ004501,93010000AJ0045A,93010000AJ0045B};2_RNIC_FF;7M5A63RTF8S1,KRC8P7GW79ZR;"2";"1 068";661780.1327819602;6866814.545508925;"661 800,097";"6 866 789,666";"661 780,133";"6 866 814,546";"0";0;0;0;"0";"0";0;0;0;0;0;0.9782608695652174;"0";"0";0;"0";"4";"0";"50";"0";"0,067";"0";"4";"0";0.08333333333333333;0;0;0.05096145554884884022;0;0;0.10622205250126264182;0;;1342.3260869565217391;0;0;"0";"0,333";"0";1;"0";"0";"0";"0";"-1";"0";"-1";"0";"4";"0";0.13636363636363635;"0";0;"0";"0";"0";"0";"0";"0";0;2.2222222222222223;0;"0";"0,37";marche;"27";"9";"5";"5";"5";"3";autres;"1 933,3";"177,585";Electricité;D;;;;;;;;electricite;D;;;
"8 916";93010000AJ0046;93010*00625;"[""93010*00625""]";93010;BONDY;93;SIMPLE;"1";"[""93010000AJ0046""]";"600";CL;"1 998";"1 998";"1 998";"1 998";"1";"600";13;SOL;"600";"0";"0";"0";"0";"0";"0";"0";"0";"0";"0";"0";"0";"0";"600";"33";"0";"0";"0";"0";"0";"22";"0";DEPENDANCE;"2";"11";"0";"11";"11";"628";"126";"4";"0";"1";"6";"0";"0";"0";"0";"0";"0";"166";"0";"0";"0";"0";"0";"920";"1";"13";G2 X1;PROPRIETE DIVISEE EN LOT ET PERSONNE PHYSIQUE;G2a X1a;G2;X1;4;FRANCE METROPOLITAINE;;"1";"1";"1";"[""84PJYE2E6FK1"",""SHMSS5556YA1""]";"2";"325";RNC_AC1872787;AC1872787;2018-02-26 00:00:00.0;2022-06-22 00:00:00.0;COPRO 2A 44333885000037;non connu;non connu;93010000AJ0046;Copropriété immatriculée;3_2;"1";OUI;"93 010";"93";"200 054 781";Métropole du Grand Paris;"1 998";"2";"33";"11";"920";"754";"0";"11";"7";"1";"0";"6";"0";"0";"0";"0";"4";"0";"0";"1";"3";"6";"1";"0";"0";"12";"11";"1";"4";"0";"4";3;-65.67;"0";"0";"8";"0";;non connu;non connu;non connu;non connu;Pas de mandat en cours;2024-03-30 00:00:00.0;RESIDENCE VILLA ROMANA;36 av de la republique 93140 Bondy;36 av de la republique 93140 Bondy;non connu;non connu;1;1997-11-14 00:00:00.0;non;non;oui;non connu;0;0;0;33;22;22;0;0;0;0;DE_1994_A_2000;;;;;;;;;;;;;0;non;non connu;non;2020-10-01 00:00:00.0;2021-09-30 00:00:00.0;01/12/2021;24999.0;2957.0;2023.0;2466.0;1;2187.0;non;non renseigné;0;0;0;0;0;0;0;1;collectif;oui;non renseigné;Non renseigné;Non renseigné;non connu;non connu;1;ADRNIVX_0000000268260838;"11";DE_1994_A_2000;V;"0,143";{93010000AJ0046};{93010000AJ004601,93010000AJ0046A};2_RNIC_FF;84PJYE2E6FK1,SHMSS5556YA1;"2";"325";661830.4078257413;6866811.76735183;"661 806,214";"6 866 816,115";"661 830,408";"6 866 811,767";"0";0;1;;"0";"0";0;0;0;0;;1;"0";"0";0;"0";"8";"0";"100";"0";"0";"0";"8";"0";0.08333333333333333;0;0;0.08821004435541565317;0;0;0.07236371440835598798;0;1045.4090909090909091;;0;0;"0";"0,364";"1";1;"0";"0";"0";"0";"-1";"0";"-1";"0";"0";"0";-1;"0";0;"0";"0";"0";"0";"0";"1,579";0;3.3333333333333335;0;"0";"1,2";marche;"25";"8";"5";"5";"5";"2";autres;"599,533";"121,716";Electricité;D;;;;;;;;electricite;D;;;
"8 917";93010000AJ0047;93010*00058;"[""93010*00058""]";93010;BONDY;93;SIMPLE;"1";"[""93010000AJ0047""]";"575";CL;"1 932";"1 932";"1 932";"1 932";"1";"575";13;SOL;"575";"0";"0";"0";"0";"0";"0";"0";"0";"0";"0";"0";"0";"0";"575";"91";"4";"4";"4";"4";"0";"15";"16";APPARTEMENT;"1";"72";"0";"72";"72";"1 566";"0";"14";"0";"33";"23";"2";"0";"3";"0";"0";"0";"60";"162";"38";"0";"0";"0";"1 826";"1";"73";G2;PROPRIETE DIVISEE EN LOT;G2a;G2;99;3;MEME REGION;;"1";"1";"1";"[""DCW58Z6V31EP"",""S3YKX6KQM5KM""]";"2";"406";RNC_AC0467712;AC0467712;2018-01-31 00:00:00.0;2023-04-15 00:00:00.0;L2J - ASSOCIES 79188783900029;non connu;non connu;93010000AJ0047;Copropriété immatriculée;1_1;"1";OUI;"93 010";"93";"200 054 781";Métropole du Grand Paris;"1 932";"1";"90";"72";"1 819";"1 566";"0";"72";"53";"33";"0";"18";"2";"5";"0";"0";"14";"2";"0";"47";"22";"3";"0";"0";"6";"73";"70";"1,029";"15";"2";"41";32;-51.72;"0";"0";"23";"11";G;non connu;non connu;non connu;non connu;Pas de mandat en cours;2023-12-31 00:00:00.0;SDC 10 BLANQUI/57 REPUBLIQUE;10 r louis auguste blanqui 93140 Bondy;57 av de la republique 93140 Bondy;non connu;non connu;1;1955-09-19 00:00:00.0;non;non;oui;non connu;0;0;0;94;75;71;0;0;0;0;AVANT_1949;93010;000;AJ;0047;;;;;;;;;1;non;non connu;non;2021-07-01 00:00:00.0;2022-06-30 00:00:00.0;27/03/2023;110660.0;7183.0;62335.0;102315.0;43;28163.0;non;non renseigné;0;0;0;0;0;0;0;2;individuel;non renseigné;non renseigné;Non renseigné;Non renseigné;22;90.0;0;ADRNIVX_0000000268260821;"72";AVANT_1949;V;"0,623";{93010000AJ0047};{93010000AJ0047A};2_RNIC_FF;DCW58Z6V31EP,S3YKX6KQM5KM;"2";"406";661858.7754357916;6866811.024364807;"661 857,036";"6 866 802,843";"661 858,775";"6 866 811,024";"0";0;0;;"0";"0";0;0;0;0;;0.9473684210526315;"0";"0";0;"0";"0";"0";"45";"1";"0,083";"0";"9";"0";0.589041095890411;1;0;0.86823146050253303124;1;0;0.52896650628378435715;1;;1475.4666666666666667;0;0;"0";"0,569";"1";1;"6";"1";"0";"0";"-1";"0";"0";"1";"0";"0";0.2641509433962264;"0";0;"0";"1";"1";"0";"0";"1,053";6;6.666666666666667;2.5;"7";"3,846";mixte;"26";"8";"5";"5";"5";"3";présumée fragile;"579,12";"100,299";Gaz;E;oui;13/09/2023;;;;;;gaz;E;;;
"8 922";93010000AJ0053;93010*00732;"[""93010*00732""]";93010;BONDY;93;SIMPLE;"1";"[""93010000AJ0053""]";"539";CL;"1 920";"1 920";"1 920";"1 920";"1";"539";13;SOL;"539";"0";"0";"0";"0";"0";"0";"0";"0";"0";"0";"0";"0";"0";"539";"15";"1";"1";"1";"1";"0";"0";"4";APPARTEMENT;"2";"14";"0";"14";"14";"678";"0";"3";"0";"11";"0";"0";"0";"0";"0";"0";"0";"0";"243";"0";"0";"0";"0";"921";"1";"3";G2;PROPRIETE DIVISEE EN LOT;G2a;G2;99;1;MEME COMMUNE;;"1";"1";"1";"[""HS5SEM92PQ6R"",""67XMFM4PFDVD"",""ASMMXDQT5TJ9""]";"3";"358";RNC_AI4194577;AI4194577;2023-12-01 00:00:00.0;2023-12-01 00:00:00.0;non connu;non connu;non connu;93010000AJ0053;Copropriété immatriculée;1_1;"1";OUI;"93 010";"93";"200 054 781";Métropole du Grand Paris;"1 920";"2";"15";"14";"921";"678";"0";"14";"11";"11";"0";"0";"0";"0";"0";"0";"3";"0";"0";"2";"1";"5";"6";"0";"14";"2";"1";"14";"3";"0";"0";0;;"0";"0";"14";"3";;non connu;non connu;non connu;non connu;Pas de mandat en cours;non connu;SDC DU 18 RUE LOUIS AUGUSTE BLANQUI A BONDY;18 Rue Louis Auguste Blanqui 93140 Bondy;non connu;non connu;non connu;0;2007-07-30 00:00:00.0;non;non connu;oui;non connu;0;0;0;2;1;1;1;0;0;0;AVANT_1949;93010;000;AJ;0053;;;;;;;;;1;non;non connu;oui;2023-01-01 00:00:00.0;2023-12-31 00:00:00.0;non connu;;;;;;;non;non renseigné;0;0;0;0;0;0;0;1;individuel;non renseigné;non renseigné;Non;Sans objet;non connu;non connu;0;Bondy;"14";AVANT_1949;V;"1";{93010000AJ0053};{93010000AJ0053A,93010000AJ0053B};0;HS5SEM92PQ6R,67XMFM4PFDVD,ASMMXDQT5TJ9;"3";"358";661918.773978877;6866792.948270087;"661 911,663";"6 866 779,221";"661 918,774";"6 866 792,948";"0";0;1;;"0";"0";0;0;0;0;;0.9333333333333333;"0";"1";0;"0";"0";"0";"0";"0";"1";"1";"0";"0";;;;;;;;;;;;0;"0";"0";"0";;"0";"0";"0";"0";"-1";"0";"1";"1";"0";"0";-1;"1";0;"0";"0";"1";"0";"0";"4";;0;6.666666666666667;"5";"3,75";occup;"15";"6";"0";"4";"3";"2";présumée fragile;"541,64";"99,14";Mixte (gaz + élec);D;;;;;;;;mixte;D;;;
"8 924";93010000AJ0054;93010*00843;"[""93010*00843""]";93010;BONDY;93;PDLMP;"10";"[""93010000AJ0054"",""93010000AJ0055"",""93010000AJ0056"",""93010000AJ0060"",""93010000AJ0061"",""93010000AJ0062"",""93010000AJ0063"",""93010000AJ0172"",""93010000AJ0225"",""93010000AJ0226""]";"2 137";CL;"2 023";"2 023";"2 023";"2 023";"10";"2 137";10;TERRAINS A BATIR;"2 137";"0";"0";"0";"0";"0";"0";"0";"0";"0";"0";"2 017";"0";"0";"120";"188";"0";"0";"0";"0";"0";"93";"0";APPARTEMENT;"5";"95";"0";"95";"95";"6 267";"1 031";"0";"0";"0";"0";"0";"0";"0";"0";"0";"0";"1 119";"0";"0";"0";"0";"0";"8 417";"10";"5";G2;PROPRIETE DIVISEE EN LOT;G2a;G2;99;3;MEME REGION;;"10";"10";"10";"[""5PZ81S9G8D6W"",""WQAQN5E9PWGK""]";"2";"0";RNC_AI5223425;AI5223425;2024-02-19 00:00:00.0;2024-03-18 00:00:00.0;FONCIA CHADEFAUX LECOQ 59202763500032;non;non;93010000AJ0054;Copropriété immatriculée;1_1;"1";OUI;"93 010";"93";"200 054 781";Métropole du Grand Paris;"2 023";"5";"188";"95";"8 417";"7 298";"0";"95";"0";"0";"0";"0";"0";"0";"0";"95";"0";"0";"0";"8";"37";"30";"20";"0";"57";"4";"4";"23,75";"0";"0";"8";2;-48.00;"0";"0";"0";"0";;professionnel;FONCIA CHADEFAUX LECOQ 59202763500032;6831Z;AUBERVILLIERS;Mandat en cours;2026-06-30 00:00:00.0;LE MOULIN A VENT;20 Rue Louis Auguste Blanqui 93140 Bondy;non connu;non connu;non connu;0;2020-12-18 00:00:00.0;non;non;oui;non connu;0;0;0;193;97;97;96;0;0;0;A_COMPTER_DE_2011;93010;000;AJ;0226;93010;000;AJ;0225;93010;000;AJ;0172;10;non;non connu;oui;2023-10-01 00:00:00.0;2024-12-31 00:00:00.0;non connu;;;;;;;non;2023;0;0;0;0;0;0;0;3;collectif;non;gaz_naturel;Non;Sans objet;non connu;non connu;3;Bondy;"95";A_COMPTER_DE_2011;V;"0";{93010000AJ0054,93010000AJ0055,93010000AJ0056,93010000AJ0060,93010000AJ0061,93010000AJ0062,93010000AJ0063,93010000AJ0172,93010000AJ0225,93010000AJ0226};{93010000AJ0054A,93010000AJ0054B,93010000AJ0054C,93010000AJ0054D,93010000AJ0054PK};0;5PZ81S9G8D6W,WQAQN5E9PWGK;"2";"0";661929.5265663703;6866789.20788583;"661 924,063";"6 866 771,802";"661 929,527";"6 866 789,208";"0";0;1;0;"0";"0";0;0;0;0;0;1;"0";"0";0;"0";"0";"0";"0";"0";"0,6";"1";"0";"0";;;;;;;;;;;;0;"0";"0,084";"0";1;"0";"0";"0";"0";"-1";"0";"-1";"0";"0";"0";;"0";0;"0";"0";"0";"0";"0";"1,875";;2.2222222222222223;0;"0";"1,724";marche;"14";"7";"0";"5";"1";"1";autres;"2 140,206";"205,292";Gaz;;;;;;;;;;;;;
"8 958";93010000AJ0103;93010*00812;"[""93010*00812""]";93010;BONDY;93;PDLMP;"5";"[""93010000AJ0103"",""93010000AJ0104"",""93010000AJ0105"",""93010000AJ0106"",""93010000AJ0107""]";"1 726";CL;"2 019";"2 019";"2 019";"2 019";"5";"1 726";13;SOL;"1 726";"0";"0";"0";"0";"0";"0";"0";"0";"0";"0";"0";"0";"0";"1 726";"149";"1";"1";"1";"1";"0";"70";"4";APPARTEMENT;"3";"78";"0";"78";"78";"4 501";"299";"10";"0";"41";"27";"0";"0";"0";"0";"0";"25";"840";"216";"0";"0";"0";"0";"5 856";"5";"44";G2;PROPRIETE DIVISEE EN LOT;G2a;G2;99;3;MEME REGION;;"5";"5";"5";"[""WWCKS4B26TF8""]";"1";"1 041";RNC_AA1042167;AA1042167;2017-01-09 00:00:00.0;2024-05-30 00:00:00.0;CABINET LOISELET PERE FILS ET DAIGREMONT 54206101500237;non;non;93010000AJ0103;Copropriété immatriculée;3_2;"1";OUI;"93 010";"93";"200 054 781";Métropole du Grand Paris;"2 019";"3";"149";"78";"5 856";"4 800";"0";"78";"66";"24";"17";"25";"0";"2";"0";"0";"10";"0";"0";"1";"26";"40";"11";"0";"16";"43";"41";"1,902";"10";"0";"21";21;-38.67;"0";"0";"43";"0";C,C;professionnel;CABINET LOISELET PERE FILS ET DAIGREMONT 54206101500237;6832A;BOULOGNE BILLANCOURT;Mandat en cours;2025-06-30 00:00:00.0;88/92 avenue Carnot;88 Avenue Carnot 93140 Bondy;88/92 avenue Carnot 93140 BONDY;88/92 avenue Carnot 93140 BONDY;88/92 avenue Carnot 93140 BONDY;3;2016-12-20 00:00:00.0;non;non;oui;non connu;0;0;0;145;75;74;70;0;0;0;A_COMPTER_DE_2011;;;;;;;;;;;;;0;non;non connu;non;2021-10-01 00:00:00.0;2022-09-30 00:00:00.0;12/12/2023;189642.0;8194.0;66851.0;115260.0;0;16224.0;non;non renseigné;0;0;0;0;0;0;0;3;collectif;non;gaz_naturel;Non;Sans objet;non connu;non connu;3;93010_1430_00088;"78";A_COMPTER_DE_2011;V;"0,621";{93010000AJ0103,93010000AJ0104,93010000AJ0105,93010000AJ0106,93010000AJ0107};{93010000AJ0103A,93010000AJ0103B,93010000AJ0103P};2_RNIC_FF;WWCKS4B26TF8;"1";"1 041";661933.835061914;6866619.37452985;"661 917,74";"6 866 622,917";"661 933,835";"6 866 619,375";"0";0;0;0;"0";"0";0;0;0;0;0;0.9873417721518988;"0";"0";0.21794871794871795;"0";"0";"0";"45";"1";"0,205";"0";"10";"0";0;0;;0.58260377282193331851;1;;0.33791119917507430397;1;2448.5600000000000000;;0;0;"0";"0,269";"0";1;"0";"0";"0";"0";"-1";"0";"-1";"0";"0";"0";0.07575757575757576;"0";0;"0";"0";"0";"0";"0";"0,952";7.142857142857143;2.2222222222222223;0;"0";"1,837";finan;"25";"9";"4";"5";"4";"3";autres;"1 732,396";"177,218";Gaz;C;;;;;;;;gaz;C;;;
"8 959";93010000AJ0108;93010*00724;"[""93010*00724""]";93010;BONDY;93;SIMPLE;"1";"[""93010000AJ0108""]";"1 205";CL;"1 913";"2 001";"1 913";"1 913";"2";"1 205";09;JARDINS;"1 205";"0";"0";"0";"0";"0";"0";"0";"0";"0";"1 005";"0";"0";"0";"200";"59";"0";"0";"0";"0";"0";"40";"0";DEPENDANCE;"3";"19";"0";"19";"19";"867";"0";"3";"0";"10";"5";"1";"0";"1";"0";"0";"0";"365";"0";"0";"0";"0";"0";"1 232";"1";"22";G2;PROPRIETE DIVISEE EN LOT;G2a G2d;G2;G2;3;MEME REGION;;"1";"1";"1";"[""JXE9M76C9RRK"",""PBSRGTT6XKWQ"",""Y4F7ZRMDX2TR""]";"3";"470";RNC_AD7525439;AD7525439;2018-11-14 00:00:00.0;2024-05-14 00:00:00.0;CABINET AJOA GESTION 80506069600020;non;non;93010000AJ0108;Copropriété immatriculée;3_1;"1";OUI;"93 010";"93";"200 054 781";Métropole du Grand Paris;"1 913";"3";"59";"19";"1 232";"867";"0";"19";"15";"10";"0";"4";"1";"1";"0";"0";"3";"0";"0";"1";"6";"8";"4";"0";"1";"21";"19";"1";"3";"0";"4";4;-52.50;"0";"0";"6";"2";;professionnel;CABINET AJOA GESTION 80506069600020;6832A;AULNAY SOUS BOIS;Mandat en cours;2026-10-10 00:00:00.0;SDC 94 CARNOT;94 av carnot 93140 Bondy;non connu;non connu;non connu;0;2000-02-18 00:00:00.0;non;non;oui;non connu;0;0;0;61;19;19;20;0;0;0;DE_1994_A_2000;;;;;;;;;;;;;0;non;non connu;non;2023-01-01 00:00:00.0;2023-12-31 00:00:00.0;13/05/2024;26857.0;2753.0;0.0;11119.0;10;5138.0;non;non renseigné;0;0;0;0;0;0;0;1;individuel;non renseigné;non renseigné;Non;Sans objet;11;90.0;0;ADRNIVX_0000000268264135;"19";AVANT_1949;V;"0,667";{93010000AJ0108};{93010000AJ0108A,93010000AJ0108B,93010000AJ0108D};2_RNIC_FF;JXE9M76C9RRK,PBSRGTT6XKWQ,Y4F7ZRMDX2TR;"3";"470";661896.936072726;6866593.929703704;"661 893,152";"6 866 594,266";"661 896,936";"6 866 593,93";"0";0;0;0;"0";"0";0;0;0;0;0;1;"0";"0";0;"0";"5";"0";"44";"1";"0,053";"0";"15";"0";0.47619047619047616;0;1;0.37551502870651806822;0;1;0.000000000000000000000000;0;;1413.5263157894736842;0;0;"0";"0,211";"0";1;"0";"0";"0";"0";"-1";"0";"-1";"1";"0";"0";0.3333333333333333;"0";0;"0";"0";"1";"0";"0";"0,952";3;2.2222222222222223;3.3333333333333335;"5";"2,2";bati;"25";"9";"5";"5";"4";"2";autres;"1 210,102";"160,995";Electricité;D;;;;;;;;electricite;D;;;
"8 960";93010000AJ0109;93010*00689;"[""93010*00689""]";93010;BONDY;93;PDLMP;"2";"[""93010000AJ0109"",""93010000AJ0112""]";"760";CL;"1 923";"1 968";"1 923";"1 968";"3";"760";13;SOL;"760";"0";"0";"0";"0";"0";"0";"0";"0";"0";"0";"0";"0";"0";"760";"3";"0";"0";"0";"0";"0";"1";"0";MAISON;"2";"2";"2";"0";"2";"160";"95";"0";"0";"0";"2";"0";"0";"0";"0";"0";"0";"16";"0";"0";"0";"0";"0";"271";"2";"3";G2;PROPRIETE DIVISEE EN LOT;G2a;G2;99;1;MEME COMMUNE;;"2";"2";"2";"[""843BM8ZXBSQQ"",""M22CZKM1P3VA"",""M38M7G2MEZRF""]";"3";"179";FF_93010000AJ0109;;;;;;;93010000AJ0109;Copropriété non immatriculée;;"0";;"93 010";"93";"200 054 781";Métropole du Grand Paris;"1 923";"2";"3";"2";"271";"255";"2";"0";"2";"0";"0";"2";"0";"0";"0";"0";"0";"0";"0";"0";"0";"1";"1";"0";"0";"2";"2";"1";"0";"0";"0";;;"0";"0";"0";"0";;;;;;;;;6 IMP CARNOT, BONDY;;;;;;;;;;;;;;;;;;;;;;;;;;;;;;;;;;;;;;;;;;;;;;;;;;;;;;;;;;;;;;;;;"2";AVANT_1949;H;"0";{93010000AJ0109,93010000AJ0112};{93010000AJ0109A,93010000AJ0109B};2_FF;843BM8ZXBSQQ,M22CZKM1P3VA,M38M7G2MEZRF;"3";"179";;;"661 885,082";"6 866 578,387";"661 885,082";"6 866 578,387";"1";;;;"0";"0";;;;;;1;"0";"0";0;"0";"0";"0";"0";"0";"0";"0";"0";"0";;;;;;;;;;;;0;"0";"0";"0";;"0";"0";"0";"0";"-1";"-1";"-1";"-1";"0";"0";-1;"-1";;"-1";"0";"0";"0";"0";"3,333";;0;0;"0";"1,429";gestion;"11";"4";"0";"3";"4";"0";autres;"763,735";"171,325";Gaz;E;;;;;;;; ;;;;
"8 966";93010000AJ0116;93010*00579;"[""93010*00579""]";93010;BONDY;93;SIMPLE;"1";"[""93010000AJ0116""]";"173";CL;"1 925";"1 994";"1 925";"1 925";"1";"173";13;SOL;"173";"0";"0";"0";"0";"0";"0";"0";"0";"0";"0";"0";"0";"0";"173";"3";"0";"0";"0";"0";"0";"1";"0";APPARTEMENT;"2";"2";"0";"2";"2";"89";"0";"0";"0";"2";"0";"0";"0";"0";"0";"0";"0";"13";"0";"0";"0";"0";"0";"102";"1";"2";G2;PROPRIETE DIVISEE EN LOT;G2a;G2;99;1;MEME COMMUNE;;"1";"1";"1";"[""88RN729ZHHNC""]";"1";"69";FF_93010000AJ0116;;;;;;;93010000AJ0116;Copropriété non immatriculée;;"0";;"93 010";"93";"200 054 781";Métropole du Grand Paris;"1 925";"2";"3";"2";"102";"89";"0";"2";"2";"2";"0";"0";"0";"0";"0";"0";"0";"0";"0";"0";"1";"1";"0";"0";"2";"1";"1";"2";"0";"0";"2";;;"0";"0";"0";"0";;;;;;;;;3 IMP CARNOT, BONDY;;;;;;;;;;;;;;;;;;;;;;;;;;;;;;;;;;;;;;;;;;;;;;;;;;;;;;;;;;;;;;;;;"2";AVANT_1949;V;"1";{93010000AJ0116};{93010000AJ011601,93010000AJ0116A};2_FF;88RN729ZHHNC;"1";"69";;;"661 883,065";"6 866 547,316";"661 883,065";"6 866 547,316";"1";;;;"0";"0";;;;;;1;"0";"1";0;"0";"0";"0";"0";"0";"1";"1";"0";"0";;;;;;;;;;;;0;"0";"1";"1";;"0";"0";"0";"0";"-1";"-1";"-1";"-1";"0";"0";-1;"-1";;"-1";"0";"0";"0";"0";"8,571";;1.4285714285714286;0;"0";"3,889";gestion;"9";"3";"0";"4";"2";"0";présumée fragile;"176,31";"53,292";Autre;G;;;;;;;; ;;;;
"8 967";93010000AJ0117;93010*00074;"[""93010*00074""]";93010;BONDY;93;PDLMP;"2";"[""93010000AJ0117"",""93010000AJ0118""]";"171";CL;"1 927";"1 927";"1 927";"1 927";"2";"171";13;SOL;"171";"0";"0";"0";"0";"0";"0";"0";"0";"0";"0";"0";"0";"0";"171";"2";"0";"0";"0";"0";"0";"0";"0";MAISON;"1";"2";"2";"0";"2";"122";"35";"0";"0";"0";"2";"0";"0";"0";"0";"0";"0";"0";"0";"0";"0";"0";"0";"157";"2";"3";G2;PROPRIETE DIVISEE EN LOT;G2a;G2;99;1;MEME COMMUNE;;"2";"2";"2";"[""GN71DBY6FNMK"",""ZVAWZCYS4EV3""]";"2";"81";FF_93010000AJ0117;;;;;;;93010000AJ0117;Copropriété non immatriculée;;"0";;"93 010";"93";"200 054 781";Métropole du Grand Paris;"1 927";"1";"2";"2";"157";"157";"2";"0";"2";"0";"0";"2";"0";"0";"0";"0";"0";"0";"0";"0";"0";"1";"1";"0";"0";"2";"2";"1";"0";"0";"0";;;"0";"0";"0";"0";;;;;;;;;5 B IMP CARNOT, BONDY;;;;;;;;;;;;;;;;;;;;;;;;;;;;;;;;;;;;;;;;;;;;;;;;;;;;;;;;;;;;;;;;;"2";AVANT_1949;H;"0";{93010000AJ0117,93010000AJ0118};{93010000AJ0117A};2_FF;GN71DBY6FNMK,ZVAWZCYS4EV3;"2";"81";;;"661 871,541";"6 866 550,574";"661 871,541";"6 866 550,574";"1";;;;"0";"0";;;;;;1;"0";"0";0;"0";"0";"0";"0";"0";"0";"0";"0";"0";;;;;;;;;;;;0;"0";"0";"0";;"0";"0";"0";"0";"-1";"-1";"-1";"-1";"0";"0";-1;"-1";;"-1";"0";"0";"0";"0";"3,333";;0;0;"0";"1,429";gestion;"11";"4";"0";"3";"4";"0";autres;"172,633";"52,982";Gaz;G;;;;;;;; ;;;;
"8 970";93010000AJ0123;93010*00235;"[""93010*00235""]";93010;BONDY;93;SIMPLE;"1";"[""93010000AJ0123""]";"1 001";CL;"1 965";"1 965";"1 965";"1 965";"1";"1 001";13;SOL;"1 001";"0";"0";"0";"0";"0";"0";"0";"0";"0";"0";"0";"0";"0";"1 001";"63";"1";"0";"1";"1";"0";"41";"4";DEPENDANCE;"2";"21";"0";"21";"21";"876";"0";"2";"0";"14";"5";"0";"0";"0";"0";"0";"0";"350";"41";"1";"0";"0";"0";"1 268";"1";"33";G2;PROPRIETE DIVISEE EN LOT;G2a;G2;99;3;MEME REGION;;"1";"1";"1";"[""HM11ADPFPDK6"",""SQ49RTPGT7JE""]";"2";"422";RNC_AE9386541;AE9386541;2019-03-22 00:00:00.0;2024-09-25 00:00:00.0;2 BE IMMO 90998153200015;non;non;93010000AJ0123;Copropriété immatriculée;3_2;"1";OUI;"93 010";"93";"200 054 781";Métropole du Grand Paris;"1 965";"2";"62";"21";"1 233";"876";"0";"21";"18";"14";"0";"4";"0";"1";"0";"0";"2";"0";"0";"0";"20";"1";"0";"0";"2";"32";"20";"1,05";"2";"0";"10";9;-57.67;"0";"0";"6";"4";;professionnel;2 BE IMMO 90998153200015;6832A;ASNIERES-SUR-OISE;Mandat en cours;2026-06-30 00:00:00.0;SDC 107 AV. DE LA REPUBLIQUE;107 av de la republique 93140 BONDY;107 AVENUE DE LA REPUBLIQUE - BATIMENT A 93140 BONDY;non connu;non connu;1;1961-12-21 00:00:00.0;non;non;oui;non connu;0;0;0;63;44;44;0;0;0;0;DE_1961_A_1974;;;;;;;;;;;;;0;non;non connu;non;2023-07-01 00:00:00.0;2024-06-30 00:00:00.0;24/09/2024;66083.0;109569.0;3043.0;46697.0;7;12696.0;oui;non renseigné;0;0;0;0;0;0;0;1;collectif;non;fioul_domestique;Non;Sans objet;22;90.0;1;ADRNIVX_0000000268264150;"21";DE_1961_A_1974;V;"0,778";{93010000AJ0123};{93010000AJ012301,93010000AJ0123A};2_RNIC_FF;HM11ADPFPDK6,SQ49RTPGT7JE;"2";"422";661777.3072597816;6866575.36924828;"661 814,207";"6 866 562,132";"661 777,307";"6 866 575,369";"0";0;0;0;"0";"0";0;0;0;0;0;0.9545454545454546;"0";"0";0;"0";"8";"0";"46";"1";"0,095";"0";"27";"0";0.21875;0;0;0.26584952064308974563;0;0;0.01732402705349213217;0;547.3409090909090909;;0;0;"0";"0,476";"0";1;"0";"0";"0";"0";"-1";"0";"-1";"1";"0";"0";-1;"0";0;"0";"0";"1";"0";"0";"0,952";0;2.2222222222222223;3.3333333333333335;"5";"1,6";bati;"25";"9";"5";"5";"4";"2";autres;"1 000,978";"166,064";Fioul;E;;;;;;;;fioul;E;;;
"8 972";93010000AJ0127;93010*00550;"[""93010*00550""]";93010;BONDY;93;SIMPLE;"1";"[""93010000AJ0127""]";"600";CL;"1 992";"1 992";"1 992";"1 992";"3";"600";13;SOL;"600";"0";"0";"0";"0";"0";"0";"0";"0";"0";"0";"0";"0";"0";"600";"16";"0";"0";"0";"0";"0";"13";"0";DEPENDANCE;"2";"3";"0";"3";"3";"156";"8";"0";"0";"1";"2";"0";"0";"0";"0";"0";"0";"156";"0";"0";"0";"0";"0";"320";"1";"7";G2;PROPRIETE DIVISEE EN LOT;G2a;G2;99;1;MEME COMMUNE;;"1";"1";"1";"[""AD4YP1RQ2PRX"",""CH22WXG7ZSKB""]";"2";"229";FF_93010000AJ0127;;;;;;;93010000AJ0127;Copropriété non immatriculée;;"0";;"93 010";"93";"200 054 781";Métropole du Grand Paris;"1 992";"2";"16";"3";"320";"164";"0";"3";"3";"1";"0";"2";"0";"0";"0";"0";"0";"0";"0";"1";"1";"1";"0";"0";"1";"6";"3";"1";"0";"0";"0";;;"0";"0";"0";"0";;;;;;;;;113 AV DE LA REPUBLIQUE, BONDY;;;;;;;;;;;;;;;;;;;;;;;;;;;;;;;;;;;;;;;;;;;;;;;;;;;;;;;;;;;;;;;;;"3";DE_1975_A_1993;V;"0,333";{93010000AJ0127};{93010000AJ012701,93010000AJ0127A};2_FF;AD4YP1RQ2PRX,CH22WXG7ZSKB;"2";"229";;;"661 801,869";"6 866 534,141";"661 801,869";"6 866 534,141";"1";;;;"0";"0";;;;;;1;"0";"0";0;"0";"20";"0";"0";"0";"0,333";"1";"20";"0";;;;;;;;;;;;0;"0";"0";"0";;"0";"0";"0";"0";"-1";"-1";"-1";"-1";"0";"0";-1;"-1";;"-1";"0";"0";"0";"0";"3,333";;0;0;"0";"1,429";gestion;"11";"4";"0";"3";"4";"0";autres;"600,716";"146,247";Electricité;E;;;;;;;; ;;;;
"8 979";93010000AJ0134;93010*00169;"[""93010*00169""]";93010;BONDY;93;PDLMP;"2";"[""93010000AJ0134"",""93010000AJ0135""]";"554";CL;"1 900";"1 910";"1 900";"1 910";"2";"554";13;SOL;"554";"0";"0";"0";"0";"0";"0";"0";"0";"0";"0";"0";"0";"0";"554";"5";"0";"0";"0";"0";"0";"0";"0";MAISON;"3";"5";"3";"2";"5";"226";"70";"1";"0";"1";"3";"0";"0";"0";"0";"0";"0";"0";"0";"0";"0";"0";"0";"296";"2";"5";G2;PROPRIETE DIVISEE EN LOT;G2a;G2;99;1;MEME COMMUNE;;"2";"2";"2";"[""9CTY9TGZEAEH"",""HGNVBTFCXR4S"",""Y23Y2YVQSHQR""]";"3";"177";RNC_AG1890508;AG1890508;2020-07-07 00:00:00.0;2020-07-07 00:00:00.0;non connu;non connu;non connu;93010000AJ0134;Copropriété immatriculée;1_1;"1";OUI;"93 010";"93";"200 054 781";Métropole du Grand Paris;"1 900";"3";"5";"5";"296";"296";"3";"2";"4";"1";"0";"3";"0";"0";"0";"0";"1";"0";"0";"1";"0";"3";"1";"0";"0";"4";"4";"1,25";"1";"0";"2";1;-38.00;"0";"0";"0";"0";;non connu;non connu;non connu;non connu;Pas de mandat en cours;non connu;119 Avenue de la République;119 av de la republique 93140 Bondy;non connu;non connu;non connu;0;1961-09-05 00:00:00.0;non;non connu;oui;non connu;0;0;0;6;5;5;0;0;0;0;non renseigné;93010;000;AJ;0135;93010;000;AJ;0134;;;;;2;non;non connu;non renseigné;non connu;non connu;non connu;;;;;;;non renseigné;non renseigné;0;0;0;0;0;0;0;1;non renseigné;non renseigné;non renseigné;Non renseigné;Non renseigné;non connu;non connu;;non connu;"5";AVANT_1949;M;"0,25";{93010000AJ0134,93010000AJ0135};{93010000AJ0134A,93010000AJ0134B,93010000AJ0134C};2_RNIC_FF;9CTY9TGZEAEH,HGNVBTFCXR4S,Y23Y2YVQSHQR;"3";"177";661784.4789891883;6866506.71052203;"661 781,585";"6 866 505,569";"661 784,479";"6 866 506,711";"0";1;1;;"0";"0";0;0;0;0;;1;"0";"0";0;"0";"0";"0";"100";"0";"0";"0";"0";"0";;;;;;;;;;;;0;"0";"0,4";"1";1;"0";"0";"0";"0";"0";"0";"0";"0";"0";"0";;"0";0;"0";"0";"0";"0";"0";"3,158";;3.3333333333333335;0;"0";"2,5";marche;"18";"8";"0";"5";"4";"1";autres;"468,633";"87,46";Autre;G;;;;;;;; ;;;;
"8 981";93010000AJ0137;93010*00062;"[""93010*00062""]";93010;BONDY;93;SIMPLE;"1";"[""93010000AJ0137""]";"152";CL;"0";"0";"0";"0";"1";"75";13;SOL;"75";"0";"0";"0";"0";"0";"0";"0";"0";"0";"0";"0";"0";"0";"75";"14";"1";"1";"1";"1";"0";"5";"4";APPARTEMENT;"1";"8";"0";"8";"8";"367";"0";"0";"0";"3";"4";"1";"0";"0";"0";"0";"0";"30";"32";"0";"0";"0";"0";"429";"1";"9";G2;PROPRIETE DIVISEE EN LOT;G2a;G2;99;1;MEME COMMUNE;;"1";"1";"1";"[""15RJEM7JYSEQ""]";"1";"130";RNC_AA4130969;AA4130969;2017-05-10 00:00:00.0;2024-06-20 00:00:00.0;ATM SARL 34863116900045;non connu;non connu;93010000AJ0137;Copropriété immatriculée;3_2;"1";OUI;"93 010";"93";"200 054 781";Métropole du Grand Paris;"0";"1";"14";"8";"429";"367";"0";"8";"7";"3";"0";"3";"1";"1";"0";"0";"0";"0";"0";"1";"1";"6";"0";"0";"0";"8";"8";"1";"0";"0";"2";0;;"0";"0";"2";"2";;non connu;non connu;non connu;non connu;Pas de mandat en cours;2024-05-10 00:00:00.0;SDC 125 REPUBLIQUE;125 av de la republique 93140 Bondy;non connu;non connu;non connu;0;1967-06-13 00:00:00.0;non;non;oui;;0;0;0;19;7;7;0;0;0;0;DE_1961_A_1974;;;;;;;;;;;;;0;non;non connu;non;2022-01-01 00:00:00.0;2022-12-31 00:00:00.0;27/06/2023;12174.0;10150.0;2119.0;2937.0;3;1280.0;non;non renseigné;0;0;0;0;0;0;0;1;individuel;non renseigné;non renseigné;Non renseigné;Non renseigné;19;90.0;0;ADRNIVX_0000000268265702;"8";DE_1961_A_1974;V;"0,429";{93010000AJ0137};{93010000AJ0137A};2_RNIC_FF;15RJEM7JYSEQ;"1";"130";661760.0708163907;6866485.521001504;"661 767,216";"6 866 479,369";"661 760,071";"6 866 485,521";"0";0;0;;"0";"0";0;0;0;0;;0.8888888888888888;"0";"0";0;"0";"0";"0";"0";"1";"0";"0";"38";"1";0.375;0;0;0.13156244400645045691;0;0;0.09492026518545063609;0;;1739.1428571428571429;1;0;"0";"0,25";"0";;"0";"0";"0";"0";"0";"0";"0";"0";"0";"0";;"0";0;"0";"0";"1";"0";"0";"1,053";1;0;0;"5";"1,087";bati;"23";"8";"5";"4";"4";"2";autres;"152,104";"50,23";Electricité;G;;;;;;;;electricite;G;;;
"8 989";93010000AJ0150;93010*00327;"[""93010*00327""]";93010;BONDY;93;SIMPLE;"1";"[""93010000AJ0150""]";"453";CL;"1 965";"1 965";"1 965";"1 965";"1";"453";13;SOL;"453";"0";"0";"0";"0";"0";"0";"0";"0";"0";"0";"0";"0";"0";"453";"19";"7";"1";"7";"7";"0";"8";"22";DEPENDANCE;"1";"4";"0";"4";"4";"339";"0";"0";"0";"0";"4";"0";"0";"0";"0";"0";"0";"68";"485";"9";"12";"0";"0";"901";"1";"7";G2;PROPRIETE DIVISEE EN LOT;G2a;G2;99;1;MEME COMMUNE;;"1";"1";"1";"[""WXRGEP9QPGER""]";"1";"225";RNC_AC7102775;AC7102775;2018-06-20 00:00:00.0;2022-07-12 00:00:00.0;SOCIETE DE GERANCE RICHELIEU 60205776200034;non connu;non connu;93010000AJ0150;Copropriété immatriculée;1_1;"1";OUI;"93 010";"93";"200 054 781";Métropole du Grand Paris;"1 965";"1";"19";"4";"901";"339";"0";"4";"3";"0";"0";"3";"0";"1";"0";"0";"0";"0";"0";"0";"0";"4";"0";"0";"0";"6";"4";"1";"0";"0";"1";1;-44.00;"0";"0";"0";"0";;non connu;non connu;non connu;non connu;Pas de mandat en cours;2023-09-01 00:00:00.0;SDC 114 avenue Carnot;114 av carnot 93140 Bondy;non connu;non connu;non connu;0;1963-12-28 00:00:00.0;non;non;oui;non connu;0;0;0;28;10;10;8;0;0;0;DE_1961_A_1974;93010;000;AJ;0150;;;;;;;;;1;non;non connu;non;2021-01-01 00:00:00.0;2021-12-31 00:00:00.0;20/04/2022;17060.0;1983.0;0.0;284.0;0;2222.0;non;non renseigné;0;0;0;0;0;0;0;1;individuel;non renseigné;non renseigné;Non renseigné;Non renseigné;15;90.0;1;ADRNIVX_0000000268266325;"4";DE_1961_A_1974;V;"0";{93010000AJ0150};{93010000AJ0150A};2_RNIC_FF;WXRGEP9QPGER;"1";"225";661880.304642081;6866450.922790299;"661 865,787";"6 866 451,861";"661 880,305";"6 866 450,923";"0";0;1;;"0";"0";0;0;0;0;;0.36363636363636365;"1";"0";0;"0";"0";"0";"0";"0";"0";"0";"25";"0";0;0;0;0.01491361655201386336;0;0;0.000000000000000000000000;0;;1506.0000000000000000;1;0;"0";"0,25";"0";1;"0";"0";"0";"0";"-1";"-1";"-1";"-1";"0";"0";-1;"-1";0;"-1";"0";"0";"0";"0";"2,353";1;2.2222222222222223;1.25;"0";"1,739";gestion;"23";"7";"5";"5";"5";"1";autres;"456,972";"87,696";Electricité;E;;;;;;;;electricite;;;;
"8 990";93010000AJ0152;93010*00613;"[""93010*00613""]";93010;BONDY;93;SIMPLE;"1";"[""93010000AJ0152""]";"199";CL;"1 978";"1 978";"1 978";"1 978";"1";"199";13;SOL;"199";"0";"0";"0";"0";"0";"0";"0";"0";"0";"0";"0";"0";"0";"199";"3";"0";"0";"0";"0";"0";"1";"0";APPARTEMENT;"1";"2";"0";"2";"2";"112";"0";"1";"0";"0";"1";"0";"0";"0";"0";"0";"0";"6";"0";"0";"0";"0";"0";"118";"1";"3";G2;PROPRIETE DIVISEE EN LOT;G2a;G2;99;1;MEME COMMUNE;;"1";"1";"1";"[""3FVZYFVCYRKV""]";"1";"116";FF_93010000AJ0152;;;;;;;93010000AJ0152;Copropriété non immatriculée;;"0";;"93 010";"93";"200 054 781";Métropole du Grand Paris;"1 978";"1";"3";"2";"118";"112";"0";"2";"1";"0";"0";"1";"0";"0";"0";"0";"1";"0";"0";"0";"1";"1";"0";"0";"0";"2";"2";"1";"1";"0";"1";;;"0";"0";"2";"0";;;;;;;;;6 VLA DU BRECHET, BONDY;;;;;;;;;;;;;;;;;;;;;;;;;;;;;;;;;;;;;;;;;;;;;;;;;;;;;;;;;;;;;;;;;"2";DE_1975_A_1993;V;"0";{93010000AJ0152};{93010000AJ0152A};2_FF;3FVZYFVCYRKV;"1";"116";;;"661 845,253";"6 866 425,935";"661 845,253";"6 866 425,935";"1";;;;"0";"0";;;;;;1;"0";"0";0;"0";"0";"0";"0";"0";"0";"0";"0";"0";;;;;;;;;;;;0;"0";"0,5";"1";;"0";"0";"0";"0";"-1";"-1";"-1";"-1";"0";"0";-1;"-1";;"-1";"0";"0";"0";"0";"3,333";;1.4285714285714286;0;"0";"1,538";gestion;"14";"4";"0";"4";"5";"1";autres;"197,404";"56,896";Electricité;E;;;;;;;;electricite;E;;;
"8 992";93010000AJ0155;93010*00809;"[""93010*00809""]";93010;BONDY;93;SIMPLE;"1";"[""93010000AJ0155""]";"354";CL;"2 020";"2 020";"2 020";"2 020";"1";"354";13;SOL;"354";"0";"0";"0";"0";"0";"0";"0";"0";"0";"0";"0";"0";"0";"354";"24";"0";"0";"0";"0";"0";"4";"0";APPARTEMENT;"1";"20";"0";"20";"20";"651";"47";"5";"0";"11";"4";"0";"0";"0";"0";"0";"0";"48";"0";"0";"0";"0";"0";"746";"1";"20";G2;PROPRIETE DIVISEE EN LOT;G2a;G2;99;3;MEME REGION;;"1";"1";"1";"[""16J938JQCTP3""]";"1";"212";RNC_AC7223308;AC7223308;2018-06-19 00:00:00.0;2024-01-09 00:00:00.0;CITYA IMMOBILIER PECORARI 41130103900086;non connu;non connu;93010000AJ0155;Copropriété immatriculée;1_1;"1";OUI;"93 010";"93";"200 054 781";Métropole du Grand Paris;"2 020";"1";"24";"20";"746";"698";"0";"20";"13";"11";"0";"2";"0";"2";"0";"0";"5";"0";"0";"10";"8";"2";"0";"0";"0";"19";"19";"1,053";"5";"0";"6";5;-35.40;"0";"0";"1";"0";;non connu;non connu;non connu;non connu;Pas de mandat en cours;2024-03-27 00:00:00.0;VILLA CASTELIA;25 r edouard vaillant 93140 Bondy;non connu;non connu;non connu;0;2016-12-13 00:00:00.0;non;non;oui;non connu;0;0;0;24;20;20;4;0;0;0;A_COMPTER_DE_2011;93010;000;AJ;0155;;;;;;;;;1;non;non connu;non;2022-07-01 00:00:00.0;2023-06-30 00:00:00.0;12/12/2023;20987.0;23000.0;2515.0;255.0;0;1150.0;non;non renseigné;0;0;0;0;0;0;0;1;individuel;non renseigné;non renseigné;Non renseigné;Non renseigné;non connu;non connu;1;ADRNIVX_0000000268267049;"20";A_COMPTER_DE_2011;V;"0,846";{93010000AJ0155};{93010000AJ0155A};2_RNIC_FF;16J938JQCTP3;"1";"212";661850.5161325225;6866380.950890635;"661 854,348";"6 866 393,893";"661 850,516";"6 866 380,951";"0";0;0;;"0";"0";0;0;0;0;;1;"0";"0";0;"0";"0";"0";"45";"1";"0";"0";"11";"0";0;0;0;0.00579716734489735604;0;0;0.05717598381339941346;0;;949.3500000000000000;0;0;"0";"0,3";"0";1;"0";"0";"0";"0";"-1";"0";"-1";"0";"0";"0";-1;"0";0;"0";"0";"0";"0";"0";"1,053";0;2.2222222222222223;0;"0";"0,8";marche;"25";"8";"5";"5";"5";"2";autres;"356,842";"78,156";Gaz;C;;;;;;;;gaz;C;;;
"8 998";93010000AJ0165;93010*00063;"[""93010*00063""]";93010;BONDY;93;SIMPLE;"1";"[""93010000AJ0165""]";"533";CL;"1 929";"1 929";"1 929";"1 929";"5";"166";13;SOL;"166";"0";"0";"0";"0";"0";"0";"0";"0";"0";"0";"0";"0";"0";"166";"9";"0";"0";"0";"0";"0";"5";"0";DEPENDANCE;"1";"4";"1";"3";"4";"244";"0";"0";"0";"0";"4";"0";"0";"0";"0";"0";"0";"84";"0";"0";"0";"0";"0";"328";"1";"5";G2;PROPRIETE DIVISEE EN LOT;G2a;G2;99;1;MEME COMMUNE;;"1";"1";"1";"[""66EBBT5T5ZCS"",""7CN5YVMVZDZH"",""865AT44XF5D8""]";"3";"190";FF_93010000AJ0165;;;;;;;93010000AJ0165;Copropriété non immatriculée;;"0";;"93 010";"93";"200 054 781";Métropole du Grand Paris;"1 929";"1";"8";"4";"314";"244";"1";"3";"4";"0";"0";"4";"0";"0";"0";"0";"0";"0";"0";"0";"0";"3";"1";"0";"0";"4";"4";"1";"0";"0";"1";;;"0";"0";"0";"0";;;;;;;;;141 AV DE LA REPUBLIQUE, BONDY;;;;;;;;;;;;;;;;;;;;;;;;;;;;;;;;;;;;;;;;;;;;;;;;;;;;;;;;;;;;;;;;;"4";AVANT_1949;M;"0";{93010000AJ0165};{93010000AJ0165A};2_FF;66EBBT5T5ZCS,7CN5YVMVZDZH,865AT44XF5D8;"3";"190";;;"661 771,74";"6 866 422,37";"661 771,74";"6 866 422,37";"1";;;;"0";"0";;;;;;1;"0";"0";0;"0";"0";"0";"0";"0";"0";"0";"0";"0";;;;;;;;;;;;0;"0";"0,25";"0";;"0";"0";"0";"0";"-1";"-1";"-1";"-1";"0";"0";-1;"-1";;"-1";"0";"0";"0";"0";"3,333";;0;0;"0";"1,25";gestion;"13";"4";"0";"4";"5";"0";autres;"523,838";"120,008";Autre;D;;;;;;;; ;;;;
"9 004";93010000AJ0187;93010*00148;"[""93010*00148""]";93010;BONDY;93;SIMPLE;"1";"[""93010000AJ0187""]";"4 109";CL;"1 967";"1 967";"1 967";"1 967";"1";"4 109";13;SOL;"4 109";"0";"0";"0";"0";"0";"0";"0";"0";"0";"0";"0";"0";"0";"4 109";"236";"4";"1";"4";"4";"0";"158";"16";DEPENDANCE;"5";"74";"0";"74";"74";"4 663";"0";"6";"0";"18";"50";"0";"0";"1";"0";"0";"0";"1 266";"123";"19";"0";"12";"0";"6 083";"1";"86";G2;PROPRIETE DIVISEE EN LOT;G2a;G2;99;1;MEME COMMUNE;;"1";"1";"1";"[""89RT7B5B2KF4"",""C2WHY3KRRJDP""]";"2";"1 143";RNC_AB2609279;AB2609279;2017-10-12 00:00:00.0;2023-11-28 00:00:00.0;ATM SARL 34863116900045;non connu;non connu;93010000AJ0187;Copropriété immatriculée;1_1;"1";OUI;"93 010";"93";"200 054 781";Métropole du Grand Paris;"1 967";"5";"233";"74";"5 982";"4 663";"0";"74";"65";"18";"0";"47";"0";"3";"0";"0";"6";"0";"0";"12";"13";"23";"25";"1";"0";"86";"73";"1,014";"6";"0";"23";18;-51.33;"0";"0";"36";"3";C;non connu;non connu;non connu;non connu;Pas de mandat en cours;2020-12-31 00:00:00.0;SDC LE CLOS DES ACACIAS;41 r roger salengro 93140 Bondy;non connu;non connu;non connu;0;1966-12-07 00:00:00.0;non;non;oui;;0;0;0;235;76;76;82;0;0;0;DE_1961_A_1974;93010;000;AJ;0187;;;;;;;;;1;non;non connu;non;2022-01-01 00:00:00.0;2022-12-31 00:00:00.0;21/03/2023;214697.0;106118.0;20185.0;12360.0;11;26874.0;oui;non renseigné;0;0;0;0;0;0;0;1;collectif;non;gaz_naturel;Non renseigné;Non renseigné;15;90.0;0;ADRNIVX_0000000268262472;"74";DE_1961_A_1974;V;"0,277";{93010000AJ0187};{93010000AJ018701,93010000AJ0187A,93010000AJ0187B,93010000AJ0187C,93010000AJ0187D};2_RNIC_FF;89RT7B5B2KF4,C2WHY3KRRJDP;"2";"1 143";661753.235728514;6866704.966989298;"661 761,993";"6 866 655,896";"661 753,236";"6 866 704,967";"0";1;0;;"0";"0";0;0;0;0;;0.9487179487179487;"0";"0";0;"0";"16";"0";"47";"1";"0";"0";"7";"0";0.12790697674418605;0;1;0.03852687686049592444;0;0;0.06291788102177267272;0;2298.6447368421052632;;0;0;"0";"0,311";"0";1;"0";"0";"0";"0";"-1";"0";"-1";"1";"22";"0";0.1076923076923077;"0";0;"0";"0";"0";"0";"0";"2,632";0;2.2222222222222223;2.5;"0";"1,731";gestion;"26";"8";"5";"5";"5";"3";autres;"4 088,557";"287,687";Gaz;D;;;;;;;;gaz;D;;;
"9 005";93010000AJ0188;93010*00461;"[""93010*00461""]";93010;BONDY;93;SIMPLE;"1";"[""93010000AJ0188""]";"1 262";CL;"0";"0";"0";"0";"2";"160";09;JARDINS;"160";"0";"0";"0";"0";"0";"0";"0";"0";"0";"160";"0";"0";"0";"0";"58";"1";"1";"1";"1";"0";"39";"0";DEPENDANCE;"1";"18";"0";"18";"18";"1 149";"0";"0";"0";"4";"13";"0";"1";"0";"0";"0";"0";"278";"194";"0";"0";"0";"0";"1 621";"1";"20";G2;PROPRIETE DIVISEE EN LOT;G2a;G2;99;1;MEME COMMUNE;;"1";"1";"1";"[""T73PFY8R9AB1"",""NYA9R9E6CEJQ""]";"2";"514";RNC_AB2574853;AB2574853;2017-10-12 00:00:00.0;2019-12-17 00:00:00.0;ATM SARL 34863116900045;non;non;93010000AJ0188;Copropriété immatriculée;3_2;"1";OUI;"93 010";"93";"200 054 781";Métropole du Grand Paris;"0";"1";"58";"18";"1 621";"1 149";"0";"18";"15";"4";"0";"11";"0";"2";"1";"0";"0";"0";"0";"0";"4";"12";"2";"0";"2";"19";"18";"1";"3";"0";"7";0;;"0";"0";"2";"0";;professionnel;ATM SARL 34863116900045;6832A;BONDY;Mandat en cours;2025-01-10 00:00:00.0;SDC ATHINAI;52 av de la republique 93140 Bondy;non connu;non connu;non connu;0;1983-11-29 00:00:00.0;non;non;oui;;0;0;0;74;23;18;31;0;0;0;DE_1975_A_1993;;;;;;;;;;;;;0;non;non connu;non;2017-10-01 00:00:00.0;2018-09-30 00:00:00.0;13/12/2018;33123.72;0.0;17312.84;26625.2;3;3350.48;non;non renseigné;0;0;0;0;0;0;0;2;individuel;non renseigné;non renseigné;Non renseigné;Non renseigné;non connu;non connu;2;ADRNIVX_0000000268262468;"18";DE_1975_A_1993;V;"0,267";{93010000AJ0188};{93010000AJ0188A};2_RNIC_FF;T73PFY8R9AB1,NYA9R9E6CEJQ;"2";"514";661800.7772136036;6866709.990765748;"661 770,576";"6 866 721,548";"661 800,777";"6 866 709,991";"0";0;1;0;"0";"0";0;0;0;0;0;0.9473684210526315;"0";"0";0;"0";"25";"0";"0";"1";"0,111";"0";"6";"0";0.15789473684210525;0;0;0.80381068309960354694;1;0;0.52267197041878146537;1;;1266.2486956521739130;0;0;"0";"0,389";"1";;"0";"0";"0";"0";"-1";"0";"-1";"1";"33";"1";-1;"0";0;"0";"0";"0";"0";"0";"2,381";5;1.4285714285714286;3.75;"0";"2,8";finan;"25";"9";"5";"4";"5";"2";a surveiller;"1 253,044";"164,684";Gaz;D;;;;;;;;gaz;;;;
"9 009";93010000AJ0197;93010*00386;"[""93010*00386""]";93010;BONDY;93;SIMPLE;"1";"[""93010000AJ0197""]";"311";CL;"0";"0";"0";"0";"1";"311";13;SOL;"311";"0";"0";"0";"0";"0";"0";"0";"0";"0";"0";"0";"0";"0";"311";"31";"3";"3";"3";"3";"0";"14";"12";MIXTE;"1";"14";"0";"14";"14";"513";"0";"2";"0";"6";"6";"0";"0";"1";"0";"0";"0";"63";"83";"30";"0";"0";"0";"689";"1";"18";G2;PROPRIETE DIVISEE EN LOT;G2a;G2;99;1;MEME COMMUNE;;"1";"1";"1";"[""96R3NG624844""]";"1";"244";RNC_AD7328420;AD7328420;2018-11-13 00:00:00.0;2023-12-19 00:00:00.0;ATM SARL 34863116900045;non;non;93010000AJ0197;Copropriété immatriculée;3_2;"1";OUI;"93 010";"93";"200 054 781";Métropole du Grand Paris;"0";"1";"31";"14";"689";"513";"0";"14";"11";"6";"0";"5";"0";"1";"0";"0";"2";"1";"0";"0";"6";"8";"0";"0";"1";"17";"14";"1";"2";"0";"7";0;;"0";"0";"3";"0";;professionnel;ATM SARL 34863116900045;6832A;BONDY;Mandat en cours;2024-10-11 00:00:00.0;SDC 9 RUE EDOUARD VAILLANT;9 r edouard vaillant 93140 Bondy;non connu;non connu;non connu;0;1925-04-08 00:00:00.0;non;non;oui;;0;0;0;31;17;14;0;0;0;0;AVANT_1949;;;;;;;;;;;;;0;non;non connu;non;2022-04-01 00:00:00.0;2023-03-31 00:00:00.0;08/11/2023;22891.0;6960.0;3708.0;7012.0;6;1141.0;non;non renseigné;0;0;0;0;0;0;0;3;individuel;non renseigné;non renseigné;Non renseigné;Non renseigné;non connu;non connu;0;ADRNIVX_0000000268267057;"14";AVANT_1949;V;"0,545";{93010000AJ0197};{93010000AJ0197A};2_RNIC_FF;96R3NG624844;"1";"244";661759.5111223225;6866400.789155838;"661 756,073";"6 866 412,627";"661 759,511";"6 866 400,789";"0";0;0;0;"0";"0";0;0;0;0;0;0.8235294117647058;"0";"0";0;"0";"0";"0";"67";"0";"0";"0";"13";"0";0.35294117647058826;0;1;0.23490000334997152524;0;1;0.12421694415597467422;0;;1346.5294117647058824;0;0;"0";"0,5";"1";;"0";"0";"0";"0";"-1";"0";"-1";"0";"0";"0";-1;"0";0;"0";"0";"0";"0";"0";"0";3;1.4285714285714286;0;"0";"0,8";finan;"25";"9";"5";"4";"5";"2";autres;"309,942";"70,126";Mixte (gaz + élec);E;;;;;;;;mixte;E;;;
"9 017";93010000AJ0209;93010*00230;"[""93010*00230""]";93010;BONDY;93;SIMPLE;"1";"[""93010000AJ0209""]";"2 616";CL;"1 972";"1 972";"1 972";"1 972";"1";"2 616";13;SOL;"2 616";"0";"0";"0";"0";"0";"0";"0";"0";"0";"0";"0";"0";"0";"2 616";"129";"2";"1";"2";"2";"0";"94";"5";DEPENDANCE;"4";"33";"0";"33";"33";"2 192";"0";"3";"0";"4";"25";"1";"0";"1";"0";"0";"0";"914";"278";"122";"0";"0";"125";"3 631";"1";"40";G2;PROPRIETE DIVISEE EN LOT;G2a;G2;99;2;MEME DEPARTEMENT;;"1";"1";"1";"[""6YEENA772Q6T"",""APWVH8MDXQF7"",""JRAZERWSGT5Z"",""SDM2ZH866RQF""]";"4";"645";RNC_AC7991557;AC7991557;2018-07-05 00:00:00.0;2024-07-23 00:00:00.0;SOCIETE DE GERANCE RICHELIEU 60205776200034;non;non;93010000AJ0209;Copropriété immatriculée;1_1;"1";OUI;"93 010";"93";"200 054 781";Métropole du Grand Paris;"1 972";"4";"129";"33";"3 631";"2 192";"0";"33";"28";"4";"0";"23";"1";"2";"0";"0";"3";"0";"0";"0";"6";"18";"9";"0";"2";"40";"33";"1";"4";"0";"17";16;-56.00;"0";"0";"9";"5";;professionnel;SOCIETE DE GERANCE RICHELIEU 60205776200034;6832A;LE RAINCY;Mandat en cours;2025-09-02 00:00:00.0;SDC Les Horizons;16 r louis auguste blanqui 93140 Bondy;65 av de la republique 93140 Bondy;63 av de la republique 93140 Bondy;non connu;2;1970-04-01 00:00:00.0;non;non;oui;non connu;0;0;0;123;35;33;55;0;0;0;DE_1961_A_1974;93010;000;AJ;0209;;;;;;;;;1;non;non connu;non;2023-04-01 00:00:00.0;2024-03-31 00:00:00.0;03/06/2024;131439.0;0.0;364.0;8109.0;9;42056.0;oui;non renseigné;0;0;0;0;0;0;0;4;collectif;non;gaz_naturel;Non;Sans objet;non connu;non connu;2;ADRNIVX_0000000268260813;"33";DE_1961_A_1974;V;"0,143";{93010000AJ0209};{93010000AJ0209A,93010000AJ0209B,93010000AJ0209C,93010000AJ0209D};2_RNIC_FF;6YEENA772Q6T,APWVH8MDXQF7,JRAZERWSGT5Z,SDM2ZH866RQF;"4";"645";661899.1712699751;6866799.860568102;"661 864,783";"6 866 768,368";"661 899,171";"6 866 799,861";"0";0;0;0;"0";"0";0;0;0;0;0;0.9428571428571428;"0";"0";0;"0";"17";"0";"67";"0";"0,03";"0";"6";"0";0.225;0;1;0.06169401775728665008;0;1;0.00276934547584811205;0;2498.2571428571428571;;0;0;"0";"0,515";"1";1;"0";"0";"0";"0";"-1";"0";"-1";"0";"16";"0";-1;"0";0;"0";"0";"1";"0";"0";"0";3;3.3333333333333335;0;"5";"1,538";bati;"26";"9";"5";"5";"5";"2";autres;"2 620,582";"343,414";Gaz;E;;;;;;;;gaz;E;;;
"9 022";93010000AJ0217;93010*00523;"[""93010*00523""]";93010;BONDY;93;SIMPLE;"1";"[""93010000AJ0217""]";"585";CL;"1 991";"1 991";"1 991";"1 991";"1";"585";13;SOL;"585";"0";"0";"0";"0";"0";"0";"0";"0";"0";"0";"0";"0";"0";"585";"2";"0";"0";"0";"0";"0";"0";"0";MAISON;"2";"2";"2";"0";"2";"231";"36";"0";"0";"0";"2";"0";"0";"0";"0";"0";"0";"0";"0";"0";"0";"0";"0";"267";"1";"3";G2;PROPRIETE DIVISEE EN LOT;G2a;G2;99;1;MEME COMMUNE;;"1";"1";"1";"[""9S1AWVEGKS3G""]";"1";"171";FF_93010000AJ0217;;;;;;;93010000AJ0217;Copropriété non immatriculée;;"0";;"93 010";"93";"200 054 781";Métropole du Grand Paris;"1 991";"2";"2";"2";"267";"267";"2";"0";"2";"0";"0";"2";"0";"0";"0";"0";"0";"0";"0";"0";"0";"0";"1";"1";"0";"2";"2";"1";"0";"0";"0";;;"0";"0";"0";"0";;;;;;;;;99 B AV DE LA REPUBLIQUE, BONDY;;;;;;;;;;;;;;;;;;;;;;;;;;;;;;;;;;;;;;;;;;;;;;;;;;;;;;;;;;;;;;;;;"2";DE_1975_A_1993;H;"0";{93010000AJ0217};{93010000AJ0217A,93010000AJ0217B};2_FF;9S1AWVEGKS3G;"1";"171";;;"661 826,449";"6 866 586,23";"661 826,449";"6 866 586,23";"1";;;;"0";"0";;;;;;1;"0";"0";0;"0";"0";"0";"0";"0";"0";"0";"0";"0";;;;;;;;;;;;0;"0";"0";"0";;"0";"0";"0";"0";"-1";"-1";"-1";"-1";"0";"0";-1;"-1";;"-1";"0";"0";"0";"0";"3,333";;0;0;"0";"1,429";gestion;"11";"4";"0";"3";"4";"0";autres;"584,939";"165,286";Electricité;C;;;;;;;; ;;;;
"9 024";93010000AJ0219;93010*00808;"[""93010*00808""]";93010;BONDY;93;PDLMP;"2";"[""93010000AJ0219"",""93010000AJ0220""]";"926";CL;"2 018";"2 018";"2 018";"2 018";"2";"926";13;SOL;"926";"0";"0";"0";"0";"0";"0";"0";"0";"0";"0";"0";"0";"0";"926";"67";"0";"0";"0";"0";"0";"18";"0";APPARTEMENT;"1";"49";"0";"49";"49";"2 480";"7";"7";"0";"14";"28";"0";"0";"3";"0";"0";"0";"216";"0";"0";"0";"0";"0";"2 703";"2";"50";G2;PROPRIETE DIVISEE EN LOT;G2a;G2;99;3;MEME REGION;;"2";"2";"2";"[""F55324HFTMDC""]";"1";"610";RNC_AC4791471;AC4791471;2018-05-04 00:00:00.0;2024-08-22 00:00:00.0;HOMELAND 81834144800038;non;non;93010000AJ0219;Copropriété immatriculée;2;"1";OUI;"93 010";"93";"200 054 781";Métropole du Grand Paris;"2 018";"1";"67";"49";"2 703";"2 487";"0";"49";"40";"14";"0";"26";"0";"2";"0";"0";"7";"2";"0";"1";"24";"18";"6";"0";"1";"49";"49";"1";"7";"1";"41";36;-39.78;"0";"0";"9";"0";;professionnel;HOMELAND 81834144800038;6832A;MONTREUIL;Mandat en cours;2027-06-24 00:00:00.0;COEUR VAILLANT;13 r edouard vaillant 93140 Bondy;19 r edouard vaillant 93140 Bondy;non connu;non connu;1;2016-07-29 00:00:00.0;non;non;oui;non connu;0;0;0;67;49;49;18;0;0;0;A_COMPTER_DE_2011;;;;;;;;;;;;;0;non;non connu;non;2023-04-01 00:00:00.0;2024-03-31 00:00:00.0;25/06/2024;61784.0;0.0;8176.0;6145.0;7;0.0;non;2018;0;0;0;0;0;0;0;1;individuel;non renseigné;non renseigné;Non;Sans objet;non connu;non connu;1;non connu;"49";A_COMPTER_DE_2011;V;"0,35";{93010000AJ0219,93010000AJ0220};{93010000AJ0219A};2_RNIC_FF;F55324HFTMDC;"1";"610";661773.882524416;6866400.916646662;"661 806,639";"6 866 412,132";"661 773,883";"6 866 400,917";"0";0;0;0;"0";"0";0;0;0;0;0;1;"0";"0";0;"0";"0";"0";"57";"0";"0,02";"0";"23";"0";0.14285714285714285;0;;0.09945940696620484268;0;;0.13233199533859899003;0;;1220.0816326530612245;0;0;"0";"0,837";"1";1;"0";"0";"0";"0";"-1";"0";"-1";"0";"0";"0";0.175;"0";0;"0";"0";"0";"0";"0";"0";0;3.3333333333333335;0;"0";"0,612";marche;"25";"9";"4";"5";"5";"2";autres;"932,071";"123,601";Gaz;D;;;;;;;;gaz;D;;;
"9 025";93010000AJ0222;93010*00575;"[""93010*00575""]";93010;BONDY;93;PDLMP;"3";"[""93010000AJ0222"",""93010000AJ0223"",""93010000AJ0224""]";"420";CL;"1 994";"1 994";"1 994";"1 994";"3";"420";13;SOL;"420";"0";"0";"0";"0";"0";"0";"0";"0";"0";"0";"0";"0";"0";"420";"2";"0";"0";"0";"0";"0";"0";"0";MAISON;"2";"2";"2";"0";"2";"176";"157";"0";"0";"0";"2";"0";"0";"0";"0";"0";"0";"0";"0";"0";"0";"0";"0";"333";"3";"3";G2;PROPRIETE DIVISEE EN LOT;G2a;G2;99;1;MEME COMMUNE;;"3";"3";"3";"[""AS941XVPSP4V"",""EGHTM6VFQDGN"",""EJM37K19PSBV""]";"3";"113";FF_93010000AJ0222;;;;;;;93010000AJ0222;Copropriété non immatriculée;;"0";;"93 010";"93";"200 054 781";Métropole du Grand Paris;"1 994";"2";"2";"2";"333";"333";"2";"0";"2";"0";"0";"2";"0";"0";"0";"0";"0";"0";"0";"0";"0";"0";"1";"1";"0";"2";"2";"1";"0";"0";"0";;;"0";"0";"0";"0";;;;;;;;;6 B ALL JEAN COURTADE, BONDY;;;;;;;;;;;;;;;;;;;;;;;;;;;;;;;;;;;;;;;;;;;;;;;;;;;;;;;;;;;;;;;;;"2";DE_1994_A_2000;H;"0";{93010000AJ0222,93010000AJ0223,93010000AJ0224};{93010000AJ0222A,93010000AJ0222B};2_FF;AS941XVPSP4V,EGHTM6VFQDGN,EJM37K19PSBV;"3";"113";;;"661 825,487";"6 866 433,706";"661 825,487";"6 866 433,706";"1";;;;"0";"0";;;;;;1;"0";"0";0;"0";"0";"0";"0";"0";"0";"0";"0";"0";;;;;;;;;;;;0;"0";"0";"0";;"0";"0";"0";"0";"-1";"-1";"-1";"-1";"0";"0";-1;"-1";;"-1";"0";"0";"0";"0";"3,333";;0;0;"0";"1,304";gestion;"12";"4";"0";"3";"5";"0";autres;"420,817";"88,419";Gaz;C;;;;;;;; ;;;;
"9 029";93010000AJ0230;93010*00060;"[""93010*00060""]";93010;BONDY;93;PDLMP;"2";"[""93010000AJ0230"",""93010000AJ0232""]";"499";CL;"1 905";"1 905";"1 905";"1 905";"2";"499";13;SOL;"499";"0";"0";"0";"0";"0";"0";"0";"0";"0";"0";"0";"100";"0";"399";"3";"0";"0";"0";"0";"0";"0";"0";MAISON;"1";"3";"3";"0";"3";"250";"155";"0";"0";"1";"2";"0";"0";"0";"0";"0";"0";"0";"0";"0";"0";"0";"0";"405";"2";"4";G2;PROPRIETE DIVISEE EN LOT;G2a;G2;99;1;MEME COMMUNE;;"2";"2";"2";"[""11KMW774DHZF"",""JDD54C4TZ1BM"",""JYWXXSJ4711H""]";"3";"155";FF_93010000AJ0230;;;;;;;93010000AJ0230;Copropriété non immatriculée;;"0";;"93 010";"93";"200 054 781";Métropole du Grand Paris;"1 905";"1";"3";"3";"405";"405";"3";"0";"3";"1";"0";"2";"0";"0";"0";"0";"0";"0";"0";"0";"0";"0";"2";"1";"0";"3";"3";"1";"0";"0";"1";;;"0";"0";"0";"0";;;;;;;;;105 AV DE LA REPUBLIQUE, BONDY;;;;;;;;;;;;;;;;;;;;;;;;;;;;;;;;;;;;;;;;;;;;;;;;;;;;;;;;;;;;;;;;;"3";AVANT_1949;H;"0,333";{93010000AJ0230,93010000AJ0232};{93010000AJ0230A};2_FF;11KMW774DHZF,JDD54C4TZ1BM,JYWXXSJ4711H;"3";"155";;;"661 796,66";"6 866 582,979";"661 796,66";"6 866 582,979";"1";;;;"0";"0";;;;;;1;"0";"0";0;"0";"0";"0";"0";"1";"0";"0";"0";"0";;;;;;;;;;;;0;"0";"0,333";"1";;"0";"0";"0";"0";"-1";"-1";"-1";"-1";"0";"0";-1;"-1";;"-1";"0";"0";"0";"0";"4,545";;1.4285714285714286;3.3333333333333335;"0";"3,333";gestion;"13";"5";"0";"4";"4";"0";a surveiller;"496,971";"97,622";Gaz;G;;;;;;;;gaz;;;;
"9 033";93010000AK0001;93010*00323;"[""93010*00323""]";93010;BONDY;93;SIMPLE;"1";"[""93010000AK0001""]";"272";CL;"1 977";"1 977";"1 977";"1 977";"1";"272";13;SOL;"272";"0";"0";"0";"0";"0";"0";"0";"0";"0";"0";"0";"0";"0";"272";"14";"0";"0";"0";"0";"0";"9";"0";DEPENDANCE;"1";"5";"0";"5";"5";"248";"0";"0";"0";"4";"1";"0";"0";"0";"0";"0";"0";"68";"0";"0";"0";"0";"0";"316";"1";"6";G2;PROPRIETE DIVISEE EN LOT;G2a;G2;99;2;MEME DEPARTEMENT;;"1";"1";"1";"[""STZQPB3RKJV9""]";"1";"181";RNC_AH7190051;AH7190051;2022-08-26 00:00:00.0;2022-08-26 00:00:00.0;ATM SARL 34863116900045;non;non;93010000AK0001;Plusieurs copropriétés immatriculées;1_1;"2";OUI;"93 010";"93";"200 054 781";Métropole du Grand Paris;"1 977";"1";"14";"5";"316";"248";"0";"5";"5";"4";"0";"1";"0";"0";"0";"0";"0";"0";"0";"2";"0";"1";"2";"0";"1";"5";"5";"1";"0";"0";"1";2;-24.00;"0";"0";"0";"0";;professionnel;ATM SARL 34863116900045;6832A;BONDY;Mandat en cours;2024-10-26 00:00:00.0;SDC COEUR DE BONDY;105 av carnot 93140 Bondy;non connu;non connu;non connu;0;2016-12-01 00:00:00.0;non;non;oui;non connu;0;0;0;69;28;28;41;0;0;0;A_COMPTER_DE_2011;93010;000;AK;0001;;;;;;;;;1;non;non connu;non;2020-01-01 00:00:00.0;2020-12-31 00:00:00.0;18/11/2021;63705.0;0.0;0.0;0.0;0;0.0;non;2017;1;0;0;0;0;0;0;0;collectif;non;gaz_naturel;Non renseigné;Non renseigné;non connu;non connu;1;non connu;"28";DE_1975_A_1993;V;"0,8";{93010000AK0001};{93010000AK0001A};2_RNIC;STZQPB3RKJV9;"1";"181";661916.4053693308;6866533.196723417;"661 880,046";"6 866 388,218";"661 916,405";"6 866 533,197";"0";0;1;0;"0";"0";0;0;0;0;0;1;"0";"0";0;"0";"0";"0";"67";"0";"0";"0";"25";"0";0;0;0;0.000000000000000000000000;0;0;0.000000000000000000000000;0;2203.7500000000000000;;0;0;"0";"0,036";"0";;"0";"0";"0";"0";"-1";"0";"-1";"0";"0";"0";-1;"0";0;"0";"0";"0";"0";"0";"2,143";0;0;;"0";"1,111";gestion;"13";"6";"5";"1";"0";"1";autres;"270,354";"65,35";Electricité;E;;;;;;;;electricite;;;;
"9 034";93010000AK0001;93010*00323;"[""93010*00323""]";93010;BONDY;93;SIMPLE;"1";"[""93010000AK0001""]";"272";CL;"1 977";"1 977";"1 977";"1 977";"1";"272";13;SOL;"272";"0";"0";"0";"0";"0";"0";"0";"0";"0";"0";"0";"0";"0";"272";"14";"0";"0";"0";"0";"0";"9";"0";DEPENDANCE;"1";"5";"0";"5";"5";"248";"0";"0";"0";"4";"1";"0";"0";"0";"0";"0";"0";"68";"0";"0";"0";"0";"0";"316";"1";"6";G2;PROPRIETE DIVISEE EN LOT;G2a;G2;99;2;MEME DEPARTEMENT;;"1";"1";"1";"[""STZQPB3RKJV9""]";"1";"181";RNC_AE0795740;AE0795740;2018-12-13 00:00:00.0;2022-05-31 00:00:00.0;SOCIETE DE GERANCE RICHELIEU 60205776200034;non connu;non connu;93010000AK0001;Plusieurs copropriétés immatriculées;1_1;"2";OUI;"93 010";"93";"200 054 781";Métropole du Grand Paris;"1 977";"1";"14";"5";"316";"248";"0";"5";"5";"4";"0";"1";"0";"0";"0";"0";"0";"0";"0";"2";"0";"1";"2";"0";"1";"5";"5";"1";"0";"0";"1";2;-24.00;"0";"0";"0";"0";;non connu;non connu;non connu;non connu;Pas de mandat en cours;2023-06-10 00:00:00.0;SDC Le Chêne Rond;129 av carnot 93140 Bondy;27 r edouard vaillant 93140 Bondy;non connu;non connu;1;1975-07-01 00:00:00.0;non;non;oui;non connu;0;0;0;15;5;5;5;0;0;0;DE_1975_A_1993;93010;000;AK;0001;;;;;;;;;1;non;non connu;non;2020-04-01 00:00:00.0;2021-03-31 00:00:00.0;11/03/2022;8851.0;64.0;0.0;554.0;1;879.0;non;non renseigné;0;0;0;0;0;0;0;1;individuel;non renseigné;non renseigné;Non renseigné;Non renseigné;non connu;non connu;0;ADRNIVX_0000000268267044;"5";DE_1975_A_1993;V;"0,8";{93010000AK0001};{93010000AK0001A};2_RNIC;STZQPB3RKJV9;"1";"181";661871.9654857441;6866387.036865064;"661 880,046";"6 866 388,218";"661 871,965";"6 866 387,037";"0";1;1;;"0";"0";0;0;0;0;;1;"0";"0";0;"0";"0";"0";"67";"0";"0";"0";"25";"0";0.2;0;0;0.06214245653393157600;0;0;0.00000000000000000000;0;;1770.2000000000000000;1;0;"0";"0,2";"0";;"0";"0";"0";"0";"-1";"0";"-1";"0";"0";"0";-1;"0";0;"0";"0";"0";"0";"0";"5";1;0;0;"0";"2,593";gestion;"13";"5";"5";"1";"1";"1";a surveiller;"270,354";"65,35";Electricité;E;;;;;;;;electricite;;;;
"9 038";93010000AK0005;93010*00153;"[""93010*00153""]";93010;BONDY;93;SIMPLE;"1";"[""93010000AK0005""]";"494";CL;"1 911";"1 911";"1 911";"1 911";"1";"494";13;SOL;"494";"0";"0";"0";"0";"0";"0";"0";"0";"0";"0";"0";"0";"0";"494";"12";"0";"0";"0";"0";"0";"6";"0";MIXTE;"1";"6";"0";"6";"6";"365";"0";"1";"0";"2";"3";"0";"0";"0";"0";"0";"0";"54";"0";"0";"0";"0";"0";"419";"1";"7";G2;PROPRIETE DIVISEE EN LOT;G2a;G2;99;3;MEME REGION;;"1";"1";"1";"[""ZKZZ15YAB8N7""]";"1";"165";RNC_AC5659941;AC5659941;2018-05-24 00:00:00.0;2022-08-26 00:00:00.0;ATM SARL 34863116900045;non;non;93010000AK0005;Copropriété immatriculée;1_1;"1";OUI;"93 010";"93";"200 054 781";Métropole du Grand Paris;"1 911";"1";"12";"6";"419";"365";"0";"6";"5";"2";"0";"3";"0";"0";"0";"0";"1";"0";"0";"0";"0";"6";"0";"0";"0";"6";"6";"1";"1";"0";"0";0;;"1";"1";"4";"0";;professionnel;ATM SARL 34863116900045;6832A;BONDY;Mandat en cours;2024-12-28 00:00:00.0;123 CARNOT;123 av carnot 93140 Bondy;non connu;non connu;non connu;0;1953-02-11 00:00:00.0;non;non;oui;non connu;0;0;0;6;6;6;0;0;0;0;NON_CONNUE;93010;000;AK;0005;;;;;;;;;1;non;non connu;non;2021-05-01 00:00:00.0;2022-04-30 00:00:00.0;16/06/2022;8721.0;8213.0;617.0;379.0;1;534.0;non;non renseigné;0;0;0;0;0;0;0;1;individuel;non renseigné;non renseigné;Non renseigné;Non renseigné;non connu;non connu;0;ADRNIVX_0000000268266328;"6";AVANT_1949;V;"0,4";{93010000AK0005};{93010000AK0005A};2_RNIC_FF;ZKZZ15YAB8N7;"1";"165";661882.9662635744;6866420.880865928;"661 896,231";"6 866 417,463";"661 882,966";"6 866 420,881";"0";0;1;0;"0";"0";0;0;0;0;0;1;"0";"0";0;"0";"17";"0";"50";"0";"0";"0";"0";"0";0.16666666666666666;0;0;0.02238100862170780678;0;0;0.03643557340262194402;0;;1453.5000000000000000;0;0;"0";"0";"0";;"0";"0";"0";"0";"-1";"0";"-1";"0";"0";"0";-1;"0";0;"0";"0";"1";"0";"0";"1,429";0;0;0;"5";"1";bati;"25";"9";"5";"4";"5";"2";autres;"494,258";"90,987";Gaz;D;;;;;;;;gaz;D;;;
"9 042";93010000AK0010;93010*00209;"[""93010*00209""]";93010;BONDY;93;SIMPLE;"1";"[""93010000AK0010""]";"2 981";CL;"0";"0";"0";"0";"1";"2 981";13;SOL;"2 981";"0";"0";"0";"0";"0";"0";"0";"0";"0";"0";"0";"0";"0";"2 981";"176";"2";"2";"2";"2";"0";"129";"8";DEPENDANCE;"3";"45";"0";"45";"45";"2 556";"0";"9";"0";"13";"21";"2";"0";"1";"0";"0";"0";"802";"341";"0";"0";"0";"0";"3 699";"1";"56";G2;PROPRIETE DIVISEE EN LOT;G2a;G2;99;1;MEME COMMUNE;;"1";"1";"1";"[""2ZZPCDRXHRG8"",""N9C3NNBB6RRR"",""ZCAYC2VKS6H7""]";"3";"1 200";RNC_AB4295309;AB4295309;2017-11-10 00:00:00.0;2024-02-23 00:00:00.0;ATM SARL 34863116900045;non connu;non connu;93010000AK0010;Copropriété immatriculée;3_2;"1";OUI;"93 010";"93";"200 054 781";Métropole du Grand Paris;"0";"3";"176";"45";"3 699";"2 556";"0";"45";"34";"13";"0";"19";"2";"2";"0";"0";"9";"1";"0";"2";"15";"28";"0";"0";"1";"55";"43";"1,047";"9";"0";"13";0;;"0";"0";"9";"1";;non connu;non connu;non connu;non connu;Pas de mandat en cours;2023-09-26 00:00:00.0;SDC 119/121 AVENUE CARNOT;119-121 av carnot 93140 Bondy;non connu;non connu;non connu;0;1963-02-12 00:00:00.0;non;non;oui;;0;0;0;196;53;45;45;0;0;0;DE_1961_A_1974;;;;;;;;;;;;;0;non;non connu;non;2022-04-01 00:00:00.0;2023-03-31 00:00:00.0;02/10/2023;111057.0;13100.0;40692.0;14850.0;8;29735.0;non;non renseigné;0;0;0;0;0;0;0;2;collectif;non;gaz_naturel;Non renseigné;Non renseigné;non connu;non connu;1;non connu;"45";DE_1961_A_1974;V;"0,382";{93010000AK0010};{93010000AK001001,93010000AK001002,93010000AK0010A};2_RNIC_FF;2ZZPCDRXHRG8,N9C3NNBB6RRR,ZCAYC2VKS6H7;"3";"1 200";661890.9485440443;6866452.854340393;"661 909,571";"6 866 457,325";"661 890,949";"6 866 452,854";"0";0;0;;"0";"0";0;0;0;0;;0.9574468085106383;"0";"0";0;"0";"19";"0";"46";"1";"0,022";"0";"4";"0";0.14545454545454545;0;0;0.11960662709311597413;0;0;0.32774632119010607537;0;2057.6792452830188679;;0;0;"0";"0,289";"0";;"0";"0";"0";"0";"-1";"0";"-1";"0";"33";"1";-1;"0";0;"0";"0";"0";"0";"0";"1,053";0;0;1.25;"0";"0,625";occup;"24";"8";"5";"4";"5";"2";autres;"2 986,117";"306,092";Gaz;F;;;;;;;;gaz;F;;;
"9 043";93010000AK0032;93010*00111;"[""93010*00111""]";93010;BONDY;93;SIMPLE;"1";"[""93010000AK0032""]";"263";CL;"1 923";"1 923";"1 923";"1 923";"1";"65";13;SOL;"65";"0";"0";"0";"0";"0";"0";"0";"0";"0";"0";"0";"0";"0";"65";"4";"0";"0";"0";"0";"0";"2";"0";MIXTE;"1";"2";"0";"2";"2";"106";"0";"0";"0";"0";"2";"0";"0";"0";"0";"0";"0";"45";"0";"0";"0";"0";"0";"151";"1";"3";G2;PROPRIETE DIVISEE EN LOT;G2a;G2;99;1;MEME COMMUNE;;"1";"1";"1";"[""BF43YYK3Y3A3""]";"1";"69";FF_93010000AK0032;;;;;;;93010000AK0032;Copropriété non immatriculée;;"0";;"93 010";"93";"200 054 781";Métropole du Grand Paris;"1 923";"1";"4";"2";"151";"106";"0";"2";"2";"0";"0";"2";"0";"0";"0";"0";"0";"0";"0";"0";"1";"0";"1";"0";"0";"2";"2";"1";"0";"0";"0";;;"0";"0";"0";"0";;;;;;;;;57 RUE EDOUARD VAILLANT, BONDY;;;;;;;;;;;;;;;;;;;;;;;;;;;;;;;;;;;;;;;;;;;;;;;;;;;;;;;;;;;;;;;;;"2";AVANT_1949;V;"0";{93010000AK0032};{93010000AK0032A};2_FF;BF43YYK3Y3A3;"1";"69";;;"662 031,765";"6 866 358,454";"662 031,765";"6 866 358,454";"1";;;;"0";"0";;;;;;1;"0";"0";0;"0";"0";"0";"0";"0";"0";"0";"0";"0";;;;;;;;;;;;0;"0";"0";"0";;"0";"0";"0";"0";"-1";"-1";"-1";"-1";"0";"0";-1;"-1";;"-1";"0";"0";"0";"0";"3,333";;0;0;"0";"1,304";gestion;"12";"4";"0";"3";"5";"0";autres;"264,895";"76,014";Autre;D;;;;;;;; ;;;;
"9 045";93010000AK0012;93010*00795;"[""93010*00795""]";93010;BONDY;93;PDLMP;"4";"[""93010000AK0012"",""93010000AK0013"",""93010000AK0125"",""93010000AK0136""]";"2 738";CLV;"2 017";"2 017";"2 017";"2 017";"4";"2 738";13;SOL;"2 738";"0";"0";"0";"0";"0";"0";"0";"0";"0";"0";"0";"0";"0";"2 738";"180";"0";"0";"0";"0";"0";"80";"0";APPARTEMENT;"3";"100";"0";"100";"100";"5 982";"113";"6";"0";"77";"16";"1";"0";"2";"1";"0";"72";"960";"0";"0";"0";"0";"0";"7 055";"4";"51";G2;PROPRIETE DIVISEE EN LOT;G2a;G2;99;4;FRANCE METROPOLITAINE;;"4";"4";"4";"[""F63KDDTGDVSQ""]";"1";"1 585";RNC_AF6629737;AF6629737;2019-10-31 00:00:00.0;2019-10-24 00:00:00.0;ATM SARL 34863116900045;non connu;non connu;93010000AK0012;Copropriété immatriculée;3_2;"1";OUI;"93 010";"93";"200 054 781";Métropole du Grand Paris;"2 017";"3";"180";"100";"7 055";"6 095";"0";"100";"93";"31";"46";"15";"1";"1";"0";"0";"6";"2";"1";"1";"33";"36";"29";"1";"0";"50";"50";"2";"9";"2";"0";0;;"0";"0";"54";"0";C;non connu;non connu;non connu;non connu;Pas de mandat en cours;2023-06-30 00:00:00.0;SDC COEUR BONDY;111 av carnot 93140 Bondy;103 av carnot 93140 Bondy;non connu;non connu;1;2016-06-24 00:00:00.0;oui;non;oui;non connu;0;0;0;69;28;28;41;0;0;0;A_COMPTER_DE_2011;;;;;;;;;;;;;0;non;non connu;non;2018-01-01 00:00:00.0;2018-12-31 00:00:00.0;18/03/2019;54854.0;0.0;14205.0;6935.0;13;0.0;non;2015;0;0;0;0;0;0;0;1;collectif;oui;non renseigné;Non renseigné;Non renseigné;non connu;non connu;1;non connu;"100";A_COMPTER_DE_2011;V;"0,828";{93010000AK0012,93010000AK0013,93010000AK0125,93010000AK0136};{93010000AK0012A,93010000AK0012B,93010000AK0012C};2_RNIC_FF;F63KDDTGDVSQ;"1";"1 585";661905.4746481061;6866498.796161657;"661 931,733";"6 866 489,649";"661 905,475";"6 866 498,796";"0";1;1;;"0";"0";0;0;0;0;;1;"0";"0";0.46;"0";"0";"0";"35";"1";"0";"0";"8";"0";0.26;1;0;0.12642651401903234039;0;0;0.25896014875852262369;1;1887.6428571428571429;;0;0.01;"0";"0";"0";;"0";"0";"0";"0";"-1";"0";"-1";"0";"0";"0";0.053763440860215055;"0";0;"0";"0";"0";"0";"0";"4,211";3;0;0;"0";"2,292";gestion;"24";"8";"5";"4";"4";"3";autres;"2 740,71";"209,644";Gaz;C;;;;;;;;gaz;C;;;
"9 046";93010000AK0014;93010*00215;"[""93010*00215""]";93010;BONDY;93;SIMPLE;"1";"[""93010000AK0014""]";"274";CL;"1 933";"1 933";"1 933";"1 933";"2";"152";13;SOL;"152";"0";"0";"0";"0";"0";"0";"0";"0";"0";"0";"0";"0";"0";"152";"4";"0";"0";"0";"0";"0";"1";"0";APPARTEMENT;"1";"3";"0";"3";"3";"216";"0";"0";"0";"2";"1";"0";"0";"0";"0";"0";"0";"4";"0";"0";"0";"0";"0";"220";"1";"4";G2;PROPRIETE DIVISEE EN LOT;G2a;G2;99;1;MEME COMMUNE;;"1";"1";"1";"[""E6VYNAM4WW91""]";"1";"107";RNC_AF0819680;AF0819680;2019-04-20 00:00:00.0;2024-02-14 00:00:00.0;ATM SARL 34863116900045;non;non;93010000AK0014;Copropriété immatriculée;2;"1";OUI;"93 010";"93";"200 054 781";Métropole du Grand Paris;"1 933";"1";"4";"3";"220";"216";"0";"3";"3";"2";"0";"1";"0";"0";"0";"0";"0";"0";"0";"0";"0";"2";"1";"0";"0";"3";"3";"1";"0";"0";"1";1;-26.00;"0";"0";"3";"0";;professionnel;ATM SARL 34863116900045;6832A;BONDY;Mandat en cours;2024-10-26 00:00:00.0;103 avenue Carnot 93140 BONDY;103 av carnot 93140 Bondy;non connu;non connu;non connu;0;2017-07-03 00:00:00.0;non;non;oui;non connu;0;1;0;46;28;28;18;0;0;0;A_COMPTER_DE_2011;93010;000;AK;0136;93010;000;AK;0125;93010;000;AK;0013;4;non;non connu;non;2022-01-01 00:00:00.0;2022-12-31 00:00:00.0;05/12/2023;70436.0;0.0;52780.0;22529.0;18;0.0;non;2017;0;0;0;0;0;0;0;1;individuel;non renseigné;non renseigné;Non;Sans objet;non connu;non connu;1;non connu;"3";AVANT_1949;V;"0,667";{93010000AK0014};{93010000AK0014A};2_RNIC_FF;E6VYNAM4WW91;"1";"107";661920.0738404712;6866544.737554513;"661 928,779";"6 866 532,76";"661 920,074";"6 866 544,738";"0";0;0;0;"0";"0";0;0;1;1;0;1;"0";"0";0;"0";"0";"0";"0";"1";"0";"0";"0";"0";6;1;;0.31985064455676074735;1;;0.74933272758248622863;1;;2444.1428571428571429;1;0;"0";"0,333";"1";1;"0";"0";"0";"0";"-1";"-1";"-1";"-1";"0";"0";-1;"-1";0;"-1";"0";"0";"0";"0";"1,905";10;3.3333333333333335;0;"0";"2,979";finan;"24";"9";"4";"5";"4";"2";a surveiller;"276,585";"66,473";Electricité;C;;;;;;;;electricite;;;;
"9 053";93010000AK0021;93010*00155;"[""93010*00155""]";93010;BONDY;93;SIMPLE;"1";"[""93010000AK0021""]";"273";CL;"1 924";"1 924";"1 924";"1 924";"2";"49";13;SOL;"49";"0";"0";"0";"0";"0";"0";"0";"0";"0";"0";"0";"0";"0";"49";"8";"0";"0";"0";"0";"0";"5";"0";DEPENDANCE;"1";"3";"0";"3";"3";"133";"0";"1";"0";"2";"0";"0";"0";"0";"0";"0";"0";"35";"0";"0";"0";"0";"0";"168";"1";"4";G2;PROPRIETE DIVISEE EN LOT;G2a;G2;99;1;MEME COMMUNE;;"1";"1";"1";"[""1YQSBNEDK532"",""AR5SH84WD2E6"",""DRMCZ63DJKYF"",""PQ1CAMV8KYWT""]";"4";"115";RNC_AI7223480;AI7223480;2024-06-27 00:00:00.0;2024-06-27 00:00:00.0;non connu;non connu;non connu;93010000AK0021;Copropriété immatriculée;1_1;"1";OUI;"93 010";"93";"200 054 781";Métropole du Grand Paris;"1 924";"1";"7";"3";"163";"133";"0";"3";"2";"2";"0";"0";"0";"0";"0";"0";"1";"0";"0";"0";"2";"0";"0";"1";"0";"3";"3";"1";"1";"0";"1";0;;"0";"0";"0";"0";;non connu;non connu;non connu;non connu;Pas de mandat en cours;non connu;sdc 14 Villa Carnot 93140 BONDY;14 Villa Carnot 93140 Bondy;non connu;non connu;non connu;0;1965-04-30 00:00:00.0;non;non connu;oui;non connu;0;0;0;10;4;4;0;0;0;0;AVANT_1949;93010;000;AK;0021;;;;;;;;;1;non;non connu;oui;2024-01-01 00:00:00.0;2024-12-31 00:00:00.0;non connu;;;;;;;non;1928;0;0;0;0;0;1;0;3;non renseigné;non renseigné;non renseigné;Non;Sans objet;non connu;non connu;;Bondy;"3";AVANT_1949;V;"1";{93010000AK0021};{93010000AK0021A};0;1YQSBNEDK532,AR5SH84WD2E6,DRMCZ63DJKYF,PQ1CAMV8KYWT;"4";"115";662010.2695408071;6866513.564532923;"662 005,389";"6 866 500,63";"662 010,27";"6 866 513,565";"0";0;1;;"0";"0";0;0;0;0;;1;"0";"1";0;"0";"0";"0";"50";"0";"0";"0";"0";"0";;;;;;;;;;;;0;"0";"0,333";"1";;"0";"0";"0";"0";"-1";"-1";"-1";"-1";"0";"0";-1;"-1";0;"-1";"0";"0";"0";"0";"3,158";;1.4285714285714286;0;"0";"2,188";gestion;"15";"8";"0";"4";"2";"1";autres;"271,474";"72,897";Autre;G;;;;;;;; ;;;;
"9 067";93010000AK0043;93010*00272;"[""93010*00272""]";93010;BONDY;93;SIMPLE;"1";"[""93010000AK0043""]";"724";CL;"1 923";"1 923";"1 923";"1 923";"2";"724";09;JARDINS;"724";"0";"0";"0";"0";"0";"0";"0";"0";"0";"600";"0";"0";"0";"124";"3";"0";"0";"0";"0";"0";"1";"0";MAISON;"1";"2";"2";"0";"2";"154";"77";"0";"0";"0";"2";"0";"0";"0";"0";"1";"0";"7";"0";"0";"0";"0";"0";"238";"1";"3";G2;PROPRIETE DIVISEE EN LOT;G2a;G2;99;1;MEME COMMUNE;;"1";"1";"1";"[""G6J6HR6ZG7F9""]";"1";"99";RNC_AI5392394;AI5392394;2024-02-22 00:00:00.0;2024-02-22 00:00:00.0;non connu;non connu;non connu;93010000AK0043;Copropriété immatriculée;1_1;"1";OUI;"93 010";"93";"200 054 781";Métropole du Grand Paris;"1 923";"1";"3";"2";"238";"231";"2";"0";"2";"0";"0";"2";"0";"0";"0";"0";"0";"0";"0";"0";"1";"0";"0";"1";"0";"2";"2";"1";"0";"0";"1";0;;"1";"1";"0";"0";;non connu;non connu;non connu;non connu;Pas de mandat en cours;non connu;30 et 30 Bis rue Bordier 93140 BONDY;30 Rue Bordier 93140 Bondy;non connu;non connu;non connu;0;1972-02-22 00:00:00.0;non;non connu;oui;non connu;0;0;0;2;2;2;0;0;0;0;AVANT_1949;93010;000;AK;0043;;;;;;;;;1;non;non connu;oui;non connu;2024-12-31 00:00:00.0;non connu;;;;;;;non;1930;0;0;0;0;0;2;0;0;individuel;non renseigné;non renseigné;Non;Sans objet;non connu;non connu;0;Bondy;"2";AVANT_1949;H;"0";{93010000AK0043};{93010000AK0043A};0;G6J6HR6ZG7F9;"1";"99";662063.6652954891;6866494.310122734;"662 070,847";"6 866 492,929";"662 063,665";"6 866 494,31";"0";0;1;;"0";"0";0;0;0;0;;1;"0";"0";0;"0";"0";"0";"0";"0";"0";"0";"0";"0";;;;;;;;;;;;0;"0";"0,5";"1";;"0";"0";"0";"0";"-1";"-1";"-1";"-1";"0";"0";-1;"-1";0;"-1";"0";"1";"1";"1";"1,765";;1.4285714285714286;0;"5";"1,765";bati;"17";"7";"0";"4";"4";"2";autres;"671,132";"135,387";Fioul;F;;;;;;;;gaz;F;;;
"9 103";93010000AK0090;93010*00032;"[""93010*00032""]";93010;BONDY;93;SIMPLE;"1";"[""93010000AK0090""]";"549";CL;"1 929";"1 929";"1 929";"1 929";"2";"436";13;SOL;"436";"0";"0";"0";"0";"0";"0";"0";"0";"0";"0";"0";"0";"0";"436";"14";"0";"0";"0";"0";"0";"7";"0";MIXTE;"1";"7";"0";"7";"7";"275";"0";"1";"0";"5";"1";"0";"0";"1";"0";"2";"0";"38";"0";"0";"0";"0";"0";"313";"1";"8";G2;PROPRIETE DIVISEE EN LOT;G2a;G2;99;1;MEME COMMUNE;;"1";"1";"1";"[""ZPRZ1C4E1V7V""]";"1";"84";RNC_AE2491025;AE2491025;2019-01-16 00:00:00.0;2021-02-22 00:00:00.0;SOGIM SARL 42936632100041;non connu;non connu;93010000AK0090;Copropriété immatriculée;1_1;"1";OUI;"93 010";"93";"200 054 781";Métropole du Grand Paris;"1 929";"1";"14";"7";"313";"275";"0";"7";"6";"5";"0";"1";"0";"0";"0";"0";"1";"0";"0";"0";"6";"0";"1";"0";"1";"7";"7";"1";"1";"0";"3";1;-38.00;"0";"0";"3";"1";;non connu;non connu;non connu;non connu;Pas de mandat en cours;2021-09-30 00:00:00.0;RCP CARNOT;63 av carnot 93140 Bondy;non connu;non connu;non connu;0;1963-04-30 00:00:00.0;non;non;oui;non connu;0;0;0;16;7;7;0;0;0;0;DE_1949_A_1960;93010;000;AK;0090;;;;;;;;;1;non;non connu;non;2019-01-01 00:00:00.0;2019-12-31 00:00:00.0;30/09/2020;11221.0;0.0;2808.0;8607.0;3;1097.0;non;non renseigné;0;0;0;0;0;0;0;1;individuel;non renseigné;non renseigné;Non renseigné;Non renseigné;non connu;non connu;0;ADRNIVX_0000000268261723;"7";AVANT_1949;V;"0,833";{93010000AK0090};{93010000AK0090A};2_RNIC_FF;ZPRZ1C4E1V7V;"1";"84";661981.5062576127;6866733.376592155;"662 009,872";"6 866 724,05";"661 981,506";"6 866 733,377";"0";1;1;;"0";"0";0;0;0;0;;1;"0";"0";0;"0";"0";"0";"50";"0";"0,143";"0";"17";"0";0.42857142857142855;1;0;0.76704393547812137956;1;0;0.25024507619641743160;1;;1603.0000000000000000;1;0;"0";"0,429";"1";1;"0";"0";"0";"0";"-1";"1";"-1";"0";"0";"0";-1;"0";0;"0";"0";"1";"2";"1";"3,158";7;3.3333333333333335;1.25;"5";"3,8";finan;"25";"8";"5";"5";"5";"2";présumée fragile;"545,667";"129,988";Mixte (gaz + élec);E;;;;;;;;mixte;E;;;
"9 104";93010000AK0092;93010*00503;"[""93010*00503""]";93010;BONDY;93;SIMPLE;"1";"[""93010000AK0092""]";"303";CL;"1 924";"1 964";"1 924";"1 964";"2";"303";13;SOL;"303";"0";"0";"0";"0";"0";"0";"0";"0";"0";"0";"0";"0";"0";"303";"2";"0";"0";"0";"0";"0";"0";"0";MAISON;"2";"2";"2";"0";"2";"119";"0";"0";"0";"0";"2";"0";"0";"0";"0";"0";"0";"0";"0";"0";"0";"0";"0";"119";"1";"3";G2;PROPRIETE DIVISEE EN LOT;G2a;G2;99;1;MEME COMMUNE;;"1";"1";"1";"[""4P6XPJ9NTZSM"",""NQN6MYCA35CZ""]";"2";"111";FF_93010000AK0092;;;;;;;93010000AK0092;Copropriété non immatriculée;;"0";;"93 010";"93";"200 054 781";Métropole du Grand Paris;"1 924";"2";"2";"2";"119";"119";"2";"0";"2";"0";"0";"2";"0";"0";"0";"0";"0";"0";"0";"0";"0";"1";"1";"0";"0";"2";"2";"1";"0";"0";"0";;;"0";"0";"0";"0";;;;;;;;;34 RUE LOUIS AUGUSTE BLANQUI, BONDY;;;;;;;;;;;;;;;;;;;;;;;;;;;;;;;;;;;;;;;;;;;;;;;;;;;;;;;;;;;;;;;;;"2";AVANT_1949;H;"0";{93010000AK0092};{93010000AK0092A,93010000AK0092B};2_FF;4P6XPJ9NTZSM,NQN6MYCA35CZ;"2";"111";;;"661 999,186";"6 866 748,591";"661 999,186";"6 866 748,591";"1";;;;"0";"0";;;;;;1;"0";"0";0;"0";"50";"1";"0";"0";"0";"0";"0";"0";;;;;;;;;;;;0;"0";"0";"0";;"0";"0";"0";"0";"-1";"-1";"-1";"-1";"50";"1";-1;"-1";;"-1";"0";"0";"0";"0";"5,556";;0;1.25;"0";"2,609";gestion;"12";"4";"0";"3";"5";"0";a surveiller;"305,402";"80,269";Fioul;G;;;;;;;;fioul;;;;
"9 109";93010000AK0101;93010*00798;"[""93010*00798""]";93010;BONDY;93;SIMPLE;"1";"[""93010000AK0101""]";"2 075";CL;"1 972";"1 972";"1 972";"1 972";"2";"2 075";01;TERRES;"123";"1 952";"1 952";"0";"0";"0";"0";"0";"0";"0";"0";"0";"0";"0";"123";"119";"3";"3";"3";"3";"0";"80";"12";DEPENDANCE;"2";"36";"0";"36";"36";"1 438";"7";"7";"0";"14";"15";"0";"0";"1";"1";"0";"0";"734";"178";"0";"0";"8";"0";"2 365";"1";"56";G2;PROPRIETE DIVISEE EN LOT;G2a G2d;G2;G2;2;MEME DEPARTEMENT;;"1";"1";"1";"[""VDWTMKD2EMMC"",""C3C3YA2RVKJ7"",""CQKHAAJMXGJQ"",""RVSMBXT7ZDJP""]";"4";"670";RNC_AE3858156;AE3858156;2019-01-31 00:00:00.0;2024-04-18 00:00:00.0;SYGI PARTNERS 53494828600024;non connu;non connu;93010000AK0101;Copropriété immatriculée;2;"1";OUI;"93 010";"93";"200 054 781";Métropole du Grand Paris;"1 972";"2";"118";"36";"2 316";"1 445";"0";"36";"26";"14";"0";"12";"0";"3";"0";"0";"7";"1";"1";"19";"0";"16";"1";"0";"5";"55";"34";"1,059";"8";"0";"13";11;-23.64;"0";"0";"9";"6";;non connu;non connu;non connu;non connu;Pas de mandat en cours;2024-06-30 00:00:00.0;SDC 54 rue Louis Auguste Blanqui;54 r louis auguste blanqui 93140 Bondy;non connu;non connu;non connu;0;1971-10-18 00:00:00.0;non;non;oui;non connu;0;0;0;123;39;39;45;0;0;0;NON_CONNUE;93010;000;AK;0142;93010;000;AK;0102;;;;;2;non;non connu;non;2022-01-01 00:00:00.0;2022-12-31 00:00:00.0;29/06/2023;126050.0;0.0;26747.0;44138.0;11;15749.0;non;non renseigné;0;0;0;0;0;0;0;2;collectif;non;gaz_naturel;Non;Sans objet;non connu;non connu;2;ADRNIVX_0000000268262428;"36";DE_1961_A_1974;V;"0,538";{93010000AK0101};{93010000AK0101A,93010000AK0101B};2_RNIC_FF;VDWTMKD2EMMC,C3C3YA2RVKJ7,CQKHAAJMXGJQ,RVSMBXT7ZDJP;"4";"670";662103.8872219933;6866713.781058414;"662 093,254";"6 866 678,672";"662 103,887";"6 866 713,781";"0";0;0;;"0";"0";0;0;0;0;;0.9230769230769231;"0";"0";0;"0";"4";"0";"75";"0";"0,139";"0";"2";"0";0.2;0;0;0.35016263387544625149;0;0;0.21219357397857992860;0;3129.4871794871794872;;1;0.027777777777777776;"0";"0,361";"0";1;"0";"0";"1";"0";"-1";"0";"-1";"1";"7";"0";0.23076923076923078;"0";0;"0";"0";"1";"0";"0";"0";1;3.3333333333333335;2.5;"5";"1,6";bati;"25";"8";"5";"5";"5";"2";autres;"2 060,5";"219,086";Gaz;F;;;;;;;;gaz;F;;;
"9 110";93010000AK0102;93010*00799;"[""93010*00799""]";93010;BONDY;93;SIMPLE;"1";"[""93010000AK0102""]";"800";CL;"1 972";"1 972";"1 972";"1 972";"1";"800";13;SOL;"800";"0";"0";"0";"0";"0";"0";"0";"0";"0";"0";"0";"0";"0";"800";"43";"0";"0";"0";"0";"0";"30";"0";DEPENDANCE;"1";"13";"0";"13";"13";"591";"0";"3";"0";"6";"4";"0";"0";"2";"1";"0";"0";"290";"0";"0";"0";"0";"0";"881";"1";"14";G2;PROPRIETE DIVISEE EN LOT;G2a G2d;G2;G2;2;MEME DEPARTEMENT;;"1";"1";"1";"[""T6DS8VV58V7Q"",""EKZTXX68JFGS""]";"2";"174";RNC_AE3802121;AE3802121;2019-02-01 00:00:00.0;2018-12-31 00:00:00.0;SYGI PARTNERS 53494828600024;non connu;non connu;93010000AK0102;Copropriété immatriculée;1_1;"1";OUI;"93 010";"93";"200 054 781";Métropole du Grand Paris;"1 972";"1";"42";"13";"843";"591";"0";"13";"9";"6";"0";"3";"0";"1";"0";"0";"3";"1";"1";"6";"1";"6";"0";"0";"3";"13";"13";"1";"3";"0";"7";6;-46.83;"0";"0";"7";"3";D;non connu;non connu;non connu;non connu;Pas de mandat en cours;2019-04-09 00:00:00.0;Residence Fontenoy;56 r louis auguste blanqui 93140 Bondy;non connu;non connu;non connu;0;1972-04-27 00:00:00.0;non;non;oui;non connu;0;0;0;42;13;13;13;0;0;0;NON_CONNUE;93010;000;AK;0102;;;;;;;;;1;non;non connu;non;2017-01-01 00:00:00.0;2017-12-31 00:00:00.0;10/04/2018;35331.57;0.0;15145.5;24730.18;4;6666.0;non;non renseigné;0;0;0;0;0;0;0;2;collectif;non;gaz_naturel;Non renseigné;Non renseigné;non connu;non connu;1;ADRNIVX_0000000268262430;"13";DE_1961_A_1974;V;"0,667";{93010000AK0102};{93010000AK0102A};2_RNIC_FF;T6DS8VV58V7Q,EKZTXX68JFGS;"2";"174";662119.3718879716;6866704.89477691;"662 106,227";"6 866 662,852";"662 119,372";"6 866 704,895";"0";1;1;;"0";"0";0;0;0;0;;1;"0";"0";0;"0";"10";"0";"80";"0";"0,231";"0";"10";"0";0.3076923076923077;1;0;0.69994568596866768162;1;0;0.42866761935572067700;1;2563.9669230769230769;;0;0.07692307692307693;"1";"0,538";"1";1;"1";"1";"1";"0";"-1";"0";"-1";"1";"0";"0";-1;"0";0;"0";"0";"1";"0";"0";"3,158";6;10;3.3333333333333335;"3";"5";marche;"25";"8";"5";"5";"4";"3";présumée fragile;"798,175";"182,711";Gaz;E;;;;;;;;gaz;E;;;
"9 112";93010000AK0104;93010*00529;"[""93010*00529""]";93010;BONDY;93;SIMPLE;"1";"[""93010000AK0104""]";"1 054";CL;"1 991";"1 991";"1 991";"1 991";"1";"1 054";13;SOL;"1 054";"0";"0";"0";"0";"0";"0";"0";"0";"0";"0";"0";"0";"0";"1 054";"16";"0";"0";"0";"0";"0";"10";"0";DEPENDANCE;"2";"6";"0";"6";"6";"479";"0";"0";"0";"0";"6";"0";"0";"0";"0";"0";"0";"114";"0";"0";"0";"0";"0";"593";"1";"7";G2;PROPRIETE DIVISEE EN LOT;G2a;G2;99;1;MEME COMMUNE;;"1";"1";"1";"[""CGKSR14SYAVH"",""FDRG57VZ5YCA"",""P51JR6F3M2SM""]";"3";"319";RNC_AA7773591;AA7773591;2017-07-28 00:00:00.0;2019-11-25 00:00:00.0;FONCIA MANAGO 30265417300020;non connu;non connu;93010000AK0104;Copropriété immatriculée;3_1;"1";OUI;"93 010";"93";"200 054 781";Métropole du Grand Paris;"1 991";"2";"16";"6";"593";"479";"0";"6";"6";"0";"0";"6";"0";"0";"0";"0";"0";"0";"0";"0";"1";"0";"4";"1";"0";"6";"6";"1";"0";"0";"0";0;;"0";"0";"0";"0";;non connu;non connu;non connu;non connu;Pas de mandat en cours;2021-03-10 00:00:00.0;LES TERRASSES DE BONDY;60 r louis auguste blanqui 93140 Bondy;non connu;non connu;non connu;0;1990-02-15 00:00:00.0;non;non;oui;non connu;0;0;0;23;14;12;7;0;0;0;DE_1975_A_1993;;;;;;;;;;;;;0;non;non connu;non;2018-01-01 00:00:00.0;2018-12-31 00:00:00.0;06/05/2019;7202.0;0.0;1694.0;685.0;1;1841.0;non;non renseigné;0;0;0;0;0;0;0;1;individuel;non renseigné;non renseigné;Non renseigné;Non renseigné;non connu;non connu;0;non connu;"6";DE_1975_A_1993;V;"0";{93010000AK0104};{93010000AK010401,93010000AK0104A};2_RNIC_FF;CGKSR14SYAVH,FDRG57VZ5YCA,P51JR6F3M2SM;"3";"319";662125.0910204737;6866660.1542825075;"662 124,081";"6 866 662,485";"662 125,091";"6 866 660,154";"0";1;1;;"0";"0";0;0;0;0;;1;"0";"0";0;"0";"0";"0";"0";"0";"0";"0";"0";"0";0.16666666666666666;0;0;0.09511246875867814496;0;0;0.23521244098861427381;0;;514.4285714285714286;0;0;"0";"0";"0";;"0";"0";"1";"0";"0";"0";"0";"0";"0";"0";;"0";0;"0";"0";"0";"0";"0";"3,529";0;1.4285714285714286;0;"0";"1,667";gestion;"21";"7";"5";"4";"4";"1";autres;"1 057,545";"183,523";Gaz;D;;;;;;;; ;;;;
"9 113";93010000AK0105;93010*00090;"[""93010*00090""]";93010;BONDY;93;SIMPLE;"1";"[""93010000AK0105""]";"376";CL;"1 928";"1 928";"1 928";"1 928";"2";"2";13;SOL;"2";"0";"0";"0";"0";"0";"0";"0";"0";"0";"0";"0";"0";"0";"2";"8";"0";"0";"0";"0";"0";"6";"0";DEPENDANCE;"2";"2";"0";"2";"2";"124";"0";"0";"0";"2";"0";"0";"0";"0";"0";"0";"0";"93";"0";"0";"0";"0";"0";"217";"1";"2";G2;PROPRIETE DIVISEE EN LOT;G2a;G2;99;1;MEME COMMUNE;;"1";"1";"1";"[""4YJ3YNWZ76XZ"",""9NTRYYW4RJM4"",""KCJ6YDFHJXE7"",""WEXSF2BRRP43""]";"4";"117";FF_93010000AK0105;;;;;;;93010000AK0105;Copropriété non immatriculée;;"0";;"93 010";"93";"200 054 781";Métropole du Grand Paris;"1 928";"2";"8";"2";"217";"124";"0";"2";"2";"2";"0";"0";"0";"0";"0";"0";"0";"0";"0";"0";"0";"2";"0";"0";"2";"1";"1";"2";"0";"0";"1";;;"0";"0";"2";"0";;;;;;;;;22 B RUE BORDIER, BONDY;;;;;;;;;;;;;;;;;;;;;;;;;;;;;;;;;;;;;;;;;;;;;;;;;;;;;;;;;;;;;;;;;"2";AVANT_1949;V;"1";{93010000AK0105};{93010000AK010502,93010000AK0105A};2_FF;4YJ3YNWZ76XZ,9NTRYYW4RJM4,KCJ6YDFHJXE7,WEXSF2BRRP43;"4";"117";;;"662 090,749";"6 866 528,394";"662 090,749";"6 866 528,394";"1";;;;"0";"0";;;;;;1;"0";"1";0;"0";"0";"0";"0";"0";"1";"1";"0";"0";;;;;;;;;;;;0;"0";"0,5";"1";;"0";"0";"0";"0";"-1";"-1";"-1";"-1";"0";"0";-1;"-1";;"-1";"0";"0";"0";"0";"8,571";;1.4285714285714286;10;"0";"5,5";occup;"10";"3";"0";"4";"2";"1";présumée fragile;"373,828";"84,334";Electricité;E;;;;;;;;electricite;E;;;
"9 124";93010000AK0138;93010*00285;"[""93010*00285""]";93010;BONDY;93;SIMPLE;"1";"[""93010000AK0138""]";"468";CL;"1 926";"1 926";"1 926";"1 926";"3";"262";13;SOL;"262";"0";"0";"0";"0";"0";"0";"0";"0";"0";"0";"0";"0";"0";"262";"6";"0";"0";"0";"0";"0";"4";"0";DEPENDANCE;"2";"2";"0";"2";"2";"112";"0";"0";"0";"0";"2";"0";"0";"0";"0";"0";"0";"97";"0";"0";"0";"0";"0";"209";"1";"3";G2;PROPRIETE DIVISEE EN LOT;G2a;G2;99;1;MEME COMMUNE;;"1";"1";"1";"[""1KCZED8FTZ6D"",""FKW46XKF489Z"",""N616K1SZBJJ4""]";"3";"116";FF_93010000AK0138;;;;;;;93010000AK0138;Copropriété non immatriculée;;"0";;"93 010";"93";"200 054 781";Métropole du Grand Paris;"1 926";"2";"6";"2";"209";"112";"0";"2";"2";"0";"0";"2";"0";"0";"0";"0";"0";"0";"0";"0";"0";"2";"0";"0";"0";"2";"2";"1";"0";"0";"0";;;"0";"0";"0";"0";;;;;;;;;22 RUE BORDIER, BONDY;;;;;;;;;;;;;;;;;;;;;;;;;;;;;;;;;;;;;;;;;;;;;;;;;;;;;;;;;;;;;;;;;"2";AVANT_1949;V;"0";{93010000AK0138};{93010000AK0138A,93010000AK0138B};2_FF;1KCZED8FTZ6D,FKW46XKF489Z,N616K1SZBJJ4;"3";"116";;;"662 093,702";"6 866 542,814";"662 093,702";"6 866 542,814";"1";;;;"0";"0";;;;;;1;"0";"0";0;"0";"0";"0";"0";"0";"0";"0";"0";"0";;;;;;;;;;;;0;"0";"0";"0";;"0";"0";"0";"0";"-1";"-1";"-1";"-1";"0";"0";-1;"-1";;"-1";"0";"0";"0";"0";"3,333";;0;0;"0";"1,429";gestion;"11";"4";"0";"3";"4";"0";autres;"459,775";"103,014";Gaz;F;;;;;;;; ;;;;
"9 126";93010000AK0144;93010*00657;"[""93010*00657""]";93010;BONDY;93;SIMPLE;"1";"[""93010000AK0144""]";"5 228";CL;"2 002";"2 002";"2 002";"2 002";"1";"5 228";13;SOL;"5 228";"0";"0";"0";"0";"0";"0";"0";"0";"0";"0";"0";"0";"0";"5 228";"230";"0";"0";"0";"0";"0";"152";"0";DEPENDANCE;"4";"78";"0";"78";"78";"4 128";"352";"6";"0";"22";"50";"0";"0";"1";"0";"0";"0";"1 121";"0";"0";"0";"0";"0";"5 601";"1";"82";G2;PROPRIETE DIVISEE EN LOT;G2a;G2;99;2;MEME DEPARTEMENT;;"1";"1";"1";"[""EADKAH1TA71Q"",""T64KACM8YVWS"",""VGMBMD38SRMP"",""13H2PBC8YBST"",""K16MW6TQ6HT5""]";"5";"1 415";RNC_AA0652685;AA0652685;2016-12-22 00:00:00.0;2019-02-08 00:00:00.0;COPRO 2A 44333885000037;non connu;non connu;93010000AK0144;Copropriété immatriculée;3_2;"1";OUI;"93 010";"93";"200 054 781";Métropole du Grand Paris;"2 002";"4";"229";"78";"5 576";"4 480";"0";"78";"68";"22";"0";"46";"0";"4";"0";"0";"6";"1";"0";"4";"23";"40";"11";"0";"2";"81";"77";"1,013";"6";"1";"20";20;-5.40;"0";"0";"9";"0";;non connu;non connu;non connu;non connu;Pas de mandat en cours;2024-04-12 00:00:00.0;LES PARISIENNES DE BONDY;43 r edouard vaillant 93140 BONDY;43/49 RUE EDOUARD VAILLANT 93140 BONDY;LES PARISIENNES DE BONDY - 49 RUE EDOUARD VAILLANT 93140 BONDY;LES PARISIENNES DE BONDY - 47 RUE EDOUARD VAILLANT 93140 BONDY;5;2000-12-20 00:00:00.0;non;non;oui;non connu;0;0;0;156;78;78;78;0;0;0;DE_1994_A_2000;;;;;;;;;;;;;0;non;non connu;non;2017-01-01 00:00:00.0;2017-12-31 00:00:00.0;02/05/2018;133352.22;0.0;0.0;25300.09;10;8000.0;non;non renseigné;0;0;0;0;0;0;0;3;individuel;non renseigné;non renseigné;Non renseigné;Non renseigné;non connu;non connu;0;ADRNIVX_0000000268267879;"78";DE_2001_A_2010;V;"0,324";{93010000AK0144};{93010000AK0144A,93010000AK0144B,93010000AK0144C,93010000AK0144D};2_RNIC_FF;EADKAH1TA71Q,T64KACM8YVWS,VGMBMD38SRMP,13H2PBC8YBST,K16MW6TQ6HT5;"5";"1 415";661956.1689799972;6866358.571356095;"661 996,182";"6 866 418,758";"661 956,169";"6 866 358,571";"0";0;1;;"0";"0";0;0;0;0;;1;"0";"0";0;"0";"5";"0";"50";"0";"0,026";"0";"5";"0";0.12345679012345678;0;0;0.18972380062364166116;0;0;0.000000000000000000000000;0;;1709.6438461538461538;1;0;"0";"0,256";"0";0;"0";"0";"0";"0";"-1";"0";"0";"1";"4";"0";0.14705882352941177;"0";0;"0";"0";"0";"0";"0";"1,579";1;0;2.5;"0";"1,2";occup;"25";"8";"5";"5";"5";"2";autres;"5 230,504";"348,171";Electricité;D;;;;;;;;electricite;D;;;
"9 127";93010000AK0145;93010*00274;"[""93010*00274""]";93010;BONDY;93;SIMPLE;"1";"[""93010000AK0145""]";"1 295";CL;"0";"0";"0";"0";"1";"1 295";13;SOL;"1 295";"0";"0";"0";"0";"0";"0";"0";"0";"0";"0";"0";"0";"0";"1 295";"86";"0";"0";"0";"0";"0";"60";"0";DEPENDANCE;"1";"26";"0";"26";"26";"1 063";"0";"2";"0";"15";"9";"0";"0";"0";"0";"0";"0";"422";"0";"0";"0";"0";"0";"1 485";"1";"32";G2;PROPRIETE DIVISEE EN LOT;G2a;G2;99;2;MEME DEPARTEMENT;;"1";"1";"1";"[""2ABCED8GQFA8"",""WMF3TC56XD5W""]";"2";"523";RNC_AD6838478;AD6838478;2018-11-07 00:00:00.0;2022-12-26 00:00:00.0;SOCIETE DE GERANCE RICHELIEU 60205776200034;non connu;non connu;93010000AK0145;Copropriété immatriculée;1_1;"1";OUI;"93 010";"93";"200 054 781";Métropole du Grand Paris;"0";"1";"86";"26";"1 485";"1 063";"0";"26";"24";"15";"0";"9";"0";"0";"0";"0";"2";"0";"0";"13";"4";"6";"3";"0";"3";"31";"26";"1";"2";"0";"4";0;;"0";"0";"4";"1";;non connu;non connu;non connu;non connu;Pas de mandat en cours;2023-09-30 00:00:00.0;SDC La Ferme des Moines;89 av carnot 93140 Bondy;91 av carnot 93140 Bondy;93 av carnot 93140 Bondy;non connu;2;1973-06-01 00:00:00.0;non;non;oui;non connu;0;0;0;86;26;26;34;0;0;0;DE_1961_A_1974;93010;000;AK;0145;;;;;;;;;1;non;non connu;non;2021-07-01 00:00:00.0;2022-06-30 00:00:00.0;27/10/2022;54063.0;67.0;1978.0;10789.0;7;5424.0;non;non renseigné;0;0;0;0;0;0;0;2;collectif;non;gaz_naturel;Non renseigné;Non renseigné;11;90.0;1;ADRNIVX_0000000268264130;"26";DE_1961_A_1974;V;"0,625";{93010000AK0145};{93010000AK0145A};2_RNIC_FF;2ABCED8GQFA8,WMF3TC56XD5W;"2";"523";661936.8831801644;6866592.332492042;"661 968,979";"6 866 580,63";"661 936,883";"6 866 592,332";"0";0;1;;"0";"0";0;0;0;0;;1;"0";"0";0;"0";"7";"0";"62";"0";"0,115";"0";"0";"0";0.22580645161290322;0;0;0.19931646037317568816;0;0;0.03654165896914834657;0;2002.4230769230769231;;0;0;"0";"0,154";"0";;"0";"0";"0";"0";"-1";"0";"-1";"0";"25";"0";-1;"0";0;"0";"0";"0";"0";"0";"1,579";0;0;0;"0";"0,652";gestion;"23";"8";"5";"4";"4";"2";autres;"1 290,671";"176,343";Gaz;F;;;;;;;;gaz;F;;;
"9 128";93010000AK0146;93010*00407;"[""93010*00407""]";93010;BONDY;93;SIMPLE;"1";"[""93010000AK0146""]";"996";CL;"1 972";"1 972";"1 972";"1 972";"1";"996";13;SOL;"996";"0";"0";"0";"0";"0";"0";"0";"0";"0";"0";"0";"0";"0";"996";"79";"0";"0";"0";"0";"0";"55";"0";DEPENDANCE;"1";"24";"0";"24";"24";"941";"0";"0";"0";"14";"9";"1";"0";"0";"0";"0";"0";"410";"0";"0";"0";"0";"0";"1 351";"1";"29";G2;PROPRIETE DIVISEE EN LOT;G2a;G2;99;2;MEME DEPARTEMENT;;"1";"1";"1";"[""8YHSX7GAHRHY"",""HZ6CYDPFXJ36"",""PAK412YKS5X3""]";"3";"534";RNC_AD6826580;AD6826580;2018-11-07 00:00:00.0;2022-11-04 00:00:00.0;SOCIETE DE GERANCE RICHELIEU 60205776200034;non connu;non connu;93010000AK0146;Copropriété immatriculée;1_1;"1";OUI;"93 010";"93";"200 054 781";Métropole du Grand Paris;"1 972";"1";"78";"24";"1 313";"941";"0";"24";"24";"14";"0";"9";"1";"0";"0";"0";"0";"0";"0";"12";"7";"5";"0";"0";"2";"28";"24";"1";"0";"0";"9";9;-16.78;"0";"0";"7";"4";;non connu;non connu;non connu;non connu;Pas de mandat en cours;2023-10-21 00:00:00.0;SDC Le Bonitiacum;95 av carnot 93140 Bondy;97 av carnot 93140 Bondy;non connu;non connu;1;1971-12-01 00:00:00.0;non;non;oui;non connu;0;0;0;78;24;24;30;0;0;0;DE_1961_A_1974;93010;000;AK;0146;;;;;;;;;1;non;non connu;non;2021-04-01 00:00:00.0;2022-03-31 00:00:00.0;23/06/2022;55423.0;59.0;0.0;22470.0;5;12399.0;non;non renseigné;0;0;0;0;0;0;0;2;collectif;non;gaz_naturel;Non renseigné;Non renseigné;21;90.0;1;ADRNIVX_0000000268264136;"24";DE_1961_A_1974;V;"0,583";{93010000AK0146};{93010000AK0146A};2_RNIC_FF;8YHSX7GAHRHY,HZ6CYDPFXJ36,PAK412YKS5X3;"3";"534";661932.9875183768;6866579.681124071;"661 955,924";"6 866 566,85";"661 932,988";"6 866 579,681";"0";0;1;;"0";"0";0;0;0;0;;1;"0";"0";0;"0";"20";"0";"62";"0";"0,083";"0";"8";"0";0.17857142857142858;0;0;0.40499621498864496593;1;0;0.000000000000000000000000;0;2225.9583333333333333;;0;0;"0";"0,375";"0";0;"0";"0";"0";"0";"-1";"0";"-1";"1";"13";"0";-1;"0";0;"0";"0";"1";"0";"0";"1,579";3;0;3.3333333333333335;"5";"2,083";bati;"24";"8";"5";"5";"4";"2";autres;"992,427";"176,014";Gaz;G;;;;;;;;gaz;G;;;
"9 132";93010000AK0153;93010*00562;"[""93010*00562""]";93010;BONDY;93;SIMPLE;"1";"[""93010000AK0153""]";"1 346";CL;"1 993";"1 993";"1 993";"1 993";"1";"1 346";13;SOL;"1 346";"0";"0";"0";"0";"0";"0";"0";"0";"0";"0";"0";"0";"0";"1 346";"55";"2";"1";"2";"2";"0";"35";"8";DEPENDANCE;"3";"18";"0";"18";"18";"928";"0";"2";"0";"4";"12";"0";"0";"0";"0";"0";"0";"291";"45";"16";"0";"11";"0";"1 291";"1";"21";G2;PROPRIETE DIVISEE EN LOT;G2a;G2;99;1;MEME COMMUNE;;"1";"1";"1";"[""2NF1721F59WE"",""VE9E9DSXDAJW""]";"2";"422";RNC_AC0662171;AC0662171;2018-02-02 00:00:00.0;2024-05-24 00:00:00.0;SOCIETE DE GERANCE RICHELIEU 60205776200034;non;non;93010000AK0153;Copropriété immatriculée;1_1;"1";OUI;"93 010";"93";"200 054 781";Métropole du Grand Paris;"1 993";"3";"55";"18";"1 291";"928";"0";"18";"16";"4";"0";"12";"0";"0";"0";"0";"2";"0";"0";"1";"8";"9";"0";"0";"2";"20";"18";"1";"2";"0";"5";5;-20.20;"0";"0";"3";"0";;professionnel;SOCIETE DE GERANCE RICHELIEU 60205776200034;6832A;LE RAINCY;Mandat en cours;2027-04-03 00:00:00.0;SDC 85/87 avenue Carnot;85 av carnot 93140 Bondy;87 av carnot 93140 Bondy;non connu;non connu;1;1993-03-25 00:00:00.0;non;non;oui;non connu;0;0;0;56;19;19;19;0;0;0;DE_1975_A_1993;93010;000;AK;0153;;;;;;;;;1;non;non connu;non;2022-07-01 00:00:00.0;2023-06-30 00:00:00.0;04/04/2024;38032.0;0.0;504.0;2880.0;2;7761.0;non;non renseigné;0;0;0;0;0;0;0;3;individuel;non renseigné;non renseigné;Non;Sans objet;non connu;non connu;1;ADRNIVX_0000000268264128;"18";DE_1975_A_1993;V;"0,25";{93010000AK0153};{93010000AK0153A,93010000AK0153B,93010000AK0153C};2_RNIC_FF;2NF1721F59WE,VE9E9DSXDAJW;"2";"422";661943.4722018213;6866613.195077821;"661 973,448";"6 866 599,068";"661 943,472";"6 866 613,195";"0";0;0;0;"0";"0";0;0;0;0;0;0.9;"0";"0";0;"0";"11";"0";"100";"0";"0,111";"0";"6";"0";0.1;0;0;0.07572570466975178797;0;0;0.01325199831720656289;0;;1896.4210526315789474;1;0;"0";"0,278";"0";1;"0";"0";"0";"0";"-1";"0";"-1";"1";"9";"0";0.3125;"0";0;"0";"0";"0";"0";"0";"0";1;2.2222222222222223;3.3333333333333335;"0";"1";occup;"25";"9";"5";"5";"4";"2";autres;"1 348,858";"178,177";Gaz;E;;;;;;;;gaz;E;;;
"9 171";93010000AL0036;93010*00391;"[""93010*00391""]";93010;BONDY;93;SIMPLE;"1";"[""93010000AL0036""]";"411";CL;"1 912";"1 912";"1 912";"1 912";"1";"411";13;SOL;"411";"0";"0";"0";"0";"0";"0";"0";"0";"0";"0";"0";"0";"0";"411";"3";"0";"0";"0";"0";"0";"1";"0";MAISON;"1";"2";"2";"0";"2";"76";"50";"0";"0";"0";"1";"1";"0";"0";"0";"0";"0";"4";"0";"0";"0";"0";"0";"130";"1";"3";G2;PROPRIETE DIVISEE EN LOT;G2a;G2;99;1;MEME COMMUNE;;"1";"1";"1";"[""62X6BG7C6VQY"",""2ZHT47868JTC""]";"2";"109";FF_93010000AL0036;;;;;;;93010000AL0036;Copropriété non immatriculée;;"0";;"93 010";"93";"200 054 781";Métropole du Grand Paris;"1 912";"1";"3";"2";"130";"126";"2";"0";"2";"0";"0";"1";"1";"0";"0";"0";"0";"0";"0";"0";"2";"0";"0";"0";"0";"2";"2";"1";"0";"0";"0";;;"0";"0";"1";"0";;;;;;;;;9 B AV BLERIOT, BONDY;;;;;;;;;;;;;;;;;;;;;;;;;;;;;;;;;;;;;;;;;;;;;;;;;;;;;;;;;;;;;;;;;"2";AVANT_1949;H;"0";{93010000AL0036};{93010000AL0036A};2_FF;62X6BG7C6VQY,2ZHT47868JTC;"2";"109";;;"662 134,664";"6 866 384,797";"662 134,664";"6 866 384,797";"1";;;;"0";"0";;;;;;1;"0";"0";0;"0";"0";"0";"0";"0";"0";"0";"0";"0";;;;;;;;;;;;0;"0";"0";"0";;"0";"0";"0";"0";"-1";"-1";"-1";"-1";"0";"0";-1;"-1";;"-1";"0";"0";"0";"0";"3,333";;0;0;"0";"1,2";gestion;"13";"4";"0";"3";"5";"1";autres;"407,7";"109,666";Gaz;F;;;;;;;;gaz;;;;
"9 177";93010000AL0043;93010*00026;"[""93010*00026""]";93010;BONDY;93;SIMPLE;"1";"[""93010000AL0043""]";"863";CL;"1 920";"1 920";"1 920";"1 920";"2";"863";13;SOL;"863";"0";"0";"0";"0";"0";"0";"0";"0";"0";"0";"0";"0";"0";"863";"5";"0";"0";"0";"0";"0";"3";"0";DEPENDANCE;"1";"2";"2";"0";"2";"142";"45";"0";"0";"1";"1";"0";"0";"0";"0";"0";"0";"42";"0";"0";"0";"0";"0";"229";"1";"3";G2;PROPRIETE DIVISEE EN LOT;G2a;G2;99;1;MEME COMMUNE;;"1";"1";"1";"[""3TTQ6DWP7P3K"",""A76CZ3GW6N74"",""KNMV55KAR991""]";"3";"204";FF_93010000AL0043;;;;;;;93010000AL0043;Copropriété non immatriculée;;"0";;"93 010";"93";"200 054 781";Métropole du Grand Paris;"1 920";"1";"5";"2";"229";"187";"2";"0";"2";"1";"0";"1";"0";"0";"0";"0";"0";"0";"0";"0";"0";"1";"0";"1";"0";"2";"2";"1";"0";"0";"1";;;"0";"0";"2";"0";;;;;;;;;23 AV BLERIOT, BONDY;;;;;;;;;;;;;;;;;;;;;;;;;;;;;;;;;;;;;;;;;;;;;;;;;;;;;;;;;;;;;;;;;"2";AVANT_1949;H;"0,5";{93010000AL0043};{93010000AL0043A};2_FF;3TTQ6DWP7P3K,A76CZ3GW6N74,KNMV55KAR991;"3";"204";;;"662 161,241";"6 866 458,674";"662 161,241";"6 866 458,674";"1";;;;"0";"0";;;;;;1;"0";"0";0;"0";"0";"0";"100";"0";"0";"0";"0";"0";;;;;;;;;;;;0;"0";"0,5";"1";;"0";"0";"0";"0";"-1";"-1";"-1";"-1";"0";"0";-1;"-1";;"-1";"0";"0";"0";"0";"2,727";;1.4285714285714286;0;"0";"1,429";gestion;"15";"5";"0";"4";"5";"1";autres;"859,616";"127,993";Gaz;G;;;;;;;;gaz;;;;
"9 183";93010000AL0053;93010*00778;"[""93010*00778""]";93010;BONDY;93;SIMPLE;"1";"[""93010000AL0053""]";"224";CL;"1 922";"1 923";"1 922";"1 923";"1";"224";13;SOL;"224";"0";"0";"0";"0";"0";"0";"0";"0";"0";"0";"0";"0";"0";"224";"2";"0";"0";"0";"0";"0";"0";"0";MAISON;"2";"2";"2";"0";"2";"105";"31";"0";"0";"0";"2";"0";"0";"0";"0";"0";"0";"0";"0";"0";"0";"0";"0";"136";"1";"3";G2;PROPRIETE DIVISEE EN LOT;G2a;G2;99;1;MEME COMMUNE;;"1";"1";"1";"[""XQ5C7RAFWGD9"",""648BKVQ13TD2""]";"2";"95";FF_93010000AL0053;;;;;;;93010000AL0053;Copropriété non immatriculée;;"0";;"93 010";"93";"200 054 781";Métropole du Grand Paris;"1 922";"2";"2";"2";"136";"136";"2";"0";"1";"0";"0";"1";"0";"1";"0";"0";"0";"0";"0";"0";"0";"1";"1";"0";"0";"2";"2";"1";"0";"0";"0";;;"0";"0";"0";"0";;;;;;;;;16 B AV BLERIOT, BONDY;;;;;;;;;;;;;;;;;;;;;;;;;;;;;;;;;;;;;;;;;;;;;;;;;;;;;;;;;;;;;;;;;"2";AVANT_1949;H;"0";{93010000AL0053};{93010000AL0053A,93010000AL0053B};2_FF;XQ5C7RAFWGD9,648BKVQ13TD2;"2";"95";;;"662 190,244";"6 866 416,412";"662 190,244";"6 866 416,412";"1";;;;"0";"0";;;;;;1;"0";"0";0;"0";"0";"0";"0";"0";"0";"0";"50";"1";;;;;;;;;;;;0;"0";"0";"0";;"0";"0";"0";"0";"-1";"-1";"-1";"-1";"0";"0";-1;"-1";;"-1";"0";"0";"0";"0";"3,333";;0;0;"0";"1,304";gestion;"12";"4";"0";"3";"5";"0";autres;"220,011";"65,736";Gaz;E;;;;;;;; ;;;;
"9 189";93010000AL0060;93010*00546;"[""93010*00546""]";93010;BONDY;93;SIMPLE;"1";"[""93010000AL0060""]";"108";CL;"1 934";"1 934";"1 934";"1 934";"1";"108";13;SOL;"108";"0";"0";"0";"0";"0";"0";"0";"0";"0";"0";"0";"0";"0";"108";"3";"1";"1";"1";"1";"0";"1";"4";MIXTE;"1";"1";"1";"0";"1";"59";"20";"0";"0";"0";"1";"0";"0";"0";"0";"0";"0";"11";"28";"0";"0";"0";"0";"118";"1";"3";G2;PROPRIETE DIVISEE EN LOT;G2a;G2;99;1;MEME COMMUNE;;"1";"1";"1";"[""A3S2R8JRJWFW"",""KQ4V271VBS5J""]";"2";"85";RNC_AF8641243;AF8641243;2020-01-10 00:00:00.0;2020-01-10 00:00:00.0;non connu;non connu;non connu;93010000AL0060;Copropriété immatriculée;1_1;"1";OUI;"93 010";"93";"200 054 781";Métropole du Grand Paris;"1 934";"1";"3";"1";"118";"79";"1";"0";"1";"0";"0";"1";"0";"0";"0";"0";"0";"0";"0";"0";"0";"0";"1";"0";"0";"2";"1";"1";"0";"0";"0";0;;"0";"0";"0";"0";;non connu;non connu;non connu;non connu;Pas de mandat en cours;non connu;COPROPRIETE DU 73 RUE EDOUARD VAILLANT A BONDY;73 r edouard vaillant 93140 Bondy;non connu;non connu;non connu;0;1992-02-27 00:00:00.0;non;non connu;oui;non connu;;;;3;2;1;1;0;0;0;NON_CONNUE;93010;000;AL;0060;;;;;;;;;1;non;non connu;non renseigné;non connu;non connu;non connu;;;;;;;non renseigné;non renseigné;0;0;0;0;0;1;0;1;non renseigné;non renseigné;non renseigné;Non renseigné;Non renseigné;non connu;non connu;;non connu;"1";AVANT_1949;H;"0";{93010000AL0060};{93010000AL0060A};2_RNIC_FF;A3S2R8JRJWFW,KQ4V271VBS5J;"2";"85";662146.0264479662;6866318.739958274;"662 148,86";"6 866 328,104";"662 146,026";"6 866 318,74";"0";1;1;;"0";"0";0;;;;;0.5;"0";"0";0;"0";"0";"0";"0";"0";"0";"0";"0";"0";;;;;;;;;;;;0;"0";"0";"0";;"0";"0";"0";"0";"-1";"-1";"-1";"-1";"0";"0";-1;"-1";0;"-1";"0";"0";"0";"0";"4";;0;3.75;"0";"2,813";gestion;"16";"6";"0";"4";"5";"1";a surveiller;"110,366";"44,438";Gaz;F;;;;;;;; ;;;;
"9 190";93010000AL0061;93010*00112;"[""93010*00112""]";93010;BONDY;93;SIMPLE;"1";"[""93010000AL0061""]";"460";CL;"1 925";"1 930";"1 925";"1 930";"1";"460";13;SOL;"460";"0";"0";"0";"0";"0";"0";"0";"0";"0";"0";"0";"0";"0";"460";"12";"3";"3";"3";"3";"0";"4";"12";DEPENDANCE;"3";"5";"2";"3";"5";"213";"36";"0";"0";"4";"1";"0";"0";"0";"0";"1";"0";"52";"130";"0";"0";"0";"0";"431";"1";"4";G2;PROPRIETE DIVISEE EN LOT;G2a;G2;99;1;MEME COMMUNE;;"1";"1";"1";"[""2H3YXQCMY15N"",""8Z59XPWYFJ1Q"",""HJKSCE9S5YP5""]";"3";"293";RNC_AI3566759;AI3566759;2023-10-17 00:00:00.0;2023-10-17 00:00:00.0;non connu;non connu;non connu;93010000AL0061;Copropriété immatriculée;1_1;"1";OUI;"93 010";"93";"200 054 781";Métropole du Grand Paris;"1 925";"3";"12";"5";"431";"249";"2";"3";"5";"4";"0";"1";"0";"0";"0";"0";"0";"0";"0";"0";"3";"0";"2";"0";"0";"3";"3";"1,667";"0";"0";"1";0;;"1";"1";"0";"0";;non connu;non connu;non connu;non connu;Pas de mandat en cours;non connu;SDC 75/77 rue Edouard Vaillant;75 r edouard vaillant 93140 Bondy;non connu;non connu;non connu;0;1953-11-13 00:00:00.0;non;non connu;oui;non connu;0;0;0;6;6;2;0;0;0;0;AVANT_1949;93010;000;AL;0061;;;;;;;;;1;non;non connu;non renseigné;non connu;non connu;non connu;;;;;;;non renseigné;non renseigné;0;0;0;0;0;0;0;6;non renseigné;non renseigné;non renseigné;Non;Sans objet;non connu;non connu;;ADRNIVX_0000000268267850;"5";AVANT_1949;M;"0,8";{93010000AL0061};{93010000AL0061A,93010000AL0061B,93010000AL0061C};0;2H3YXQCMY15N,8Z59XPWYFJ1Q,HJKSCE9S5YP5;"3";"293";662152.8362081574;6866317.361019808;"662 162,996";"6 866 330,861";"662 152,836";"6 866 317,361";"0";0;1;;"0";"0";0;0;0;0;;0.625;"0";"0";0;"0";"0";"0";"25";"1";"0";"0";"33";"1";;;;;;;;;;;;0;"0";"0,2";"0";;"0";"0";"0";"0";"-1";"0";"-1";"1";"0";"0";-1;"0";0;"0";"0";"1";"1";"1";"2,632";;0;2.5;"5";"2,368";bati;"19";"8";"0";"4";"5";"2";autres;"460,951";"87,865";Electricité;F;;;;;;;;electricite;F;;;
"9 199";93010000AL0072;93010*00486;"[""93010*00486""]";93010;BONDY;93;SIMPLE;"1";"[""93010000AL0072""]";"193";CL;"1 931";"1 990";"1 931";"1 931";"1";"193";13;SOL;"193";"0";"0";"0";"0";"0";"0";"0";"0";"0";"0";"0";"0";"0";"193";"29";"0";"0";"0";"0";"0";"21";"0";DEPENDANCE;"2";"8";"0";"8";"8";"264";"0";"0";"0";"5";"3";"0";"0";"0";"0";"0";"0";"67";"0";"0";"0";"0";"0";"331";"1";"10";G2;PROPRIETE DIVISEE EN LOT;G2a;G2;99;3;MEME REGION;;"1";"1";"1";"[""7H6ZKV4W9SGC"",""8493NF1RCVC1""]";"2";"121";RNC_AA8752032;AA8752032;2017-08-11 00:00:00.0;2023-10-13 00:00:00.0;MME Elodie Francois;non connu;non connu;93010000AL0072;Copropriété immatriculée;1_1;"1";OUI;"93 010";"93";"200 054 781";Métropole du Grand Paris;"1 931";"2";"29";"8";"331";"264";"0";"8";"6";"5";"0";"1";"0";"2";"0";"0";"0";"0";"0";"4";"0";"4";"0";"0";"0";"9";"7";"1,143";"0";"0";"7";5;-24.60;"0";"0";"1";"0";;non connu;non connu;non connu;non connu;Pas de mandat en cours;2024-06-30 00:00:00.0;SDC 23 rue Rouget de Lisle;23 av rouget de lisle 93140 Bondy;non connu;non connu;non connu;0;1988-09-26 00:00:00.0;non;oui;oui;non connu;0;0;0;26;8;8;11;0;0;0;DE_1975_A_1993;93010;000;AL;0072;;;;;;;;;1;non;non connu;non;2022-01-01 00:00:00.0;2022-12-31 00:00:00.0;23/06/2023;5009.0;0.0;807.0;951.0;2;2009.0;non;1988;0;0;0;0;0;0;0;1;individuel;non renseigné;non renseigné;Non renseigné;Non renseigné;non connu;non connu;0;non connu;"8";AVANT_1949;V;"0,833";{93010000AL0072};{93010000AL007201,93010000AL0072A};2_RNIC_FF;7H6ZKV4W9SGC,8493NF1RCVC1;"2";"121";662237.8064454246;6866428.563540299;"662 229,321";"6 866 431,243";"662 237,806";"6 866 428,564";"0";1;0;;"0";"0";0;0;0;0;;1;"0";"0";0;"0";"11";"0";"60";"0";"0";"0";"0";"0";0.2222222222222222;1;0;0.18985825514074665602;0;0;0.16111000199640646836;0;;626.1250000000000000;0;0;"0";"0,875";"1";1;"0";"0";"0";"0";"-1";"0";"-1";"0";"0";"0";-1;"0";0;"0";"0";"0";"0";"0";"1,579";1;3.3333333333333335;0;"0";"1,4";marche;"25";"8";"5";"5";"5";"2";autres;"192,993";"56,244";Electricité;D;;;;;;;;electricite;;;;
"9 211";93010000AL0084;93010*00605;"[""93010*00605""]";93010;BONDY;93;SIMPLE;"1";"[""93010000AL0084""]";"369";CL;"1 970";"1 970";"1 970";"1 970";"1";"369";13;SOL;"369";"0";"0";"0";"0";"0";"0";"0";"0";"0";"0";"0";"0";"0";"369";"9";"0";"0";"0";"0";"0";"3";"0";APPARTEMENT;"3";"6";"0";"6";"6";"302";"0";"0";"0";"3";"3";"0";"0";"0";"0";"0";"0";"36";"0";"0";"0";"0";"0";"338";"1";"7";G2;PROPRIETE DIVISEE EN LOT;G2a;G2;99;1;MEME COMMUNE;;"1";"1";"1";"[""T2NQNGXWQZGG"",""TAQVCWPDGX2B"",""YRDERHX96XW5""]";"3";"220";FF_93010000AL0084;;;;;;;93010000AL0084;Copropriété non immatriculée;;"0";;"93 010";"93";"200 054 781";Métropole du Grand Paris;"1 970";"3";"9";"6";"338";"302";"0";"6";"6";"3";"0";"3";"0";"0";"0";"0";"0";"0";"0";"0";"3";"1";"1";"1";"0";"6";"6";"1";"0";"0";"1";;;"1";"1";"1";"0";;;;;;;;;2 AV ROUGET DE L ISLE, BONDY;;;;;;;;;;;;;;;;;;;;;;;;;;;;;;;;;;;;;;;;;;;;;;;;;;;;;;;;;;;;;;;;;"6";DE_1961_A_1974;V;"0,5";{93010000AL0084};{93010000AL0084A,93010000AL0084B,93010000AL0084C};2_FF;T2NQNGXWQZGG,TAQVCWPDGX2B,YRDERHX96XW5;"3";"220";;;"662 216,16";"6 866 319,263";"662 216,16";"6 866 319,263";"1";;;;"0";"0";;;;;;1;"0";"0";0;"0";"0";"0";"67";"0";"0";"0";"17";"0";;;;;;;;;;;;0;"0";"0,167";"0";;"0";"0";"0";"0";"-1";"0";"-1";"1";"0";"0";-1;"0";;"0";"0";"1";"0";"0";"2,727";;0;2.5;"10";"2,5";bati;"15";"5";"0";"4";"5";"1";autres;"369,024";"81,8";Gaz;D;;;;;;;;electricite;;;;
"9 216";93010000AL0090;93010*00630;"[""93010*00630""]";93010;BONDY;93;SIMPLE;"1";"[""93010000AL0090""]";"207";CL;"1 910";"1 925";"1 910";"1 925";"2";"207";13;SOL;"207";"0";"0";"0";"0";"0";"0";"0";"0";"0";"0";"0";"0";"0";"207";"5";"0";"0";"0";"0";"0";"0";"0";APPARTEMENT;"2";"5";"1";"4";"5";"155";"20";"1";"0";"4";"0";"0";"0";"0";"0";"1";"0";"0";"0";"0";"0";"0";"0";"175";"1";"3";G2;PROPRIETE DIVISEE EN LOT;G2a;G2;99;1;MEME COMMUNE;;"1";"1";"1";"[""4ARGD221EE5B"",""DHRZERQMWZB9""]";"2";"101";FF_93010000AL0090;;;;;;;93010000AL0090;Copropriété non immatriculée;;"0";;"93 010";"93";"200 054 781";Métropole du Grand Paris;"1 910";"2";"5";"5";"175";"175";"1";"4";"4";"4";"0";"0";"0";"0";"0";"0";"1";"0";"0";"0";"4";"1";"0";"0";"0";"2";"2";"2,5";"1";"0";"0";;;"0";"0";"4";"1";;;;;;;;;50 RUE DE LA SOLIDARITE, BONDY;;;;;;;;;;;;;;;;;;;;;;;;;;;;;;;;;;;;;;;;;;;;;;;;;;;;;;;;;;;;;;;;;"5";AVANT_1949;M;"1";{93010000AL0090};{93010000AL0090A,93010000AL0090B};2_FF;4ARGD221EE5B,DHRZERQMWZB9;"2";"101";;;"662 260,916";"6 866 362,298";"662 260,916";"6 866 362,298";"1";;;;"0";"0";;;;;;1;"0";"1";0;"0";"0";"0";"25";"1";"0";"0";"0";"0";;;;;;;;;;;;0;"0";"0";"0";;"0";"0";"0";"0";"0";"0";"0";"0";"0";"0";;"0";;"0";"0";"1";"1";"1";"7,273";;0;0;"10";"4";bati;"12";"5";"0";"3";"3";"1";présumée fragile;"207,889";"61,246";Electricité;E;;;;;;;;electricite;E;;;
"9 228";93010000AL0104;93010*00628;"[""93010*00628""]";93010;BONDY;93;SIMPLE;"1";"[""93010000AL0104""]";"283";CL;"1 912";"1 946";"1 912";"1 946";"1";"283";13;SOL;"283";"0";"0";"0";"0";"0";"0";"0";"0";"0";"0";"0";"0";"0";"283";"3";"0";"0";"0";"0";"0";"1";"0";MAISON;"2";"2";"2";"0";"2";"133";"11";"0";"0";"1";"1";"0";"0";"0";"0";"0";"0";"7";"0";"0";"0";"0";"0";"151";"1";"3";G2;PROPRIETE DIVISEE EN LOT;G2a;G2;99;1;MEME COMMUNE;;"1";"1";"1";"[""G9NJ4JQVJDH7"",""KAWWQWZA6AQY""]";"2";"117";FF_93010000AL0104;;;;;;;93010000AL0104;Copropriété non immatriculée;;"0";;"93 010";"93";"200 054 781";Métropole du Grand Paris;"1 912";"2";"3";"2";"151";"144";"2";"0";"2";"1";"0";"1";"0";"0";"0";"0";"0";"0";"0";"0";"0";"1";"0";"1";"0";"2";"2";"1";"0";"0";"0";;;"0";"0";"0";"0";;;;;;;;;5 RUE DE L UNION, BONDY;;;;;;;;;;;;;;;;;;;;;;;;;;;;;;;;;;;;;;;;;;;;;;;;;;;;;;;;;;;;;;;;;"2";AVANT_1949;H;"0,5";{93010000AL0104};{93010000AL0104A,93010000AL0104B};2_FF;G9NJ4JQVJDH7,KAWWQWZA6AQY;"2";"117";;;"662 249,587";"6 866 468,769";"662 249,587";"6 866 468,769";"1";;;;"0";"0";;;;;;1;"0";"0";0;"0";"0";"0";"100";"0";"0";"0";"0";"0";;;;;;;;;;;;0;"0";"0";"0";;"0";"0";"1";"0";"-1";"-1";"-1";"-1";"0";"0";-1;"-1";;"-1";"0";"0";"0";"0";"2,727";;1.6666666666666667;0;"0";"1,6";gestion;"13";"5";"0";"3";"5";"0";autres;"282,418";"76,881";Gaz;E;;;;;;;;gaz;;;;
"9 274";93010000AL0178;93010*00366;"[""93010*00366""]";93010;BONDY;93;SIMPLE;"1";"[""93010000AL0178""]";"199";CL;"1 969";"1 969";"1 969";"1 969";"1";"199";13;SOL;"199";"0";"0";"0";"0";"0";"0";"0";"0";"0";"0";"0";"0";"0";"199";"9";"0";"0";"0";"0";"0";"4";"0";APPARTEMENT;"1";"5";"0";"5";"5";"147";"0";"1";"0";"1";"3";"0";"0";"0";"0";"0";"0";"32";"0";"0";"0";"0";"0";"179";"1";"6";G2;PROPRIETE DIVISEE EN LOT;G2a;G2;99;1;MEME COMMUNE;;"1";"1";"1";"[""T1Y6VM247B2D""]";"1";"69";FF_93010000AL0178;;;;;;;93010000AL0178;Copropriété non immatriculée;;"0";;"93 010";"93";"200 054 781";Métropole du Grand Paris;"1 969";"1";"9";"5";"179";"147";"0";"5";"3";"1";"0";"2";"0";"1";"0";"0";"1";"0";"0";"5";"0";"0";"0";"0";"0";"5";"5";"1";"1";"0";"1";;;"0";"0";"0";"0";;;;;;;;;10 RUE DE LA SOLIDARITE, BONDY;;;;;;;;;;;;;;;;;;;;;;;;;;;;;;;;;;;;;;;;;;;;;;;;;;;;;;;;;;;;;;;;;"5";DE_1961_A_1974;V;"0,333";{93010000AL0178};{93010000AL0178A};2_FF;T1Y6VM247B2D;"1";"69";;;"662 338,31";"6 866 586,118";"662 338,31";"6 866 586,118";"1";;;;"0";"0";;;;;;1;"0";"0";0;"0";"0";"0";"100";"0";"0";"0";"0";"0";;;;;;;;;;;;0;"0";"0,2";"0";;"0";"0";"1";"0";"0";"0";"0";"0";"0";"0";;"0";;"0";"0";"0";"0";"0";"2,727";;1.4285714285714286;0;"0";"1,538";gestion;"14";"5";"0";"4";"5";"0";autres;"195,067";"59,434";Electricité;F;;;;;;;;electricite;;;;
"9 285";93010000AL0201;93010*00525;"[""93010*00525""]";93010;BONDY;93;SIMPLE;"1";"[""93010000AL0201""]";"593";CL;"1 900";"1 991";"1 900";"1 991";"7";"593";13;SOL;"593";"0";"0";"0";"0";"0";"0";"0";"0";"0";"0";"0";"0";"0";"593";"9";"0";"0";"0";"0";"0";"6";"0";DEPENDANCE;"5";"3";"2";"1";"3";"367";"65";"0";"0";"0";"3";"0";"0";"0";"0";"0";"0";"98";"0";"0";"0";"0";"0";"530";"1";"4";G2;PROPRIETE DIVISEE EN LOT;G2a;G2;99;1;MEME COMMUNE;;"1";"1";"1";"[""75BXTYNW2WX5"",""MX4NA1FCB1H6""]";"2";"344";FF_93010000AL0201;;;;;;;93010000AL0201;Copropriété non immatriculée;;"0";;"93 010";"93";"200 054 781";Métropole du Grand Paris;"1 900";"5";"8";"3";"509";"432";"2";"1";"3";"0";"0";"3";"0";"0";"0";"0";"0";"0";"0";"0";"0";"0";"1";"2";"0";"4";"3";"1";"0";"0";"0";;;"0";"0";"0";"0";;;;;;;;;4 AV BLERIOT, BONDY;;;;;;;;;;;;;;;;;;;;;;;;;;;;;;;;;;;;;;;;;;;;;;;;;;;;;;;;;;;;;;;;;"3";AVANT_1949;M;"0";{93010000AL0201};{93010000AL0201A,93010000AL0201B,93010000AL0201C,93010000AL0201D,93010000AL0201E};2_FF;75BXTYNW2WX5,MX4NA1FCB1H6;"2";"344";;;"662 167,363";"6 866 354,353";"662 167,363";"6 866 354,353";"1";;;;"0";"0";;;;;;1;"0";"0";0;"0";"0";"0";"0";"0";"0";"0";"0";"0";;;;;;;;;;;;0;"0";"0";"0";;"0";"0";"0";"0";"-1";"-1";"-1";"-1";"0";"0";-1;"-1";;"-1";"0";"0";"0";"0";"3,333";;0;0;"0";"1,304";gestion;"12";"4";"0";"3";"5";"0";autres;"585,951";"96,892";Autre;D;;;;;;;; ;;;;
"9 297";93010000AL0230;93010*00417;"[""93010*00417""]";93010;BONDY;93;SIMPLE;"1";"[""93010000AL0230""]";"267";CL;"1 910";"1 985";"1 910";"1 910";"2";"30";13;SOL;"30";"0";"0";"0";"0";"0";"0";"0";"0";"0";"0";"0";"0";"0";"30";"13";"0";"0";"0";"0";"0";"9";"0";DEPENDANCE;"3";"4";"1";"3";"4";"170";"0";"1";"0";"2";"1";"0";"0";"0";"0";"1";"0";"124";"0";"0";"0";"0";"0";"294";"1";"7";G2;PROPRIETE DIVISEE EN LOT;G2a;G2;99;1;MEME COMMUNE;;"1";"1";"1";"[""3521D8CC9TM2"",""WDJ78WJYMG5P"",""Z5FM3QTT76JK""]";"3";"125";RNC_AG2367373;AG2367373;2020-09-24 00:00:00.0;2021-07-07 00:00:00.0;MME Raymonde STUPNICKI;non connu;non connu;93010000AL0230;Copropriété immatriculée;1_1;"1";OUI;"93 010";"93";"200 054 781";Métropole du Grand Paris;"1 910";"3";"13";"4";"294";"170";"1";"3";"3";"2";"0";"1";"0";"0";"0";"0";"1";"0";"0";"1";"3";"0";"0";"0";"0";"6";"4";"1";"1";"0";"2";1;2.00;"0";"0";"0";"0";;non connu;non connu;non connu;non connu;Pas de mandat en cours;2023-06-24 00:00:00.0;SYNDIC DU 58 RUE DE LA SOLIDARITE;58 r de la solidarite 93140 Bondy;non connu;non connu;non connu;0;2008-01-06 00:00:00.0;oui;non;oui;non connu;0;0;0;10;4;4;0;0;0;0;AVANT_1949;93010;000;AL;0230;;;;;;;;;1;non;non connu;non;2020-01-01 00:00:00.0;2020-12-31 00:00:00.0;06/07/2021;0.0;0.0;0.0;0.0;0;0.0;non;1930;0;0;0;0;0;0;0;2;individuel;non renseigné;non renseigné;Non renseigné;Non renseigné;non connu;non connu;0;ADRNIVX_0000000268268726;"4";AVANT_1949;M;"0,667";{93010000AL0230};{93010000AL023001,93010000AL0230A,93010000AL0230B};2_RNIC_FF;3521D8CC9TM2,WDJ78WJYMG5P,Z5FM3QTT76JK;"3";"125";662254.9291572367;6866310.912024822;"662 245,315";"6 866 317,775";"662 254,929";"6 866 310,912";"0";1;1;;"0";"0";0;0;0;0;;1;"0";"0";0;"0";"0";"0";"0";"1";"0";"0";"17";"0";0;0;0;;;0;;;;0.00000000000000000000;0;0;"0";"0,5";"1";0;"0";"0";"0";"0";"-1";"-1";"-1";"-1";"0";"0";-1;"-1";0;"-1";"0";"0";"1";"1";"4,211";0;1.1111111111111112;0;"0";"2,093";gestion;"22";"8";"3";"5";"5";"1";autres;"262,641";"66,835";Electricité;F;;;;;;;;electricite;;;;
"9 309";93010000AL0246;93010*00188;"[""93010*00188""]";93010;BONDY;93;SIMPLE;"1";"[""93010000AL0246""]";"270";CL;"1 927";"1 927";"1 927";"1 927";"1";"270";13;SOL;"270";"0";"0";"0";"0";"0";"0";"0";"0";"0";"0";"0";"0";"0";"270";"2";"0";"0";"0";"0";"0";"0";"0";MAISON;"1";"2";"2";"0";"2";"109";"64";"0";"0";"1";"1";"0";"0";"0";"0";"0";"0";"0";"0";"0";"0";"0";"0";"173";"1";"3";G2;PROPRIETE DIVISEE EN LOT;G2a;G2;99;1;MEME COMMUNE;;"1";"1";"1";"[""284KRB7KFHXJ"",""89YPX3412MZA"",""JZ69S99KHB9N""]";"3";"104";FF_93010000AL0246;;;;;;;93010000AL0246;Copropriété non immatriculée;;"0";;"93 010";"93";"200 054 781";Métropole du Grand Paris;"1 927";"1";"2";"2";"173";"173";"2";"0";"2";"1";"0";"1";"0";"0";"0";"0";"0";"0";"0";"0";"0";"2";"0";"0";"0";"2";"2";"1";"0";"0";"1";;;"0";"0";"0";"0";;;;;;;;;2 IMP DE LA SOLIDARITE, BONDY;;;;;;;;;;;;;;;;;;;;;;;;;;;;;;;;;;;;;;;;;;;;;;;;;;;;;;;;;;;;;;;;;"2";AVANT_1949;H;"0,5";{93010000AL0246};{93010000AL0246A};2_FF;284KRB7KFHXJ,89YPX3412MZA,JZ69S99KHB9N;"3";"104";;;"662 297,523";"6 866 464,433";"662 297,523";"6 866 464,433";"1";;;;"0";"0";;;;;;1;"0";"0";0;"0";"0";"0";"100";"0";"0";"0";"0";"0";;;;;;;;;;;;0;"0";"0,5";"1";;"0";"0";"1";"0";"-1";"-1";"-1";"-1";"0";"0";-1;"-1";;"-1";"0";"0";"0";"0";"2,727";;2.857142857142857;3.75;"0";"3,077";occup;"14";"5";"0";"4";"5";"0";a surveiller;"270,303";"66,609";Gaz;D;;;;;;;; ;;;;
"9 325";93010000AM0037;93010*00658;"[""93010*00658""]";93010;BONDY;93;SIMPLE;"1";"[""93010000AM0037""]";"847";CL;"1 993";"1 995";"1 993";"1 993";"1";"847";13;SOL;"847";"0";"0";"0";"0";"0";"0";"0";"0";"0";"0";"0";"0";"0";"847";"20";"1";"0";"1";"1";"0";"13";"4";DEPENDANCE;"2";"6";"0";"6";"6";"458";"78";"1";"0";"0";"5";"0";"0";"0";"0";"0";"0";"97";"18";"0";"0";"0";"0";"651";"1";"7";G2;PROPRIETE DIVISEE EN LOT;G2a;G2;99;1;MEME COMMUNE;;"1";"1";"1";"[""46YSGCJXH9Y6"",""DGXV2XJFE9KX""]";"2";"336";FF_93010000AM0037;;;;;;;93010000AM0037;Copropriété non immatriculée;;"0";;"93 010";"93";"200 054 781";Métropole du Grand Paris;"1 993";"2";"20";"6";"651";"536";"0";"6";"4";"0";"0";"4";"0";"1";"0";"0";"1";"0";"0";"0";"1";"4";"1";"0";"0";"6";"6";"1";"1";"0";"0";;;"0";"0";"1";"0";;;;;;;;;115 RUE EDOUARD VAILLANT, BONDY;;;;;;;;;;;;;;;;;;;;;;;;;;;;;;;;;;;;;;;;;;;;;;;;;;;;;;;;;;;;;;;;;"6";DE_1975_A_1993;V;"0";{93010000AM0037};{93010000AM0037A,93010000AM0037B};2_FF;46YSGCJXH9Y6,DGXV2XJFE9KX;"2";"336";;;"662 398,1";"6 866 284,677";"662 398,1";"6 866 284,677";"1";;;;"0";"0";;;;;;0.8571428571428571;"0";"0";0;"0";"0";"0";"0";"0";"0";"0";"0";"0";;;;;;;;;;;;0;"0";"0";"0";;"0";"0";"1";"0";"0";"0";"0";"0";"0";"0";;"0";;"0";"0";"0";"0";"0";"3,333";;1.6666666666666667;0;"0";"1,6";gestion;"13";"4";"0";"3";"5";"1";autres;"848,866";"121,158";Electricité;E;oui;15/07/2020;;;;;;electricite;;;;
"9 327";93010000AM0038;93010*00114;"[""93010*00114""]";93010;BONDY;93;SIMPLE;"1";"[""93010000AM0038""]";"491";CL;"1 930";"1 933";"1 930";"1 933";"6";"108";13;SOL;"108";"0";"0";"0";"0";"0";"0";"0";"0";"0";"0";"0";"0";"0";"108";"13";"0";"0";"0";"0";"0";"7";"0";DEPENDANCE;"3";"6";"2";"4";"6";"199";"0";"2";"0";"4";"0";"0";"0";"1";"1";"5";"0";"66";"0";"0";"0";"0";"0";"265";"1";"7";G2;PROPRIETE DIVISEE EN LOT;G2a;G2;99;1;MEME COMMUNE;;"1";"1";"1";"[""M9FQDV5HSZ56"",""T69SH58NKAVD"",""Z4VC3QWV9PHD""]";"3";"171";FF_93010000AM0038;;;;;;;93010000AM0038;Copropriété non immatriculée;;"0";;"93 010";"93";"200 054 781";Métropole du Grand Paris;"1 930";"3";"13";"6";"265";"199";"2";"4";"4";"4";"0";"0";"0";"0";"0";"0";"2";"1";"1";"4";"1";"1";"0";"0";"0";"6";"6";"1";"2";"1";"2";;;"0";"0";"0";"0";;;;;;;;;119 T RUE EDOUARD VAILLANT, BONDY;;;;;;;;;;;;;;;;;;;;;;;;;;;;;;;;;;;;;;;;;;;;;;;;;;;;;;;;;;;;;;;;;"6";AVANT_1949;M;"1";{93010000AM0038};{93010000AM003801,93010000AM0038A,93010000AM0038B};2_FF;M9FQDV5HSZ56,T69SH58NKAVD,Z4VC3QWV9PHD;"3";"171";;;"662 415,489";"6 866 281,435";"662 415,489";"6 866 281,435";"1";;;;"0";"0";;;;;;1;"0";"1";0;"0";"17";"0";"75";"0";"0";"0";"0";"0";;;;;;;;;;;;0.16666666666666666;"1";"0,333";"1";;"0";"0";"1";"0";"-1";"0";"-1";"1";"0";"0";-1;"0";;"0";"0";"0";"5";"1";"5,455";;5.714285714285714;3.3333333333333335;"0";"5";marche;"12";"5";"0";"4";"3";"0";présumée fragile;"489,755";"101,142";Electricité;E;;;;;;;;electricite;;;;
"9 340";93010000AM0055;93010*00462;"[""93010*00462""]";93010;BONDY;93;SIMPLE;"1";"[""93010000AM0055""]";"249";CL;"1 921";"1 937";"1 921";"1 937";"2";"253";13;SOL;"253";"0";"0";"0";"0";"0";"0";"0";"0";"0";"0";"0";"0";"0";"253";"3";"0";"0";"0";"0";"0";"1";"0";MAISON;"2";"2";"2";"0";"2";"127";"10";"0";"0";"0";"2";"0";"0";"0";"0";"0";"0";"6";"0";"0";"0";"0";"0";"143";"1";"3";G2;PROPRIETE DIVISEE EN LOT;G2a;G2;99;1;MEME COMMUNE;;"1";"1";"1";"[""NC86TR2VVEHA"",""XSWSPZ36WW8W""]";"2";"70";FF_93010000AM0055;;;;;;;93010000AM0055;Copropriété non immatriculée;;"0";;"93 010";"93";"200 054 781";Métropole du Grand Paris;"1 921";"2";"3";"2";"143";"137";"2";"0";"2";"0";"0";"2";"0";"0";"0";"0";"0";"0";"0";"0";"0";"2";"0";"0";"0";"2";"2";"1";"0";"0";"0";;;"0";"0";"0";"0";;;;;;;;;23 RUE FRANCOIS COLLET, BONDY;;;;;;;;;;;;;;;;;;;;;;;;;;;;;;;;;;;;;;;;;;;;;;;;;;;;;;;;;;;;;;;;;"2";AVANT_1949;H;"0";{93010000AM0055};{93010000AM0055A,93010000AM0055B};2_FF;NC86TR2VVEHA,XSWSPZ36WW8W;"2";"70";;;"662 551,164";"6 866 358,63";"662 551,164";"6 866 358,63";"1";;;;"0";"0";;;;;;1;"0";"0";0;"0";"0";"0";"0";"0";"0";"0";"0";"0";;;;;;;;;;;;0;"0";"0";"0";;"0";"0";"1";"0";"-1";"-1";"-1";"-1";"0";"0";-1;"-1";;"-1";"0";"0";"0";"0";"3,333";;1.6666666666666667;0;"0";"1,739";gestion;"12";"4";"0";"3";"5";"0";autres;"248,187";"71,133";Electricité;F;;;;;;;; ;;;;
"9 349";93010000AM0065;93010*00135;"[""93010*00135""]";93010;BONDY;93;SIMPLE;"1";"[""93010000AM0065""]";"202";CL;"1 914";"1 914";"1 914";"1 914";"1";"1";13;SOL;"1";"0";"0";"0";"0";"0";"0";"0";"0";"0";"0";"0";"0";"0";"1";"12";"0";"0";"0";"0";"0";"7";"0";DEPENDANCE;"1";"5";"0";"5";"5";"166";"0";"0";"0";"4";"1";"0";"0";"0";"0";"0";"0";"84";"0";"0";"0";"0";"0";"250";"1";"6";G2;PROPRIETE DIVISEE EN LOT;G2a;G2;99;1;MEME COMMUNE;;"1";"1";"1";"[""MFGB78SBK3SB"",""WFKQ9Y33PNAR""]";"2";"127";RNC_AA8239717;AA8239717;2017-08-04 00:00:00.0;2024-08-14 00:00:00.0;TULIER*FLORENCE/ 44243601000049;oui;non;93010000AM0065;Copropriété immatriculée;1_1;"1";OUI;"93 010";"93";"200 054 781";Métropole du Grand Paris;"1 914";"1";"11";"5";"246";"166";"0";"5";"5";"4";"0";"1";"0";"0";"0";"0";"0";"0";"0";"2";"3";"0";"0";"0";"0";"5";"5";"1";"0";"0";"3";2;-51.00;"0";"0";"2";"1";;professionnel;TULIER*FLORENCE/ 44243601000049;6910Z;EVRY;Mandat en cours;2025-01-23 00:00:00.0;134 RUE LOUIS AUGUSTE BLANQUI;134 r louis auguste blanqui 93140 Bondy;non connu;non connu;non connu;0;1965-05-04 00:00:00.0;non;non;oui;non connu;0;0;0;15;7;7;0;0;0;0;AVANT_1949;93010;000;AM;0065;;;;;;;;;1;non;non connu;non;2022-01-01 00:00:00.0;2022-12-31 00:00:00.0;18/12/2023;11411.0;0.0;38278.0;52769.0;7;2675.0;non;non renseigné;0;0;0;0;0;0;0;1;individuel;non renseigné;non renseigné;Non;Sans objet;non connu;non connu;0;non connu;"5";AVANT_1949;V;"0,8";{93010000AM0065};{93010000AM0065A};2_RNIC_FF;MFGB78SBK3SB,WFKQ9Y33PNAR;"2";"127";662594.9114944304;6866571.363091777;"662 596,565";"6 866 571,364";"662 594,911";"6 866 571,363";"0";0;0;1;"0";"0";0;0;0;0;0;1;"0";"0";0;"0";"0";"0";"67";"0";"0";"0";"0";"0";1.4;1;1;4.6243975111734291;1;1;3.3544825168696871;1;;1630.1428571428571429;1;0;"0";"0,6";"1";1;"2";"1";"1";"0";"0";"0";"0";"0";"0";"0";;"0";0;"0";"0";"1";"0";"0";"10";10;7.777777777777778;0;"5";"3,8";finan;"25";"9";"5";"5";"4";"2";présumée fragile;"203,177";"60,317";Autre;F;;;;;;;; ;;;;
"9 371";93010000AM0102;93010*00330;"[""93010*00330""]";93010;BONDY;93;SIMPLE;"1";"[""93010000AM0102""]";"184";CL;"1 920";"1 920";"1 920";"1 920";"1";"184";13;SOL;"184";"0";"0";"0";"0";"0";"0";"0";"0";"0";"0";"0";"0";"0";"184";"6";"0";"0";"0";"0";"0";"3";"0";MIXTE;"2";"3";"0";"3";"3";"151";"0";"0";"0";"0";"3";"0";"0";"0";"0";"0";"0";"25";"0";"0";"0";"0";"0";"176";"1";"4";G2;PROPRIETE DIVISEE EN LOT;G2a;G2;99;1;MEME COMMUNE;;"1";"1";"1";"[""AAGJXNGM1C5R"",""Y4DYHGHZB312""]";"2";"97";FF_93010000AM0102;;;;;;;93010000AM0102;Copropriété non immatriculée;;"0";;"93 010";"93";"200 054 781";Métropole du Grand Paris;"1 920";"2";"6";"3";"176";"151";"0";"3";"2";"0";"0";"2";"0";"1";"0";"0";"0";"0";"0";"0";"1";"1";"0";"1";"0";"3";"3";"1";"0";"0";"1";;;"0";"0";"2";"0";;;;;;;;;123 RUE EDOUARD VAILLANT, BONDY;;;;;;;;;;;;;;;;;;;;;;;;;;;;;;;;;;;;;;;;;;;;;;;;;;;;;;;;;;;;;;;;;"3";AVANT_1949;V;"0";{93010000AM0102};{93010000AM010201,93010000AM0102A};2_FF;AAGJXNGM1C5R,Y4DYHGHZB312;"2";"97";;;"662 446,276";"6 866 263,875";"662 446,276";"6 866 263,875";"1";;;;"0";"0";;;;;;1;"0";"0";0;"0";"0";"0";"0";"0";"0";"0";"0";"0";;;;;;;;;;;;0;"0";"0,333";"1";;"1";"1";"1";"0";"-1";"-1";"-1";"-1";"0";"0";-1;"-1";;"-1";"0";"0";"0";"0";"3,333";;7.142857142857143;0;"0";"3,077";marche;"14";"4";"0";"4";"5";"1";a surveiller;"184,024";"57,302";Autre;D;;;;;;;; ;;;;
"9 396";93010000AN0034;93010*00224;"[""93010*00224""]";93010;BONDY;93;SIMPLE;"1";"[""93010000AN0034""]";"125";CL;"1 927";"1 927";"1 927";"1 927";"1";"125";13;SOL;"125";"0";"0";"0";"0";"0";"0";"0";"0";"0";"0";"0";"0";"0";"125";"5";"0";"0";"0";"0";"0";"1";"0";APPARTEMENT;"1";"4";"0";"4";"4";"116";"0";"0";"0";"3";"1";"0";"0";"0";"0";"4";"0";"20";"0";"0";"0";"0";"0";"136";"1";"4";G2;PROPRIETE DIVISEE EN LOT;G2a;G2;99;1;MEME COMMUNE;;"1";"1";"1";"[""SSVN2BCWJ554"",""WZMNGEFAC9G8""]";"2";"104";RNC_AF3381373;AF3381373;2019-07-10 00:00:00.0;2024-02-03 00:00:00.0;M patrick lucas;non;non;93010000AN0034;Copropriété immatriculée;1_1;"1";OUI;"93 010";"93";"200 054 781";Métropole du Grand Paris;"1 927";"1";"5";"4";"136";"116";"0";"4";"4";"3";"0";"1";"0";"0";"0";"0";"0";"0";"0";"0";"4";"0";"0";"0";"0";"3";"3";"1,333";"0";"0";"1";1;-22.00;"0";"0";"2";"1";;bénévole;M patrick lucas;non connu;PLUMELIAU;Mandat en cours;2025-01-01 00:00:00.0;pavillon;38 all corneille 93140 Bondy;non connu;non connu;non connu;0;1965-08-13 00:00:00.0;non;non;oui;non connu;0;0;0;12;4;4;0;0;0;0;NON_CONNUE;93010;000;AN;0034;;;;;;;;;1;non;non connu;non;2023-01-01 00:00:00.0;2024-01-01 00:00:00.0;01/02/2024;;;;;;;non;non renseigné;0;0;0;0;0;0;0;4;individuel;non renseigné;non renseigné;Non;Sans objet;9;90.0;0;ADRNIVX_0000000268269715;"4";AVANT_1949;V;"0,75";{93010000AN0034};{93010000AN0034A};2_RNIC_FF;SSVN2BCWJ554,WZMNGEFAC9G8;"2";"104";662809.3864298273;6866255.392654919;"662 802,806";"6 866 257,23";"662 809,386";"6 866 255,393";"0";0;0;0;"0";"0";0;0;0;0;0;1;"0";"0";0;"0";"0";"0";"33";"1";"0";"0";"0";"0";;;;;;;;;;;;0;"0";"0,25";"0";1;"0";"0";"0";"0";"-1";"-1";"-1";"-1";"0";"0";-1;"-1";0;"-1";"0";"1";"4";"1";"0,952";;2.2222222222222223;0;"5";"1,429";bati;"21";"9";"0";"5";"5";"2";autres;"124,523";"43,99";Electricité;G;oui;11/02/2024;oui;;"2";"1";21/06/2024;electricite;G;;;
"9 458";93010000AN0101;93010*00415;"[""93010*00415""]";93010;BONDY;93;SIMPLE;"1";"[""93010000AN0101""]";"293";CL;"1 908";"1 935";"1 908";"1 935";"1";"12";13;SOL;"12";"0";"0";"0";"0";"0";"0";"0";"0";"0";"0";"0";"0";"0";"12";"9";"0";"0";"0";"0";"0";"4";"0";MIXTE;"2";"5";"1";"4";"5";"187";"5";"0";"0";"1";"4";"0";"0";"0";"0";"0";"0";"18";"0";"0";"0";"0";"0";"210";"1";"5";G2;PROPRIETE DIVISEE EN LOT;G2a;G2;99;1;MEME COMMUNE;;"1";"1";"1";"[""2ECXAAEE7Y7P"",""3Q3WZ9XV72GX"",""R7QFTCTP45KZ"",""XMFTKQBVWSC5""]";"4";"111";RNC_AH6173991;AH6173991;2022-06-27 00:00:00.0;2022-06-27 00:00:00.0;non connu;non connu;non connu;93010000AN0101;Copropriété immatriculée;1_1;"1";OUI;"93 010";"93";"200 054 781";Métropole du Grand Paris;"1 908";"2";"8";"5";"198";"192";"1";"4";"5";"1";"0";"4";"0";"0";"0";"0";"0";"0";"0";"0";"3";"1";"1";"0";"0";"4";"4";"1,25";"0";"0";"2";2;-30.00;"0";"0";"3";"3";;non connu;non connu;non connu;non connu;Pas de mandat en cours;non connu;SDC 152 rue Auguste Blanqui a BONDY;152 r louis auguste blanqui 93140 Bondy;non connu;non connu;non connu;0;1972-03-17 00:00:00.0;non;non connu;oui;non connu;;;;19;5;4;0;0;0;0;non renseigné;93010;000;AN;0101;;;;;;;;;1;non;non connu;non renseigné;non connu;non connu;non connu;;;;;;;non renseigné;non renseigné;0;0;0;0;0;0;0;6;non renseigné;non renseigné;non renseigné;Non renseigné;Non renseigné;non connu;non connu;;non connu;"5";AVANT_1949;M;"0,2";{93010000AN0101};{93010000AN0101A,93010000AN0101B};2_RNIC_FF;2ECXAAEE7Y7P,3Q3WZ9XV72GX,R7QFTCTP45KZ,XMFTKQBVWSC5;"4";"111";662753.3261968428;6866544.98774581;"662 746,352";"6 866 528,391";"662 753,326";"6 866 544,988";"0";1;1;;"0";"0";0;;;;;1;"0";"0";0;"0";"25";"0";"100";"0";"0";"0";"25";"0";;;;;;;;;;;;0;"0";"0,4";"1";1;"0";"0";"0";"0";"-1";"0";"-1";"1";"25";"0";-1;"0";0;"0";"0";"1";"0";"0";"3,529";;3.3333333333333335;2.5;"5";"3,421";bati;"19";"7";"0";"5";"5";"2";a surveiller;"297,365";"85,244";Mixte (gaz + élec);G;;;;;;;;mixte;G;;;
"9 473";93010000AN0119;93010*00483;"[""93010*00483""]";93010;BONDY;93;SIMPLE;"1";"[""93010000AN0119""]";"233";CL;"1 908";"1 930";"1 908";"1 930";"1";"233";13;SOL;"233";"0";"0";"0";"0";"0";"0";"0";"0";"0";"0";"0";"0";"0";"233";"2";"0";"0";"0";"0";"0";"0";"0";MAISON;"2";"2";"2";"0";"2";"106";"10";"0";"0";"1";"1";"0";"0";"0";"0";"0";"0";"0";"0";"0";"0";"0";"0";"116";"1";"3";G2;PROPRIETE DIVISEE EN LOT;G2a;G2;99;1;MEME COMMUNE;;"1";"1";"1";"[""Q4Y1641V3VVN"",""Y1TJM8CR7VZ1""]";"2";"103";FF_93010000AN0119;;;;;;;93010000AN0119;Copropriété non immatriculée;;"0";;"93 010";"93";"200 054 781";Métropole du Grand Paris;"1 908";"2";"2";"2";"116";"116";"2";"0";"2";"1";"0";"1";"0";"0";"0";"0";"0";"0";"0";"0";"0";"1";"1";"0";"0";"2";"2";"1";"0";"0";"0";;;"1";"1";"0";"0";;;;;;;;;21 ALL DE LA PAIX, BONDY;;;;;;;;;;;;;;;;;;;;;;;;;;;;;;;;;;;;;;;;;;;;;;;;;;;;;;;;;;;;;;;;;"2";AVANT_1949;H;"0,5";{93010000AN0119};{93010000AN0119A,93010000AN0119B};2_FF;Q4Y1641V3VVN,Y1TJM8CR7VZ1;"2";"103";;;"662 699,125";"6 866 366,441";"662 699,125";"6 866 366,441";"1";;;;"0";"0";;;;;;1;"0";"0";0;"0";"0";"0";"0";"1";"0";"0";"0";"0";;;;;;;;;;;;0;"0";"0";"0";;"0";"0";"0";"0";"-1";"-1";"-1";"-1";"0";"0";-1;"-1";;"-1";"0";"1";"0";"0";"4,545";;0;3.75;"10";"3,704";bati;"14";"5";"0";"3";"5";"1";présumée fragile;"234,219";"62,948";Electricité;F;;;;;;;; ;;;;
"9 481";93010000AN0132;93010*00719;"[""93010*00719""]";93010;BONDY;93;SIMPLE;"1";"[""93010000AN0132""]";"14 373";CL;"1 994";"1 994";"1 994";"1 994";"1";"14 373";13;SOL;"14 373";"0";"0";"0";"0";"0";"0";"0";"0";"0";"0";"0";"0";"0";"14 373";"60";"0";"0";"0";"0";"0";"1";"0";MAISON;"59";"59";"59";"0";"59";"4 674";"857";"2";"0";"8";"49";"0";"0";"0";"0";"0";"0";"4";"0";"0";"0";"0";"0";"5 535";"1";"56";G2;PROPRIETE DIVISEE EN LOT;G2a;G2;99;1;MEME COMMUNE;;"1";"1";"1";"[""1NBBZHE4DYXE"",""5B7PGNE2GSF6"",""BNGW1BPPSSKP"",""DCCDPBZ9SKW9"",""HS9WQCCR322M"",""YJ6PRW1AT5WM"",""9NDP8GTJE81W"",""HB2RHTJWJXW2"",""1WDZZPRPR8SS"",""1ZHSBMRGAXAF"",""F6Y4KAYN2C5M"",""RXWWYVAH1X28""]";"12";"3 874";RNC_AA7735806;AA7735806;2017-07-28 00:00:00.0;2023-07-24 00:00:00.0;FONCIA CHADEFAUX LECOQ 59202763500032;non;non;93010000AN0132;Copropriété immatriculée;1_1;"1";OUI;"93 010";"93";"200 054 781";Métropole du Grand Paris;"1 994";"59";"60";"59";"5 535";"5 531";"59";"0";"57";"8";"0";"49";"0";"0";"0";"0";"2";"0";"0";"0";"0";"0";"38";"21";"0";"55";"55";"1,073";"3";"0";"23";0;;"5";"0";"0";"0";;professionnel;FONCIA CHADEFAUX LECOQ 59202763500032;6831Z;AUBERVILLIERS;Mandat en cours;2024-12-31 00:00:00.0;JARDINS DE JORELLE;all joachim du bellay, 93140 Bondy;all corneille, 93140 Bondy;ALLEE CHARLES MAGNE 93140 BONDY;non connu;2;2006-01-24 00:00:00.0;non;non;oui;non connu;0;0;0;61;61;61;0;0;0;0;DE_1975_A_1993;93010;000;AN;0132;;;;;;;;;1;non;non connu;non;2022-01-01 00:00:00.0;2022-12-31 00:00:00.0;11/07/2023;65168.0;21586.0;499.0;16456.0;16;10667.0;non;non renseigné;0;0;0;0;0;0;0;1;individuel;non renseigné;non renseigné;Non renseigné;Non renseigné;non connu;non connu;0;non connu;"59";DE_1994_A_2000;H;"0,14";{93010000AN0132};{93010000AN0132A,93010000AN0132AB,93010000AN0132AC,93010000AN0132AD,93010000AN0132AE,93010000AN0132AF,93010000AN0132AG,93010000AN0132AH,93010000AN0132AI,93010000AN0132AJ,93010000AN0132AK,93010000AN0132AL,93010000AN0132AM,93010000AN0132AN,93010000AN0132AO;2_RNIC_FF;1NBBZHE4DYXE,5B7PGNE2GSF6,BNGW1BPPSSKP,DCCDPBZ9SKW9,HS9WQCCR322M,YJ6PRW1AT5WM,9NDP8GTJE81W,HB2RHTJWJXW2,1WDZZPRPR8SS,1ZHSBMRGAXAF,F6Y4KAYN2C5M,RXWWYVAH1X28;"12";"3 874";662779.6465577211;6866362.448185608;"662 778,543";"6 866 359,927";"662 779,647";"6 866 362,448";"0";0;0;0;"0";"0";0;0;0;0;0;1;"0";"0";0;"0";"0";"0";"33";"1";"0";"0";"6";"0";0.2909090909090909;1;0;0.18968577817737510662;0;0;0.00575189616617101229;0;;1068.3278688524590164;0;0;"0";"0,39";"0";;"0";"0";"0";"0";"-1";"0";"-1";"0";"0";"0";-1;"0";0;"0";"0";"0";"0";"0";"0,952";1;0;0;"0";"0,6";finan;"25";"9";"5";"4";"5";"2";autres;"14 379,179";"482,101";Gaz;C;;;;;;;;gaz;C;;;
"9 483";93010000AN0138;93010*00002;"[""93010*00002""]";93010;BONDY;93;SIMPLE;"1";"[""93010000AN0138""]";"247";CL;"1 920";"1 920";"1 920";"1 920";"1";"247";13;SOL;"247";"0";"0";"0";"0";"0";"0";"0";"0";"0";"0";"0";"0";"0";"247";"6";"0";"0";"0";"0";"0";"3";"0";MIXTE;"1";"3";"0";"3";"3";"126";"0";"0";"0";"2";"1";"0";"0";"0";"0";"0";"0";"35";"0";"0";"0";"0";"0";"161";"1";"3";G2;PROPRIETE DIVISEE EN LOT;G2a;G2;99;1;MEME COMMUNE;;"1";"1";"1";"[""2FZDF2HQ6NRX""]";"1";"102";FF_93010000AN0138;;;;;;;93010000AN0138;Copropriété non immatriculée;;"0";;"93 010";"93";"200 054 781";Métropole du Grand Paris;"1 920";"1";"6";"3";"161";"126";"0";"3";"3";"2";"0";"1";"0";"0";"0";"0";"0";"0";"0";"2";"1";"0";"0";"0";"0";"2";"2";"1,5";"0";"0";"0";;;"0";"0";"0";"0";;;;;;;;;5 ALL BOILEAU, BONDY;;;;;;;;;;;;;;;;;;;;;;;;;;;;;;;;;;;;;;;;;;;;;;;;;;;;;;;;;;;;;;;;;"3";AVANT_1949;V;"0,667";{93010000AN0138};{93010000AN0138A};2_FF;2FZDF2HQ6NRX;"1";"102";;;"662 796,088";"6 866 480,797";"662 796,088";"6 866 480,797";"1";;;;"0";"0";;;;;;1;"0";"0";0;"0";"50";"1";"100";"0";"0";"0";"0";"0";;;;;;;;;;;;0;"0";"0";"0";;"0";"0";"0";"0";"-1";"-1";"-1";"-1";"0";"0";-1;"-1";;"-1";"0";"0";"0";"0";"4,545";;0;0;"0";"2";gestion;"13";"5";"0";"3";"5";"0";autres;"248,31";"64,465";Electricité;G;;;;;;;; ;;;;
"9 503";93010000AN0165;93010*00508;"[""93010*00508""]";93010;BONDY;93;SIMPLE;"1";"[""93010000AN0165""]";"450";CL;"1 990";"1 991";"1 990";"1 991";"1";"450";13;SOL;"450";"0";"0";"0";"0";"0";"0";"0";"0";"0";"0";"0";"0";"0";"450";"2";"0";"0";"0";"0";"0";"0";"0";MAISON;"2";"2";"2";"0";"2";"201";"41";"0";"0";"1";"1";"0";"0";"0";"0";"0";"0";"0";"0";"0";"0";"0";"0";"242";"1";"3";G2;PROPRIETE DIVISEE EN LOT;G2a;G2;99;1;MEME COMMUNE;;"1";"1";"1";"[""F78Z3NYNWF45"",""M8SR75T2F6CC""]";"2";"182";FF_93010000AN0165;;;;;;;93010000AN0165;Copropriété non immatriculée;;"0";;"93 010";"93";"200 054 781";Métropole du Grand Paris;"1 990";"2";"2";"2";"242";"242";"2";"0";"2";"1";"0";"1";"0";"0";"0";"0";"0";"0";"0";"0";"0";"0";"2";"0";"0";"2";"2";"1";"0";"0";"1";;;"0";"0";"0";"0";;;;;;;;;16 ALL CORNEILLE, BONDY;;;;;;;;;;;;;;;;;;;;;;;;;;;;;;;;;;;;;;;;;;;;;;;;;;;;;;;;;;;;;;;;;"2";DE_1975_A_1993;H;"0,5";{93010000AN0165};{93010000AN0165A,93010000AN0165B};2_FF;F78Z3NYNWF45,M8SR75T2F6CC;"2";"182";;;"662 854,707";"6 866 397,564";"662 854,707";"6 866 397,564";"1";;;;"0";"0";;;;;;1;"0";"0";0;"0";"0";"0";"0";"1";"0";"0";"0";"0";;;;;;;;;;;;0;"0";"0,5";"1";;"0";"0";"0";"0";"-1";"-1";"-1";"-1";"0";"0";-1;"-1";;"-1";"0";"0";"0";"0";"4,545";;1.4285714285714286;3.75;"0";"3,462";gestion;"14";"5";"0";"4";"5";"0";a surveiller;"448,208";"84,84";Gaz;C;;;;;;;;gaz;;;;
"9 531";93010000AN0222;93010*00207;"[""93010*00207""]";93010;BONDY;93;SIMPLE;"1";"[""93010000AN0222""]";"939";CL;"1 966";"1 966";"1 966";"1 966";"1";"939";13;SOL;"939";"0";"0";"0";"0";"0";"0";"0";"0";"0";"0";"0";"0";"0";"939";"7";"0";"0";"0";"0";"0";"5";"0";DEPENDANCE;"1";"2";"0";"2";"2";"153";"7";"0";"0";"0";"2";"0";"0";"0";"0";"0";"0";"58";"0";"0";"0";"0";"0";"218";"1";"3";G2;PROPRIETE DIVISEE EN LOT;G2a;G2;99;1;MEME COMMUNE;;"1";"1";"1";"[""QSE2Z6M1A4G7"",""WGEEEK9X1S35"",""YYFV4M6BKQAF""]";"3";"106";FF_93010000AN0222;;;;;;;93010000AN0222;Copropriété non immatriculée;;"0";;"93 010";"93";"200 054 781";Métropole du Grand Paris;"1 966";"1";"6";"2";"206";"160";"0";"2";"2";"0";"0";"2";"0";"0";"0";"0";"0";"0";"0";"0";"0";"1";"1";"0";"0";"2";"2";"1";"0";"0";"0";;;"0";"0";"2";"2";;;;;;;;;32 ALL CORNEILLE, BONDY;;;;;;;;;;;;;;;;;;;;;;;;;;;;;;;;;;;;;;;;;;;;;;;;;;;;;;;;;;;;;;;;;"2";DE_1961_A_1974;V;"0";{93010000AN0222};{93010000AN0222A};2_FF;QSE2Z6M1A4G7,WGEEEK9X1S35,YYFV4M6BKQAF;"3";"106";;;"662 761,938";"6 866 305,2";"662 761,938";"6 866 305,2";"1";;;;"0";"0";;;;;;1;"0";"0";0;"0";"0";"0";"0";"0";"0";"0";"0";"0";;;;;;;;;;;;0;"0";"0";"0";;"0";"0";"0";"0";"-1";"-1";"-1";"-1";"0";"0";-1;"-1";;"-1";"0";"1";"0";"0";"3,333";;0;0;"10";"2";bati;"13";"4";"0";"3";"5";"1";autres;"946,164";"259,451";Electricité;D;;;;;;;;electricite;;;;
"9 534";93010000AN0245;93010*00867;"[""93010*00867""]";93010;BONDY;93;PDLMP;"2";"[""93010000AN0245"",""93010000AN0250""]";"3 008";CL;"2 023";"2 023";"2 023";"2 023";"2";"3 008";10;TERRAINS A BATIR;"3 008";"0";"0";"0";"0";"0";"0";"0";"0";"0";"0";"3 005";"0";"0";"3";"155";"0";"0";"0";"0";"0";"76";"0";APPARTEMENT;"5";"79";"0";"79";"79";"5 015";"723";"0";"0";"0";"0";"0";"0";"0";"0";"0";"13";"912";"0";"0";"0";"0";"0";"6 650";"2";"20";G2;PROPRIETE DIVISEE EN LOT;G2a G2d;G2;G2;1;MEME COMMUNE;;"2";"2";"2";"[""APEQHPJ7R1R9"",""J3C5G1ENT9GN"",""VR1A4BPYYVX7"",""Z1YQDDCAEE9P""]";"4";"293";FF_93010000AN0245;;;;;;;93010000AN0245;Copropriété non immatriculée;;"0";;"93 010";"93";"200 054 781";Métropole du Grand Paris;"2 023";"5";"155";"79";"6 650";"5 738";"0";"79";"0";"0";"0";"0";"0";"0";"0";"79";"0";"0";"0";"1";"20";"37";"21";"0";"0";"19";"19";"4,158";"0";"0";"0";;;"0";"0";"0";"0";;;;;;;;;169/183 Rue Edouard Vaillant, BONDY;;;;;;;;;;;;;;;;;;;;;;;;;;;;;;;;;;;;;;;;;;;;;;;;;;;;;;;;;;;;;;;;;"79";A_COMPTER_DE_2011;V;"0";{93010000AN0245,93010000AN0250};{93010000AN0245A,93010000AN0245B,93010000AN0245C,93010000AN0245D,93010000AN0245P};0;APEQHPJ7R1R9,J3C5G1ENT9GN,VR1A4BPYYVX7,Z1YQDDCAEE9P;"4";"293";;;"662 737,081";"6 866 208,174";"662 737,081";"6 866 208,174";"1";;;;"0";"0";;;;;;1;"0";"0";0;"0";"0";"0";"0";"0";"0";"0";"33";"1";;;;;;;;;;;;0;"0";"0";"0";;"0";"0";"1";"0";"0";"0";"0";"0";"0";"0";;"0";;"0";"0";"0";"0";"0";"5";;1.6666666666666667;;"0";"3,333";gestion;"6";"3";"0";"3";"0";"0";a surveiller;"3 009,917";"274,238";;;;;;;;;;;;;;
"9 559";93010000AO0023;93010*00263;"[""93010*00263""]";93010;BONDY;93;SIMPLE;"1";"[""93010000AO0023""]";"211";CL;"1 960";"1 960";"1 960";"1 960";"1";"211";13;SOL;"211";"0";"0";"0";"0";"0";"0";"0";"0";"0";"0";"0";"0";"0";"211";"28";"0";"0";"0";"0";"0";"14";"0";MIXTE;"2";"14";"0";"14";"14";"438";"0";"2";"0";"9";"3";"0";"0";"0";"0";"0";"0";"144";"0";"0";"0";"0";"0";"582";"1";"13";G2;PROPRIETE DIVISEE EN LOT;G2a;G2;99;3;MEME REGION;;"1";"1";"1";"[""QWTWFHATFT1A""]";"1";"157";RNC_AD8101438;AD8101438;2018-11-21 00:00:00.0;2023-11-03 00:00:00.0;UNITIA 82293322200025;non;non;93010000AO0023;Copropriété immatriculée;1_1;"1";OUI;"93 010";"93";"200 054 781";Métropole du Grand Paris;"1 960";"2";"28";"14";"582";"438";"0";"14";"12";"9";"0";"3";"0";"0";"0";"0";"2";"0";"0";"1";"12";"1";"0";"0";"2";"12";"12";"1,167";"2";"0";"3";3;-41.33;"0";"0";"3";"1";;professionnel;UNITIA 82293322200025;6832A;MONTREUIL;Mandat en cours;2026-10-17 00:00:00.0;SDC 18 RUE DU LEVANT;18 r du levant 93140 Bondy;non connu;non connu;non connu;0;1973-08-29 00:00:00.0;non;non;oui;non connu;0;0;0;31;15;15;1;0;0;0;DE_1961_A_1974;93010;000;AO;0023;;;;;;;;;1;non;non connu;non;2022-01-01 00:00:00.0;2022-12-31 00:00:00.0;18/10/2023;13424.0;0.0;341.0;131.0;1;2676.0;non;1973;0;0;0;0;0;0;0;1;individuel;non renseigné;non renseigné;Non renseigné;Non renseigné;non connu;non connu;0;ADRNIVX_0000000268269703;"14";DE_1949_A_1960;V;"0,75";{93010000AO0023};{93010000AO0023B,93010000AO0023C};2_RNIC_FF;QWTWFHATFT1A;"1";"157";662868.1776368982;6866219.208501156;"662 866,949";"6 866 213,189";"662 868,178";"6 866 219,209";"0";0;0;0;"0";"0";0;0;0;0;0;1;"0";"0";0;"0";"0";"0";"71";"0";"0,143";"0";"0";"0";0.08333333333333333;0;0;0.00975864123957091776;0;0;0.02540226460071513707;0;;894.9333333333333333;0;0;"0";"0,214";"0";1;"0";"0";"0";"0";"-1";"0";"-1";"1";"0";"0";-1;"0";0;"0";"0";"0";"0";"0";"0";0;2.2222222222222223;2.5;"0";"0,769";occup;"26";"9";"5";"5";"5";"2";autres;"209,655";"58,516";Mixte (gaz + élec);E;;;;;;;;mixte;E;;;
"9 600";93010000AO0071;93010*00324;"[""93010*00324""]";93010;BONDY;93;SIMPLE;"1";"[""93010000AO0071""]";"120";CL;"1 928";"2 018";"1 928";"2 018";"1";"120";13;SOL;"120";"0";"0";"0";"0";"0";"0";"0";"0";"0";"0";"0";"0";"0";"120";"2";"0";"0";"0";"0";"0";"0";"0";MAISON;"2";"2";"2";"0";"2";"119";"0";"0";"0";"1";"1";"0";"0";"0";"0";"0";"0";"0";"0";"0";"0";"0";"0";"119";"1";"3";G2;PROPRIETE DIVISEE EN LOT;G2a;G2;99;1;MEME COMMUNE;;"1";"1";"1";"[""46MEPBW3H98J""]";"1";"67";FF_93010000AO0071;;;;;;;93010000AO0071;Copropriété non immatriculée;;"0";;"93 010";"93";"200 054 781";Métropole du Grand Paris;"1 928";"2";"2";"2";"119";"119";"2";"0";"2";"1";"0";"1";"0";"0";"0";"0";"0";"0";"0";"0";"1";"0";"0";"1";"0";"2";"2";"1";"0";"0";"1";;;"0";"0";"0";"0";;;;;;;;;31 RUE DE PLAISANCE, BONDY;;;;;;;;;;;;;;;;;;;;;;;;;;;;;;;;;;;;;;;;;;;;;;;;;;;;;;;;;;;;;;;;;"2";AVANT_1949;H;"0,5";{93010000AO0071};{93010000AO0071A,93010000AO0071B};2_FF;46MEPBW3H98J;"1";"67";;;"663 038,72";"6 866 225,796";"663 038,72";"6 866 225,796";"1";;;;"0";"0";;;;;;1;"0";"0";0;"0";"0";"0";"100";"0";"0";"0";"0";"0";;;;;;;;;;;;0;"0";"0,5";"1";;"0";"0";"0";"0";"-1";"-1";"-1";"-1";"0";"0";-1;"-1";;"-1";"0";"0";"0";"0";"2,727";;1.4285714285714286;0;"0";"1,538";gestion;"14";"5";"0";"4";"5";"0";autres;"119,071";"42,908";Gaz;E;;;;;;;;gaz;;;;
"9 618";93010000AO0093;93010*00429;"[""93010*00429""]";93010;BONDY;93;SIMPLE;"1";"[""93010000AO0093""]";"411";CL;"1 960";"1 960";"1 960";"1 960";"1";"411";13;SOL;"411";"0";"0";"0";"0";"0";"0";"0";"0";"0";"0";"0";"0";"0";"411";"3";"0";"0";"0";"0";"0";"1";"0";MAISON;"1";"2";"2";"0";"2";"166";"74";"0";"0";"0";"2";"0";"0";"0";"0";"0";"0";"26";"0";"0";"0";"0";"0";"266";"1";"3";G2;PROPRIETE DIVISEE EN LOT;G2a;G2;99;1;MEME COMMUNE;;"1";"1";"1";"[""2E79ZZFD8RQ1"",""MQHQQVDDAKYM""]";"2";"146";FF_93010000AO0093;;;;;;;93010000AO0093;Copropriété non immatriculée;;"0";;"93 010";"93";"200 054 781";Métropole du Grand Paris;"1 960";"1";"3";"2";"266";"240";"2";"0";"2";"0";"0";"2";"0";"0";"0";"0";"0";"0";"0";"0";"0";"2";"0";"0";"0";"2";"2";"1";"0";"0";"1";;;"0";"0";"0";"0";;;;;;;;;1 RUE DU PROGRES, BONDY;;;;;;;;;;;;;;;;;;;;;;;;;;;;;;;;;;;;;;;;;;;;;;;;;;;;;;;;;;;;;;;;;"2";DE_1949_A_1960;H;"0";{93010000AO0093};{93010000AO0093A};2_FF;2E79ZZFD8RQ1,MQHQQVDDAKYM;"2";"146";;;"663 030,022";"6 866 394,767";"663 030,022";"6 866 394,767";"1";;;;"0";"0";;;;;;1;"0";"0";0;"0";"0";"0";"0";"0";"0";"0";"0";"0";;;;;;;;;;;;0;"0";"0,5";"1";;"0";"0";"0";"0";"-1";"-1";"-1";"-1";"0";"0";-1;"-1";;"-1";"0";"0";"0";"0";"3,333";;1.4285714285714286;0;"0";"1,667";gestion;"13";"4";"0";"4";"5";"0";autres;"409,61";"91,623";Gaz;D;;;;;;;; ;;;;
"9 626";93010000AO0103;93010*00233;"[""93010*00233""]";93010;BONDY;93;SIMPLE;"1";"[""93010000AO0103""]";"433";CL;"1 900";"1 972";"1 900";"1 972";"1";"112";13;SOL;"112";"0";"0";"0";"0";"0";"0";"0";"0";"0";"0";"0";"0";"0";"112";"3";"0";"0";"0";"0";"0";"1";"0";MAISON;"2";"2";"2";"0";"2";"150";"101";"0";"0";"0";"2";"0";"0";"0";"0";"0";"0";"27";"0";"0";"0";"0";"0";"278";"1";"3";G2;PROPRIETE DIVISEE EN LOT;G2a;G2;99;1;MEME COMMUNE;;"1";"1";"1";"[""FSGV5XXWHR71"",""H2Z6VVHVNJQW"",""WF769QFVY8Y7""]";"3";"121";FF_93010000AO0103;;;;;;;93010000AO0103;Copropriété non immatriculée;;"0";;"93 010";"93";"200 054 781";Métropole du Grand Paris;"1 900";"2";"3";"2";"278";"251";"2";"0";"2";"0";"0";"2";"0";"0";"0";"0";"0";"0";"0";"0";"0";"0";"1";"1";"0";"2";"2";"1";"1";"0";"0";;;"0";"0";"0";"0";;;;;;;;;23 RUE DU PROGRES, BONDY;;;;;;;;;;;;;;;;;;;;;;;;;;;;;;;;;;;;;;;;;;;;;;;;;;;;;;;;;;;;;;;;;"2";AVANT_1949;H;"0";{93010000AO0103};{93010000AO0103A,93010000AO0103B};2_FF;FSGV5XXWHR71,H2Z6VVHVNJQW,WF769QFVY8Y7;"3";"121";;;"663 003,199";"6 866 279,797";"663 003,199";"6 866 279,797";"1";;;;"0";"0";;;;;;1;"0";"0";0;"0";"50";"1";"0";"0";"0";"0";"0";"0";;;;;;;;;;;;0;"0";"0";"0";;"0";"0";"0";"0";"-1";"-1";"-1";"-1";"50";"1";-1;"-1";;"-1";"0";"0";"0";"0";"5,556";;0;1.25;"0";"2,609";gestion;"12";"4";"0";"3";"5";"0";a surveiller;"433,617";"109,992";Gaz;G;;;;;;;; ;;;;
"9 635";93010000AO0115;93010*00685;"[""93010*00685""]";93010;BONDY;93;SIMPLE;"1";"[""93010000AO0115""]";"421";CL;"1 915";"1 915";"1 915";"1 915";"1";"421";13;SOL;"421";"0";"0";"0";"0";"0";"0";"0";"0";"0";"0";"0";"0";"0";"421";"4";"0";"0";"0";"0";"0";"2";"0";MIXTE;"2";"2";"2";"0";"2";"89";"34";"0";"0";"0";"2";"0";"0";"0";"0";"0";"0";"31";"0";"0";"0";"0";"0";"154";"1";"3";G2;PROPRIETE DIVISEE EN LOT;G2a;G2;99;1;MEME COMMUNE;;"1";"1";"1";"[""SWJSDPE3BT9B"",""5Q5CJ9WVR8TF"",""6W43FPVFYZT7""]";"3";"136";RNC_AI3588126;AI3588126;2023-10-18 00:00:00.0;2023-10-18 00:00:00.0;non connu;non connu;non connu;93010000AO0115;Copropriété immatriculée;1_1;"1";OUI;"93 010";"93";"200 054 781";Métropole du Grand Paris;"1 915";"2";"4";"2";"154";"123";"2";"0";"2";"0";"0";"2";"0";"0";"0";"0";"0";"0";"0";"0";"0";"2";"0";"0";"0";"2";"2";"1";"0";"0";"1";0;;"0";"0";"0";"0";;non connu;non connu;non connu;non connu;Pas de mandat en cours;non connu;SDC 20 rue du Progrès;20 r du progres 93140 Bondy;non connu;non connu;non connu;0;2002-04-04 00:00:00.0;non;non connu;oui;non connu;0;0;0;2;2;2;0;0;0;0;AVANT_1949;93010;000;AO;0115;;;;;;;;;1;non;non connu;non renseigné;non connu;non connu;non connu;;;;;;;non renseigné;non renseigné;0;0;0;0;0;1;0;0;individuel;non renseigné;non renseigné;Non;Sans objet;non connu;non connu;0;ADRNIVX_0000000268268665;"2";AVANT_1949;H;"0";{93010000AO0115};{93010000AO0115A,93010000AO0115B};0;SWJSDPE3BT9B,5Q5CJ9WVR8TF,6W43FPVFYZT7;"3";"136";662982.3848170044;6866306.659672366;"662 963,786";"6 866 314,463";"662 982,385";"6 866 306,66";"0";0;1;;"0";"0";0;0;0;0;;1;"0";"0";0;"0";"0";"0";"0";"0";"0";"0";"0";"0";;;;;;;;;;;;0;"0";"0,5";"1";;"0";"0";"0";"0";"-1";"-1";"-1";"-1";"0";"0";-1;"-1";0;"-1";"0";"0";"0";"0";"1,765";;1.4285714285714286;0;"0";"1,176";gestion;"17";"7";"0";"4";"5";"1";autres;"413,441";"108,204";Gaz;E;;;;;;;; ;;;;
"9 646";93010000AO0128;93010*00547;"[""93010*00547""]";93010;BONDY;93;SIMPLE;"1";"[""93010000AO0128""]";"354";CL;"1 910";"1 971";"1 910";"1 971";"1";"354";13;SOL;"354";"0";"0";"0";"0";"0";"0";"0";"0";"0";"0";"0";"0";"0";"354";"4";"0";"0";"0";"0";"0";"2";"0";MIXTE;"2";"2";"2";"0";"2";"163";"38";"0";"0";"0";"2";"0";"0";"0";"0";"0";"0";"35";"0";"0";"0";"0";"0";"236";"1";"3";G2;PROPRIETE DIVISEE EN LOT;G2a;G2;99;1;MEME COMMUNE;;"1";"1";"1";"[""496K5QP5YX8Y"",""8J8DZY6HEEF7""]";"2";"203";FF_93010000AO0128;;;;;;;93010000AO0128;Copropriété non immatriculée;;"0";;"93 010";"93";"200 054 781";Métropole du Grand Paris;"1 910";"2";"4";"2";"236";"201";"2";"0";"2";"0";"0";"2";"0";"0";"0";"0";"0";"0";"0";"0";"1";"1";"0";"0";"0";"2";"2";"1";"0";"0";"0";;;"0";"0";"0";"0";;;;;;;;;190 RUE LOUIS AUGUSTE BLANQUI, BONDY;;;;;;;;;;;;;;;;;;;;;;;;;;;;;;;;;;;;;;;;;;;;;;;;;;;;;;;;;;;;;;;;;"2";AVANT_1949;H;"0";{93010000AO0128};{93010000AO0128A,93010000AO0128B};2_FF;496K5QP5YX8Y,8J8DZY6HEEF7;"2";"203";;;"662 979,942";"6 866 430,087";"662 979,942";"6 866 430,087";"1";;;;"0";"0";;;;;;1;"0";"0";0;"0";"0";"0";"0";"0";"0";"0";"0";"0";;;;;;;;;;;;0;"0";"0";"0";;"0";"0";"0";"0";"-1";"-1";"-1";"-1";"0";"0";-1;"-1";;"-1";"0";"0";"0";"0";"3,333";;0;0;"0";"1,304";gestion;"12";"4";"0";"3";"5";"0";autres;"350,901";"80,974";Gaz;F;;;;;;;;gaz;;;;
"9 689";93010000AO0172;93010*00009;"[""93010*00009""]";93010;BONDY;93;SIMPLE;"1";"[""93010000AO0172""]";"205";CL;"1 967";"1 967";"1 967";"1 967";"2";"205";13;SOL;"205";"0";"0";"0";"0";"0";"0";"0";"0";"0";"0";"0";"0";"0";"205";"8";"0";"0";"0";"0";"0";"4";"0";MIXTE;"1";"4";"0";"4";"4";"160";"0";"1";"0";"2";"1";"0";"0";"0";"0";"0";"0";"174";"0";"0";"0";"0";"0";"334";"1";"5";G2;PROPRIETE DIVISEE EN LOT;G2a;G2;99;1;MEME COMMUNE;;"1";"1";"1";"[""4D44SDHQEY9Y"",""FKXAN6Y677KP""]";"2";"169";RNC_AE6676753;AE6676753;2019-02-15 00:00:00.0;2020-07-02 00:00:00.0;M Césaréo Aloia;non connu;non connu;93010000AO0172;Copropriété immatriculée;1_1;"1";OUI;"93 010";"93";"200 054 781";Métropole du Grand Paris;"1 967";"1";"7";"4";"234";"160";"0";"4";"3";"2";"0";"1";"0";"0";"0";"0";"1";"0";"0";"2";"0";"2";"0";"0";"1";"4";"4";"1";"1";"0";"3";2;-2.00;"0";"0";"2";"2";;non connu;non connu;non connu;non connu;Pas de mandat en cours;2020-12-31 00:00:00.0;10 ALLEE RACINE;10 all racine 93140 Bondy;non connu;non connu;non connu;0;1990-01-01 00:00:00.0;non;non;oui;non connu;0;0;0;8;4;4;1;0;0;0;DE_1949_A_1960;93010;000;AO;0172;;;;;;;;;1;non;non connu;non;2019-01-01 00:00:00.0;2019-12-31 00:00:00.0;11/02/2020;100.0;100.0;0.0;0.0;0;500.0;non;1960;0;0;0;0;0;0;0;1;collectif;non;fioul_domestique;Non renseigné;Non renseigné;non connu;non connu;0;ADRNIVX_0000000268267750;"4";DE_1961_A_1974;V;"0,667";{93010000AO0172};{93010000AO0172A};2_RNIC_FF;4D44SDHQEY9Y,FKXAN6Y677KP;"2";"169";662920.0768148799;6866366.106284868;"662 909,035";"6 866 372,07";"662 920,077";"6 866 366,106";"0";1;1;;"0";"0";0;0;0;0;;1;"0";"0";0;"0";"0";"0";"100";"0";"0,25";"0";"0";"0";0;0;0;0.00000000000000000000;0;0;0.00000000000000000000;0;25.0000000000000000;;0;0;"0";"0,75";"1";0;"0";"0";"0";"0";"-1";"-1";"-1";"-1";"0";"0";-1;"-1";0;"-1";"0";"1";"0";"0";"3,158";0;1.1111111111111112;0;"5";"1,8";bati;"25";"8";"5";"5";"5";"2";autres;"207,603";"63,94";Gaz;F;;;;;;;;gaz;F;;;
"9 704";93010000AO0191;93010*00672;"[""93010*00672""]";93010;BONDY;93;SIMPLE;"1";"[""93010000AO0191""]";"261";CL;"1 920";"1 945";"1 920";"1 945";"1";"261";13;SOL;"261";"0";"0";"0";"0";"0";"0";"0";"0";"0";"0";"0";"0";"0";"261";"3";"0";"0";"0";"0";"0";"1";"0";MAISON;"2";"2";"2";"0";"2";"126";"22";"0";"0";"2";"0";"0";"0";"0";"0";"0";"0";"12";"0";"0";"0";"0";"0";"160";"1";"3";G2;PROPRIETE DIVISEE EN LOT;G2a;G2;99;1;MEME COMMUNE;;"1";"1";"1";"[""2459XQ83MQAB"",""4J919QSDNGRW""]";"2";"95";FF_93010000AO0191;;;;;;;93010000AO0191;Copropriété non immatriculée;;"0";;"93 010";"93";"200 054 781";Métropole du Grand Paris;"1 920";"2";"3";"2";"160";"148";"2";"0";"2";"2";"0";"0";"0";"0";"0";"0";"0";"0";"0";"0";"0";"1";"0";"1";"0";"2";"2";"1";"0";"0";"1";;;"0";"0";"0";"0";;;;;;;;;19 ALL CORNEILLE, BONDY;;;;;;;;;;;;;;;;;;;;;;;;;;;;;;;;;;;;;;;;;;;;;;;;;;;;;;;;;;;;;;;;;"2";AVANT_1949;H;"1";{93010000AO0191};{93010000AO0191A,93010000AO0191B};2_FF;2459XQ83MQAB,4J919QSDNGRW;"2";"95";;;"662 872,615";"6 866 352,297";"662 872,615";"6 866 352,297";"1";;;;"0";"0";;;;;;1;"0";"1";0;"0";"0";"0";"50";"0";"0";"0";"0";"0";;;;;;;;;;;;0;"0";"0,5";"1";;"0";"0";"0";"0";"-1";"-1";"-1";"-1";"0";"0";-1;"-1";;"-1";"0";"0";"0";"0";"5,455";;1.4285714285714286;0;"0";"2,917";gestion;"12";"5";"0";"4";"3";"0";a surveiller;"260,399";"72,766";Gaz;F;;;;;;;; ;;;;
"9 731";93010000AO0224;93010*00817;"[""93010*00817""]";93010;BONDY;93;SIMPLE;"1";"[""93010000AO0224""]";"454";CL;"2 018";"2 018";"2 018";"2 018";"1";"454";13;SOL;"454";"0";"0";"0";"0";"0";"0";"0";"0";"0";"0";"0";"0";"0";"454";"21";"0";"0";"0";"0";"0";"4";"0";APPARTEMENT;"2";"17";"0";"17";"17";"704";"41";"1";"0";"8";"8";"0";"0";"0";"0";"0";"0";"48";"0";"0";"0";"0";"0";"793";"1";"18";G2;PROPRIETE DIVISEE EN LOT;G2a;G2;99;1;MEME COMMUNE;;"1";"1";"1";"[""EC4428G2XF6Z""]";"1";"236";RNC_AE9235326;AE9235326;2019-03-19 00:00:00.0;2022-09-21 00:00:00.0;FDM IMMO 80226357400013;non;non;93010000AO0224;Copropriété immatriculée;1_1;"1";OUI;"93 010";"93";"200 054 781";Métropole du Grand Paris;"2 018";"2";"21";"17";"793";"745";"0";"17";"16";"8";"0";"8";"0";"0";"0";"0";"1";"0";"0";"2";"6";"9";"0";"0";"0";"17";"17";"1";"1";"0";"17";17;-8.88;"0";"0";"0";"0";;professionnel;FDM IMMO 80226357400013;6831Z;LIVRY-GARGAN;Mandat en cours;2025-01-24 00:00:00.0;183 rue Louis Auguste Blanqui;183 r louis auguste blanqui 93140 Bondy;non connu;non connu;non connu;0;2018-10-02 00:00:00.0;non;non;oui;non connu;0;0;0;21;17;17;4;0;0;0;A_COMPTER_DE_2011;93010;000;AO;0224;;;;;;;;;1;non;non connu;non;2021-01-01 00:00:00.0;2021-12-31 00:00:00.0;20/06/2022;17775.0;0.0;0.0;493.0;1;0.0;non;2018;0;0;0;0;0;0;0;1;individuel;non renseigné;non renseigné;Non renseigné;Non renseigné;non connu;non connu;1;ADRNIVX_0000000268266197;"17";A_COMPTER_DE_2011;V;"0,5";{93010000AO0224};{93010000AO0224A,93010000AO0224AO};2_RNIC_FF;EC4428G2XF6Z;"1";"236";663011.9077966283;6866451.922264017;"663 021,463";"6 866 443,595";"663 011,908";"6 866 451,922";"0";0;1;0;"0";"0";0;0;0;0;0;1;"0";"0";0;"0";"0";"0";"25";"1";"0";"0";"41";"1";0.058823529411764705;0;0;0.02773558368495077356;0;0;0.000000000000000000000000;0;;927.9411764705882353;0;0;"0";"1";"1";0;"0";"0";"0";"0";"0";"0";"0";"0";"0";"0";;"0";0;"0";"0";"0";"0";"0";"2,381";0;1.1111111111111112;0;"0";"1,2";gestion;"25";"9";"5";"5";"5";"1";autres;"459,807";"95,473";Autre;C;;;;;;;; ;;;;
"9 748";93010000AO0257;93010*00389;"[""93010*00389""]";93010;BONDY;93;SIMPLE;"1";"[""93010000AO0257""]";"418";CL;"1 936";"1 949";"1 936";"1 949";"1";"418";13;SOL;"418";"0";"0";"0";"0";"0";"0";"0";"0";"0";"0";"0";"0";"0";"418";"2";"0";"0";"0";"0";"0";"0";"0";MAISON;"2";"2";"2";"0";"2";"95";"0";"0";"0";"0";"2";"0";"0";"0";"0";"1";"0";"0";"0";"0";"0";"0";"0";"95";"1";"2";G2;PROPRIETE DIVISEE EN LOT;G2a;G2;99;1;MEME COMMUNE;;"1";"1";"1";"[""ANXBXPV1H99V"",""G1EMXSQQED6J""]";"2";"149";FF_93010000AO0257;;;;;;;93010000AO0257;Copropriété non immatriculée;;"0";;"93 010";"93";"200 054 781";Métropole du Grand Paris;"1 936";"2";"2";"2";"95";"95";"2";"0";"2";"0";"0";"2";"0";"0";"0";"0";"0";"0";"0";"0";"1";"0";"1";"0";"0";"1";"1";"2";"0";"0";"0";;;"0";"0";"0";"0";;;;;;;;;6 ALL MOLIERE, BONDY;;;;;;;;;;;;;;;;;;;;;;;;;;;;;;;;;;;;;;;;;;;;;;;;;;;;;;;;;;;;;;;;;"2";AVANT_1949;H;"0";{93010000AO0257};{93010000AO0257A,93010000AO0257B};2_FF;ANXBXPV1H99V,G1EMXSQQED6J;"2";"149";;;"663 029,003";"6 866 476,51";"663 029,003";"6 866 476,51";"1";;;;"0";"0";;;;;;1;"0";"0";0;"0";"0";"0";"0";"0";"0";"0";"0";"0";;;;;;;;;;;;0;"0";"0";"0";;"0";"0";"0";"0";"-1";"-1";"-1";"-1";"0";"0";-1;"-1";;"-1";"0";"0";"1";"1";"3,333";;0;0;"0";"1,304";gestion;"12";"4";"0";"3";"5";"0";autres;"415,743";"98,782";Fioul;G;;;;;;;; ;;;;
"9 750";93010000AO0259;93010*00502;"[""93010*00502""]";93010;BONDY;93;SIMPLE;"1";"[""93010000AO0259""]";"476";CL;"1 945";"1 990";"1 945";"1 945";"1";"476";13;SOL;"476";"0";"0";"0";"0";"0";"0";"0";"0";"0";"0";"0";"0";"0";"476";"13";"0";"0";"0";"0";"0";"7";"0";DEPENDANCE;"2";"6";"0";"6";"6";"196";"0";"0";"0";"4";"2";"0";"0";"0";"0";"0";"0";"96";"0";"0";"0";"0";"0";"292";"1";"9";G2;PROPRIETE DIVISEE EN LOT;G2a;G2;99;1;MEME COMMUNE;;"1";"1";"1";"[""KX3NGMN3S44Q""]";"1";"147";RNC_AH5362686;AH5362686;2022-05-16 00:00:00.0;2024-09-03 00:00:00.0;M David LEMESLE;non connu;non connu;93010000AO0259;Copropriété immatriculée;1_1;"1";OUI;"93 010";"93";"200 054 781";Métropole du Grand Paris;"1 945";"2";"13";"6";"292";"196";"0";"6";"6";"4";"0";"2";"0";"0";"0";"0";"0";"0";"0";"2";"3";"1";"0";"0";"1";"8";"6";"1";"0";"0";"1";1;-39.00;"0";"0";"1";"0";;non connu;non connu;non connu;non connu;Pas de mandat en cours;2024-07-08 00:00:00.0;SYNDIC IDEAL;22B av de l'ideal 93140 Bondy;non connu;non connu;non connu;0;1989-06-28 00:00:00.0;non;oui;oui;non connu;0;0;0;12;6;6;6;0;0;0;DE_1949_A_1960;93010;000;AO;0259;;;;;;;;;1;non;non connu;non;2023-02-01 00:00:00.0;2024-01-31 00:00:00.0;23/03/2024;3964.0;4800.0;0.0;633.0;1;0.0;non;non renseigné;0;0;0;0;0;0;0;1;individuel;non renseigné;non renseigné;Non;Sans objet;non connu;non connu;0;ADRNIVX_0000000268268660;"6";AVANT_1949;V;"0,667";{93010000AO0259};{93010000AO025901,93010000AO0259A};2_RNIC_FF;KX3NGMN3S44Q;"1";"147";663037.4766100238;6866265.163224552;"663 039,162";"6 866 265,847";"663 037,477";"6 866 265,163";"0";1;0;;"0";"0";0;0;0;0;;1;"0";"0";0;"0";"0";"0";"67";"0";"0,167";"0";"0";"0";0.125;0;0;0.07222729347329986308;0;0;0.00000000000000000000;0;;660.6666666666666667;0;0;"0";"0,167";"0";1;"0";"0";"0";"0";"-1";"0";"-1";"0";"0";"0";-1;"0";0;"0";"0";"0";"0";"0";"1,579";0;2.2222222222222223;0;"0";"1";marche;"25";"8";"5";"5";"5";"2";autres;"473,691";"114,763";Electricité;F;;;;;;;;electricite;;;;
"9 855";93010000AP0135;93010*00115;"[""93010*00115""]";93010;BONDY;93;SIMPLE;"1";"[""93010000AP0135""]";"416";CL;"1 920";"1 920";"1 920";"1 920";"1";"416";13;SOL;"416";"0";"0";"0";"0";"0";"0";"0";"0";"0";"0";"0";"0";"0";"416";"27";"1";"1";"1";"1";"0";"14";"4";DEPENDANCE;"2";"12";"0";"12";"12";"645";"0";"3";"0";"5";"4";"0";"0";"3";"1";"0";"0";"151";"44";"15";"0";"0";"0";"855";"1";"14";G2;PROPRIETE DIVISEE EN LOT;G2a;G2;99;1;MEME COMMUNE;;"1";"1";"1";"[""A8FS3Z8C5D8S"",""FSTV71Z3V83Q""]";"2";"237";RNC_AB2084135;AB2084135;2017-11-02 00:00:00.0;2024-07-10 00:00:00.0;FONCIA CHADEFAUX LECOQ 59202763500032;non;non;93010000AP0135;Copropriété immatriculée;3_2;"1";OUI;"93 010";"93";"200 054 781";Métropole du Grand Paris;"1 920";"2";"27";"12";"855";"645";"0";"12";"9";"5";"0";"4";"0";"0";"0";"0";"3";"1";"1";"1";"3";"8";"0";"0";"2";"13";"12";"1";"3";"0";"4";4;-46.75;"0";"0";"4";"1";;professionnel;FONCIA CHADEFAUX LECOQ 59202763500032;6831Z;AUBERVILLIERS;Mandat en cours;2026-06-30 00:00:00.0;41 ESPERANCE;41 av de l'esperance 93140 Bondy;non connu;non connu;non connu;0;1958-04-02 00:00:00.0;non;non;oui;non connu;0;0;0;28;13;13;2;0;0;0;DE_1949_A_1960;;;;;;;;;;;;;0;non;non connu;non;2023-01-01 00:00:00.0;2023-12-31 00:00:00.0;03/07/2024;22261.0;0.0;1058.0;4115.0;2;1866.0;non;non renseigné;0;0;0;0;0;0;0;1;individuel;non renseigné;non renseigné;Non;Sans objet;24;90.0;0;non connu;"12";AVANT_1949;V;"0,556";{93010000AP0135};{93010000AP013501,93010000AP0135A};2_RNIC_FF;A8FS3Z8C5D8S,FSTV71Z3V83Q;"2";"237";663068.7049767732;6866137.749843973;"663 074,151";"6 866 134,515";"663 068,705";"6 866 137,75";"0";0;0;0;"0";"0";0;0;0;0;0;0.9230769230769231;"0";"0";0;"0";"0";"0";"75";"0";"0,167";"0";"10";"0";0.15384615384615385;0;0;0.18485243250527828939;0;0;0.04752706527110192714;0;;1712.3846153846153846;1;0.08333333333333333;"1";"0,333";"1";1;"0";"0";"0";"1";"-1";"1";"-1";"1";"0";"0";-1;"0";0;"0";"0";"0";"0";"0";"0";1;5.555555555555555;6.25;"0";"2,115";occup;"26";"9";"5";"5";"5";"2";autres;"415,882";"92,144";Electricité;E;;;;;;;;electricite;E;;;
"9 871";93010000AP0157;93010*00036;"[""93010*00036""]";93010;BONDY;93;SIMPLE;"1";"[""93010000AP0157""]";"377";CL;"1 920";"1 920";"1 920";"1 920";"1";"377";13;SOL;"377";"0";"0";"0";"0";"0";"0";"0";"0";"0";"0";"0";"0";"0";"377";"5";"0";"0";"0";"0";"0";"1";"0";MIXTE;"1";"4";"2";"2";"4";"272";"26";"0";"0";"3";"1";"0";"0";"0";"0";"0";"0";"10";"0";"0";"0";"0";"0";"308";"1";"4";G2;PROPRIETE DIVISEE EN LOT;G2a;G2;99;1;MEME COMMUNE;;"1";"1";"1";"[""D87NR8GVFZY4"",""NBJEWW6J8PEB""]";"2";"166";RNC_AH0893834;AH0893834;2021-09-10 00:00:00.0;2021-09-10 00:00:00.0;non connu;non connu;non connu;93010000AP0157;Copropriété immatriculée;1_1;"1";OUI;"93 010";"93";"200 054 781";Métropole du Grand Paris;"1 920";"1";"5";"4";"308";"298";"2";"2";"4";"3";"0";"1";"0";"0";"0";"0";"0";"0";"0";"0";"0";"2";"2";"0";"0";"3";"3";"1,333";"0";"0";"1";0;;"0";"0";"0";"0";;non connu;non connu;non connu;non connu;Pas de mandat en cours;non connu;9 11 avenue de l'Espérance BONDY;11 av de l'esperance 93140 Bondy;non connu;non connu;non connu;0;1955-04-18 00:00:00.0;non;non connu;oui;non connu;;;;7;4;4;0;0;0;0;non renseigné;93010;000;AP;0157;;;;;;;;;1;non;non connu;non renseigné;non connu;non connu;non connu;;;;;;;non renseigné;non renseigné;0;0;1;0;0;0;0;0;non renseigné;non renseigné;non renseigné;Non renseigné;Non renseigné;non connu;non connu;;ADRNIVX_0000000268268642;"4";AVANT_1949;M;"0,75";{93010000AP0157};{93010000AP0157A};2_RNIC_FF;D87NR8GVFZY4,NBJEWW6J8PEB;"2";"166";663137.5151681034;6866292.77048635;"663 148,39";"6 866 288,784";"663 137,515";"6 866 292,77";"0";1;1;;"0";"0";0;;;;;1;"0";"0";0;"0";"0";"0";"100";"0";"0";"0";"0";"0";;;;;;;;;;;;0;"0";"0,25";"0";;"0";"0";"0";"0";"-1";"-1";"-1";"-1";"0";"0";-1;"-1";0;"-1";"0";"0";"0";"0";"3,529";;0;0;"0";"1,765";gestion;"17";"7";"0";"4";"5";"1";autres;"375,482";"89,722";Gaz;D;;;;;;;;gaz;;;;
"9 885";93010000AP0179;93010*00743;"[""93010*00743""]";93010;BONDY;93;SIMPLE;"1";"[""93010000AP0179""]";"2 131";CL;"1 965";"1 965";"1 965";"1 965";"1";"2 131";13;SOL;"2 131";"0";"0";"0";"0";"0";"0";"0";"0";"0";"0";"0";"0";"0";"2 131";"72";"0";"0";"0";"0";"0";"48";"0";DEPENDANCE;"1";"24";"0";"24";"24";"1 521";"0";"3";"0";"6";"14";"1";"0";"0";"0";"0";"0";"404";"0";"0";"0";"0";"0";"1 925";"1";"27";G2;PROPRIETE DIVISEE EN LOT;G2a G2d;G2;G2;2;MEME DEPARTEMENT;;"1";"1";"1";"[""91QD22PGCRQH"",""EV72ZN6H13D9"",""K4R6PGB9QZ76""]";"3";"519";RNC_AE3517836;AE3517836;2019-01-29 00:00:00.0;2022-01-03 00:00:00.0;FONCIA CHADEFAUX LECOQ 59202763500032;non;non;93010000AP0179;Copropriété immatriculée;3_2;"1";OUI;"93 010";"93";"200 054 781";Métropole du Grand Paris;"1 965";"1";"72";"24";"1 925";"1 521";"0";"24";"21";"6";"0";"14";"1";"0";"0";"0";"3";"0";"0";"0";"15";"8";"1";"0";"0";"26";"24";"1";"3";"0";"12";11;-23.00;"0";"0";"7";"3";;professionnel;FONCIA CHADEFAUX LECOQ 59202763500032;6831Z;AUBERVILLIERS;Mandat en cours;2025-12-31 00:00:00.0;251 A 255 ED. VAILLANT - BONDY;251 r edouard vaillant 93140 Bondy;253 r edouard vaillant 93140 Bondy;251 r edouard vaillant 93140 Bondy;255 r edouard vaillant 93140 Bondy;3;1964-11-30 00:00:00.0;non;non;oui;non connu;0;0;0;60;24;24;12;0;0;0;DE_1961_A_1974;;;;;;;;;;;;;0;non;non connu;non;2020-07-01 00:00:00.0;2021-06-30 00:00:00.0;16/12/2021;88884.0;0.0;7339.0;30104.0;15;12841.0;non;1964;0;0;0;0;0;0;0;3;collectif;oui;fioul_domestique;Non renseigné;Non renseigné;non connu;non connu;0;ADRNIVX_0000000268272677;"24";DE_1961_A_1974;V;"0,286";{93010000AP0179};{93010000AP0179A};2_RNIC_FF;91QD22PGCRQH,EV72ZN6H13D9,K4R6PGB9QZ76;"3";"519";663125.4793249619;6866106.807669308;"663 147,461";"6 866 119,667";"663 125,479";"6 866 106,808";"0";0;1;0;"0";"0";0;0;0;0;0;1;"0";"0";0;"0";"8";"0";"67";"0";"0";"0";"13";"0";0.5769230769230769;1;0;0.33868862787453309932;1;0;0.08256829125601908105;0;3703.5000000000000000;;1;0;"0";"0,5";"0";1;"0";"0";"0";"1";"-1";"0";"-1";"0";"7";"0";-1;"0";0;"0";"0";"1";"0";"0";"1,429";5;2.2222222222222223;2.5;"5";"2,692";mixte;"26";"9";"5";"5";"5";"2";a surveiller;"2 139,547";"228,768";Fioul;F;;;;;;;;fioul;F;;;
"9 967";93010000AQ0079;93010*00637;"[""93010*00637""]";93010;BONDY;93;SIMPLE;"1";"[""93010000AQ0079""]";"166";CL;"1 930";"1 930";"1 930";"1 930";"1";"166";13;SOL;"166";"0";"0";"0";"0";"0";"0";"0";"0";"0";"0";"0";"0";"0";"166";"6";"0";"0";"0";"0";"0";"0";"0";APPARTEMENT;"1";"6";"0";"6";"6";"207";"0";"1";"0";"4";"1";"0";"0";"0";"0";"0";"0";"0";"0";"0";"0";"0";"0";"207";"1";"7";G2;PROPRIETE DIVISEE EN LOT;G2a;G2;99;1;MEME COMMUNE;;"1";"1";"1";"[""WDGBRZT25KXD""]";"1";"131";RNC_AF5548169;AF5548169;2019-09-17 00:00:00.0;2019-09-17 00:00:00.0;non connu;non connu;non connu;93010000AQ0079;Copropriété immatriculée;1_1;"1";OUI;"93 010";"93";"200 054 781";Métropole du Grand Paris;"1 930";"1";"6";"6";"207";"207";"0";"6";"5";"4";"0";"1";"0";"0";"0";"0";"1";"0";"0";"1";"3";"2";"0";"0";"0";"6";"6";"1";"1";"0";"5";3;-67.00;"0";"0";"4";"3";;non connu;non connu;non connu;non connu;Pas de mandat en cours;non connu;SDC 200 RUE EDOUARD VAILLANT;200 r edouard vaillant 93140 Bondy;non connu;non connu;non connu;0;1998-08-26 00:00:00.0;non;non connu;oui;non connu;;;;25;9;9;0;0;0;0;non renseigné;93010;000;AQ;0079;;;;;;;;;1;non;non connu;non renseigné;non connu;non connu;non connu;;;;;;;non renseigné;non renseigné;0;0;0;0;0;0;0;25;non renseigné;non renseigné;non renseigné;Non renseigné;Non renseigné;non connu;non connu;;ADRNIVX_0000000268271793;"6";AVANT_1949;V;"0,8";{93010000AQ0079};{93010000AQ0079A};2_RNIC_FF;WDGBRZT25KXD;"1";"131";662951.0709108876;6866133.830986402;"662 950,342";"6 866 126,758";"662 951,071";"6 866 133,831";"0";1;1;;"0";"0";0;;;;;1;"0";"0";0;"0";"0";"0";"25";"1";"0";"0";"50";"1";;;;;;;;;;;;0;"0";"0,833";"1";1;"1";"1";"0";"0";"-1";"0";"-1";"0";"0";"0";-1;"1";0;"0";"0";"1";"0";"0";"4,706";;6.666666666666667;3.3333333333333335;"5";"5";marche;"18";"7";"0";"5";"4";"2";présumée fragile;"166,037";"51,524";Gaz;D;oui;18/01/2022;;;;;;gaz;D;;;
"9 987";93010000AQ0102;93010*00811;"[""93010*00811""]";93010;BONDY;93;SIMPLE;"1";"[""93010000AQ0102""]";"213";CL;"1 927";"1 988";"1 927";"1 988";"1";"213";13;SOL;"213";"0";"0";"0";"0";"0";"0";"0";"0";"0";"0";"0";"0";"0";"213";"3";"0";"0";"0";"0";"0";"1";"0";MAISON;"2";"2";"2";"0";"2";"125";"87";"0";"0";"0";"2";"0";"0";"0";"0";"0";"0";"8";"0";"0";"0";"0";"0";"220";"1";"3";G2;PROPRIETE DIVISEE EN LOT;G2a;G2;99;1;MEME COMMUNE;;"1";"1";"1";"[""394ZBTZXMJR6""]";"1";"114";FF_93010000AQ0102;;;;;;;93010000AQ0102;Copropriété non immatriculée;;"0";;"93 010";"93";"200 054 781";Métropole du Grand Paris;"1 927";"2";"3";"2";"220";"212";"2";"0";"2";"0";"0";"2";"0";"0";"0";"0";"0";"0";"0";"0";"1";"1";"0";"0";"0";"2";"2";"1";"0";"0";"2";;;"0";"0";"0";"0";;;;;;;;;1 RUE GEORGES GRAFF, BONDY;;;;;;;;;;;;;;;;;;;;;;;;;;;;;;;;;;;;;;;;;;;;;;;;;;;;;;;;;;;;;;;;;"2";AVANT_1949;H;"0";{93010000AQ0102};{93010000AQ0102A,93010000AQ0102B};2_FF;394ZBTZXMJR6;"1";"114";;;"663 005,683";"6 866 111,225";"663 005,683";"6 866 111,225";"1";;;;"0";"0";;;;;;1;"0";"0";0;"0";"0";"0";"0";"0";"0";"0";"0";"0";;;;;;;;;;;;0;"0";"1";"1";;"0";"0";"0";"1";"-1";"-1";"-1";"-1";"0";"0";-1;"-1";;"-1";"0";"0";"0";"0";"3,333";;1.4285714285714286;6.25;"0";"3,75";occup;"13";"4";"0";"4";"5";"0";présumée fragile;"214,538";"60,919";Gaz;E;;;;;;;;gaz;;;;
"9 999";93010000AQ0114;93010*00509;"[""93010*00509""]";93010;BONDY;93;SIMPLE;"1";"[""93010000AQ0114""]";"272";CL;"1 900";"1 933";"1 900";"1 933";"1";"272";13;SOL;"272";"0";"0";"0";"0";"0";"0";"0";"0";"0";"0";"0";"0";"0";"272";"3";"0";"0";"0";"0";"0";"1";"0";MAISON;"2";"2";"2";"0";"2";"104";"0";"1";"0";"0";"1";"0";"0";"0";"0";"0";"0";"12";"0";"0";"0";"0";"0";"116";"1";"3";G2;PROPRIETE DIVISEE EN LOT;G2a;G2;99;1;MEME COMMUNE;;"1";"1";"1";"[""PBW7B4SXF42Y"",""4KV57GPM6964""]";"2";"96";RNC_AF2208890;AF2208890;2019-05-27 00:00:00.0;2019-05-27 00:00:00.0;non connu;non connu;non connu;93010000AQ0114;Copropriété immatriculée;1_1;"1";OUI;"93 010";"93";"200 054 781";Métropole du Grand Paris;"1 900";"2";"3";"2";"116";"104";"2";"0";"1";"0";"0";"1";"0";"0";"0";"0";"1";"0";"0";"0";"1";"1";"0";"0";"0";"2";"2";"1";"1";"0";"2";0;;"0";"0";"0";"0";;non connu;non connu;non connu;non connu;Pas de mandat en cours;non connu;20 Avenue des Sciences;20 av des sciences 93140 Bondy;non connu;non connu;non connu;0;1955-08-24 00:00:00.0;non;non connu;oui;non connu;;;;2;2;2;0;0;0;0;non renseigné;93010;000;AQ;0114;;;;;;;;;1;non;non connu;non renseigné;non connu;non connu;non connu;;;;;;;non renseigné;non renseigné;0;0;0;0;0;0;0;1;non renseigné;non renseigné;non renseigné;Non renseigné;Non renseigné;non connu;non connu;;ADRNIVX_0000000268274958;"2";AVANT_1949;H;"0";{93010000AQ0114};{93010000AQ0114A,93010000AQ0114B};2_RNIC_FF;PBW7B4SXF42Y,4KV57GPM6964;"2";"96";662992.2734437156;6865995.455812496;"662 997,029";"6 866 008,964";"662 992,273";"6 865 995,456";"0";1;1;;"0";"0";0;;;;;1;"0";"0";0;"0";"0";"0";"0";"0";"0";"0";"0";"0";;;;;;;;;;;;0;"0";"1";"1";;"0";"0";"0";"1";"-1";"-1";"-1";"-1";"0";"0";-1;"-1";0;"-1";"0";"0";"0";"0";"4";;1.4285714285714286;2.5;"0";"2,813";gestion;"16";"6";"0";"4";"5";"1";a surveiller;"271,383";"74,609";Gaz;F;;;;;;;;gaz;;;;
"10 002";93010000AQ0119;93010*00296;"[""93010*00296""]";93010;BONDY;93;SIMPLE;"1";"[""93010000AQ0119""]";"397";CL;"1 907";"1 933";"1 907";"1 933";"1";"397";13;SOL;"397";"0";"0";"0";"0";"0";"0";"0";"0";"0";"0";"0";"0";"0";"397";"4";"0";"0";"0";"0";"0";"2";"0";MIXTE;"2";"2";"2";"0";"2";"86";"70";"1";"0";"1";"0";"0";"0";"0";"0";"0";"0";"32";"0";"0";"0";"0";"0";"188";"1";"2";G2;PROPRIETE DIVISEE EN LOT;G2a;G2;99;1;MEME COMMUNE;;"1";"1";"1";"[""41BP2EQBXJKF"",""D4PDFVYXYF42"",""WPPF26MVHHYV""]";"3";"131";RNC_AE2839942;AE2839942;2019-02-21 00:00:00.0;2024-04-15 00:00:00.0;JURIN IMMOBILIER 90410225800020;non;non;93010000AQ0119;Copropriété immatriculée;3_2;"1";OUI;"93 010";"93";"200 054 781";Métropole du Grand Paris;"1 907";"2";"4";"2";"188";"156";"2";"0";"1";"1";"0";"0";"0";"0";"0";"0";"1";"0";"0";"0";"2";"0";"0";"0";"0";"1";"1";"2";"1";"0";"0";0;;"0";"0";"0";"0";;professionnel;JURIN IMMOBILIER 90410225800020;6831Z;SAINT-MAUR-DES-FOSSES;Mandat en cours;2024-10-26 00:00:00.0;10 avenue des sciences et 15 allée des alouettes;10 all des alouettes 93140 Bondy;non connu;non connu;non connu;0;1964-01-28 00:00:00.0;non;non;oui;non connu;0;0;0;20;5;5;1;0;0;0;AVANT_1949;;;;;;;;;;;;;0;non;non connu;non;2022-01-01 00:00:00.0;2022-12-31 00:00:00.0;26/04/2023;6405.0;0.0;2420.0;4722.0;2;0.0;non;1930;0;0;0;0;0;0;0;1;individuel;non renseigné;non renseigné;Non;Sans objet;non connu;non connu;0;non connu;"2";AVANT_1949;H;"1";{93010000AQ0119};{93010000AQ0119A,93010000AQ0119B};2_RNIC_FF;41BP2EQBXJKF,D4PDFVYXYF42,WPPF26MVHHYV;"3";"131";663056.4263481369;6866040.527288472;"663 028,26";"6 866 028,492";"663 056,426";"6 866 040,527";"0";0;0;0;"0";"0";0;0;0;0;0;1;"0";"1";0;"0";"0";"0";"0";"1";"0";"0";"0";"0";2;0;1;0.73723653395784543326;0;1;0.37782982045277127244;1;;1281.0000000000000000;0;0;"0";"0";"0";;"0";"0";"0";"1";"-1";"-1";"-1";"-1";"0";"0";-1;"-1";0;"-1";"0";"0";"0";"0";"2,381";5;0;10;"0";"3,478";occup;"22";"9";"5";"4";"3";"1";a surveiller;"397,649";"97,9";Gaz;G;;;;;;;; ;;;;
"10 016";93010000AQ0133;93010*00497;"[""93010*00497""]";93010;BONDY;93;SIMPLE;"1";"[""93010000AQ0133""]";"415";CL;"1 910";"2 012";"1 910";"2 012";"1";"415";13;SOL;"415";"0";"0";"0";"0";"0";"0";"0";"0";"0";"0";"0";"0";"0";"415";"6";"0";"0";"0";"0";"0";"0";"0";APPARTEMENT;"2";"6";"1";"5";"6";"204";"14";"1";"0";"5";"0";"0";"0";"0";"0";"0";"0";"0";"0";"0";"0";"0";"0";"218";"1";"3";G2;PROPRIETE DIVISEE EN LOT;G2a;G2;99;1;MEME COMMUNE;;"1";"1";"1";"[""1FZWRQ6J6RSG"",""XBKT1TCX271Q""]";"2";"161";RNC_AF8612459;AF8612459;2020-01-09 00:00:00.0;2020-01-09 00:00:00.0;non connu;non connu;non connu;93010000AQ0133;Copropriété immatriculée;1_1;"1";OUI;"93 010";"93";"200 054 781";Métropole du Grand Paris;"1 910";"2";"6";"6";"218";"218";"1";"5";"5";"5";"0";"0";"0";"0";"0";"0";"1";"0";"0";"3";"2";"1";"0";"0";"5";"2";"2";"3";"1";"0";"2";0;;"1";"1";"1";"1";;non connu;non connu;non connu;non connu;Pas de mandat en cours;non connu;SDC DU 5 ALLEE DES ALOUETTES;5 all des alouettes 93140 Bondy;non connu;non connu;non connu;0;1980-02-28 00:00:00.0;non;non connu;oui;non connu;;;;2;2;2;0;0;0;0;DE_1949_A_1960;93010;000;AQ;0133;;;;;;;;;1;non;non connu;non renseigné;non connu;non connu;non connu;;;;;;;non renseigné;non renseigné;0;0;0;0;0;0;0;2;non renseigné;non renseigné;non renseigné;Non renseigné;Non renseigné;non connu;non connu;;non connu;"6";AVANT_1949;M;"1";{93010000AQ0133};{93010000AQ0133A,93010000AQ0133C};2_RNIC_FF;1FZWRQ6J6RSG,XBKT1TCX271Q;"2";"161";663068.9253366638;6866057.35009479;"663 089,332";"6 866 049,886";"663 068,925";"6 866 057,35";"0";1;1;;"0";"0";0;;;;;1;"0";"1";0;"0";"0";"0";"0";"1";"0,833";"1";"0";"0";;;;;;;;;;;;0;"0";"0,333";"1";;"0";"0";"0";"1";"-1";"0";"-1";"0";"0";"0";-1;"0";0;"0";"0";"1";"0";"0";"6,471";;1.4285714285714286;3.3333333333333335;"5";"4,706";gestion;"16";"7";"0";"4";"3";"2";présumée fragile;"416,078";"98,761";Gaz;E;;;;;;;;gaz;;;;
"10 021";93010000AQ0138;93010*00067;"[""93010*00067""]";93010;BONDY;93;SIMPLE;"1";"[""93010000AQ0138""]";"230";CL;"1 914";"1 914";"1 914";"1 914";"1";"230";13;SOL;"230";"0";"0";"0";"0";"0";"0";"0";"0";"0";"0";"0";"0";"0";"230";"13";"0";"0";"0";"0";"0";"8";"0";DEPENDANCE;"1";"5";"0";"5";"5";"155";"0";"1";"0";"2";"2";"0";"0";"0";"0";"0";"0";"64";"0";"0";"0";"0";"0";"219";"1";"6";G2;PROPRIETE DIVISEE EN LOT;G2a;G2;99;1;MEME COMMUNE;;"1";"1";"1";"[""6AFSSBBB26BJ"",""98TDWZ934F8T""]";"2";"107";FF_93010000AQ0138;;;;;;;93010000AQ0138;Copropriété non immatriculée;;"0";;"93 010";"93";"200 054 781";Métropole du Grand Paris;"1 914";"1";"13";"5";"219";"155";"0";"5";"3";"2";"0";"1";"0";"1";"0";"0";"1";"0";"0";"1";"4";"0";"0";"0";"1";"5";"5";"1";"1";"0";"4";;;"0";"0";"0";"0";;;;;;;;;10 AV DES SCIENCES, BONDY;;;;;;;;;;;;;;;;;;;;;;;;;;;;;;;;;;;;;;;;;;;;;;;;;;;;;;;;;;;;;;;;;"5";AVANT_1949;V;"0,667";{93010000AQ0138};{93010000AQ0138A};2_FF;6AFSSBBB26BJ,98TDWZ934F8T;"2";"107";;;"663 052,054";"6 865 999,739";"663 052,054";"6 865 999,739";"1";;;;"0";"0";;;;;;1;"0";"0";0;"0";"0";"0";"100";"0";"0,2";"0";"50";"1";;;;;;;;;;;;0;"0";"0,8";"1";;"1";"1";"0";"1";"-1";"0";"-1";"0";"0";"0";-1;"0";;"0";"0";"0";"0";"0";"2,727";;5.714285714285714;2.5;"0";"3,462";marche;"14";"5";"0";"4";"5";"0";a surveiller;"229,638";"68,649";Electricité;G;;;;;;;; ;;;;
"10 023";93010000AQ0141;93010*00548;"[""93010*00548""]";93010;BONDY;93;SIMPLE;"1";"[""93010000AQ0141""]";"316";CL;"1 920";"1 970";"1 920";"1 970";"1";"316";13;SOL;"316";"0";"0";"0";"0";"0";"0";"0";"0";"0";"0";"0";"0";"0";"316";"33";"1";"1";"1";"1";"0";"15";"4";APPARTEMENT;"4";"17";"0";"17";"17";"350";"0";"2";"0";"12";"2";"1";"0";"1";"0";"0";"0";"134";"19";"0";"0";"0";"0";"503";"1";"18";G2;PROPRIETE DIVISEE EN LOT;G2a;G2;99;1;MEME COMMUNE;;"1";"1";"1";"[""9GKQ6MJ7GVDQ"",""PDXSR7DWMT45""]";"2";"219";RNC_AD7989593;AD7989593;2018-11-20 00:00:00.0;2023-08-04 00:00:00.0;LOGIM IDF 83517005100022;non connu;non connu;93010000AQ0141;Copropriété immatriculée;3_2;"1";OUI;"93 010";"93";"200 054 781";Métropole du Grand Paris;"1 920";"4";"32";"17";"495";"350";"0";"17";"15";"12";"0";"2";"1";"0";"0";"0";"2";"1";"0";"6";"10";"1";"0";"0";"3";"17";"17";"1";"2";"0";"6";4;-46.00;"0";"0";"2";"1";;non connu;non connu;non connu;non connu;Pas de mandat en cours;2024-03-07 00:00:00.0;SDC4 AVENUE DES SCIENCES;4 av des sciences 93140 Bondy;non connu;non connu;non connu;0;1992-03-03 00:00:00.0;non;non;oui;non connu;0;0;0;58;19;19;0;0;0;0;DE_1975_A_1993;;;;;;;;;;;;;0;non;non connu;non;2022-01-01 00:00:00.0;2022-12-31 00:00:00.0;02/05/2023;26643.0;4494.0;16857.0;8371.0;3;0.0;non;1991;0;0;0;0;0;0;0;9;individuel;non renseigné;non renseigné;Non renseigné;Non renseigné;22;94.0;0;ADRNIVX_0000000268274936;"17";AVANT_1949;V;"0,8";{93010000AQ0141};{93010000AQ0141A,93010000AQ0141AB,93010000AQ0141AC,93010000AQ0141B};2_RNIC_FF;9GKQ6MJ7GVDQ,PDXSR7DWMT45;"2";"219";663093.4320980288;6865979.464353861;"663 094,4";"6 865 990,657";"663 093,432";"6 865 979,464";"0";0;0;;"0";"0";0;0;0;0;;0.9444444444444444;"0";"0";0;"0";"14";"0";"67";"0";"0,176";"0";"7";"0";0.17647058823529413;0;0;0.26884414041172881138;0;0;0.54138163599576067058;1;;1402.2631578947368421;0;0;"0";"0,353";"1";1;"1";"1";"0";"0";"-1";"0";"-1";"1";"50";"1";0.4666666666666667;"0";0;"0";"0";"0";"0";"0";"0";2;6.666666666666667;3.75;"0";"2,2";marche;"25";"8";"5";"5";"5";"2";autres;"315,899";"73,322";Electricité;E;;;;;;;;electricite;E;;;
"10 024";93010000AQ0142;93010*00444;"[""93010*00444""]";93010;BONDY;93;SIMPLE;"1";"[""93010000AQ0142""]";"293";CL;"1 970";"1 970";"1 970";"1 970";"2";"51";13;SOL;"51";"0";"0";"0";"0";"0";"0";"0";"0";"0";"0";"0";"0";"0";"51";"5";"1";"1";"1";"1";"0";"2";"4";MIXTE;"1";"2";"0";"2";"2";"86";"0";"1";"0";"1";"0";"0";"0";"0";"0";"0";"0";"26";"60";"0";"0";"0";"0";"172";"1";"3";G2;PROPRIETE DIVISEE EN LOT;G2a;G2;99;1;MEME COMMUNE;;"1";"1";"1";"[""2Z2XJM114JSV"",""VWCPEX4677GP""]";"2";"228";RNC_AI6856694;AI6856694;2024-06-04 00:00:00.0;2024-06-04 00:00:00.0;non connu;non connu;non connu;93010000AQ0142;Copropriété immatriculée;1_1;"1";OUI;"93 010";"93";"200 054 781";Métropole du Grand Paris;"1 970";"1";"5";"2";"172";"86";"0";"2";"1";"1";"0";"0";"0";"0";"0";"0";"1";"0";"0";"1";"0";"1";"0";"0";"1";"2";"2";"1";"1";"0";"2";1;-70.00;"0";"0";"2";"0";;non connu;non connu;non connu;non connu;Pas de mandat en cours;non connu;2 AVENUE DES SCIENCES;2 Avenue des Sciences 93140 Bondy;non connu;non connu;non connu;0;1985-02-15 00:00:00.0;non;non connu;oui;non connu;0;0;0;9;4;2;0;0;0;0;AVANT_1949;93010;000;AQ;0142;;;;;;;;;1;non;non connu;oui;non connu;2024-12-31 00:00:00.0;non connu;;;;;;;non;non renseigné;0;0;0;0;0;0;0;3;individuel;non renseigné;non renseigné;Non;Sans objet;non connu;non connu;0;Bondy;"2";DE_1961_A_1974;V;"1";{93010000AQ0142};{93010000AQ0142A};0;2Z2XJM114JSV,VWCPEX4677GP;"2";"228";663147.0427272305;6865981.124472405;"663 109,452";"6 865 992,812";"663 147,043";"6 865 981,124";"0";0;1;;"0";"0";0;0;0;0;;0.6666666666666666;"0";"1";0;"0";"0";"0";"100";"0";"0,5";"1";"100";"1";;;;;;;;;;;;0;"0";"1";"1";1;"0";"0";"0";"0";"-1";"-1";"-1";"-1";"0";"0";-1;"-1";0;"-1";"0";"0";"0";"0";"3,158";;3.3333333333333335;0;"0";"2,368";marche;"18";"8";"0";"5";"3";"2";autres;"295,141";"68,823";Autre;D;;;;;;;; ;;;;
"10 033";93010000AQ0154;93010*00387;"[""93010*00387""]";93010;BONDY;93;SIMPLE;"1";"[""93010000AQ0154""]";"250";CL;"1 925";"1 925";"1 925";"1 925";"2";"33";13;SOL;"33";"0";"0";"0";"0";"0";"0";"0";"0";"0";"0";"0";"0";"0";"33";"2";"0";"0";"0";"0";"0";"0";"0";MAISON;"1";"2";"2";"0";"2";"121";"32";"0";"0";"1";"1";"0";"0";"0";"0";"0";"0";"0";"0";"0";"0";"0";"0";"153";"1";"3";G2;PROPRIETE DIVISEE EN LOT;G2a;G2;99;1;MEME COMMUNE;;"1";"1";"1";"[""FA8R82G6BZFC"",""RSYAKDZMCS4Z"",""Y5W82XGS33XA""]";"3";"111";FF_93010000AQ0154;;;;;;;93010000AQ0154;Copropriété non immatriculée;;"0";;"93 010";"93";"200 054 781";Métropole du Grand Paris;"1 925";"1";"2";"2";"153";"153";"2";"0";"2";"1";"0";"1";"0";"0";"0";"0";"0";"0";"0";"0";"0";"1";"1";"0";"0";"2";"2";"1";"0";"0";"1";;;"0";"0";"0";"0";;;;;;;;;7 ALL DES ARTS, BONDY;;;;;;;;;;;;;;;;;;;;;;;;;;;;;;;;;;;;;;;;;;;;;;;;;;;;;;;;;;;;;;;;;"2";AVANT_1949;H;"0,5";{93010000AQ0154};{93010000AQ0154A};2_FF;FA8R82G6BZFC,RSYAKDZMCS4Z,Y5W82XGS33XA;"3";"111";;;"663 150,565";"6 866 024,247";"663 150,565";"6 866 024,247";"1";;;;"0";"0";;;;;;1;"0";"0";0;"0";"0";"0";"0";"1";"0";"0";"0";"0";;;;;;;;;;;;0;"0";"0,5";"1";;"0";"0";"0";"1";"-1";"-1";"-1";"-1";"0";"0";-1;"-1";;"-1";"0";"0";"0";"0";"4,545";;1.4285714285714286;5;"0";"3,846";occup;"14";"5";"0";"4";"5";"0";présumée fragile;"253,096";"70,618";Gaz;D;;;;;;;;gaz;;;;
"10 042";93010000AQ0163;93010*00475;"[""93010*00475""]";93010;BONDY;93;PDLMP;"2";"[""93010000AQ0163"",""93010000AQ0164""]";"582";CL;"1 925";"1 988";"1 925";"1 988";"2";"582";13;SOL;"582";"0";"0";"0";"0";"0";"0";"0";"0";"0";"0";"0";"0";"0";"582";"2";"0";"0";"0";"0";"0";"0";"0";MAISON;"2";"2";"2";"0";"2";"162";"109";"0";"0";"0";"2";"0";"0";"0";"0";"0";"0";"0";"0";"0";"0";"0";"0";"271";"2";"3";G2;PROPRIETE DIVISEE EN LOT;G2a;G2;99;1;MEME COMMUNE;;"2";"2";"2";"[""G53SF15HPK47"",""S8D1CT8H9R2T""]";"2";"131";RNC_AE4434577;AE4434577;2019-01-09 00:00:00.0;2019-01-09 00:00:00.0;non connu;non connu;non connu;93010000AQ0163;Copropriété immatriculée;1_1;"1";OUI;"93 010";"93";"200 054 781";Métropole du Grand Paris;"1 925";"2";"2";"2";"271";"271";"2";"0";"2";"0";"0";"2";"0";"0";"0";"0";"0";"0";"0";"0";"0";"1";"0";"1";"0";"2";"2";"1";"0";"0";"1";0;;"0";"0";"0";"0";;non connu;non connu;non connu;non connu;Pas de mandat en cours;non connu;64 AVENUE ANATOLE FRANCE;64 av anatole france 93140 Bondy;non connu;non connu;non connu;0;1987-09-11 00:00:00.0;non;non connu;oui;non connu;0;0;0;2;2;2;0;0;0;0;AVANT_1949;93010;000;AQ;0163;;;;;;;;;1;non;non connu;non renseigné;non connu;non connu;non connu;;;;;;;non renseigné;non renseigné;0;0;0;0;0;0;0;2;individuel;non renseigné;non renseigné;Non renseigné;Non renseigné;non connu;non connu;0;ADRNIVX_0000000268273820;"2";AVANT_1949;H;"0";{93010000AQ0163,93010000AQ0164};{93010000AQ0163A,93010000AQ0163B};2_RNIC_FF;G53SF15HPK47,S8D1CT8H9R2T;"2";"131";663191.8044721949;6866009.529559323;"663 177,781";"6 866 018,754";"663 191,804";"6 866 009,53";"0";1;1;;"0";"0";0;0;0;0;;1;"0";"0";0;"0";"0";"0";"0";"0";"0";"0";"0";"0";;;;;;;;;;;;0;"0";"0,5";"1";;"0";"0";"0";"0";"-1";"-1";"-1";"-1";"0";"0";-1;"-1";0;"-1";"0";"0";"0";"0";"3,529";;1.4285714285714286;0;"0";"2,188";gestion;"16";"7";"0";"4";"4";"1";autres;"578,697";"99,387";Electricité;F;;;;;;;; ;;;;
"10 043";93010000AQ0165;93010*00020;"[""93010*00020""]";93010;BONDY;93;SIMPLE;"1";"[""93010000AQ0165""]";"372";CL;"1 920";"1 920";"1 920";"1 920";"1";"372";13;SOL;"372";"0";"0";"0";"0";"0";"0";"0";"0";"0";"0";"0";"0";"0";"372";"7";"2";"2";"2";"2";"0";"1";"8";MIXTE;"1";"4";"2";"2";"4";"178";"5";"0";"0";"3";"1";"0";"0";"0";"0";"0";"0";"20";"58";"18";"0";"0";"0";"279";"1";"3";G2;PROPRIETE DIVISEE EN LOT;G2a;G2;99;1;MEME COMMUNE;;"1";"1";"1";"[""8C1ETFHCJNH4"",""GF6XH7SQCHSD""]";"2";"150";RNC_AI4069001;AI4069001;2023-11-22 00:00:00.0;2023-11-22 00:00:00.0;non connu;non connu;non connu;93010000AQ0165;Copropriété immatriculée;1_1;"1";OUI;"93 010";"93";"200 054 781";Métropole du Grand Paris;"1 920";"1";"7";"4";"279";"183";"2";"2";"4";"3";"0";"1";"0";"0";"0";"0";"0";"0";"0";"0";"1";"3";"0";"0";"2";"2";"2";"2";"0";"0";"3";0;;"1";"1";"0";"0";;non connu;non connu;non connu;non connu;Pas de mandat en cours;non connu;66 avenue Anatole France 93140 BONDY;66 av anatole france 93140 Bondy;non connu;non connu;non connu;0;1957-10-30 00:00:00.0;non;non;oui;non connu;;;;7;4;2;0;0;0;0;AVANT_1949;93010;000;AQ;0165;;;;;;;;;1;non;non connu;non renseigné;non connu;non connu;non connu;;;;;;;non renseigné;non renseigné;0;0;0;0;0;0;0;6;non renseigné;non renseigné;non renseigné;Non renseigné;Non renseigné;non connu;non connu;;ADRNIVX_0000000268274920;"4";AVANT_1949;M;"0,75";{93010000AQ0165};{93010000AQ0165A};0;8C1ETFHCJNH4,GF6XH7SQCHSD;"2";"150";663186.4277917349;6865994.218016835;"663 171,377";"6 865 999,234";"663 186,428";"6 865 994,218";"0";0;1;;"0";"0";0;;;;;0.6666666666666666;"0";"0";0;"0";"0";"0";"100";"0";"0,5";"1";"0";"0";;;;;;;;;;;;0;"0";"0,75";"1";;"0";"0";"0";"0";"-1";"-1";"-1";"-1";"0";"0";-1;"-1";0;"-1";"0";"1";"0";"0";"1,765";;1.4285714285714286;0;"5";"1,765";bati;"17";"7";"0";"4";"4";"2";autres;"373,151";"84,505";Electricité;F;;;;;;;;electricite;F;;;
"10 044";93010000AQ0166;93010*00821;"[""93010*00821""]";93010;BONDY;93;SIMPLE;"1";"[""93010000AQ0166""]";"366";CL;"1 928";"1 928";"1 928";"1 928";"1";"366";13;SOL;"366";"0";"0";"0";"0";"0";"0";"0";"0";"0";"0";"0";"0";"0";"366";"10";"2";"2";"2";"2";"0";"1";"8";APPARTEMENT;"2";"7";"0";"7";"7";"235";"0";"3";"0";"2";"2";"0";"0";"0";"0";"0";"0";"10";"96";"0";"0";"0";"0";"341";"1";"2";G2;PROPRIETE DIVISEE EN LOT;G2a;G2;99;1;MEME COMMUNE;;"1";"1";"1";"[""YD6DTP32R7QA""]";"1";"169";FF_93010000AQ0166;;;;;;;93010000AQ0166;Copropriété non immatriculée;;"0";;"93 010";"93";"200 054 781";Métropole du Grand Paris;"1 928";"2";"10";"7";"341";"235";"0";"7";"4";"2";"0";"2";"0";"0";"0";"0";"3";"0";"0";"2";"4";"1";"0";"0";"7";"1";"1";"7";"3";"0";"0";;;"0";"0";"6";"6";;;;;;;;;68 AV ANATOLE FRANCE, BONDY;;;;;;;;;;;;;;;;;;;;;;;;;;;;;;;;;;;;;;;;;;;;;;;;;;;;;;;;;;;;;;;;;"7";AVANT_1949;V;"0,5";{93010000AQ0166};{93010000AQ0166A,93010000AQ0166B};2_FF;YD6DTP32R7QA;"1";"169";;;"663 167,273";"6 865 987,357";"663 167,273";"6 865 987,357";"1";;;;"0";"0";;;;;;0.7777777777777778;"0";"0";0;"0";"0";"0";"0";"0";"1";"1";"0";"0";;;;;;;;;;;;0;"0";"0";"0";;"0";"0";"0";"1";"-1";"0";"-1";"1";"0";"0";-1;"0";;"0";"0";"1";"0";"0";"4,286";;0;5.714285714285714;"10";"4,091";bati;"11";"3";"0";"3";"4";"1";présumée fragile;"368,283";"83,746";Mixte (gaz + élec);G;;;;;;;;mixte;G;;;
"10 046";93010000AQ0168;93010*00402;"[""93010*00402""]";93010;BONDY;93;SIMPLE;"1";"[""93010000AQ0168""]";"468";CL;"1 985";"1 985";"1 985";"1 985";"1";"468";13;SOL;"468";"0";"0";"0";"0";"0";"0";"0";"0";"0";"0";"0";"0";"0";"468";"2";"0";"0";"0";"0";"0";"0";"0";MAISON;"2";"2";"2";"0";"2";"190";"24";"0";"0";"0";"2";"0";"0";"0";"0";"0";"0";"0";"0";"0";"0";"0";"0";"214";"1";"3";G2;PROPRIETE DIVISEE EN LOT;G2a;G2;99;1;MEME COMMUNE;;"1";"1";"1";"[""1MQJ2WFXN5E1""]";"1";"143";FF_93010000AQ0168;;;;;;;93010000AQ0168;Copropriété non immatriculée;;"0";;"93 010";"93";"200 054 781";Métropole du Grand Paris;"1 985";"2";"2";"2";"214";"214";"2";"0";"2";"0";"0";"2";"0";"0";"0";"0";"0";"0";"0";"0";"0";"0";"2";"0";"0";"2";"2";"1";"0";"0";"0";;;"0";"0";"0";"0";;;;;;;;;2 B AV DES SCIENCES, BONDY;;;;;;;;;;;;;;;;;;;;;;;;;;;;;;;;;;;;;;;;;;;;;;;;;;;;;;;;;;;;;;;;;"2";DE_1975_A_1993;H;"0";{93010000AQ0168};{93010000AQ0168A,93010000AQ0168B};2_FF;1MQJ2WFXN5E1;"1";"143";;;"663 145,616";"6 865 977,626";"663 145,616";"6 865 977,626";"1";;;;"0";"0";;;;;;1;"0";"0";0;"0";"0";"0";"0";"0";"0";"0";"0";"0";;;;;;;;;;;;0;"0";"0";"0";;"0";"0";"0";"0";"-1";"-1";"-1";"-1";"0";"0";-1;"-1";;"-1";"0";"0";"0";"0";"3,333";;0;0;"0";"1,304";gestion;"12";"4";"0";"3";"5";"0";autres;"468,15";"86,849";Electricité;E;;;;;;;;electricite;;;;
"10 054";93010000AQ0177;93010*00458;"[""93010*00458""]";93010;BONDY;93;SIMPLE;"1";"[""93010000AQ0177""]";"410";CL;"1 910";"1 910";"1 910";"1 910";"1";"410";13;SOL;"410";"0";"0";"0";"0";"0";"0";"0";"0";"0";"0";"0";"0";"0";"410";"4";"0";"0";"0";"0";"0";"2";"0";MIXTE;"1";"2";"0";"2";"2";"96";"0";"0";"0";"0";"2";"0";"0";"0";"0";"0";"0";"55";"0";"0";"0";"0";"0";"151";"1";"2";G2;PROPRIETE DIVISEE EN LOT;G2a;G2;99;1;MEME COMMUNE;;"1";"1";"1";"[""8GYP5JPGS2GF"",""V82HR57C7X7T""]";"2";"77";RNC_AE7585573;AE7585573;2019-02-15 00:00:00.0;2019-02-15 00:00:00.0;non connu;non connu;non connu;93010000AQ0177;Copropriété immatriculée;1_1;"1";OUI;"93 010";"93";"200 054 781";Métropole du Grand Paris;"1 910";"1";"4";"2";"151";"96";"0";"2";"2";"0";"0";"2";"0";"0";"0";"0";"0";"0";"0";"0";"0";"2";"0";"0";"0";"1";"1";"2";"0";"0";"1";0;;"1";"0";"0";"0";;non connu;non connu;non connu;non connu;Pas de mandat en cours;non connu;13 et 13 bis avenue des sciences 93140 BONDY;13 av des sciences 93140 Bondy;13B av des sciences 93140 Bondy;non connu;non connu;1;1952-09-30 00:00:00.0;non;non connu;oui;non connu;0;0;0;2;2;2;0;0;0;0;AVANT_1949;93010;000;AQ;0177;;;;;;;;;1;non;non connu;non renseigné;non connu;non connu;non connu;;;;;;;non renseigné;non renseigné;0;0;0;0;0;0;0;2;individuel;non renseigné;non renseigné;Non renseigné;Non renseigné;non connu;non connu;0;non connu;"2";AVANT_1949;V;"0";{93010000AQ0177};{93010000AQ0177A};2_RNIC_FF;8GYP5JPGS2GF,V82HR57C7X7T;"2";"77";663063.9186191263;6865973.647715988;"663 056,412";"6 865 957,066";"663 063,919";"6 865 973,648";"0";1;1;;"0";"0";0;0;0;0;;1;"0";"0";0;"0";"0";"0";"0";"0";"0";"0";"0";"0";;;;;;;;;;;;0;"0";"0,5";"1";;"0";"0";"0";"0";"-1";"-1";"-1";"-1";"0";"0";-1;"-1";0;"-1";"0";"0";"0";"0";"3,529";;1.4285714285714286;0;"0";"1,944";gestion;"18";"7";"0";"4";"5";"2";autres;"409,68";"96,461";Autre;E;;;;;;;; ;;;;
"10 055";93010000AQ0178;93010*00707;"[""93010*00707""]";93010;BONDY;93;SIMPLE;"1";"[""93010000AQ0178""]";"444";CL;"1 948";"1 948";"1 948";"1 948";"1";"444";13;SOL;"444";"0";"0";"0";"0";"0";"0";"0";"0";"0";"0";"0";"0";"0";"444";"12";"0";"0";"0";"0";"0";"7";"0";DEPENDANCE;"1";"5";"0";"5";"5";"186";"0";"0";"0";"1";"2";"2";"0";"0";"0";"0";"0";"77";"0";"0";"0";"0";"0";"263";"1";"7";G2;PROPRIETE DIVISEE EN LOT;G2a;G2;99;1;MEME COMMUNE;;"1";"1";"1";"[""SXYGRS4QDNJC""]";"1";"99";RNC_AG5819917;AG5819917;2021-01-15 00:00:00.0;2022-04-07 00:00:00.0;M SIVARAMANE MOUROUGAYANE;non;non;93010000AQ0178;Copropriété immatriculée;3_2;"1";OUI;"93 010";"93";"200 054 781";Métropole du Grand Paris;"1 948";"1";"11";"5";"242";"186";"0";"5";"5";"1";"0";"2";"2";"0";"0";"0";"0";"0";"0";"0";"3";"2";"0";"0";"0";"6";"5";"1";"0";"0";"4";3;-60.67;"0";"0";"2";"2";;bénévole;M SIVARAMANE MOUROUGAYANE;non connu;BONDY;Mandat en cours;2025-10-14 00:00:00.0;SDC 15 AV DES SCIENCES;15 av des sciences 93140 Bondy;non connu;non connu;non connu;0;1959-03-26 00:00:00.0;non;non;oui;non connu;0;0;0;13;13;13;0;0;0;0;AVANT_1949;;;;;;;;;;;;;0;non;non connu;non;2020-01-01 00:00:00.0;2020-12-31 00:00:00.0;26/06/2021;4167.0;2744.0;0.0;724.0;1;175.0;non;1948;0;0;0;0;0;0;0;1;individuel;non renseigné;non renseigné;Non renseigné;Non renseigné;non connu;non connu;0;ADRNIVX_0000000268274949;"5";AVANT_1949;V;"0,2";{93010000AQ0178};{93010000AQ0178A};2_RNIC_FF;SXYGRS4QDNJC;"1";"99";663048.0341352117;6865977.863509843;"663 045,807";"6 865 964,172";"663 048,034";"6 865 977,864";"0";0;1;0;"0";"0";0;0;0;0;0;1;"0";"0";0;"0";"0";"0";"100";"0";"0";"0";"0";"0";0.16666666666666666;0;0;0.10476052669657068442;0;0;0.00000000000000000000;0;;320.5384615384615385;0;0;"0";"0,8";"1";1;"0";"0";"0";"1";"0";"0";"0";"0";"0";"0";;"0";0;"0";"0";"1";"0";"0";"1,429";0;3.3333333333333335;2.5;"5";"1,923";bati;"26";"9";"5";"5";"5";"2";autres;"447,258";"98,176";Mixte (gaz + élec);F;oui;04/05/2023;;;;;;mixte;F;;;
"10 085";93010000AQ0220;93010*00534;"[""93010*00534""]";93010;BONDY;93;SIMPLE;"1";"[""93010000AQ0220""]";"395";CL;"1 991";"1 991";"1 991";"1 991";"1";"395";13;SOL;"395";"0";"0";"0";"0";"0";"0";"0";"0";"0";"0";"0";"0";"0";"395";"6";"0";"0";"0";"0";"0";"4";"0";DEPENDANCE;"1";"2";"0";"2";"2";"131";"0";"0";"0";"0";"2";"0";"0";"0";"0";"0";"0";"58";"0";"0";"0";"0";"0";"189";"1";"3";G2;PROPRIETE DIVISEE EN LOT;G2a;G2;99;1;MEME COMMUNE;;"1";"1";"1";"[""R2774E4AH1MT"",""TPFD1AKJHXEB"",""ZEZBNTW7AH3C""]";"3";"121";FF_93010000AQ0220;;;;;;;93010000AQ0220;Copropriété non immatriculée;;"0";;"93 010";"93";"200 054 781";Métropole du Grand Paris;"1 991";"1";"6";"2";"189";"131";"0";"2";"2";"0";"0";"2";"0";"0";"0";"0";"0";"0";"0";"0";"0";"2";"0";"0";"1";"2";"2";"1";"0";"0";"0";;;"0";"0";"0";"0";;;;;;;;;9 B RUE GEORGES GRAFF, BONDY;;;;;;;;;;;;;;;;;;;;;;;;;;;;;;;;;;;;;;;;;;;;;;;;;;;;;;;;;;;;;;;;;"2";DE_1975_A_1993;V;"0";{93010000AQ0220};{93010000AQ0220A};2_FF;R2774E4AH1MT,TPFD1AKJHXEB,ZEZBNTW7AH3C;"3";"121";;;"662 977,041";"6 866 055,543";"662 977,041";"6 866 055,543";"1";;;;"0";"0";;;;;;1;"0";"0";0;"0";"0";"0";"0";"0";"0,5";"1";"0";"0";;;;;;;;;;;;0;"0";"0";"0";;"0";"0";"0";"1";"-1";"-1";"-1";"-1";"0";"0";-1;"-1";;"-1";"0";"0";"0";"0";"3,333";;0;2.5;"0";"2,174";gestion;"12";"4";"0";"3";"5";"0";autres;"390,269";"88,524";Gaz;D;;;;;;;; ;;;;
"10 087";93010000AQ0225;93010*00847;"[""93010*00847""]";93010;BONDY;93;SIMPLE;"1";"[""93010000AQ0225""]";"364";CL;"1 970";"1 970";"1 970";"1 970";"2";"224";13;SOL;"224";"0";"0";"0";"0";"0";"0";"0";"0";"0";"0";"0";"0";"0";"224";"8";"0";"0";"0";"0";"0";"4";"0";MIXTE;"1";"4";"0";"4";"4";"198";"0";"0";"0";"2";"2";"0";"0";"0";"0";"0";"0";"81";"0";"0";"0";"0";"0";"279";"1";"5";G2;PROPRIETE DIVISEE EN LOT;G2a;G2;99;4;FRANCE METROPOLITAINE;;"1";"1";"1";"[""KNRPRV121NBD""]";"1";"99";RNC_AG2785319;AG2785319;2020-10-19 00:00:00.0;2022-07-21 00:00:00.0;SYNDIC ONE 82091825800014;non connu;non connu;93010000AQ0225;Copropriété immatriculée;3_1;"1";OUI;"93 010";"93";"200 054 781";Métropole du Grand Paris;"1 970";"1";"7";"4";"254";"198";"0";"4";"4";"2";"0";"2";"0";"0";"0";"0";"0";"0";"0";"0";"2";"0";"2";"0";"0";"4";"4";"1";"1";"0";"3";2;-59.00;"0";"0";"1";"0";;non connu;non connu;non connu;non connu;Pas de mandat en cours;2023-12-31 00:00:00.0;5 BIS RUE DU BEL AIR;5B r du bel air 93140 Bondy;non connu;non connu;non connu;0;1984-09-25 00:00:00.0;non;non;oui;non connu;0;0;0;11;11;11;0;0;0;0;DE_1961_A_1974;;;;;;;;;;;;;0;non;non connu;non;2021-01-01 00:00:00.0;2021-12-31 00:00:00.0;19/02/2022;4104.0;39633.0;0.0;0.0;0;0.0;non;1968;0;0;0;0;0;0;0;1;individuel;non renseigné;non renseigné;Non renseigné;Non renseigné;non connu;non connu;0;non connu;"4";DE_1961_A_1974;V;"0,5";{93010000AQ0225};{93010000AQ0225A};2_RNIC_FF;KNRPRV121NBD;"1";"99";662845.0987215869;6866084.803233693;"662 845,279";"6 866 085,166";"662 845,099";"6 866 084,803";"0";0;1;;"0";"0";0;0;0;0;;1;"0";"0";0;"0";"0";"0";"0";"1";"0";"0";"25";"0";0;0;0;0.000000000000000000000000;0;0;0.000000000000000000000000;0;;373.0909090909090909;0;0;"0";"0,75";"1";1;"0";"0";"0";"0";"-1";"-1";"-1";"-1";"0";"0";-1;"-1";0;"-1";"0";"0";"0";"0";"2,632";0;3.3333333333333335;0;"0";"1,667";marche;"24";"8";"5";"5";"4";"2";autres;"368,414";"90,013";Gaz;E;;;;;;;;gaz;E;;;
"10 102";93010000AQ0254;93010*00557;"[""93010*00557""]";93010;BONDY;93;PDLMP;"3";"[""93010000AQ0254"",""93010000AQ0256"",""93010000AR0041""]";"5 594";CL;"1 994";"1 995";"1 994";"1 995";"3";"5 594";13;SOL;"5 594";"0";"0";"0";"0";"0";"0";"0";"0";"0";"0";"0";"0";"0";"5 594";"251";"0";"0";"0";"0";"0";"131";"0";DEPENDANCE;"6";"120";"0";"120";"120";"6 670";"190";"5";"0";"79";"36";"0";"0";"0";"0";"0";"49";"1 765";"0";"0";"0";"0";"0";"8 625";"3";"73";G2;PROPRIETE DIVISEE EN LOT;G2a;G2;99;1;MEME COMMUNE;;"3";"3";"3";"[""4A6TSMRYKVMG"",""R2CN7RS16GQM"",""W822NPZWVJ6C""]";"3";"1 775";FF_93010000AQ0254;;;;;;;93010000AQ0254;Copropriété non immatriculée;;"0";;"93 010";"93";"200 054 781";Métropole du Grand Paris;"1 994";"6";"251";"120";"8 625";"6 860";"0";"120";"114";"30";"49";"35";"0";"1";"0";"0";"5";"0";"0";"18";"34";"55";"13";"0";"4";"72";"72";"1,667";"5";"0";"25";;;"0";"0";"7";"0";;;;;;;;;168 RUE EDOUARD VAILLANT, BONDY;;;;;;;;;;;;;;;;;;;;;;;;;;;;;;;;;;;;;;;;;;;;;;;;;;;;;;;;;;;;;;;;;"120";DE_1994_A_2000;V;"0,693";{93010000AQ0254,93010000AQ0256,93010000AR0041};{93010000AQ025401,93010000AQ025402,93010000AQ025403,93010000AQ025404,93010000AQ0254A,93010000AQ0254B};2_FF;4A6TSMRYKVMG,R2CN7RS16GQM,W822NPZWVJ6C;"3";"1 775";;;"662 743,771";"6 866 149,52";"662 743,771";"6 866 149,52";"1";;;;"0";"0";;;;;;1;"0";"0";0.4083333333333333;"0";"1";"0";"37";"1";"0,025";"0";"9";"0";;;;;;;;;;;;0;"0";"0,208";"0";;"0";"0";"1";"0";"-1";"0";"-1";"0";"0";"0";0.06140350877192982;"0";;"0";"0";"0";"0";"0";"4,545";;1.4285714285714286;0;"0";"2,308";gestion;"14";"5";"0";"4";"4";"1";autres;"5 574,486";"321,071";Electricité;D;;;;;;;;electricite;D;;;
"10 106";93010000AQ0263;93010*00638;"[""93010*00638""]";93010;BONDY;93;SIMPLE;"1";"[""93010000AQ0263""]";"403";CL;"1 998";"1 998";"1 998";"1 998";"1";"403";13;SOL;"403";"0";"0";"0";"0";"0";"0";"0";"0";"0";"0";"0";"0";"0";"403";"2";"0";"0";"0";"0";"0";"0";"0";MAISON;"2";"2";"2";"0";"2";"184";"43";"0";"0";"0";"2";"0";"0";"0";"0";"0";"0";"0";"0";"0";"0";"0";"0";"227";"1";"3";G2;PROPRIETE DIVISEE EN LOT;G2a;G2;99;1;MEME COMMUNE;;"1";"1";"1";"[""453M8DP4GF1M""]";"1";"153";RNC_AI7894959;AI7894959;2024-08-07 00:00:00.0;2024-08-07 00:00:00.0;non connu;non connu;non connu;93010000AQ0263;Copropriété immatriculée;1_1;"1";OUI;"93 010";"93";"200 054 781";Métropole du Grand Paris;"1 998";"2";"2";"2";"227";"227";"2";"0";"2";"0";"0";"2";"0";"0";"0";"0";"0";"0";"0";"0";"0";"0";"0";"2";"1";"2";"2";"1";"0";"0";"0";0;;"1";"0";"0";"0";;non connu;non connu;non connu;non connu;Pas de mandat en cours;non connu;SDC AVENUE DES SCIENCES;1bis Avenue des Sciences 93140 Bondy;non connu;non connu;non connu;0;1998-10-14 00:00:00.0;non;non;oui;non connu;0;0;0;2;2;2;0;0;0;0;DE_1994_A_2000;93010;000;AQ;0263;;;;;;;;;1;non;non connu;oui;2024-01-01 00:00:00.0;2024-12-31 00:00:00.0;non connu;;;;;;;non;1996;0;0;0;0;0;0;0;2;individuel;non renseigné;non renseigné;Non renseigné;Non renseigné;non connu;non connu;0;Bondy;"2";DE_1994_A_2000;H;"0";{93010000AQ0263};{93010000AQ0263A,93010000AQ0263B};0;453M8DP4GF1M;"1";"153";663132.5135321952;6865944.854280181;"663 133,896";"6 865 948,475";"663 132,514";"6 865 944,854";"0";0;1;;"0";"0";0;0;0;0;;1;"0";"0";0;"0";"0";"0";"0";"0";"0,5";"1";"0";"0";;;;;;;;;;;;0;"0";"0";"0";;"0";"0";"0";"0";"-1";"-1";"-1";"-1";"0";"0";-1;"-1";0;"-1";"0";"0";"0";"0";"1,765";;0;0;"0";"0,833";gestion;"18";"7";"0";"4";"5";"2";autres;"396,461";"81,754";Gaz;D;;;;;;;;gaz;D;;;
"10 138";93010000AR0010;93010*00269;"[""93010*00269""]";93010;BONDY;93;SIMPLE;"1";"[""93010000AR0010""]";"289";CL;"1 930";"1 976";"1 930";"1 976";"1";"10";13;SOL;"10";"0";"0";"0";"0";"0";"0";"0";"0";"0";"0";"0";"0";"0";"10";"4";"0";"0";"0";"0";"0";"2";"0";MIXTE;"2";"2";"2";"0";"2";"160";"28";"1";"0";"0";"1";"0";"0";"0";"0";"0";"0";"36";"0";"0";"0";"0";"0";"224";"1";"3";G2;PROPRIETE DIVISEE EN LOT;G2a;G2;99;1;MEME COMMUNE;;"1";"1";"1";"[""PNXDP6CJH4YS""]";"1";"138";FF_93010000AR0010;;;;;;;93010000AR0010;Copropriété non immatriculée;;"0";;"93 010";"93";"200 054 781";Métropole du Grand Paris;"1 930";"2";"4";"2";"224";"188";"2";"0";"1";"0";"0";"1";"0";"0";"0";"0";"1";"0";"0";"0";"0";"1";"1";"0";"0";"2";"2";"1";"1";"0";"0";;;"1";"0";"0";"0";;;;;;;;;17 B AV CADERAS, BONDY;;;;;;;;;;;;;;;;;;;;;;;;;;;;;;;;;;;;;;;;;;;;;;;;;;;;;;;;;;;;;;;;;"2";AVANT_1949;H;"0";{93010000AR0010};{93010000AR0010A,93010000AR0010B};2_FF;PNXDP6CJH4YS;"1";"138";;;"662 329,346";"6 866 179,116";"662 329,346";"6 866 179,116";"1";;;;"0";"0";;;;;;1;"0";"0";0;"0";"0";"0";"0";"0";"0";"0";"50";"1";;;;;;;;;;;;0;"0";"0";"0";;"0";"0";"0";"0";"-1";"-1";"-1";"-1";"0";"0";-1;"-1";;"-1";"0";"0";"0";"0";"3,333";;0;2.5;"0";"2";gestion;"13";"4";"0";"3";"5";"1";autres;"295,017";"75,153";Electricité;E;;;;;;;;electricite;E;;;
"10 151";93010000AR0052;93010*00669;"[""93010*00669""]";93010;BONDY;93;PDLMP;"2";"[""93010000AR0052"",""93010000AR0054""]";"1 748";CL;"2 002";"2 002";"2 002";"2 002";"2";"1 748";13;SOL;"1 748";"0";"0";"0";"0";"0";"0";"0";"0";"0";"0";"0";"0";"0";"1 748";"45";"0";"0";"0";"0";"0";"22";"0";DEPENDANCE;"4";"23";"6";"17";"23";"1 667";"175";"1";"0";"8";"14";"0";"0";"0";"0";"0";"0";"282";"0";"0";"0";"0";"0";"2 124";"2";"25";G2;PROPRIETE DIVISEE EN LOT;G2a;G2;99;4;FRANCE METROPOLITAINE;;"2";"2";"2";"[""5SMGRKRX5P9S"",""6NEDS72GSD3J""]";"2";"1 053";RNC_AC4570693;AC4570693;2018-04-24 00:00:00.0;2022-01-28 00:00:00.0;FONCIA MANAGO 30265417300020;non connu;non connu;93010000AR0052;Plusieurs copropriétés immatriculées;2;"2";OUI;"93 010";"93";"200 054 781";Métropole du Grand Paris;"2 002";"4";"45";"23";"2 124";"1 842";"6";"17";"21";"8";"0";"13";"0";"1";"0";"0";"1";"0";"0";"1";"2";"12";"7";"1";"1";"24";"23";"1";"1";"0";"5";6;8.33;"3";"0";"3";"0";;non connu;non connu;non connu;non connu;Pas de mandat en cours;2023-06-30 00:00:00.0;RESIDENCE BONDY JORELLE;39 av marie curie 93140 BONDY;non connu;non connu;non connu;0;2005-02-03 00:00:00.0;non;non;oui;non connu;0;0;0;45;23;23;22;0;0;0;DE_2001_A_2010;;;;;;;;;;;;;0;non;non connu;non;2019-10-01 00:00:00.0;2020-09-30 00:00:00.0;05/04/2021;24630.0;0.0;25.0;1308.0;2;2601.0;non;non renseigné;0;0;0;0;0;0;0;1;individuel;non renseigné;non renseigné;Non renseigné;Non renseigné;non connu;non connu;0;ADRNIVX_0000000268270725;"23";DE_2001_A_2010;M;"0,381";{93010000AR0052,93010000AR0054};{93010000AR005201,93010000AR005202,93010000AR0052A,93010000AR0052B};2_RNIC;5SMGRKRX5P9S,6NEDS72GSD3J;"2";"1 053";662681.9199383968;6866170.365587704;"662 658,752";"6 866 162,787";"662 681,92";"6 866 170,366";"0";1;1;;"0";"0";0;0;0;0;;1;"0";"0";0;"0";"0";"0";"43";"0";"0";"0";"0";"0";0.08333333333333333;0;0;0.05310596833130328867;0;0;0.00101502233049127081;0;;1070.8695652173913043;0;0;"0";"0,217";"0";;"0";"0";"0";"0";"-1";"0";"-1";"0";"0";"0";-1;"0";0;"0";"0";"0";"0";"0";"5";0;0;;"0";"2,222";gestion;"13";"5";"5";"1";"0";"2";autres;"1 741,183";"193,413";Electricité;D;;;;;;;;electricite;D;;;
"10 152";93010000AR0052;93010*00669;"[""93010*00669""]";93010;BONDY;93;PDLMP;"2";"[""93010000AR0052"",""93010000AR0054""]";"1 748";CL;"2 002";"2 002";"2 002";"2 002";"2";"1 748";13;SOL;"1 748";"0";"0";"0";"0";"0";"0";"0";"0";"0";"0";"0";"0";"0";"1 748";"45";"0";"0";"0";"0";"0";"22";"0";DEPENDANCE;"4";"23";"6";"17";"23";"1 667";"175";"1";"0";"8";"14";"0";"0";"0";"0";"0";"0";"282";"0";"0";"0";"0";"0";"2 124";"2";"25";G2;PROPRIETE DIVISEE EN LOT;G2a;G2;99;4;FRANCE METROPOLITAINE;;"2";"2";"2";"[""5SMGRKRX5P9S"",""6NEDS72GSD3J""]";"2";"1 053";RNC_AB2670479;AB2670479;2017-10-13 00:00:00.0;2022-07-12 00:00:00.0;COPRO 2A 44333885000037;non connu;non connu;93010000AR0052;Plusieurs copropriétés immatriculées;3_2;"2";OUI;"93 010";"93";"200 054 781";Métropole du Grand Paris;"2 002";"4";"45";"23";"2 124";"1 842";"6";"17";"21";"8";"0";"13";"0";"1";"0";"0";"1";"0";"0";"1";"2";"12";"7";"1";"1";"24";"23";"1";"1";"0";"5";6;8.33;"3";"0";"3";"0";;non connu;non connu;non connu;non connu;Pas de mandat en cours;2023-09-14 00:00:00.0;RESIDENCE GABRIELLE;160 r edouard vaillant 93140 Bondy;160/164 RUE EDOUARD VAILLANT 93140 BONDY;160/164 RUE EDOUARD VAILLANT 93140 BONDY;164 r edouard vaillant 93140 Bondy;5;1992-12-03 00:00:00.0;non;non;oui;non connu;0;0;0;163;91;91;0;0;0;0;DE_1994_A_2000;;;;;;;;;;;;;0;non;non connu;non;2021-01-01 00:00:00.0;2021-12-31 00:00:00.0;07/06/2022;123146.0;9747.0;4665.0;33903.0;12;12812.0;non;non renseigné;0;0;0;0;0;0;0;1;individuel;non renseigné;non renseigné;Non renseigné;Non renseigné;non connu;non connu;3;non connu;"91";DE_2001_A_2010;M;"0,381";{93010000AR0052,93010000AR0054};{93010000AR005201,93010000AR005202,93010000AR0052A,93010000AR0052B};2_RNIC;5SMGRKRX5P9S,6NEDS72GSD3J;"2";"1 053";662696.4755341905;6866187.619161129;"662 673,89";"6 866 168,255";"662 696,476";"6 866 187,619";"0";0;1;;"0";"0";0;0;0;0;;1;"0";"0";0;"0";"0";"0";"43";"0";"0";"0";"0";"0";0.5;1;0;0.25511501734478113971;1;0;0.03510342907451859767;0;;1287.3186813186813187;0;0;"0";"0,055";"0";;"0";"0";"1";"0";"-1";"0";"-1";"0";"0";"0";-1;"0";0;"0";"0";"0";"0";"0";"2,5";4;10;;"0";"2,963";marche;"13";"5";"5";"1";"0";"2";a surveiller;"1 741,183";"193,413";Electricité;D;;;;;;;;electricite;D;;;
"10 153";93010000AR0053;93010*00682;"[""93010*00682""]";93010;BONDY;93;SIMPLE;"1";"[""93010000AR0053""]";"926";CL;"2 001";"2 001";"2 001";"2 001";"1";"926";13;SOL;"926";"0";"0";"0";"0";"0";"0";"0";"0";"0";"0";"0";"0";"0";"926";"12";"0";"0";"0";"0";"0";"4";"0";MIXTE;"3";"8";"4";"4";"8";"491";"0";"0";"0";"4";"4";"0";"0";"0";"0";"0";"0";"48";"0";"0";"0";"0";"0";"539";"1";"10";G2;PROPRIETE DIVISEE EN LOT;G2a;G2;99;1;MEME COMMUNE;;"1";"1";"1";"[""RHCQCQRX64ZW"",""S9WBC3Q4MSRQ"",""VA7MEA4A63WP""]";"3";"302";RNC_AE0110809;AE0110809;2018-12-07 00:00:00.0;2023-07-03 00:00:00.0;BERYL IMMOBILIER 39908255100041;non;non;93010000AR0053;Copropriété immatriculée;3_1;"1";OUI;"93 010";"93";"200 054 781";Métropole du Grand Paris;"2 001";"3";"12";"8";"539";"491";"4";"4";"8";"4";"0";"4";"0";"0";"0";"0";"0";"0";"0";"1";"0";"5";"2";"0";"1";"9";"8";"1";"0";"0";"4";1;-43.00;"1";"0";"1";"0";;professionnel;BERYL IMMOBILIER 39908255100041;6832A;PARIS 11;Mandat en cours;2025-05-02 00:00:00.0;Copro 8 Bondy Jorelle;14B av marie curie 93140 Bondy;16 av marie curie 93140 Bondy;14T av marie curie 93140 Bondy;non connu;2;2001-12-07 00:00:00.0;non;non;oui;non connu;0;0;0;12;8;8;4;0;0;0;NON_CONNUE;;;;;;;;;;;;;0;non;non connu;non;2022-01-01 00:00:00.0;2022-12-31 00:00:00.0;02/05/2023;10157.0;0.0;3096.0;4903.0;1;0.0;non;non renseigné;0;0;0;0;0;0;0;1;individuel;non renseigné;non renseigné;Non renseigné;Non renseigné;non connu;non connu;0;ADRNIVX_0000000268271829;"8";DE_2001_A_2010;M;"0,5";{93010000AR0053};{93010000AR005301,93010000AR005306,93010000AR0053E};2_RNIC_FF;RHCQCQRX64ZW,S9WBC3Q4MSRQ,VA7MEA4A63WP;"3";"302";662614.4157212067;6866140.220793712;"662 607,935";"6 866 136,66";"662 614,416";"6 866 140,221";"0";0;0;0;"0";"0";0;0;0;0;0;1;"0";"0";0;"0";"0";"0";"67";"0";"0,125";"0";"0";"0";0.1111111111111111;0;0;0.48272127596731318303;1;0;0.30481441370483410456;0;;1269.6250000000000000;0;0;"0";"0,5";"1";1;"1";"1";"0";"0";"-1";"0";"-1";"1";"0";"0";-1;"0";0;"0";"0";"0";"0";"0";"0";3;6.666666666666667;3.3333333333333335;"0";"2,2";marche;"25";"9";"5";"5";"4";"2";autres;"925,361";"138,177";Electricité;D;;;;;;;;electricite;D;;;
"10 157";93010000AR0058;93010*00665;"[""93010*00665""]";93010;BONDY;93;SIMPLE;"1";"[""93010000AR0058""]";"2 140";CL;"2 002";"2 002";"2 002";"2 002";"1";"2 140";13;SOL;"2 140";"0";"0";"0";"0";"0";"0";"0";"0";"0";"0";"0";"0";"0";"2 140";"31";"0";"0";"0";"0";"0";"17";"0";DEPENDANCE;"8";"14";"10";"4";"14";"970";"40";"0";"0";"2";"12";"0";"0";"0";"0";"0";"0";"246";"0";"0";"0";"0";"0";"1 256";"1";"16";G2;PROPRIETE DIVISEE EN LOT;G2a;G2;99;4;FRANCE METROPOLITAINE;;"1";"1";"1";"[""2KCNJT3MXJDR"",""44T8TSK7EQKD"",""9RF7Z1NCSVVX"",""MJEB7RW2J4QW"",""NA8AD35JVC2W"",""PJZJCS7NATKG"",""Q9XAH1WRHNPQ""]";"7";"739";RNC_AC4571352;AC4571352;2018-04-24 00:00:00.0;2022-01-28 00:00:00.0;FONCIA MANAGO 30265417300020;non connu;non connu;93010000AR0058;Copropriété immatriculée;3_2;"1";OUI;"93 010";"93";"200 054 781";Métropole du Grand Paris;"2 002";"8";"31";"14";"1 256";"1 010";"10";"4";"14";"2";"0";"12";"0";"0";"0";"0";"0";"0";"0";"1";"0";"5";"7";"1";"1";"15";"14";"1";"0";"0";"4";0;;"0";"0";"0";"0";;non connu;non connu;non connu;non connu;Pas de mandat en cours;2023-06-30 00:00:00.0;RESIDENCE BONDY JORELLE/COPRO2;1 av marie curie 93140 Bondy;non connu;non connu;non connu;0;2005-06-27 00:00:00.0;non;non;oui;non connu;1;0;0;31;14;14;17;0;0;0;DE_2001_A_2010;;;;;;;;;;;;;0;non;non connu;non;2019-10-01 00:00:00.0;2020-09-30 00:00:00.0;05/04/2021;11238.0;0.0;0.0;1705.0;2;1659.0;non;non renseigné;0;0;0;0;0;0;0;1;individuel;non renseigné;non renseigné;Non renseigné;Non renseigné;non connu;non connu;0;ADRNIVX_0000000268273915;"14";DE_2001_A_2010;M;"0,143";{93010000AR0058};{93010000AR0058A,93010000AR0058B,93010000AR0058C,93010000AR0058D,93010000AR0058E,93010000AR0058F,93010000AR0058G,93010000AR0058H};2_RNIC_FF;2KCNJT3MXJDR,44T8TSK7EQKD,9RF7Z1NCSVVX,MJEB7RW2J4QW,NA8AD35JVC2W,PJZJCS7NATKG,Q9XAH1WRHNPQ;"7";"739";662617.501642589;6866039.007889724;"662 643,876";"6 866 079,499";"662 617,502";"6 866 039,008";"0";1;1;;"0";"0";0;1;0;1;;1;"0";"0";0;"0";"0";"0";"50";"0";"0,071";"0";"0";"0";0.13333333333333333;0;0;0.15171738743548674141;0;0;0.000000000000000000000000;0;;802.7142857142857143;0;0;"0";"0,286";"0";;"0";"0";"0";"0";"-1";"0";"-1";"1";"0";"0";-1;"0";0;"0";"0";"0";"0";"0";"4,211";0;0;2.5;"0";"2,174";gestion;"23";"8";"5";"4";"5";"1";autres;"2 144,232";"210,026";Electricité;D;;;;;;;;electricite;;;;
"10 158";93010000AR0067;93010*00688;"[""93010*00688""]";93010;BONDY;93;SIMPLE;"1";"[""93010000AR0067""]";"756";CL;"2 001";"2 001";"2 001";"2 001";"1";"756";13;SOL;"756";"0";"0";"0";"0";"0";"0";"0";"0";"0";"0";"0";"0";"0";"756";"8";"0";"0";"0";"0";"0";"4";"0";MIXTE;"5";"4";"4";"0";"4";"321";"0";"0";"0";"0";"3";"1";"0";"0";"0";"0";"0";"48";"0";"0";"0";"0";"0";"369";"1";"5";G2;PROPRIETE DIVISEE EN LOT;G2a;G2;99;1;MEME COMMUNE;;"1";"1";"1";"[""5F34R5ZPMTSF"",""DXGW6GFNMRGX"",""M21FMQMKMKHF"",""MN1GRD8216N4"",""QAS166EP6JBE""]";"5";"273";FF_93010000AR0067;;;;;;;93010000AR0067;Copropriété non immatriculée;;"0";;"93 010";"93";"200 054 781";Métropole du Grand Paris;"2 001";"5";"8";"4";"369";"321";"4";"0";"4";"0";"0";"3";"1";"0";"0";"0";"0";"0";"0";"0";"0";"1";"2";"1";"0";"4";"4";"1";"0";"0";"0";;;"1";"0";"0";"0";;;;;;;;;26 AV MARIE CURIE, BONDY;;;;;;;;;;;;;;;;;;;;;;;;;;;;;;;;;;;;;;;;;;;;;;;;;;;;;;;;;;;;;;;;;"4";DE_2001_A_2010;H;"0";{93010000AR0067};{93010000AR006701,93010000AR0067A,93010000AR0067B,93010000AR0067C,93010000AR0067D};2_FF;5F34R5ZPMTSF,DXGW6GFNMRGX,M21FMQMKMKHF,MN1GRD8216N4,QAS166EP6JBE;"5";"273";;;"662 625,893";"6 866 159,21";"662 625,893";"6 866 159,21";"1";;;;"0";"0";;;;;;1;"0";"0";0;"0";"0";"0";"0";"0";"0";"0";"0";"0";;;;;;;;;;;;0;"0";"0";"0";;"0";"0";"0";"0";"-1";"-1";"-1";"-1";"0";"0";-1;"-1";;"-1";"0";"0";"0";"0";"3,333";;0;0;"0";"1,304";gestion;"12";"4";"0";"3";"4";"1";autres;"755,417";"118,505";Electricité;E;;;;;;;;electricite;E;;;
"10 160";93010000AR0060;93010*00666;"[""93010*00666""]";93010;BONDY;93;SIMPLE;"1";"[""93010000AR0060""]";"5 885";CL;"2 002";"2 002";"2 002";"2 002";"1";"5 885";13;SOL;"5 885";"0";"0";"0";"0";"0";"0";"0";"0";"0";"0";"0";"0";"0";"5 885";"85";"0";"0";"0";"0";"0";"42";"0";DEPENDANCE;"42";"43";"40";"3";"43";"3 455";"12";"1";"0";"4";"38";"0";"0";"0";"0";"0";"0";"627";"0";"0";"0";"0";"0";"4 094";"1";"44";G2;PROPRIETE DIVISEE EN LOT;G2a;G2;99;4;FRANCE METROPOLITAINE;;"1";"1";"1";"[""34KJADMC3FX4"",""4RWYGV1MR9EF"",""6HF15CSZ1887"",""9K1RF3MYQ12F"",""9QG3KJZYY8RN"",""AJV5JJPJ4SYF"",""B5F62S8JSNWV"",""DF2GH39WTP9Z"",""F157ZEK84MKT"",""G6YPHR8C9VV2"",""K7EN8Y8ZZS7K"",""KBCYS4BGRG3W"",""T1YRRDYB1YR8"",""VGAY9J1NHM71"",""WPFF26PF9Y3N"",""WPT8W99FX6GJ"",""Z6MTKVBYT11P"",""ZWJZV46N423S"",""ZX21HCY2DG4P"",""ZYGPZBXQMWE7""]";"20";"2 829";RNC_AF2720399;AF2720399;2020-05-12 00:00:00.0;2023-09-21 00:00:00.0;BERYL IMMOBILIER 39908255100041;non;non;93010000AR0060;Copropriété immatriculée;3_1;"1";OUI;"93 010";"93";"200 054 781";Métropole du Grand Paris;"2 002";"42";"85";"43";"4 094";"3 467";"40";"3";"41";"4";"0";"37";"0";"1";"0";"0";"1";"0";"0";"0";"0";"10";"22";"11";"1";"43";"43";"1";"1";"0";"8";2;16.00;"4";"0";"0";"0";;professionnel;BERYL IMMOBILIER 39908255100041;6832A;PARIS 11;Mandat en cours;2025-03-06 00:00:00.0;SDC BONDY JORELLE;30 av genevieve anthonioz de gaulle 93140 Bondy;r marguerite duras, 93140 Bondy;non connu;non connu;1;2002-04-15 00:00:00.0;non;non;oui;non connu;1;0;0;85;43;43;42;0;0;0;NON_CONNUE;;;;;;;;;;;;;0;non;non connu;non;2021-10-01 00:00:00.0;2022-09-30 00:00:00.0;06/03/2023;31253.0;0.0;5683.0;14635.0;15;0.0;non;non renseigné;1;0;0;0;0;0;0;0;individuel;non renseigné;non renseigné;Non renseigné;Non renseigné;non connu;non connu;0;non connu;"43";DE_2001_A_2010;M;"0,098";{93010000AR0060};{93010000AR006001,93010000AR006002,93010000AR006003,93010000AR006004,93010000AR006005,93010000AR006006,93010000AR006007,93010000AR006008,93010000AR006009,93010000AR006010,93010000AR006011,93010000AR006012,93010000AR006013,93010000AR006014,93010000AR00601;2_RNIC_FF;34KJADMC3FX4,4RWYGV1MR9EF,6HF15CSZ1887,9K1RF3MYQ12F,9QG3KJZYY8RN,AJV5JJPJ4SYF,B5F62S8JSNWV,DF2GH39WTP9Z,F157ZEK84MKT,G6YPHR8C9VV2,K7EN8Y8ZZS7K,KBCYS4BGRG3W,T1YRRDYB1YR8,VGAY9J1NHM71,WPFF26PF9Y3N,WPT8W99FX6GJ,Z6MTKVBYT11P,ZWJZV46N423S,ZX21HCY2DG4P,ZYGPZBX;"20";"2 829";662569.0468210707;6866052.220279415;"662 573,111";"6 866 087,71";"662 569,047";"6 866 052,22";"0";0;0;0;"0";"0";0;1;0;1;0;1;"0";"0";0;"0";"0";"0";"33";"1";"0,023";"0";"0";"0";0.3488372093023256;0;1;0.46827504559562282021;1;1;0.18183854349982401689;0;;726.8139534883720930;0;0;"0";"0,186";"0";0;"0";"0";"0";"0";"0";"0";"0";"0";"0";"0";;"0";0;"0";"0";"0";"0";"0";"1,905";6;0;0;"0";"1,923";finan;"26";"9";"5";"5";"5";"2";autres;"5 890,423";"326,432";Electricité;D;;;;;;;;electricite;D;;;
"10 161";93010000AR0062;93010*00670;"[""93010*00670""]";93010;BONDY;93;SIMPLE;"1";"[""93010000AR0062""]";"1 590";CL;"2 002";"2 002";"2 002";"2 002";"1";"1 590";13;SOL;"1 590";"0";"0";"0";"0";"0";"0";"0";"0";"0";"0";"0";"0";"0";"1 590";"20";"0";"0";"0";"0";"0";"10";"0";MIXTE;"10";"10";"10";"0";"10";"798";"0";"0";"0";"0";"10";"0";"0";"0";"0";"0";"0";"150";"0";"0";"0";"0";"0";"948";"1";"11";G2;PROPRIETE DIVISEE EN LOT;G2a;G2;99;4;FRANCE METROPOLITAINE;;"1";"1";"1";"[""6W5RWTHGQKE4"",""93C28FM7SFSH"",""AEKBZWSFHW2Q"",""K47DGCQTTCAJ"",""QQG7CN7V2H8E""]";"5";"676";FF_93010000AR0062;;;;;;;93010000AR0062;Copropriété non immatriculée;;"0";;"93 010";"93";"200 054 781";Métropole du Grand Paris;"2 002";"10";"20";"10";"948";"798";"10";"0";"10";"0";"0";"10";"0";"0";"0";"0";"0";"0";"0";"0";"0";"3";"5";"2";"1";"10";"10";"1";"0";"0";"1";;;"1";"0";"0";"0";;;;;;;;;2 RUE MARGUERITE DURAS, BONDY;;;;;;;;;;;;;;;;;;;;;;;;;;;;;;;;;;;;;;;;;;;;;;;;;;;;;;;;;;;;;;;;;"10";DE_2001_A_2010;H;"0";{93010000AR0062};{93010000AR006201,93010000AR006202,93010000AR006203,93010000AR006204,93010000AR006205,93010000AR006206,93010000AR006207,93010000AR006208,93010000AR006209,93010000AR006210};2_FF;6W5RWTHGQKE4,93C28FM7SFSH,AEKBZWSFHW2Q,K47DGCQTTCAJ,QQG7CN7V2H8E;"5";"676";;;"662 503,36";"6 866 091,648";"662 503,36";"6 866 091,648";"1";;;;"0";"0";;;;;;1;"0";"0";0;"0";"0";"0";"0";"0";"0,1";"0";"0";"0";;;;;;;;;;;;0;"0";"0,1";"0";;"0";"0";"0";"0";"0";"0";"0";"0";"0";"0";;"0";;"0";"0";"0";"0";"0";"3,333";;0;0;"0";"1,154";gestion;"14";"4";"0";"4";"5";"1";autres;"1 588,714";"172,604";Electricité;D;;;;;;;;electricite;;;;
"10 165";93010000AR0066;93010*00667;"[""93010*00667""]";93010;BONDY;93;SIMPLE;"1";"[""93010000AR0066""]";"2 067";CL;"2 002";"2 002";"2 002";"2 002";"1";"2 067";13;SOL;"2 067";"0";"0";"0";"0";"0";"0";"0";"0";"0";"0";"0";"0";"0";"2 067";"42";"0";"0";"0";"0";"0";"23";"0";DEPENDANCE;"5";"19";"4";"15";"19";"1 180";"53";"0";"0";"3";"16";"0";"0";"0";"0";"0";"0";"345";"0";"0";"0";"0";"0";"1 578";"1";"27";G2;PROPRIETE DIVISEE EN LOT;G2a;G2;99;4;FRANCE METROPOLITAINE;;"1";"1";"1";"[""9R4ZKKGTP2XB"",""KXYCQ3WTE6FJ"",""MJXYNGYF5EAW"",""STFQFWW69HA2"",""WTPW42F4N25P""]";"5";"899";RNC_AD2697795;AD2697795;2018-12-11 00:00:00.0;2021-04-01 00:00:00.0;M Andres HENAO;non connu;non connu;93010000AR0066;Copropriété immatriculée;1_1;"1";OUI;"93 010";"93";"200 054 781";Métropole du Grand Paris;"2 002";"5";"42";"19";"1 578";"1 233";"4";"15";"19";"3";"0";"16";"0";"0";"0";"0";"0";"0";"0";"0";"8";"8";"3";"0";"0";"26";"19";"1";"0";"0";"8";5;1.00;"0";"0";"2";"0";;non connu;non connu;non connu;non connu;Pas de mandat en cours;2022-01-30 00:00:00.0;SDC 4 ALLEE CONDORCET BONDY;4 all condorcet 93140 Bondy;imp haydn, 93140 Bondy;non connu;non connu;1;2001-07-24 00:00:00.0;non;non;oui;non connu;1;0;0;42;19;19;23;0;0;0;DE_2001_A_2010;93010;000;AR;0066;;;;;;;;;1;non;non connu;non;2019-10-01 00:00:00.0;2020-09-30 00:00:00.0;24/03/2021;18182.0;1841.0;2165.0;17200.0;1;860.0;non;2002;0;0;0;0;0;0;0;4;individuel;non renseigné;non renseigné;Non renseigné;Non renseigné;non connu;non connu;0;non connu;"19";DE_2001_A_2010;M;"0,158";{93010000AR0066};{93010000AR0066A,93010000AR0066B,93010000AR0066C,93010000AR0066D,93010000AR0066E};2_RNIC_FF;9R4ZKKGTP2XB,KXYCQ3WTE6FJ,MJXYNGYF5EAW,STFQFWW69HA2,WTPW42F4N25P;"5";"899";662582.9875717829;6866178.454617224;"662 587,476";"6 866 159,006";"662 582,988";"6 866 178,455";"0";1;1;;"0";"0";0;1;0;1;;1;"0";"0";0;"0";"0";"0";"100";"0";"0";"0";"4";"0";0.038461538461538464;0;0;0.85901213604354991759;1;0;0.10812565549617939370;0;;956.9473684210526316;0;0;"0";"0,421";"1";0;"0";"0";"0";"0";"-1";"0";"-1";"1";"0";"0";-1;"0";0;"0";"0";"0";"0";"0";"4,211";3;1.1111111111111112;3.3333333333333335;"0";"2,917";gestion;"24";"8";"5";"5";"4";"2";a surveiller;"2 063,358";"217,224";Electricité;C;;;;;;;;electricite;C;;;
"10 166";93010000AR0068;93010*00668;"[""93010*00668""]";93010;BONDY;93;SIMPLE;"1";"[""93010000AR0068""]";"1 314";CLV;"2 002";"2 002";"2 002";"2 002";"1";"1 314";13;SOL;"1 314";"0";"0";"0";"0";"0";"0";"0";"0";"0";"0";"0";"0";"0";"1 314";"70";"0";"0";"0";"0";"0";"36";"0";DEPENDANCE;"2";"34";"0";"34";"34";"2 122";"149";"4";"0";"8";"22";"0";"0";"3";"0";"0";"0";"451";"0";"0";"0";"0";"0";"2 722";"1";"36";G2;PROPRIETE DIVISEE EN LOT;G2a;G2;99;4;FRANCE METROPOLITAINE;;"1";"1";"1";"[""MMF7HA3VFS4X""]";"1";"565";RNC_AD0771568;AD0771568;2018-08-13 00:00:00.0;2024-04-04 00:00:00.0;CITYA GALLIENI 39187849300033;non;non;93010000AR0068;Copropriété immatriculée;3_2;"1";OUI;"93 010";"93";"200 054 781";Métropole du Grand Paris;"2 002";"2";"70";"34";"2 722";"2 271";"0";"34";"29";"8";"0";"21";"0";"1";"0";"0";"4";"1";"0";"1";"11";"7";"13";"2";"3";"35";"34";"1";"4";"0";"10";7;-4.86;"0";"0";"16";"2";;professionnel;CITYA GALLIENI 39187849300033;6832A;ROSNY-SOUS-BOIS;Mandat en cours;2026-06-30 00:00:00.0;SDC 156 VAILLANT;156 r edouard vaillant 93140 Bondy;28 av marie curie 93140 Bondy;non connu;non connu;1;2001-07-24 00:00:00.0;non;non;oui;non connu;1;0;0;70;34;34;27;0;0;0;DE_2001_A_2010;;;;;;;;;;;;;0;non;non connu;non;2022-10-01 00:00:00.0;2023-12-31 00:00:00.0;02/04/2024;66280.0;11912.0;3178.0;18231.0;5;15783.0;non;2001;0;0;0;0;0;0;0;2;individuel;non renseigné;non renseigné;Non;Sans objet;non connu;non connu;1;ADRNIVX_0000000268270733;"34";DE_2001_A_2010;V;"0,276";{93010000AR0068};{93010000AR0068A,93010000AR0068B};2_RNIC_FF;MMF7HA3VFS4X;"1";"565";662623.9229643509;6866204.544873604;"662 614,696";"6 866 190,336";"662 623,923";"6 866 204,545";"0";0;0;0;"0";"0";0;1;0;1;0;1;"0";"0";0;"0";"3";"0";"17";"1";"0,088";"0";"3";"0";0.14285714285714285;0;0;0.23315684468999386126;0;0;0.04064354409658277062;0;;1890.5882352941176471;1;0;"0";"0,294";"0";0;"2";"1";"0";"0";"-1";"0";"-1";"0";"5";"0";-1;"0";0;"0";"0";"0";"0";"0";"1,905";1;3.3333333333333335;0;"0";"1,6";marche;"25";"9";"5";"5";"4";"2";autres;"1 311,04";"171,769";Electricité;D;;;;;;;;electricite;D;;;
"10 222";93010000AR0128;93010*00679;"[""93010*00679""]";93010;BONDY;93;SIMPLE;"1";"[""93010000AR0128""]";"137";CL;"2 002";"2 002";"2 002";"2 002";"1";"137";13;SOL;"137";"0";"0";"0";"0";"0";"0";"0";"0";"0";"0";"0";"0";"0";"137";"7";"0";"0";"0";"0";"0";"6";"0";DEPENDANCE;"1";"1";"0";"1";"1";"74";"23";"0";"0";"1";"0";"0";"0";"0";"0";"0";"0";"112";"0";"0";"0";"0";"0";"209";"1";"7";G2;PROPRIETE DIVISEE EN LOT;G2a;G2;99;3;MEME REGION;;"1";"1";"1";"[""SMF21QQNC6EB""]";"1";"115";RNC_AG4664413;AG4664413;2020-11-16 00:00:00.0;2020-11-16 00:00:00.0;non connu;non connu;non connu;93010000AR0128;Copropriété immatriculée;1_1;"1";OUI;"93 010";"93";"200 054 781";Métropole du Grand Paris;"2 002";"1";"7";"1";"209";"97";"0";"1";"1";"1";"0";"0";"0";"0";"0";"0";"0";"0";"0";"0";"0";"0";"1";"0";"0";"6";"1";"1";"0";"0";"1";0;;"0";"0";"0";"0";;non connu;non connu;non connu;non connu;Pas de mandat en cours;non connu;SDC 19 ALLEE GABRIELLE;19 all gabrielle 93140 Bondy;non connu;non connu;non connu;0;2001-10-25 00:00:00.0;non;non connu;oui;non connu;0;0;0;7;1;1;6;0;0;0;DE_2001_A_2010;93010;000;AR;0128;;;;;;;;;1;non;non connu;non renseigné;non connu;non connu;non connu;;;;;;;non renseigné;2002;0;0;0;0;0;0;0;1;individuel;non renseigné;non renseigné;Non renseigné;Non renseigné;non connu;non connu;0;ADRNIVX_0000000268271824;"1";DE_2001_A_2010;V;"1";{93010000AR0128};{93010000AR0128A};2_RNIC_FF;SMF21QQNC6EB;"1";"115";662692.3013326575;6866120.146976383;"662 691,007";"6 866 114,417";"662 692,301";"6 866 120,147";"0";1;1;;"0";"0";0;0;0;0;;1;"0";"1";0;"0";"0";"0";"0";"1";"0";"0";"17";"0";;;;;;;;;;;;0;"0";"1";"1";;"0";"0";"0";"0";"-1";"-1";"-1";"-1";"0";"0";-1;"-1";0;"-1";"0";"0";"0";"0";"5,789";;1.4285714285714286;0;"0";"3,529";gestion;"16";"8";"0";"4";"3";"1";présumée fragile;"135,136";"46,601";Electricité;E;;;;;;;; ;;;;
"10 225";93010000AR0148;93010*00684;"[""93010*00684""]";93010;BONDY;93;SIMPLE;"1";"[""93010000AR0148""]";"1 787";CL;"2 002";"2 003";"2 002";"2 003";"1";"1 787";13;SOL;"1 787";"0";"0";"0";"0";"0";"0";"0";"0";"0";"0";"0";"0";"0";"1 787";"22";"0";"0";"0";"0";"0";"11";"0";DEPENDANCE;"6";"11";"10";"1";"11";"977";"0";"0";"0";"1";"10";"0";"0";"0";"0";"0";"0";"170";"0";"0";"0";"0";"0";"1 147";"1";"12";G2;PROPRIETE DIVISEE EN LOT;G2a;G2;99;4;FRANCE METROPOLITAINE;;"1";"1";"1";"[""5JPWCA1CJ333"",""EQCQA1AZZR9Q"",""Q4Z6TPXHQGTW"",""S4XV561P6CH4"",""S996HNE12MV2"",""V3CBKB5R29W9""]";"6";"781";RNC_AD3005907;AD3005907;2018-09-13 00:00:00.0;2024-04-26 00:00:00.0;M joel omont;non connu;non connu;93010000AR0148;Copropriété immatriculée;1_1;"1";OUI;"93 010";"93";"200 054 781";Métropole du Grand Paris;"2 002";"6";"22";"11";"1 147";"977";"10";"1";"10";"1";"0";"9";"0";"1";"0";"0";"0";"0";"0";"0";"0";"4";"3";"4";"0";"11";"11";"1";"0";"0";"0";0;;"1";"0";"1";"0";;non connu;non connu;non connu;non connu;Pas de mandat en cours;2024-04-26 00:00:00.0;copropriété 10 de la Résidence Apollonia;51 av genevieve anthonioz de gaulle 93140 Bondy;non connu;non connu;non connu;0;2002-03-19 00:00:00.0;non;non;oui;non connu;0;0;0;21;11;11;10;0;0;0;DE_2001_A_2010;93010;000;AR;0148;;;;;;;;;1;non;non connu;non;2023-01-01 00:00:00.0;2023-12-31 00:00:00.0;07/04/2024;1551.0;0.0;0.0;219.0;0;0.0;non;2002;0;0;0;0;0;0;0;6;individuel;non renseigné;non renseigné;Non;Sans objet;6;94.0;0;ADRNIVX_0000000268273942;"11";DE_2001_A_2010;M;"0,1";{93010000AR0148};{93010000AR0148A,93010000AR0148B,93010000AR0148C,93010000AR0148D,93010000AR0148E,93010000AR0148F};2_RNIC_FF;5JPWCA1CJ333,EQCQA1AZZR9Q,Q4Z6TPXHQGTW,S4XV561P6CH4,S996HNE12MV2,V3CBKB5R29W9;"6";"781";662510.3912216861;6866052.71100074;"662 507,397";"6 866 044,068";"662 510,391";"6 866 052,711";"0";0;0;;"0";"0";0;0;0;0;;1;"0";"0";0;"0";"0";"0";"100";"0";"0";"0";"0";"0";0;0;0;0.14119922630560928433;0;1;0.00000000000000000000;0;;141.0000000000000000;0;0;"0";"0";"0";;"0";"0";"0";"0";"-1";"0";"-1";"0";"0";"0";-1;"0";0;"0";"0";"0";"0";"0";"0";3;0;0;"0";"0,625";finan;"24";"8";"5";"4";"5";"2";autres;"1 780,775";"211,046";Electricité;D;;;;;;;;electricite;D;;;
"10 226";93010000AR0172;93010*00700;"[""93010*00700""]";93010;BONDY;93;PDLMP;"2";"[""93010000AR0172"",""93010000AR0187""]";"1 737";CL;"2 005";"2 005";"2 005";"2 005";"2";"1 737";13;SOL;"1 737";"0";"0";"0";"0";"0";"0";"0";"0";"0";"0";"0";"0";"0";"1 737";"24";"0";"0";"0";"0";"0";"12";"0";MIXTE;"5";"12";"12";"0";"12";"941";"0";"0";"0";"0";"12";"0";"0";"0";"0";"0";"0";"168";"0";"0";"0";"0";"0";"1 109";"2";"13";G2;PROPRIETE DIVISEE EN LOT;G2a;G2;99;1;MEME COMMUNE;;"2";"2";"2";"[""4TQYSH4ZH6NS"",""F4NQRBS4338M"",""HJGX7VMPZYBE"",""T2D14B15AJYM"",""VT9KZBPTVE6A"",""Y55C1JMJB1WW""]";"6";"824";RNC_AC1323658;AC1323658;2018-02-15 00:00:00.0;2019-10-09 00:00:00.0;FONCIA MARNE EUROPE 34927094200015;non connu;non connu;93010000AR0172;Copropriété immatriculée;3_2;"1";OUI;"93 010";"93";"200 054 781";Métropole du Grand Paris;"2 005";"5";"24";"12";"1 109";"941";"12";"0";"12";"0";"0";"12";"0";"0";"0";"0";"0";"0";"0";"0";"0";"2";"8";"2";"0";"12";"12";"1";"0";"0";"1";0;;"0";"0";"0";"0";;non connu;non connu;non connu;non connu;Pas de mandat en cours;2021-09-12 00:00:00.0;COPROPRIETE 18;1-7 r rudyard kipling 93140 Bondy;9-17 r theodore monod 93140 Bondy;non connu;non connu;1;2009-06-15 00:00:00.0;non;non;oui;non connu;0;0;0;21;12;12;0;0;0;0;DE_2001_A_2010;;;;;;;;;;;;;0;non;non connu;non;2018-04-01 00:00:00.0;2019-03-31 00:00:00.0;23/09/2019;8405.0;0.0;2027.0;0.0;0;804.0;non;non renseigné;0;0;0;0;0;0;0;12;individuel;non renseigné;non renseigné;Non renseigné;Non renseigné;non connu;non connu;0;non connu;"12";DE_2001_A_2010;H;"0";{93010000AR0172,93010000AR0187};{93010000AR0172A,93010000AR0172B,93010000AR0172C,93010000AR0172D,93010000AR0172E};2_RNIC_FF;4TQYSH4ZH6NS,F4NQRBS4338M,HJGX7VMPZYBE,T2D14B15AJYM,VT9KZBPTVE6A,Y55C1JMJB1WW;"6";"824";662379.7740266924;6866059.674329428;"662 369,939";"6 866 069,24";"662 379,774";"6 866 059,674";"0";1;1;;"0";"0";0;0;0;0;;1;"0";"0";0;"0";"0";"0";"0";"0";"0";"0";"0";"0";0;0;0;0.00000000000000000000;0;0;0.24116597263533610946;0;;700.4166666666666667;0;0;"0";"0,083";"0";;"0";"0";"0";"0";"0";"0";"0";"0";"0";"0";;"0";0;"0";"0";"0";"0";"0";"3,529";0;0;0;"0";"1,364";gestion;"22";"7";"5";"4";"5";"1";autres;"1 729,323";"183,3";Electricité;D;;;;;;;; ;;;;
"10 228";93010000AR0153;93010*00687;"[""93010*00687""]";93010;BONDY;93;PDLMP;"2";"[""93010000AR0153"",""93010000AR0156""]";"1 918";CL;"2 003";"2 003";"2 003";"2 003";"2";"1 918";13;SOL;"1 918";"0";"0";"0";"0";"0";"0";"0";"0";"0";"0";"0";"0";"0";"1 918";"22";"0";"0";"0";"0";"0";"11";"0";MIXTE;"9";"11";"11";"0";"11";"916";"9";"0";"0";"2";"9";"0";"0";"0";"0";"0";"0";"165";"0";"0";"0";"0";"0";"1 090";"2";"12";G2;PROPRIETE DIVISEE EN LOT;G2a;G2;99;4;FRANCE METROPOLITAINE;;"2";"2";"2";"[""6EZ2DHYRAK4S"",""6PG8QCZNY3ZE"",""8ZYHR9CB74B3"",""9KYFMKBR4PNF"",""CVMK536X3QK4"",""FGD7F7RATE64"",""PQ3F7SWQK1YT"",""QC1DTNSVS2S1""]";"8";"822";RNC_AH3564366;AH3564366;2022-03-21 00:00:00.0;2022-03-20 00:00:00.0;M Jamal Mourchid;non connu;non connu;93010000AR0153;Copropriété immatriculée;1_1;"1";OUI;"93 010";"93";"200 054 781";Métropole du Grand Paris;"2 003";"9";"22";"11";"1 090";"925";"11";"0";"11";"2";"0";"9";"0";"0";"0";"0";"0";"0";"0";"0";"0";"4";"4";"3";"0";"11";"11";"1";"0";"0";"1";0;;"3";"0";"0";"0";;non connu;non connu;non connu;non connu;Pas de mandat en cours;2024-05-15 00:00:00.0;Jorelle Neuf;104 rue Édouard vaillant, 93140 Bondy;17, av Geneviève Anthonioz de gaulle, 93140 Bondy;non connu;non connu;1;2002-03-19 00:00:00.0;non;non;oui;non connu;0;0;0;23;11;11;11;0;0;0;DE_2001_A_2010;93010;000;AR;0154;93010;000;AR;0153;;;;;2;non;non connu;non;2020-10-01 00:00:00.0;2021-09-30 00:00:00.0;14/11/2021;2681.0;0.0;0.0;5314.0;3;1200.0;non;2002;0;0;0;0;0;0;0;10;individuel;non renseigné;non renseigné;Non renseigné;Non renseigné;non connu;non connu;0;non connu;"11";DE_2001_A_2010;H;"0,182";{93010000AR0153,93010000AR0156};{93010000AR0153A,93010000AR0153B,93010000AR0153C,93010000AR0153D,93010000AR0153E,93010000AR0153F,93010000AR0153G,93010000AR0153H,93010000AR0153I};2_RNIC_FF;6EZ2DHYRAK4S,6PG8QCZNY3ZE,8ZYHR9CB74B3,9KYFMKBR4PNF,CVMK536X3QK4,FGD7F7RATE64,PQ3F7SWQK1YT,QC1DTNSVS2S1;"8";"822";662569.1603683846;6866013.0767835155;"662 581,194";"6 866 023,581";"662 569,16";"6 866 013,077";"0";0;1;;"0";"0";0;0;0;0;;1;"0";"0";0;"0";"9";"0";"100";"0";"0";"0";"9";"0";0.2727272727272727;1;0;1.9820962327489743;1;0;0.00000000000000000000;0;;243.7272727272727273;0;0;"0";"0,091";"0";;"0";"0";"0";"0";"-1";"0";"-1";"1";"11";"0";-1;"0";0;"0";"0";"0";"0";"0";"1,579";4;0;2.5;"0";"1,875";finan;"24";"8";"5";"4";"5";"2";autres;"1 920,897";"218,045";Electricité;D;;;;;;;;electricite;D;;;
"10 229";93010000AR0157;93010*00692;"[""93010*00692""]";93010;BONDY;93;SIMPLE;"1";"[""93010000AR0157""]";"816";CL;"2 004";"2 004";"2 004";"2 004";"1";"816";13;SOL;"816";"0";"0";"0";"0";"0";"0";"0";"0";"0";"0";"0";"0";"0";"816";"19";"0";"0";"0";"0";"0";"14";"0";DEPENDANCE;"6";"5";"5";"0";"5";"396";"0";"1";"0";"0";"4";"0";"0";"1";"1";"0";"0";"186";"0";"0";"0";"0";"0";"582";"1";"10";G2;PROPRIETE DIVISEE EN LOT;G2a;G2;99;4;FRANCE METROPOLITAINE;;"1";"1";"1";"[""79TV884R1R16"",""G9JXBDZCCRS7"",""JBHRANGEVFJC"",""W6XC1H2VGGGT""]";"4";"385";RNC_AH2565786;AH2565786;2021-12-15 00:00:00.0;2021-12-15 00:00:00.0;M pascal cohen;non;non;93010000AR0157;Copropriété immatriculée;3_2;"1";OUI;"93 010";"93";"200 054 781";Métropole du Grand Paris;"2 004";"6";"19";"5";"582";"396";"5";"0";"4";"0";"0";"4";"0";"0";"0";"0";"1";"1";"1";"0";"0";"3";"1";"1";"0";"9";"5";"1";"1";"1";"1";0;;"0";"0";"0";"0";;bénévole;M pascal cohen;non connu;BONDY;Mandat en cours;2024-10-01 00:00:00.0;GADG 63-71;63 av genevieve anthonioz de gaulle 93140 Bondy;65 av genevieve anthonioz de gaulle 93140 Bondy;67 av genevieve anthonioz de gaulle 93140 Bondy;69 av genevieve anthonioz de gaulle 93140 Bondy;4;2003-06-26 00:00:00.0;non;oui;oui;non connu;1;0;0;18;5;5;13;0;0;0;DE_2001_A_2010;;;;;;;;;;;;;0;non;non connu;oui;2021-10-01 00:00:00.0;2022-09-30 00:00:00.0;non connu;;;;;;;non;non renseigné;0;0;0;0;0;0;0;5;individuel;non renseigné;non renseigné;Non renseigné;Non renseigné;non connu;non connu;0;ADRNIVX_0000000311836570;"5";DE_2001_A_2010;H;"0";{93010000AR0157};{93010000AR015701,93010000AR0157A,93010000AR0157B,93010000AR0157C,93010000AR0157D,93010000AR0157E};2_RNIC_FF;79TV884R1R16,G9JXBDZCCRS7,JBHRANGEVFJC,W6XC1H2VGGGT;"4";"385";662473.5989947204;6866066.515891166;"662 466,515";"6 866 070,945";"662 473,599";"6 866 066,516";"0";0;1;0;"0";"0";0;1;0;1;0;1;"0";"0";0;"0";"0";"0";"0";"0";"0";"0";"0";"0";;;;;;;;;;;;0.2;"1";"0,2";"0";;"0";"0";"0";"0";"0";"0";"0";"0";"0";"0";;"0";0;"0";"0";"0";"0";"0";"2,632";;2.857142857142857;0;"0";"1,944";marche;"18";"8";"0";"4";"5";"1";autres;"812,07";"140,487";Electricité;D;;;;;;;; ;;;;
"10 230";93010000AR0158;93010*00693;"[""93010*00693""]";93010;BONDY;93;SIMPLE;"1";"[""93010000AR0158""]";"361";CL;"2 004";"2 004";"2 004";"2 004";"1";"361";13;SOL;"361";"0";"0";"0";"0";"0";"0";"0";"0";"0";"0";"0";"0";"0";"361";"9";"0";"0";"0";"0";"0";"3";"0";APPARTEMENT;"2";"6";"0";"6";"6";"457";"13";"1";"0";"0";"5";"0";"0";"0";"0";"0";"0";"40";"0";"0";"0";"0";"0";"510";"1";"7";G2;PROPRIETE DIVISEE EN LOT;G2a;G2;99;4;FRANCE METROPOLITAINE;;"1";"1";"1";"[""BKGM2QKVJF6G""]";"1";"212";FF_93010000AR0158;;;;;;;93010000AR0158;Copropriété non immatriculée;;"0";;"93 010";"93";"200 054 781";Métropole du Grand Paris;"2 004";"2";"9";"6";"510";"470";"0";"6";"5";"0";"0";"5";"0";"0";"0";"0";"1";"0";"0";"0";"0";"2";"3";"1";"0";"6";"6";"1";"1";"0";"1";;;"0";"0";"1";"0";;;;;;;;;4 RUE THEODORE MONOD, BONDY;;;;;;;;;;;;;;;;;;;;;;;;;;;;;;;;;;;;;;;;;;;;;;;;;;;;;;;;;;;;;;;;;"6";DE_2001_A_2010;V;"0";{93010000AR0158};{93010000AR015801,93010000AR0158A};2_FF;BKGM2QKVJF6G;"1";"212";;;"662 468,775";"6 866 106,658";"662 468,775";"6 866 106,658";"1";;;;"0";"0";;;;;;1;"0";"0";0;"0";"0";"0";"0";"0";"0";"0";"0";"0";;;;;;;;;;;;0;"0";"0,167";"0";;"0";"0";"0";"0";"-1";"0";"-1";"0";"0";"0";-1;"0";;"0";"0";"0";"0";"0";"3,333";;0;0;"0";"1,154";gestion;"14";"4";"0";"4";"5";"1";autres;"359,54";"81,244";Electricité;D;;;;;;;;electricite;D;;;
"10 231";93010000AR0166;93010*00694;"[""93010*00694""]";93010;BONDY;93;SIMPLE;"1";"[""93010000AR0166""]";"1 998";CL;"2 004";"2 004";"2 004";"2 004";"1";"1 998";13;SOL;"1 998";"0";"0";"0";"0";"0";"0";"0";"0";"0";"0";"0";"0";"0";"1 998";"85";"2";"0";"2";"2";"0";"35";"8";APPARTEMENT;"7";"48";"6";"42";"48";"3 081";"609";"1";"0";"10";"37";"0";"0";"1";"1";"0";"0";"440";"71";"0";"10";"0";"0";"4 201";"1";"50";G2;PROPRIETE DIVISEE EN LOT;G2a;G2;99;4;FRANCE METROPOLITAINE;;"1";"1";"1";"[""7MPSDME2C6DQ""]";"1";"1 106";RNC_AC1600774;AC1600774;2018-02-21 00:00:00.0;2024-01-05 00:00:00.0;CABINET CPI 49316608600022;non;non;93010000AR0166;Copropriété immatriculée;3_2;"1";OUI;"93 010";"93";"200 054 781";Métropole du Grand Paris;"2 004";"7";"85";"48";"4 201";"3 690";"6";"42";"47";"10";"0";"37";"0";"0";"0";"0";"1";"1";"1";"0";"13";"17";"13";"5";"1";"49";"48";"1";"1";"0";"12";10;4.10;"1";"0";"4";"0";;professionnel;CABINET CPI 49316608600022;6831Z;SARCELLES;Mandat en cours;2024-12-31 00:00:00.0;S.D.C. RESIDENCE 13;152 r edouard vaillant 93140 Bondy;21 r marguerite duras 93140 Bondy;non connu;non connu;1;2003-12-04 00:00:00.0;non;non;oui;non connu;1;0;0;85;49;49;36;0;0;0;DE_2001_A_2010;93010;000;AR;0035;;;;;;;;;1;non;non connu;non;2022-01-01 00:00:00.0;2022-12-31 00:00:00.0;27/06/2023;52511.0;0.0;7497.0;26310.0;7;14998.0;non;2003;0;0;0;0;0;0;0;2;individuel;non renseigné;non renseigné;Non renseigné;Non renseigné;non connu;non connu;2;ADRNIVX_0000000268270736;"48";DE_2001_A_2010;M;"0,213";{93010000AR0166};{93010000AR0166A,93010000AR0166B,93010000AR0166C,93010000AR0166D,93010000AR0166E,93010000AR0166F,93010000AR0166G};2_RNIC_FF;7MPSDME2C6DQ;"1";"1 106";662585.9195433074;6866212.352026894;"662 555,292";"6 866 167,152";"662 585,92";"6 866 212,352";"0";0;0;0;"0";"0";0;1;0;1;0;0.96;"0";"0";0;"0";"0";"0";"70";"0";"0,021";"0";"6";"0";0.14285714285714285;0;0;0.50103787777798937366;1;0;0.14277008626763916132;0;;990.0204081632653061;0;0.020833333333333332;"0";"0,25";"0";0;"0";"0";"0";"0";"-1";"0";"-1";"0";"0";"0";-1;"0";0;"0";"0";"0";"0";"0";"0,952";3;0;0;"0";"1";finan;"25";"9";"5";"5";"4";"2";autres;"2 006,222";"231,201";Electricité;E;;;;;;;;electricite;E;;;
"10 232";93010000AR0167;93010*00695;"[""93010*00695""]";93010;BONDY;93;SIMPLE;"1";"[""93010000AR0167""]";"2 445";CL;"2 004";"2 004";"2 004";"2 004";"1";"2 445";13;SOL;"2 445";"0";"0";"0";"0";"0";"0";"0";"0";"0";"0";"0";"0";"0";"2 445";"32";"0";"0";"0";"0";"0";"20";"0";DEPENDANCE;"13";"12";"12";"0";"12";"913";"15";"0";"0";"5";"7";"0";"0";"0";"0";"0";"0";"274";"0";"0";"0";"0";"0";"1 202";"1";"22";G2;PROPRIETE DIVISEE EN LOT;G2a;G2;99;4;FRANCE METROPOLITAINE;;"1";"1";"1";"[""1MJ2MCPS7FQN"",""9ATRSQBXJ37Q"",""CWNHAEYSCJDY"",""S29VA2VC3PFR"",""ZWVQBXQZSVEH""]";"5";"894";RNC_AC5369384;AC5369384;2018-05-15 00:00:00.0;2024-03-20 00:00:00.0;NEXITY LAMY 48753009902584;non connu;non connu;93010000AR0167;Copropriété immatriculée;1_1;"1";OUI;"93 010";"93";"200 054 781";Métropole du Grand Paris;"2 004";"13";"32";"12";"1 202";"928";"12";"0";"12";"5";"0";"7";"0";"0";"0";"0";"0";"0";"0";"0";"0";"5";"4";"3";"0";"21";"12";"1";"0";"0";"1";0;;"1";"0";"1";"0";;non connu;non connu;non connu;non connu;Pas de mandat en cours;2023-03-31 00:00:00.0;MARIE LAURENCIN          (A09) - MS12939;1 Allée Marie Laurencin 93140 Bondy;non connu;non connu;non connu;0;2003-12-04 00:00:00.0;non;non;oui;non connu;0;0;0;32;12;12;20;0;0;0;DE_2001_A_2010;93010;000;AR;0167;;;;;;;;;1;non;non connu;non;2022-10-01 00:00:00.0;2023-09-30 00:00:00.0;27/02/2024;7593.0;0.0;357.0;1686.0;1;2629.0;non;non renseigné;0;0;0;0;0;0;0;12;individuel;non renseigné;non renseigné;Non renseigné;Non renseigné;non connu;non connu;0;93010_6166_00001;"12";DE_2001_A_2010;H;"0,417";{93010000AR0167};{93010000AR016701,93010000AR0167A,93010000AR0167B,93010000AR0167C,93010000AR0167D,93010000AR0167E,93010000AR0167F,93010000AR0167G,93010000AR0167H,93010000AR0167I,93010000AR0167J,93010000AR0167K,93010000AR0167L};2_RNIC_FF;1MJ2MCPS7FQN,9ATRSQBXJ37Q,CWNHAEYSCJDY,S29VA2VC3PFR,ZWVQBXQZSVEH;"5";"894";662524.8187394614;6866129.346344588;"662 504,626";"6 866 144,14";"662 524,819";"6 866 129,346";"0";1;0;;"0";"0";0;0;0;0;;1;"0";"0";0;"0";"5";"0";"60";"0";"0";"0";"0";"0";0.047619047619047616;0;1;0.22204662188858158831;0;1;0.04701698933227973133;0;;632.7500000000000000;0;0;"0";"0,083";"0";;"0";"0";"0";"0";"-1";"0";"-1";"0";"14";"0";-1;"0";0;"0";"0";"0";"0";"0";"1,579";3;0;0;"0";"1,25";finan;"24";"8";"5";"4";"5";"2";autres;"2 447,106";"195,284";Electricité;D;;;;;;;;electricite;;;;
"10 234";93010000AR0176;93010*00710;"[""93010*00710""]";93010;BONDY;93;PDLMP;"2";"[""93010000AR0176"",""93010000AR0197""]";"2 891";CL;"2 006";"2 006";"2 006";"2 006";"2";"2 891";13;SOL;"2 891";"0";"0";"0";"0";"0";"0";"0";"0";"0";"0";"0";"0";"0";"2 891";"155";"0";"0";"0";"0";"0";"88";"0";DEPENDANCE;"3";"67";"0";"67";"67";"4 414";"524";"1";"0";"14";"52";"0";"0";"0";"0";"0";"0";"958";"0";"0";"0";"0";"0";"5 896";"2";"77";G2;PROPRIETE DIVISEE EN LOT;G2a;G2;99;1;MEME COMMUNE;;"2";"2";"2";"[""6JT3YS1KSDSG"",""NVG42F9QMCPM"",""V17ABGKEHWXP"",""Z6CQMSMWG6H3""]";"4";"1 713";RNC_AB8038176;AB8038176;2017-12-27 00:00:00.0;2024-07-01 00:00:00.0;ATM SARL 34863116900045;non;non;93010000AR0176;Copropriété immatriculée;2;"1";OUI;"93 010";"93";"200 054 781";Métropole du Grand Paris;"2 006";"3";"155";"67";"5 896";"4 938";"0";"67";"63";"14";"0";"49";"0";"3";"0";"0";"1";"0";"0";"5";"7";"29";"23";"3";"0";"76";"67";"1";"1";"1";"33";29;8.97;"2";"0";"16";"0";;professionnel;ATM SARL 34863116900045;6832A;BONDY;Mandat en cours;2025-11-26 00:00:00.0;SDC 10-16 ALEXANDRA DAVID NEEL;16 Rue Alexandra David Neel 93140 Bondy;non connu;non connu;non connu;0;2005-03-02 00:00:00.0;non;non;oui;;0;0;0;163;67;67;82;0;0;0;DE_2001_A_2010;;;;;;;;;;;;;0;non;non connu;non;2023-01-01 00:00:00.0;2023-12-31 00:00:00.0;27/05/2024;97500.0;3736.0;5994.0;6655.0;9;4815.0;non;non renseigné;0;0;0;0;0;0;0;3;individuel;non renseigné;non renseigné;Non renseigné;Non renseigné;non connu;non connu;2;93010_0023_00016;"67";DE_2001_A_2010;V;"0,222";{93010000AR0176,93010000AR0197};{93010000AR017601,93010000AR0176A,93010000AR0176B};2_RNIC_FF;6JT3YS1KSDSG,NVG42F9QMCPM,V17ABGKEHWXP,Z6CQMSMWG6H3;"4";"1 713";662380.3741636461;6866185.8837151835;"662 388,71";"6 866 154,56";"662 380,374";"6 866 185,884";"0";0;0;0;"0";"0";0;0;0;0;0;1;"0";"0";0;"0";"1";"0";"36";"1";"0";"0";"11";"0";0.11842105263157894;0;0;0.06573748468924098147;0;0;0.05920818681101584417;0;;1395.5223880597014925;0;0;"0";"0,493";"0";0;"0";"0";"0";"0";"-1";"0";"-1";"0";"0";"0";-1;"0";0;"0";"0";"0";"0";"0";"0,952";0;0;0;"0";"0,385";gestion;"26";"9";"5";"5";"5";"2";autres;"2 897,132";"224,494";Electricité;C;;;;;;;;electricite;C;;;
"10 236";93010000AR0178;93010*00701;"[""93010*00701""]";93010;BONDY;93;SIMPLE;"1";"[""93010000AR0178""]";"1 570";CL;"2 005";"2 005";"2 005";"2 005";"1";"1 570";13;SOL;"1 570";"0";"0";"0";"0";"0";"0";"0";"0";"0";"0";"0";"0";"0";"1 570";"109";"0";"0";"0";"0";"0";"60";"0";DEPENDANCE;"2";"49";"0";"49";"49";"3 063";"548";"3";"0";"16";"30";"0";"0";"0";"0";"0";"0";"629";"0";"0";"0";"0";"0";"4 240";"1";"52";G2;PROPRIETE DIVISEE EN LOT;G2a;G2;99;1;MEME COMMUNE;;"1";"1";"1";"[""R5VTQ9GQDYC7"",""TX65TSE7W5NE""]";"2";"901";RNC_AC7624844;AC7624844;2018-06-29 00:00:00.0;2023-04-16 00:00:00.0;E3L & MAJ 91857358500018;non;non;93010000AR0178;Copropriété immatriculée;3_2;"1";OUI;"93 010";"93";"200 054 781";Métropole du Grand Paris;"2 005";"2";"109";"49";"4 240";"3 611";"0";"49";"45";"16";"0";"29";"0";"1";"0";"0";"3";"0";"0";"6";"6";"19";"17";"1";"1";"51";"48";"1,021";"5";"0";"26";25;7.00;"0";"0";"12";"0";;professionnel;E3L & MAJ 91857358500018;6832A;LE RAINCY;Mandat en cours;2025-09-30 00:00:00.0;SDC 73/75 AV. G.ANTH.DE GAULLE;73 av genevieve anthonioz de gaulle 93140 Bondy;75 AV.GENEVIEVE ANTH. DE GAULL 93140 BONDY;73 AV.GENEVIEVE ANTH. DE GAULL 93140 BONDY;non connu;2;2004-03-10 00:00:00.0;non;non;oui;non connu;1;0;0;110;61;61;0;0;0;0;DE_2001_A_2010;;;;;;;;;;;;;0;non;non connu;non;2021-04-01 00:00:00.0;2022-03-30 00:00:00.0;27/09/2022;86160.0;0.0;19920.0;6509.0;5;6549.0;non;non renseigné;0;0;0;0;0;0;0;1;individuel;non renseigné;non renseigné;Non renseigné;Non renseigné;non connu;non connu;2;ADRNIVX_0000000268271862;"49";DE_2001_A_2010;V;"0,356";{93010000AR0178};{93010000AR0178A,93010000AR0178B};2_RNIC_FF;R5VTQ9GQDYC7,TX65TSE7W5NE;"2";"901";662457.4206557481;6866115.771661533;"662 450,938";"6 866 136,29";"662 457,421";"6 866 115,772";"0";0;1;0;"0";"0";0;1;0;1;0;1;"0";"0";0;"0";"2";"0";"60";"0";"0,02";"0";"6";"0";0.09803921568627451;0;0;0.07554549675023212628;0;0;0.23119777158774373259;0;;1346.8852459016393443;0;0;"0";"0,531";"1";0;"0";"0";"0";"0";"-1";"0";"-1";"0";"3";"0";-1;"0";0;"0";"0";"0";"0";"0";"2,381";0;1.1111111111111112;0;"0";"1,154";gestion;"26";"9";"5";"5";"5";"2";autres;"1 570,641";"186,103";Electricité;D;;;;;;;;electricite;D;;;
"10 237";93010000AR0189;93010*00704;"[""93010*00704""]";93010;BONDY;93;PDLMP;"2";"[""93010000AR0189"",""93010000AR0190""]";"540";CL;"2 005";"2 005";"2 005";"2 005";"2";"540";13;SOL;"540";"0";"0";"0";"0";"0";"0";"0";"0";"0";"0";"0";"0";"0";"540";"22";"1";"1";"0";"0";"1";"0";"0";APPARTEMENT;"2";"21";"0";"21";"21";"1 248";"217";"4";"0";"6";"11";"0";"0";"1";"0";"0";"0";"0";"0";"0";"0";"0";"0";"1 465";"2";"22";G2;PROPRIETE DIVISEE EN LOT;G2a;G2;99;1;MEME COMMUNE;;"2";"2";"2";"[""JP18YXQWQ9GH"",""RYMX2YWQ2ED1""]";"2";"429";RNC_AF0968008;AF0968008;2019-04-29 00:00:00.0;2019-04-25 00:00:00.0;BERYL IMMOBILIER 39908255100041;non;non;93010000AR0189;Copropriété immatriculée;3_1;"1";OUI;"93 010";"93";"200 054 781";Métropole du Grand Paris;"2 005";"2";"22";"21";"1 465";"1 465";"0";"21";"17";"6";"0";"11";"0";"0";"0";"0";"4";"0";"0";"1";"6";"10";"3";"1";"0";"21";"20";"1,05";"5";"0";"11";11;0.45;"0";"0";"6";"0";;professionnel;BERYL IMMOBILIER 39908255100041;6832A;PARIS 11;Mandat en cours;2025-03-02 00:00:00.0;Le Maupassant;60 av genevieve anthonioz de gaulle 93140 Bondy;non connu;non connu;non connu;0;2004-10-15 00:00:00.0;non;non;oui;non connu;0;0;0;22;22;22;0;0;0;0;DE_2001_A_2010;;;;;;;;;;;;;0;non;non connu;non;2017-04-01 00:00:00.0;2018-03-31 00:00:00.0;03/09/2018;31890.38;0.0;1115.26;6916.98;7;0.0;non;non renseigné;0;0;0;0;0;0;0;1;individuel;non renseigné;non renseigné;Non renseigné;Non renseigné;non connu;non connu;1;ADRNIVX_0000000268270747;"21";DE_2001_A_2010;V;"0,353";{93010000AR0189,93010000AR0190};{93010000AR0189A,93010000AR0189B};2_RNIC_FF;JP18YXQWQ9GH,RYMX2YWQ2ED1;"2";"429";662536.8788310447;6866202.772254884;"662 533,473";"6 866 200,359";"662 536,879";"6 866 202,772";"0";0;1;0;"0";"0";0;0;0;0;0;0.9545454545454546;"0";"0";0;"0";"0";"0";"50";"0";"0";"0";"10";"0";0.3333333333333333;1;0;0.21689863839816270612;0;0;0.03497167484363623137;0;;1358.6536363636363636;0;0;"0";"0,524";"1";0;"0";"0";"0";"0";"-1";"0";"-1";"1";"0";"0";-1;"0";0;"0";"0";"0";"0";"0";"1,429";1;1.1111111111111112;2.5;"0";"1,346";occup;"26";"9";"5";"5";"5";"2";autres;"542,546";"92,881";Electricité;C;;;;;;;;electricite;C;;;
"10 238";93010000AR0200;93010*00714;"[""93010*00714""]";93010;BONDY;93;SIMPLE;"1";"[""93010000AR0200""]";"2 379";CL;"2 006";"2 006";"2 006";"2 006";"1";"2 379";13;SOL;"2 379";"0";"0";"0";"0";"0";"0";"0";"0";"0";"0";"0";"0";"0";"2 379";"26";"0";"0";"0";"0";"0";"13";"0";DEPENDANCE;"3";"13";"12";"1";"13";"1 084";"16";"0";"0";"0";"12";"1";"0";"0";"0";"0";"0";"174";"0";"0";"0";"0";"0";"1 274";"1";"14";G2;PROPRIETE DIVISEE EN LOT;G2a;G2;99;1;MEME COMMUNE;;"1";"1";"1";"[""1DDR2DQQYJ43"",""2NWTCH1BPWRQ"",""7YWGEWBNPHEA"",""9B35GCQZQ24K"",""W14JXJ1HAGDS""]";"5";"853";RNC_AD3572021;AD3572021;2018-10-03 00:00:00.0;2021-08-11 00:00:00.0;M Dooby LAROSE;non connu;non connu;93010000AR0200;Copropriété immatriculée;1_1;"1";OUI;"93 010";"93";"200 054 781";Métropole du Grand Paris;"2 006";"3";"26";"13";"1 274";"1 100";"12";"1";"12";"0";"0";"11";"1";"1";"0";"0";"0";"0";"0";"0";"0";"0";"9";"4";"0";"13";"13";"1";"0";"0";"2";0;;"1";"0";"1";"0";;non connu;non connu;non connu;non connu;Pas de mandat en cours;2022-06-06 00:00:00.0;SYNDIC COPRO 19;102 r edouard vaillant 93140 Bondy;1-13 r alexandra david neel 93140 Bondy;non connu;non connu;1;2005-10-25 00:00:00.0;non;non;oui;non connu;0;0;0;26;13;13;13;0;0;0;DE_2001_A_2010;93010;000;AR;0200;;;;;;;;;1;non;non connu;non;2020-01-01 00:00:00.0;2020-12-31 00:00:00.0;06/06/2021;965.0;0.0;0.0;0.0;0;0.0;non;2005;0;0;0;0;0;0;0;13;individuel;non renseigné;non renseigné;Non renseigné;Non renseigné;non connu;non connu;0;non connu;"13";DE_2001_A_2010;M;"0";{93010000AR0200};{93010000AR0200A,93010000AR0200B,93010000AR0200C};2_RNIC_FF;1DDR2DQQYJ43,2NWTCH1BPWRQ,7YWGEWBNPHEA,9B35GCQZQ24K,W14JXJ1HAGDS;"5";"853";662418.0185233466;6866247.022294791;"662 336,827";"6 866 123,28";"662 418,019";"6 866 247,022";"0";1;1;;"0";"0";0;0;0;0;;1;"0";"0";0;"0";"0";"0";"0";"0";"0";"0";"0";"0";0;0;0;0.00000000000000000000;0;0;0.00000000000000000000;0;;74.2307692307692308;0;0;"0";"0,154";"0";;"0";"0";"0";"0";"-1";"0";"-1";"0";"0";"0";-1;"0";0;"0";"0";"0";"0";"0";"3,529";0;0;0;"0";"1,304";gestion;"23";"7";"5";"4";"5";"2";autres;"2 400,431";"237,881";Electricité;D;;;;;;;;electricite;;;;
"10 239";93010000AR0201;93010*00715;"[""93010*00715""]";93010;BONDY;93;SIMPLE;"1";"[""93010000AR0201""]";"1 969";CL;"2 006";"2 006";"2 006";"2 006";"1";"1 969";13;SOL;"1 969";"0";"0";"0";"0";"0";"0";"0";"0";"0";"0";"0";"0";"0";"1 969";"29";"0";"0";"0";"0";"0";"18";"0";DEPENDANCE;"11";"11";"11";"0";"11";"886";"22";"0";"0";"1";"10";"0";"0";"0";"0";"0";"0";"246";"0";"0";"0";"0";"0";"1 154";"1";"15";G2;PROPRIETE DIVISEE EN LOT;G2a;G2;99;1;MEME COMMUNE;;"1";"1";"1";"[""2HNGBYK57X2Z"",""9251FFPA3BGE""]";"2";"780";RNC_AH4955720;AH4955720;2022-05-09 00:00:00.0;2022-05-08 00:00:00.0;M MOHAMMED ZIANI;non connu;non connu;93010000AR0201;Copropriété immatriculée;3_2;"1";OUI;"93 010";"93";"200 054 781";Métropole du Grand Paris;"2 006";"11";"29";"11";"1 154";"908";"11";"0";"11";"1";"0";"10";"0";"0";"0";"0";"0";"0";"0";"0";"0";"2";"6";"3";"0";"14";"11";"1";"0";"0";"2";0;;"0";"0";"1";"0";;non connu;non connu;non connu;non connu;Pas de mandat en cours;2022-12-31 00:00:00.0;SDC 27-47 ADN;31 r alexandra david neel 93140 Bondy;non connu;non connu;non connu;0;2005-01-01 00:00:00.0;non;oui;oui;non connu;1;11;0;25;11;11;0;0;0;0;DE_2001_A_2010;;;;;;;;;;;;;0;non;non connu;non;2006-07-01 00:00:00.0;2007-07-31 00:00:00.0;15/04/2022;4460.0;0.0;0.0;0.0;0;770.0;non;2004;0;0;0;2;0;0;0;0;individuel;non renseigné;non renseigné;Non renseigné;Non renseigné;non connu;non connu;0;ADRNIVX_0000000268270754;"11";DE_2001_A_2010;H;"0,091";{93010000AR0201};{93010000AR0201A,93010000AR0201B,93010000AR0201C,93010000AR0201D,93010000AR0201E,93010000AR0201F,93010000AR0201G,93010000AR0201H,93010000AR0201I,93010000AR0201J,93010000AR0201K};2_RNIC_FF;2HNGBYK57X2Z,9251FFPA3BGE;"2";"780";662370.4905928685;6866188.1719708;"662 369,346";"6 866 212,266";"662 370,491";"6 866 188,172";"0";1;1;;"0";"0";0;1;1;1;;1;"0";"0";0;"0";"0";"0";"0";"1";"0";"0";"0";"0";0;0;0;0.00000000000000000000;0;0;0.00000000000000000000;0;;405.4545454545454545;0;0;"0";"0,182";"0";;"0";"0";"0";"0";"0";"0";"0";"0";"0";"0";;"0";0;"0";"0";"0";"0";"0";"5,263";0;0;0;"0";"2,083";gestion;"24";"8";"5";"4";"5";"2";autres;"1 988,893";"241,455";Electricité;D;;;;;;;;electricite;;;;
"10 250";93010000AR0267;93010*00699;"[""93010*00699""]";93010;BONDY;93;PDLMP;"3";"[""93010000AR0181"",""93010000AR0267"",""93010000AR0271""]";"903";CL;"2 005";"2 005";"2 005";"2 005";"3";"903";13;SOL;"903";"0";"0";"0";"0";"0";"0";"0";"0";"0";"0";"0";"0";"0";"903";"49";"0";"0";"0";"0";"0";"25";"0";DEPENDANCE;"2";"24";"0";"24";"24";"1 554";"263";"2";"0";"6";"16";"0";"0";"1";"1";"0";"0";"296";"0";"0";"0";"0";"0";"2 113";"3";"26";G2;PROPRIETE DIVISEE EN LOT;G2a;G2;99;1;MEME COMMUNE;;"3";"3";"3";"[""6M13BSTKFJZQ""]";"1";"468";RNC_AA5432562;AA5432562;2017-06-15 00:00:00.0;2023-03-30 00:00:00.0;CITYA URBANIA ETOILE 34540662300065;non connu;non connu;93010000AR0267;Copropriété immatriculée;1_4;"1";OUI;"93 010";"93";"200 054 781";Métropole du Grand Paris;"2 005";"2";"49";"24";"2 113";"1 817";"0";"24";"22";"6";"0";"16";"0";"0";"0";"0";"2";"1";"1";"2";"4";"8";"9";"1";"0";"25";"24";"1";"2";"1";"0";0;;"0";"0";"6";"0";;non connu;non connu;non connu;non connu;Pas de mandat en cours;2024-06-26 00:00:00.0;THEODORE MONOD 1/7;1 r theodore monod 93140 Bondy;7 r theodore monod 93140 Bondy;non connu;non connu;1;2004-04-01 00:00:00.0;non;non;oui;non connu;0;0;0;55;27;27;26;0;0;0;DE_2001_A_2010;93010;000;AR;0179;;;;;;;;;1;non;non connu;non;2021-07-01 00:00:00.0;2022-06-30 00:00:00.0;27/03/2023;40100.0;0.0;356.0;;;8432.0;non;non renseigné;0;0;0;0;0;0;0;2;individuel;non renseigné;non renseigné;Non renseigné;Non renseigné;non connu;non connu;1;non connu;"24";DE_2001_A_2010;V;"0,273";{93010000AR0181,93010000AR0267,93010000AR0271};{93010000AR026701,93010000AR0267A};2_RNIC;6M13BSTKFJZQ;"1";"468";662444.6086940258;6866096.172159791;"662 417,581";"6 866 089,358";"662 444,609";"6 866 096,172";"0";0;0;;"0";"0";0;0;0;0;;1;"0";"0";0;"0";"4";"0";"83";"0";"0";"0";"0";"0";;;;;;;0.00887780548628428928;0;;1411.1111111111111111;0;0.041666666666666664;"0";"0";"0";;"0";"0";"0";"0";"-1";"0";"-1";"1";"6";"0";-1;"0";0;"0";"0";"0";"0";"0";"0";0;0;2.5;"0";"0,488";occup;"21";"8";"2";"4";"5";"2";autres;"899,27";"141,599";Electricité;C;;;;;;;;electricite;C;;;
"10 275";93010000AS0025;93010*00530;"[""93010*00530""]";93010;BONDY;93;SIMPLE;"1";"[""93010000AS0025""]";"517";CL;"1 890";"1 890";"1 890";"1 890";"1";"517";13;SOL;"517";"0";"0";"0";"0";"0";"0";"0";"0";"0";"0";"0";"0";"0";"517";"7";"0";"0";"0";"0";"0";"4";"0";DEPENDANCE;"1";"3";"0";"3";"3";"240";"0";"1";"0";"0";"2";"0";"0";"0";"0";"0";"0";"60";"0";"0";"0";"0";"0";"300";"1";"4";G2;PROPRIETE DIVISEE EN LOT;G2a;G2;99;1;MEME COMMUNE;;"1";"1";"1";"[""1NPH2AFQ1GWC"",""EBWKMV7E4ZK7""]";"2";"97";RNC_AF9494790;AF9494790;2020-03-16 00:00:00.0;2020-03-07 00:00:00.0;M Benoit Delbecq;non connu;non connu;93010000AS0025;Copropriété immatriculée;1_1;"1";OUI;"93 010";"93";"200 054 781";Métropole du Grand Paris;"1 890";"1";"7";"3";"300";"240";"0";"3";"2";"0";"0";"2";"0";"0";"0";"0";"1";"0";"0";"0";"0";"1";"1";"1";"0";"3";"3";"1";"1";"0";"1";1;-7.00;"0";"0";"0";"0";;non connu;non connu;non connu;non connu;Pas de mandat en cours;2021-03-10 00:00:00.0;10 et 10 BIS RUE DU LION 93140 BONDY;10B r du lion 93140 Bondy;non connu;non connu;non connu;0;1991-03-28 00:00:00.0;non;oui;oui;non connu;0;0;0;3;3;3;0;0;0;0;AVANT_1949;93010;000;AS;0025;;;;;;;;;1;non;non connu;non;2018-06-18 00:00:00.0;2019-06-18 00:00:00.0;19/06/2019;2217.0;0.0;0.0;0.0;0;0.0;non;1902;0;0;0;0;0;0;0;1;individuel;non renseigné;non renseigné;Non renseigné;Non renseigné;non connu;non connu;0;ADRNIVX_0000000268268771;"3";AVANT_1949;V;"0";{93010000AS0025};{93010000AS0025A};2_RNIC_FF;1NPH2AFQ1GWC,EBWKMV7E4ZK7;"2";"97";661893.9685282286;6866310.163030199;"661 907,214";"6 866 305,935";"661 893,969";"6 866 310,163";"0";1;1;;"0";"0";0;0;0;0;;1;"0";"0";0;"0";"0";"0";"0";"0";"0";"0";"33";"1";0;0;0;0.00000000000000000000;0;0;0.00000000000000000000;0;;739.0000000000000000;0;0;"0";"0,333";"1";0;"0";"0";"0";"0";"-1";"-1";"-1";"-1";"0";"0";-1;"-1";0;"-1";"0";"0";"0";"0";"3,529";0;1.1111111111111112;2.5;"0";"1,957";gestion;"23";"7";"5";"5";"5";"1";autres;"513,395";"115,194";Autre;E;;;;;;;; ;;;;
"10 276";93010000AS0027;93010*00110;"[""93010*00110""]";93010;BONDY;93;SIMPLE;"1";"[""93010000AS0027""]";"309";CL;"1 900";"1 900";"1 900";"1 900";"2";"38";13;SOL;"38";"0";"0";"0";"0";"0";"0";"0";"0";"0";"0";"0";"0";"0";"38";"9";"0";"0";"0";"0";"0";"5";"0";DEPENDANCE;"1";"4";"0";"4";"4";"147";"0";"0";"0";"4";"0";"0";"0";"0";"0";"0";"0";"29";"0";"0";"0";"0";"0";"176";"1";"3";G2;PROPRIETE DIVISEE EN LOT;G2a;G2;99;1;MEME COMMUNE;;"1";"1";"1";"[""W8KNXKFDX412""]";"1";"74";FF_93010000AS0027;;;;;;;93010000AS0027;Copropriété non immatriculée;;"0";;"93 010";"93";"200 054 781";Métropole du Grand Paris;"1 900";"1";"8";"4";"171";"147";"0";"4";"4";"4";"0";"0";"0";"0";"0";"0";"0";"0";"0";"0";"2";"1";"1";"0";"0";"2";"2";"2";"0";"0";"0";;;"0";"0";"1";"1";;;;;;;;;30 RUE EDOUARD VAILLANT, BONDY;;;;;;;;;;;;;;;;;;;;;;;;;;;;;;;;;;;;;;;;;;;;;;;;;;;;;;;;;;;;;;;;;"4";AVANT_1949;V;"1";{93010000AS0027};{93010000AS0027A};2_FF;W8KNXKFDX412;"1";"74";;;"661 901,952";"6 866 343,433";"661 901,952";"6 866 343,433";"1";;;;"0";"0";;;;;;1;"0";"1";0;"0";"0";"0";"100";"0";"0";"0";"0";"0";;;;;;;;;;;;0;"0";"0";"0";;"0";"0";"0";"0";"-1";"-1";"-1";"-1";"0";"0";-1;"-1";;"-1";"0";"1";"0";"0";"5,455";;0;0;"10";"3,2";bati;"12";"5";"0";"3";"3";"1";a surveiller;"307,944";"86,433";Electricité;F;;;;;;;;electricite;F;F;;
"10 278";93010000AS0031;93010*00440;"[""93010*00440""]";93010;BONDY;93;SIMPLE;"1";"[""93010000AS0031""]";"136";CL;"1 930";"1 930";"1 930";"1 930";"1";"136";13;SOL;"136";"0";"0";"0";"0";"0";"0";"0";"0";"0";"0";"0";"0";"0";"136";"4";"0";"0";"0";"0";"0";"1";"0";APPARTEMENT;"1";"3";"0";"3";"3";"171";"0";"0";"0";"3";"0";"0";"0";"0";"0";"0";"0";"6";"0";"0";"0";"0";"0";"177";"1";"4";G2;PROPRIETE DIVISEE EN LOT;G2a;G2;99;1;MEME COMMUNE;;"1";"1";"1";"[""2M6GW29ZTD1Z""]";"1";"68";FF_93010000AS0031;;;;;;;93010000AS0031;Copropriété non immatriculée;;"0";;"93 010";"93";"200 054 781";Métropole du Grand Paris;"1 930";"1";"4";"3";"177";"171";"0";"3";"3";"3";"0";"0";"0";"0";"0";"0";"0";"0";"0";"0";"0";"3";"0";"0";"0";"3";"3";"1";"0";"0";"1";;;"0";"0";"0";"0";;;;;;;;;34 RUE EDOUARD VAILLANT, BONDY;;;;;;;;;;;;;;;;;;;;;;;;;;;;;;;;;;;;;;;;;;;;;;;;;;;;;;;;;;;;;;;;;"3";AVANT_1949;V;"1";{93010000AS0031};{93010000AS0031A};2_FF;2M6GW29ZTD1Z;"1";"68";;;"661 925,718";"6 866 349,317";"661 925,718";"6 866 349,317";"1";;;;"0";"0";;;;;;1;"0";"1";0;"0";"0";"0";"33";"1";"0";"0";"0";"0";;;;;;;;;;;;0;"0";"0,333";"1";;"0";"0";"0";"0";"-1";"-1";"-1";"-1";"0";"0";-1;"-1";;"-1";"0";"0";"0";"0";"7,273";;1.4285714285714286;0;"0";"3,75";gestion;"12";"5";"0";"4";"3";"0";présumée fragile;"138,553";"47,41";Gaz;D;;;;;;;;gaz;;;;
"10 280";93010000AS0034;93010*00180;"[""93010*00180""]";93010;BONDY;93;PDLMP;"2";"[""93010000AS0034"",""93010000AS0035""]";"277";CL;"1 900";"1 900";"1 900";"1 900";"2";"277";13;SOL;"277";"0";"0";"0";"0";"0";"0";"0";"0";"0";"0";"0";"0";"0";"277";"4";"0";"0";"0";"0";"0";"2";"0";MIXTE;"1";"2";"2";"0";"2";"174";"61";"0";"0";"0";"2";"0";"0";"0";"0";"0";"0";"28";"0";"0";"0";"0";"0";"263";"2";"3";G2;PROPRIETE DIVISEE EN LOT;G2a;G2;99;1;MEME COMMUNE;;"2";"2";"2";"[""N6N1YDXMA7K5"",""TXD53JXGEC7C""]";"2";"133";RNC_AG9909862;AG9909862;2021-07-12 00:00:00.0;2021-07-12 00:00:00.0;non connu;non connu;non connu;93010000AS0034;Copropriété immatriculée;1_1;"1";OUI;"93 010";"93";"200 054 781";Métropole du Grand Paris;"1 900";"1";"4";"2";"263";"235";"2";"0";"2";"0";"0";"2";"0";"0";"0";"0";"0";"0";"0";"0";"0";"0";"0";"2";"0";"2";"2";"1";"0";"0";"1";0;;"3";"1";"0";"0";;non connu;non connu;non connu;non connu;Pas de mandat en cours;non connu;3 et 3 bis rue du Lion;3B r du lion 93140 Bondy;3 r du lion 93140 Bondy;non connu;non connu;1;1959-05-04 00:00:00.0;non;non connu;oui;non connu;;;;2;2;2;0;0;0;0;DE_1949_A_1960;93010;000;AS;0035;93010;000;AS;0034;;;;;2;non;non connu;non renseigné;non connu;non connu;non connu;;;;;;;non renseigné;non renseigné;0;0;0;0;0;0;0;2;individuel;non renseigné;non renseigné;Non renseigné;Non renseigné;non connu;non connu;0;ADRNIVX_0000000268267884;"2";AVANT_1949;H;"0";{93010000AS0034,93010000AS0035};{93010000AS0034A};2_RNIC_FF;N6N1YDXMA7K5,TXD53JXGEC7C;"2";"133";661946.6105101199;6866332.168246776;"661 959,7";"6 866 327,245";"661 946,611";"6 866 332,168";"0";1;1;;"0";"0";0;;;;;1;"0";"0";0;"0";"0";"0";"0";"0";"0";"0";"0";"0";;;;;;;;;;;;0;"0";"0,5";"1";;"0";"0";"0";"0";"-1";"-1";"-1";"-1";"0";"0";-1;"-1";0;"-1";"0";"1";"0";"0";"4";;1.4285714285714286;0;"5";"2,647";bati;"17";"6";"0";"4";"5";"2";a surveiller;"277,391";"70,298";Autre;F;;;;;;;;autre;;;;
"10 325";93010000AS0098;93010*00157;"[""93010*00157""]";93010;BONDY;93;SIMPLE;"1";"[""93010000AS0098""]";"398";CL;"1 929";"1 929";"1 929";"1 929";"3";"77";13;SOL;"77";"0";"0";"0";"0";"0";"0";"0";"0";"0";"0";"0";"0";"0";"77";"2";"0";"0";"0";"0";"0";"0";"0";APPARTEMENT;"1";"2";"0";"2";"2";"80";"0";"0";"0";"2";"0";"0";"0";"0";"0";"0";"0";"0";"0";"0";"0";"0";"0";"80";"1";"2";G2;PROPRIETE DIVISEE EN LOT;G2a;G2;99;1;MEME COMMUNE;;"1";"1";"1";"[""8S6PZY3VCYYV"",""DMTCRZ9GBMA5""]";"2";"82";FF_93010000AS0098;;;;;;;93010000AS0098;Copropriété non immatriculée;;"0";;"93 010";"93";"200 054 781";Métropole du Grand Paris;"1 929";"1";"2";"2";"80";"80";"0";"2";"2";"2";"0";"0";"0";"0";"0";"0";"0";"0";"0";"0";"0";"2";"0";"0";"0";"1";"1";"2";"0";"0";"0";;;"0";"0";"0";"0";;;;;;;;;5 VLA MADELEINE, BONDY;;;;;;;;;;;;;;;;;;;;;;;;;;;;;;;;;;;;;;;;;;;;;;;;;;;;;;;;;;;;;;;;;"2";AVANT_1949;V;"1";{93010000AS0098};{93010000AS0098A};2_FF;8S6PZY3VCYYV,DMTCRZ9GBMA5;"2";"82";;;"662 087,402";"6 866 279,351";"662 087,402";"6 866 279,351";"1";;;;"0";"0";;;;;;1;"0";"1";0;"0";"0";"0";"0";"1";"0";"0";"0";"0";;;;;;;;;;;;0;"0";"0";"0";;"0";"0";"0";"0";"-1";"-1";"-1";"-1";"0";"0";-1;"-1";;"-1";"0";"0";"0";"0";"7,273";;0;0;"0";"3,81";gestion;"10";"5";"0";"3";"2";"0";présumée fragile;"396,396";"79,754";Gaz;G;;;;;;;;gaz;;;;
"10 358";93010000AS0145;93010*00822;"[""93010*00822""]";93010;BONDY;93;SIMPLE;"1";"[""93010000AS0145""]";"7 500";CL;"1 981";"1 982";"1 982";"1 982";"1";"7 500";13;SOL;"7 500";"0";"0";"0";"0";"0";"0";"0";"0";"0";"0";"0";"0";"0";"7 500";"97";"0";"0";"0";"0";"0";"60";"0";DEPENDANCE;"3";"37";"37";"0";"37";"3 135";"0";"1";"0";"26";"10";"0";"0";"0";"0";"0";"0";"554";"0";"0";"0";"0";"0";"3 689";"1";"12";G2;PROPRIETE DIVISEE EN LOT;G2a;G2;99;1;MEME COMMUNE;;"1";"1";"1";"[""3TYT1JKPQVQD"",""5AEQSTK6H62G"",""AJDV2Y39D1VN"",""AYSK35BKV4KY"",""XGDMH6SSXG9J"",""1KRPYV8C8ZKQ"",""511SH3MGMAV6"",""DHZK4VX927QD"",""WRH4M2ZMW3A9"",""XX88DJQHQF36"",""Z9N13868NMN2""]";"11";"2 363";RNC_AF6170435;AF6170435;2019-10-09 00:00:00.0;2023-10-24 00:00:00.0;1001 VIES HABITAT 57201545100071;non;non;93010000AS0145;Copropriété immatriculée;1_1;"1";OUI;"93 010";"93";"200 054 781";Métropole du Grand Paris;"1 982";"3";"97";"37";"3 689";"3 135";"37";"0";"36";"0";"26";"10";"0";"0";"0";"0";"1";"0";"0";"0";"0";"5";"23";"9";"0";"11";"11";"3,364";"1";"0";"10";0;;"29";"0";"0";"0";;professionnel;1001 VIES HABITAT 57201545100071;6820A;COURBEVOIE;Mandat en cours;2024-09-30 00:00:00.0;résidence le hameau de la forge;78 r edouard vaillant 93140 Bondy;non connu;non connu;non connu;0;2019-10-03 00:00:00.0;non;non;oui;non connu;0;0;0;97;37;37;60;0;0;0;DE_1975_A_1993;93010;000;AS;0145;;;;;;;;;1;non;non connu;non;2022-01-01 00:00:00.0;2022-12-31 00:00:00.0;13/06/2023;70566.0;0.0;599.0;;;9004.0;non;non renseigné;0;0;0;0;7;0;0;0;individuel;non renseigné;non renseigné;Non renseigné;Non renseigné;14;90.0;0;ADRNIVX_0000000268268717;"37";DE_1975_A_1993;H;"0,722";{93010000AS0145};{93010000AS0145A,93010000AS0145B,93010000AS0145G};2_RNIC_FF;3TYT1JKPQVQD,5AEQSTK6H62G,AJDV2Y39D1VN,AYSK35BKV4KY,XGDMH6SSXG9J,1KRPYV8C8ZKQ,511SH3MGMAV6,DHZK4VX927QD,WRH4M2ZMW3A9,XX88DJQHQF36,Z9N13868NMN2;"11";"2 363";662261.8684059079;6866284.400875573;"662 250,234";"6 866 242,282";"662 261,868";"6 866 284,401";"0";0;0;0;"0";"0";0;0;0;0;0;1;"0";"0";0.7027027027027027;"0";"0";"0";"0";"0";"0";"0";"10";"0";;;;;;;0.00848850721310546155;0;;1907.1891891891891892;1;0;"0";"0,27";"0";;"0";"0";"0";"0";"0";"0";"0";"0";"0";"0";;"0";0;"0";"0";"0";"0";"0";"0";3.3333333333333335;0;0;"0";"0,244";finan;"21";"8";"2";"4";"5";"2";autres;"7 518,409";"350,699";Electricité;D;;;;;;;;electricite;D;;;
"10 360";93010000AS0146;93010*00113;"[""93010*00113""]";93010;BONDY;93;SIMPLE;"1";"[""93010000AS0146""]";"494";CL;"1 913";"1 913";"1 913";"1 913";"1";"494";13;SOL;"494";"0";"0";"0";"0";"0";"0";"0";"0";"0";"0";"0";"0";"0";"494";"3";"0";"0";"0";"0";"0";"1";"0";MAISON;"1";"2";"2";"0";"2";"116";"30";"0";"0";"2";"0";"0";"0";"0";"0";"0";"0";"6";"0";"0";"0";"0";"0";"152";"1";"3";G2;PROPRIETE DIVISEE EN LOT;G2a;G2;99;1;MEME COMMUNE;;"1";"1";"1";"[""7VGZE5R4E8CV"",""C9HCYVX8N4Q8"",""CQNBJ4PKAR9X""]";"3";"151";FF_93010000AS0146;;;;;;;93010000AS0146;Copropriété non immatriculée;;"0";;"93 010";"93";"200 054 781";Métropole du Grand Paris;"1 913";"1";"3";"2";"152";"146";"2";"0";"2";"2";"0";"0";"0";"0";"0";"0";"0";"0";"0";"0";"1";"0";"1";"0";"0";"2";"2";"1";"0";"0";"1";;;"0";"0";"0";"0";;;;;;;;;92 B RUE EDOUARD VAILLANT, BONDY;;;;;;;;;;;;;;;;;;;;;;;;;;;;;;;;;;;;;;;;;;;;;;;;;;;;;;;;;;;;;;;;;"2";AVANT_1949;H;"1";{93010000AS0146};{93010000AS0146A};2_FF;7VGZE5R4E8CV,C9HCYVX8N4Q8,CQNBJ4PKAR9X;"3";"151";;;"662 315,95";"6 866 254,472";"662 315,95";"6 866 254,472";"1";;;;"0";"0";;;;;;1;"0";"1";0;"0";"0";"0";"50";"0";"0";"0";"0";"0";;;;;;;;;;;;0;"0";"0,5";"1";;"0";"0";"0";"0";"-1";"-1";"-1";"-1";"0";"0";-1;"-1";;"-1";"0";"0";"0";"0";"5,455";;1.4285714285714286;3.3333333333333335;"0";"3,75";gestion;"12";"5";"0";"4";"3";"0";présumée fragile;"494,042";"94,769";Gaz;E;;;;;;;;gaz;;;;
"10 371";93010000AS0159;93010*00487;"[""93010*00487""]";93010;BONDY;93;SIMPLE;"1";"[""93010000AS0159""]";"436";CL;"1 912";"1 959";"1 912";"1 959";"2";"441";13;SOL;"441";"0";"0";"0";"0";"0";"0";"0";"0";"0";"0";"0";"0";"0";"441";"3";"0";"0";"0";"0";"0";"1";"0";MAISON;"2";"2";"2";"0";"2";"142";"19";"0";"0";"0";"2";"0";"0";"0";"0";"0";"0";"15";"0";"0";"0";"0";"0";"176";"1";"3";G2;PROPRIETE DIVISEE EN LOT;G2a;G2;99;1;MEME COMMUNE;;"1";"1";"1";"[""FC651G452Y8V"",""RHDFBT36BV7Z""]";"2";"139";FF_93010000AS0159;;;;;;;93010000AS0159;Copropriété non immatriculée;;"0";;"93 010";"93";"200 054 781";Métropole du Grand Paris;"1 912";"2";"3";"2";"176";"161";"2";"0";"2";"0";"0";"2";"0";"0";"0";"0";"0";"0";"0";"0";"0";"1";"1";"0";"0";"2";"2";"1";"0";"0";"1";;;"0";"0";"0";"0";;;;;;;;;28 AV CADERAS, BONDY;;;;;;;;;;;;;;;;;;;;;;;;;;;;;;;;;;;;;;;;;;;;;;;;;;;;;;;;;;;;;;;;;"2";AVANT_1949;H;"0";{93010000AS0159};{93010000AS0159A,93010000AS0159B};2_FF;FC651G452Y8V,RHDFBT36BV7Z;"2";"139";;;"662 271,024";"6 866 122,789";"662 271,024";"6 866 122,789";"1";;;;"0";"0";;;;;;1;"0";"0";0;"0";"0";"0";"0";"0";"0";"0";"0";"0";;;;;;;;;;;;0;"0";"0,5";"1";;"0";"0";"0";"0";"-1";"-1";"-1";"-1";"0";"0";-1;"-1";;"-1";"0";"0";"0";"0";"3,333";;1.4285714285714286;0;"0";"1,667";gestion;"13";"4";"0";"4";"5";"0";autres;"439,956";"86,332";Electricité;D;;;;;;;;electricite;;;;
"10 374";93010000AS0162;93010*00028;"[""93010*00028""]";93010;BONDY;93;SIMPLE;"1";"[""93010000AS0162""]";"316";CL;"1 908";"1 963";"1 908";"1 963";"2";"227";13;SOL;"227";"0";"0";"0";"0";"0";"0";"0";"0";"0";"0";"0";"0";"0";"227";"5";"1";"1";"1";"1";"0";"2";"4";MIXTE;"2";"2";"2";"0";"2";"88";"48";"1";"0";"0";"1";"0";"0";"0";"0";"0";"0";"54";"15";"0";"0";"0";"0";"205";"1";"3";G2;PROPRIETE DIVISEE EN LOT;G2a;G2;99;1;MEME COMMUNE;;"1";"1";"1";"[""QHA4VRAG62WX"",""RT51SCNA8S7J""]";"2";"129";FF_93010000AS0162;;;;;;;93010000AS0162;Copropriété non immatriculée;;"0";;"93 010";"93";"200 054 781";Métropole du Grand Paris;"1 908";"2";"5";"2";"205";"136";"2";"0";"1";"0";"0";"1";"0";"0";"0";"0";"1";"0";"0";"0";"1";"1";"0";"0";"0";"2";"2";"1";"1";"0";"1";;;"0";"0";"0";"0";;;;;;;;;34 AV CADERAS, BONDY;;;;;;;;;;;;;;;;;;;;;;;;;;;;;;;;;;;;;;;;;;;;;;;;;;;;;;;;;;;;;;;;;"2";AVANT_1949;H;"0";{93010000AS0162};{93010000AS0162A,93010000AS0162B};2_FF;QHA4VRAG62WX,RT51SCNA8S7J;"2";"129";;;"662 267,23";"6 866 094,506";"662 267,23";"6 866 094,506";"1";;;;"0";"0";;;;;;0.6666666666666666;"0";"0";0;"0";"0";"0";"0";"0";"0";"0";"50";"1";;;;;;;;;;;;0;"0";"0,5";"1";;"0";"0";"0";"0";"-1";"-1";"-1";"-1";"0";"0";-1;"-1";;"-1";"0";"0";"0";"0";"3,333";;1.4285714285714286;0;"0";"1,667";gestion;"13";"4";"0";"4";"5";"0";autres;"316,409";"74,863";Gaz;F;;;;;;;;gaz;F;;;
"10 377";93010000AS0166;93010*00132;"[""93010*00132""]";93010;BONDY;93;SIMPLE;"1";"[""93010000AS0166""]";"411";CL;"1 913";"1 913";"1 913";"1 913";"4";"79";13;SOL;"79";"0";"0";"0";"0";"0";"0";"0";"0";"0";"0";"0";"0";"0";"79";"4";"0";"0";"0";"0";"0";"0";"0";APPARTEMENT;"1";"4";"1";"3";"4";"205";"0";"0";"0";"0";"4";"0";"0";"0";"0";"0";"0";"0";"0";"0";"0";"0";"0";"205";"1";"5";G2;PROPRIETE DIVISEE EN LOT;G2a;G2;99;1;MEME COMMUNE;;"1";"1";"1";"[""14E9VHD2HQNV"",""6F89JPDCJ9R7""]";"2";"120";FF_93010000AS0166;;;;;;;93010000AS0166;Copropriété non immatriculée;;"0";;"93 010";"93";"200 054 781";Métropole du Grand Paris;"1 913";"1";"4";"4";"205";"205";"1";"3";"4";"0";"0";"4";"0";"0";"0";"0";"0";"0";"0";"0";"0";"3";"1";"0";"0";"4";"4";"1";"0";"0";"0";;;"0";"0";"0";"0";;;;;;;;;8 B RUE DU LION, BONDY;;;;;;;;;;;;;;;;;;;;;;;;;;;;;;;;;;;;;;;;;;;;;;;;;;;;;;;;;;;;;;;;;"4";AVANT_1949;M;"0";{93010000AS0166};{93010000AS0166A};2_FF;14E9VHD2HQNV,6F89JPDCJ9R7;"2";"120";;;"661 908,745";"6 866 317,086";"661 908,745";"6 866 317,086";"1";;;;"0";"0";;;;;;1;"0";"0";0;"0";"25";"0";"0";"0";"0";"0";"0";"0";;;;;;;;;;;;0;"0";"0";"0";;"0";"0";"0";"0";"-1";"-1";"-1";"-1";"25";"0";-1;"-1";;"-1";"0";"0";"0";"0";"3,333";;0;0;"0";"1,304";gestion;"12";"4";"0";"3";"5";"0";autres;"412,405";"102,245";Autre;F;;;;;;;; ;;;;
"10 378";93010000AS0167;93010*00836;"[""93010*00836""]";93010;BONDY;93;SIMPLE;"1";"[""93010000AS0167""]";"542";CL;"1 964";"1 964";"1 964";"1 964";"1";"542";13;SOL;"542";"0";"0";"0";"0";"0";"0";"0";"0";"0";"0";"0";"0";"0";"542";"30";"2";"2";"2";"2";"0";"19";"8";DEPENDANCE;"1";"9";"0";"9";"9";"411";"0";"1";"0";"1";"6";"1";"0";"0";"0";"0";"0";"130";"29";"1";"0";"0";"10";"581";"1";"11";G2;PROPRIETE DIVISEE EN LOT;G2a;G2;99;3;MEME REGION;;"1";"1";"1";"[""BP5V249MW9SQ""]";"1";"134";RNC_AC4000931;AC4000931;2018-04-12 00:00:00.0;2018-12-17 00:00:00.0;UNITIA 82293322200025;non;non;93010000AS0167;Copropriété immatriculée;1_1;"1";OUI;"93 010";"93";"200 054 781";Métropole du Grand Paris;"1 964";"1";"29";"9";"565";"411";"0";"9";"8";"1";"0";"6";"1";"0";"0";"0";"1";"0";"0";"1";"4";"4";"0";"0";"1";"10";"9";"1";"1";"0";"5";5;-24.20;"0";"0";"3";"0";;professionnel;UNITIA 82293322200025;6832A;MONTREUIL;Mandat en cours;2026-06-11 00:00:00.0;139 AVENUE CARNOT;139 av carnot 93140 Bondy;139 av carnot 93140 Bondy;non connu;non connu;1;1964-10-08 00:00:00.0;non;non;oui;non connu;0;0;0;12;10;10;1;0;0;0;DE_1961_A_1974;93010;000;AS;0167;;;;;;;;;1;non;non connu;non;2017-07-01 00:00:00.0;2018-06-30 00:00:00.0;04/12/2018;27000.0;0.0;107.79;;;2024.98;oui;non renseigné;0;0;0;0;0;0;0;1;collectif;non;gaz_naturel;Non renseigné;Non renseigné;non connu;non connu;0;ADRNIVX_0000000268267904;"9";DE_1961_A_1974;V;"0,125";{93010000AS0167};{93010000AS0167A};2_RNIC_FF;BP5V249MW9SQ;"1";"134";661851.8338016999;6866336.128039001;"661 870,696";"6 866 329,704";"661 851,834";"6 866 336,128";"0";0;1;0;"0";"0";0;0;0;0;0;0.8181818181818182;"0";"0";0;"0";"0";"0";"100";"0";"0,111";"0";"0";"0";;;;;;;0.00399222222222222222;0;-1300.0000000000000000;;0;0;"0";"0,556";"1";1;"0";"0";"0";"0";"-1";"0";"-1";"1";"0";"0";-1;"0";0;"0";"0";"0";"0";"0";"1,429";0;3.3333333333333335;2.5;"0";"1,778";marche;"23";"9";"2";"5";"5";"2";autres;"542,188";"105,797";Gaz;E;oui;25/07/2022;;;;;;gaz;E;;;
"10 387";93010000AS0185;93010*00752;"[""93010*00752""]";93010;BONDY;93;SIMPLE;"1";"[""93010000AS0185""]";"495";CL;"1 910";"2 011";"1 910";"2 011";"1";"495";13;SOL;"495";"0";"0";"0";"0";"0";"0";"0";"0";"0";"0";"0";"0";"0";"495";"9";"0";"0";"0";"0";"0";"3";"0";MAISON;"5";"6";"6";"0";"6";"257";"35";"0";"0";"3";"3";"0";"0";"0";"0";"0";"0";"73";"0";"0";"0";"0";"0";"365";"1";"7";G2;PROPRIETE DIVISEE EN LOT;G2a;G2;99;1;MEME COMMUNE;;"1";"1";"1";"[""2SNKBJ1FTBMK"",""4RR8AJD38FCY"",""JESBDC8PZJK6"",""XJ9YTCSV5A3M""]";"4";"205";RNC_AH1608959;AH1608959;2021-10-19 00:00:00.0;2021-10-19 00:00:00.0;non connu;non connu;non connu;93010000AS0185;Copropriété immatriculée;1_1;"1";OUI;"93 010";"93";"200 054 781";Métropole du Grand Paris;"1 910";"5";"9";"6";"365";"292";"6";"0";"6";"3";"0";"3";"0";"0";"0";"0";"0";"0";"0";"1";"3";"1";"1";"0";"0";"6";"6";"1";"0";"0";"2";0;;"1";"0";"1";"1";;non connu;non connu;non connu;non connu;Pas de mandat en cours;non connu;SDC 47 RUE DE LA LIBERTE 93140 BONDY;47 r de la liberte 93140 Bondy;non connu;non connu;non connu;0;2010-06-16 00:00:00.0;non;non connu;oui;non connu;0;0;0;6;6;6;0;0;0;0;AVANT_1949;93010;000;AS;0185;;;;;;;;;1;non;non connu;non renseigné;non connu;non connu;non connu;;;;;;;non renseigné;1900;0;0;0;0;0;0;0;5;individuel;non renseigné;non renseigné;Non renseigné;Non renseigné;non connu;non connu;0;ADRNIVX_0000000268270861;"6";AVANT_1949;H;"0,5";{93010000AS0185};{93010000AS0185A,93010000AS0185B,93010000AS0185C,93010000AS0185D,93010000AS0185E};2_RNIC_FF;2SNKBJ1FTBMK,4RR8AJD38FCY,JESBDC8PZJK6,XJ9YTCSV5A3M;"4";"205";662028.7888036636;6866173.611628218;"662 047,474";"6 866 191,582";"662 028,789";"6 866 173,612";"0";1;1;;"0";"0";0;0;0;0;;1;"0";"0";0;"0";"0";"0";"33";"1";"0";"0";"0";"0";;;;;;;;;;;;0;"0";"0,333";"1";;"0";"0";"0";"0";"0";"0";"0";"0";"0";"0";;"0";0;"0";"0";"1";"0";"0";"4,211";;1.4285714285714286;0;"5";"3,056";bati;"18";"8";"0";"4";"4";"2";a surveiller;"497,089";"138,308";Electricité;E;;;;;;;;electricite;E;;;
"10 393";93010000AS0197;93010*00646;"[""93010*00646""]";93010;BONDY;93;SIMPLE;"1";"[""93010000AS0197""]";"845";CL;"2 000";"2 000";"2 000";"2 000";"1";"845";13;SOL;"845";"0";"0";"0";"0";"0";"0";"0";"0";"0";"0";"0";"0";"0";"845";"29";"0";"0";"0";"0";"0";"21";"0";DEPENDANCE;"2";"8";"0";"8";"8";"488";"120";"0";"0";"2";"6";"0";"0";"0";"0";"0";"0";"184";"0";"0";"0";"0";"0";"792";"1";"14";G2;PROPRIETE DIVISEE EN LOT;G2a;G2;99;3;MEME REGION;;"1";"1";"1";"[""8E1YKTR1J94K""]";"1";"245";RNC_AD9938572;AD9938572;2018-12-20 00:00:00.0;2024-07-16 00:00:00.0;NEXITY LAMY 48753009902584;non;non;93010000AS0197;Copropriété immatriculée;1_1;"1";OUI;"93 010";"93";"200 054 781";Métropole du Grand Paris;"2 000";"2";"29";"8";"792";"608";"0";"8";"8";"2";"0";"6";"0";"0";"0";"0";"0";"0";"0";"0";"2";"5";"1";"0";"1";"13";"8";"1";"0";"0";"4";4;-18.00;"0";"0";"4";"0";;professionnel;NEXITY LAMY 48753009902584;6832A;PARIS 8;Mandat en cours;2025-06-30 00:00:00.0;44 RUE EDOUARD VAILLANT  (A12) - MS13060;44 Rue Edouard Vaillant 93140 Bondy;non connu;non connu;non connu;0;1999-05-26 00:00:00.0;non;non;oui;non connu;0;0;0;30;8;8;14;0;0;0;DE_1994_A_2000;93010;000;AS;0197;;;;;;;;;1;non;non connu;non;2023-01-01 00:00:00.0;2023-12-31 00:00:00.0;05/07/2024;18628.0;0.0;5673.0;4567.0;2;816.0;non;non renseigné;0;0;0;0;0;0;0;1;individuel;non renseigné;non renseigné;Non;Sans objet;17;90.0;0;93010_3115_00044;"8";DE_1994_A_2000;V;"0,25";{93010000AS0197};{93010000AS019701,93010000AS0197A};2_RNIC_FF;8E1YKTR1J94K;"1";"245";661992.3167427607;6866314.0757786855;"661 989,231";"6 866 312,167";"661 992,317";"6 866 314,076";"0";0;0;0;"0";"0";0;0;0;0;0;1;"0";"0";0;"0";"0";"0";"100";"0";"0,125";"0";"9";"0";0.15384615384615385;0;0;0.24516856345286665235;0;0;0.30454155035430534679;0;;2328.5000000000000000;1;0;"0";"0,5";"1";0;"0";"0";"0";"0";"-1";"0";"-1";"0";"0";"0";-1;"0";0;"0";"0";"0";"0";"0";"0";1;1.1111111111111112;0;"0";"0,385";marche;"26";"9";"5";"5";"5";"2";autres;"846,134";"143,265";Electricité;D;;;;;;;;electricite;D;;;
"10 394";93010000AS0198;93010*00647;"[""93010*00647""]";93010;BONDY;93;SIMPLE;"1";"[""93010000AS0198""]";"1 232";CL;"2 000";"2 000";"2 000";"2 000";"1";"1 232";13;SOL;"1 232";"0";"0";"0";"0";"0";"0";"0";"0";"0";"0";"0";"0";"0";"1 232";"24";"0";"0";"0";"0";"0";"14";"0";DEPENDANCE;"2";"10";"0";"10";"10";"691";"160";"0";"0";"0";"10";"0";"0";"0";"0";"0";"0";"90";"0";"0";"0";"0";"0";"941";"1";"12";G2;PROPRIETE DIVISEE EN LOT;G2a;G2;99;3;MEME REGION;;"1";"1";"1";"[""2CNQVTJ1YAMA"",""QWD3W3KNJDH5""]";"2";"375";RNC_AD6672950;AD6672950;2018-11-13 00:00:00.0;2023-09-25 00:00:00.0;NEXITY LAMY 48753009902584;non;non;93010000AS0198;Copropriété immatriculée;1_1;"1";OUI;"93 010";"93";"200 054 781";Métropole du Grand Paris;"2 000";"2";"24";"10";"941";"851";"0";"10";"9";"0";"0";"9";"0";"1";"0";"0";"0";"0";"0";"0";"2";"5";"3";"0";"0";"11";"10";"1";"0";"0";"6";6;-18.00;"0";"0";"6";"0";;professionnel;NEXITY LAMY 48753009902584;6832A;PARIS 8;Mandat en cours;2025-06-30 00:00:00.0;42 RUE EDOUARD VAILLANT  (A12) - MS13059;42 r edouard vaillant 93140 Bondy;non connu;non connu;non connu;0;1999-05-26 00:00:00.0;non;non;oui;non connu;0;0;0;24;10;10;6;0;0;0;DE_1994_A_2000;93010;000;AS;0198;;;;;;;;;1;non;non connu;non;2022-01-01 00:00:00.0;2022-12-31 00:00:00.0;14/06/2023;18445.0;11400.0;7295.0;43.0;0;4739.0;non;non renseigné;0;0;0;0;0;0;0;1;individuel;non renseigné;non renseigné;Non renseigné;Non renseigné;7;90.0;0;ADRNIVX_0000000268268765;"10";DE_1994_A_2000;V;"0";{93010000AS0198};{93010000AS019801,93010000AS0198A};2_RNIC_FF;2CNQVTJ1YAMA,QWD3W3KNJDH5;"2";"375";661970.9104370545;6866281.07835447;"661 972,928";"6 866 287,663";"661 970,91";"6 866 281,078";"0";0;0;0;"0";"0";0;0;0;0;0;1;"0";"0";0;"0";"0";"0";"0";"0";"0";"0";"10";"0";0;0;0;0.00144077734963980566;0;0;0.24442955268889261183;0;;1844.5000000000000000;1;0;"0";"0,6";"1";0;"0";"0";"0";"0";"0";"0";"0";"0";"0";"0";;"0";0;"0";"0";"0";"0";"0";"0";1;1.1111111111111112;0;"0";"0,4";marche;"25";"8";"5";"5";"5";"2";autres;"1 226,428";"253,692";Electricité;D;;;;;;;;electricite;D;;;
"10 396";93010000AS0201;93010*00593;"[""93010*00593""]";93010;BONDY;93;SIMPLE;"1";"[""93010000AS0201""]";"18 591";CL;"1 984";"1 987";"1 984";"1 987";"1";"18 591";13;SOL;"18 591";"0";"0";"0";"0";"0";"0";"0";"0";"0";"0";"0";"0";"0";"18 591";"100";"0";"0";"0";"0";"0";"0";"0";MAISON;"4";"100";"97";"3";"100";"11 182";"2 136";"2";"0";"13";"85";"0";"0";"1";"0";"0";"0";"0";"0";"0";"0";"0";"0";"13 318";"1";"97";G2 M1;PROPRIETE DIVISEE EN LOT ET PERSONNE MORALE AUTRE;G2a M1a;G2;M1;1;MEME COMMUNE;;"1";"1";"1";"[""11CC869JPA62"",""26F94N59WPDE"",""26Q77HBGDKR4"",""4AE7KBMS355S"",""6VY51VJSRSHY"",""7RQVY9PBFH1Q"",""CJ3J2PEXCSMN"",""JAMMJTEWA3H9"",""MMRZTE97JFJ8"",""N6759FMKZJ8V"",""N93AXW5RVHPN"",""QKV5Z6FW7WWZ"",""VJBWCYM6QKFY"",""W1QADSV88H4E"",""XNVXPVV7NAY7"",""YBV4QVKPNBTE"",""Z6GFYPG4QT2W"",""ZW13REQARNSD"",""VPND5GTEGBYF"",""1DYP1KADNKV9"",""1FG34R5XZW6S"",""1HTAGGBA9M9F"",""2HXWGCSWFGWC"",""2J8H4JF9PQ4M"",""2MW5Q1Y89TET"",""2ZXE746WKD9P"",""31166BHV69ZS"",""32P4NZY14MV7"",""3VPTGF487473"",""3ZTDJBSYE2ZS"",""44922FK99BQ8"",""47X3F5QDBJJS"",""49G7HN571BW5"",""4KBFA5BVC76E"",""4SBTEXAZ3FPN"",""4Z4TW8QFRG1M"",""5A477TSSXWSH"",""5DRNRGBA7XYV"",""694JHYDP4VWP"",""6F3ZD6EWM8NS"",""83PGV18JHPDC"",""89G9FH5VC2S4"",""8F2W77BJMZJ6"",""8JQWPE8PR757"",""93YHHK4TA21P"",""951W79MG2THF"",""9A37WYG8NCF9"",""9B7MATH3SPR2"",""A9AQVT81GXJY"",""A9NKTD4PTRZT"",""AJ9H679RYYAX"",""AT9ED9ZG4NF5"",""B3NFJ2ZCCVZD"",""B5VG4GYAGXWQ"",""BBKFDNG6CWAM"",""BDHGR77ME9PF"",""BRF779TJEXJJ"",""BV85KBHWS6NS"",""C289VW6CNGC8"",""DEFCCAJ9X9ZZ"",""DWYMVS4W58W4"",""EG51PKD61GDY"",""EN5GYH4HSKAE"",""EZ677YMNVMF8"",""FC9953NHWWPP"",""FHQ2Q64XA99H"",""GZRRVXDMGXHE"",""HN3D6QHB74CR"",""HNK6TE1KBJP5"",""HTCCMR76VRAZ"",""HZ8C9NN8E5SF"",""J16F7JKCY33N"",""J9G7SZZ86AP8"",""KCA2Z3F9GYB2"",""KMKXAARV11T4"",""KN56AM8KA18C"",""KPQZE8QQ49ND"",""KXKGXNR37Q5K"",""KY8MPSHB1RVZ"",""KYNJFAS9JW9E"",""M5FG63M2RCJ8"",""M7Y414SCTBEW"",""MDQDDYNKW812"",""N5XGXFN62J7A"",""P9FD2QEEJWMN"",""PCSHNSE7XHSP"",""PHTJSJFC99TK"",""PQHMC5MBGP9K"",""PVTAJKRH9YAD"",""QA812QFCS49D"",""QBK4Z71HMBGE"",""QF3GV1R3831W"",""QY78D8MS588R"",""QZSRXVYSDJRG"",""R26AAY7XEY4A"",""R6G6EK2SYVXN"",""R7PDVKP6RGPE"",""R8YFT195RC56"",""RGE81CVV8TCD"",""RKND7YBCAZWE"",""RS76M9RN4EXP"",""SJCF9C22SCJX"",""SMP5Q26WPZPJ"",""T1G98J1667E3"",""T7CNN516MPBZ"",""TCKKDB1G8EPN"",""TTJZ3871J8FB"",""V5JRGCJ45YKB"",""V69X9J4BNS49"",""VAYGHQFRXTJC"",""VM6D3EMCNWBJ"",""VQAHHVMSQFEX"",""VQZPWPBZGSTA"",""VV34R15MZ2WH"",""VVDJA9ZTTKQ6"",""W4WACC5QWD6K"",""W73GVFXJF519"",""WENKGBYMAZ6W"",""WFZX5Z3HARCC"",""WR3ER4WWNFDZ"",""X58F12EECD22"",""X8EF7ZKT419T"",""YC5MJW5HQM2W"",""YEH5R16RCN18"",""YP2NZDQEWD2K"",""YPCJRD4CVVR3"",""YTM52H4CS3C8"",""ZDGRGV3N5AYN"",""ZX6YCRSCDR25"",""5G82BRKQZT1R"",""7SY95GPNM8GP"",""8JW34KE2AY7P"",""98BCK5B862WM"",""9MAB9FYJ6XW4"",""B53EMG25KRVQ"",""E3TZRYHJ7DHG"",""EZ2J1SPAVY8W"",""FF8V9T1C174A"",""HDKM45P5KDG2"",""JWWQ54GHSZ7A"",""KWP6P3Y6VC5S"",""RXPQXGD26AY9"",""SXD2C9DCW3P1"",""VBAY63TTKC2T"",""WWV21C2ES7K4""]";"145";"6 076";RNC_AB2608511;AB2608511;2017-10-12 00:00:00.0;2024-06-27 00:00:00.0;ATM SARL 34863116900045;non connu;non connu;93010000AS0201;Copropriété immatriculée;3_2;"1";OUI;"93 010";"93";"200 054 781";Métropole du Grand Paris;"1 984";"4";"100";"100";"13 318";"13 318";"97";"3";"98";"13";"0";"85";"0";"0";"0";"0";"2";"1";"0";"1";"1";"1";"1";"96";"2";"96";"96";"1,042";"2";"1";"18";0;;"16";"0";"60";"17";E;non connu;non connu;non connu;non connu;Pas de mandat en cours;2020-10-02 00:00:00.0;SDC VAILLANT LES COTTAGES;68 Rue Edouard Vaillant 93140 Bondy;non connu;non connu;non connu;0;1984-06-13 00:00:00.0;non;non;oui;;0;0;0;97;97;97;0;0;0;0;DE_1975_A_1993;;;;;;;;;;;;;0;non;non connu;non;2023-04-01 00:00:00.0;2024-03-31 00:00:00.0;12/06/2024;55196.0;0.0;5603.0;23840.0;14;15347.0;non;non renseigné;0;0;0;0;0;0;0;1;individuel;non renseigné;non renseigné;Non renseigné;Non renseigné;non connu;non connu;0;93010_3115_00068;"100";DE_1975_A_1993;M;"0,133";{93010000AS0201};{93010000AS0201A,93010000AS0201B,93010000AS0201C,93010000AS0201D};2_RNIC_FF;11CC869JPA62,26F94N59WPDE,26Q77HBGDKR4,4AE7KBMS355S,6VY51VJSRSHY,7RQVY9PBFH1Q,CJ3J2PEXCSMN,JAMMJTEWA3H9,MMRZTE97JFJ8,N6759FMKZJ8V,N93AXW5RVHPN,QKV5Z6FW7WWZ,VJBWCYM6QKFY,W1QADSV88H4E,XNVXPVV7NAY7,YBV4QVKPNBTE,Z6GFYPG4QT2W,ZW13REQARNSD,VPND5GTEGBYF,1DYP1KA;"145";"6 076";662176.1182776775;6866300.973467756;"662 202,238";"6 866 195,392";"662 176,118";"6 866 300,973";"0";1;0;;"0";"0";0;0;0;0;;1;"0";"0";0;"0";"4";"0";"55";"0";"0,02";"0";"2";"0";0.14583333333333334;0;0;0.43191535618523081383;1;0;0.10151097905645336619;0;;569.0309278350515464;0;0;"0";"0,18";"0";;"0";"0";"0";"0";"-1";"0";"-1";"0";"4";"0";0.07142857142857142;"0";0;"0";"0";"1";"0";"0";"1,579";3;0;0;"3";"1,6";bati;"25";"8";"5";"4";"5";"3";autres;"18 613,313";"704,912";Gaz;D;;;;;;;;gaz;D;;;
"10 406";93010000AT0016;93010*00580;"[""93010*00580""]";93010;BONDY;93;SIMPLE;"1";"[""93010000AT0016""]";"525";CL;"1 830";"1 830";"1 830";"1 830";"1";"525";13;SOL;"525";"0";"0";"0";"0";"0";"0";"0";"0";"0";"0";"0";"0";"0";"525";"3";"0";"0";"0";"0";"0";"1";"0";MAISON;"1";"2";"2";"0";"2";"142";"32";"0";"0";"0";"2";"0";"0";"0";"0";"0";"0";"10";"0";"0";"0";"0";"0";"184";"1";"3";G2;PROPRIETE DIVISEE EN LOT;G2a;G2;99;1;MEME COMMUNE;;"1";"1";"1";"[""H6CQXHZVFVJ3"",""NS6KMWFR5JTQ"",""TKVF615JY3A4""]";"3";"141";FF_93010000AT0016;;;;;;;93010000AT0016;Copropriété non immatriculée;;"0";;"93 010";"93";"200 054 781";Métropole du Grand Paris;"1 830";"1";"3";"2";"184";"174";"2";"0";"2";"0";"0";"2";"0";"0";"0";"0";"0";"0";"0";"0";"0";"1";"0";"1";"0";"2";"2";"1";"0";"0";"0";;;"0";"0";"0";"0";;;;;;;;;3 B VLA DES ABEILLES, BONDY;;;;;;;;;;;;;;;;;;;;;;;;;;;;;;;;;;;;;;;;;;;;;;;;;;;;;;;;;;;;;;;;;"2";AVANT_1949;H;"0";{93010000AT0016};{93010000AT0016A};2_FF;H6CQXHZVFVJ3,NS6KMWFR5JTQ,TKVF615JY3A4;"3";"141";;;"661 393,301";"6 866 320,939";"661 393,301";"6 866 320,939";"1";;;;"0";"0";;;;;;1;"0";"0";0;"0";"0";"0";"0";"0";"0";"0";"0";"0";;;;;;;;;;;;0;"0";"0";"0";;"0";"0";"0";"0";"-1";"-1";"-1";"-1";"0";"0";-1;"-1";;"-1";"0";"0";"0";"0";"3,333";;0;0;"0";"1,429";gestion;"11";"4";"0";"3";"4";"0";autres;"524,857";"111,092";Fioul;E;;;;;;;; ;;;;
"10 425";93010000AT0047;93010*00129;"[""93010*00129""]";93010;BONDY;93;SIMPLE;"1";"[""93010000AT0047""]";"672";CL;"1 935";"1 935";"1 935";"1 935";"12";"276";13;SOL;"276";"0";"0";"0";"0";"0";"0";"0";"0";"0";"0";"0";"0";"0";"276";"31";"0";"0";"0";"0";"0";"20";"0";DEPENDANCE;"1";"11";"0";"11";"11";"326";"0";"1";"0";"3";"7";"0";"0";"0";"0";"0";"0";"75";"0";"0";"0";"0";"0";"401";"1";"11";G2;PROPRIETE DIVISEE EN LOT;G2a;G2;99;1;MEME COMMUNE;;"1";"1";"1";"[""BK5MA68NT6C7"",""H6XXWJXSACVF"",""ZRV4H2AQA3ER""]";"3";"194";RNC_AC1346501;AC1346501;2018-02-15 00:00:00.0;2021-07-27 00:00:00.0;FONCIA CHADEFAUX LECOQ 59202763500032;non connu;non connu;93010000AT0047;Copropriété immatriculée;3_2;"1";OUI;"93 010";"93";"200 054 781";Métropole du Grand Paris;"1 935";"1";"31";"11";"401";"326";"0";"11";"9";"3";"0";"6";"0";"1";"0";"0";"1";"0";"0";"0";"10";"1";"0";"0";"1";"10";"10";"1,1";"1";"0";"3";0;;"0";"0";"7";"2";;non connu;non connu;non connu;non connu;Pas de mandat en cours;2023-06-30 00:00:00.0;14 RUE JULES LELONG;14 r jules lelong 93140 BONDY;non connu;non connu;non connu;0;1965-09-05 00:00:00.0;non;non;oui;non connu;0;0;0;48;24;12;0;0;0;0;AVANT_1949;;;;;;;;;;;;;0;non;non connu;non;2020-01-01 00:00:00.0;2020-12-31 00:00:00.0;29/06/2021;13886.0;0.0;145.0;5556.0;3;3367.0;non;non renseigné;0;0;0;0;0;0;0;1;individuel;non renseigné;non renseigné;Non renseigné;Non renseigné;non connu;non connu;0;ADRNIVX_0000000268266361;"11";AVANT_1949;V;"0,333";{93010000AT0047};{93010000AT0047A};2_RNIC_FF;BK5MA68NT6C7,H6XXWJXSACVF,ZRV4H2AQA3ER;"3";"194";661575.4820987347;6866434.25611475;"661 591,74";"6 866 430,511";"661 575,482";"6 866 434,256";"0";1;1;;"0";"0";0;0;0;0;;1;"0";"0";0;"0";"11";"0";"50";"0";"0,091";"0";"11";"0";0.3;1;0;0.40011522396658504969;1;0;0.01044217197177012819;0;;578.5833333333333333;0;0;"0";"0,273";"0";;"0";"0";"0";"0";"0";"0";"0";"0";"17";"0";;"0";0;"0";"0";"1";"0";"0";"3,158";4;0;0;"5";"2,5";bati;"24";"8";"5";"4";"5";"2";autres;"672,232";"107,721";Electricité;E;;;;;;;;electricite;E;;;
"10 429";93010000AT0051;93010*00783;"[""93010*00783""]";93010;BONDY;93;SIMPLE;"1";"[""93010000AT0051""]";"654";CL;"2 015";"2 015";"2 015";"2 015";"1";"654";13;SOL;"654";"0";"0";"0";"0";"0";"0";"0";"0";"0";"0";"0";"0";"0";"654";"50";"0";"0";"0";"0";"0";"25";"0";MIXTE;"1";"25";"0";"25";"25";"1 211";"304";"2";"0";"20";"3";"0";"0";"1";"0";"0";"0";"269";"0";"0";"0";"0";"0";"1 784";"1";"27";G2;PROPRIETE DIVISEE EN LOT;G2a;G2;99;1;MEME COMMUNE;;"1";"1";"1";"[""AD3WZW4KA2KE""]";"1";"400";RNC_AC2766426;AC2766426;2018-03-16 00:00:00.0;2023-06-26 00:00:00.0;FONCIA MANAGO 30265417300020;non;non;93010000AT0051;Copropriété immatriculée;3_2;"1";OUI;"93 010";"93";"200 054 781";Métropole du Grand Paris;"2 015";"1";"50";"25";"1 784";"1 515";"0";"25";"23";"20";"0";"3";"0";"0";"0";"0";"2";"0";"0";"4";"13";"7";"1";"0";"1";"26";"25";"1";"2";"0";"2";2;-20.00;"0";"0";"6";"0";;professionnel;FONCIA MANAGO 30265417300020;6832A;EZANVILLE;Mandat en cours;2024-09-30 00:00:00.0;COTE TERRASSE;4 r du sergent bobillot 93140 BONDY;non connu;non connu;non connu;0;2014-01-01 00:00:00.0;non;non;oui;non connu;0;0;0;53;25;25;22;0;0;0;A_COMPTER_DE_2011;;;;;;;;;;;;;0;non;non connu;non;2022-01-01 00:00:00.0;2022-12-31 00:00:00.0;24/04/2023;29253.0;0.0;0.0;2838.0;0;3411.0;non;2015;0;0;0;0;0;0;0;1;individuel;non renseigné;non renseigné;Non renseigné;Non renseigné;11;94.0;1;ADRNIVX_0000000268267931;"25";A_COMPTER_DE_2011;V;"0,87";{93010000AT0051};{93010000AT0051A};2_RNIC_FF;AD3WZW4KA2KE;"1";"400";661594.5370104208;6866366.741575687;"661 596,201";"6 866 386,774";"661 594,537";"6 866 366,742";"0";0;0;0;"0";"0";0;0;0;0;0;1;"0";"0";0;"0";"0";"0";"5";"1";"0,04";"0";"0";"0";0;0;0;0.09701569069838990873;0;0;0.000000000000000000000000;0;;1090.1200000000000000;0;0;"0";"0,08";"0";1;"0";"0";"0";"0";"-1";"0";"-1";"0";"0";"0";-1;"0";0;"0";"0";"0";"0";"0";"0,952";0;2.2222222222222223;0;"0";"0,769";marche;"26";"9";"5";"5";"5";"2";autres;"657,26";"114,173";Gaz;D;;;;;;;;gaz;D;;;
"10 430";93010000AT0052;93010*00097;"[""93010*00097""]";93010;BONDY;93;SIMPLE;"1";"[""93010000AT0052""]";"317";CL;"1 930";"1 930";"1 930";"1 930";"1";"317";13;SOL;"317";"0";"0";"0";"0";"0";"0";"0";"0";"0";"0";"0";"0";"0";"317";"14";"0";"0";"0";"0";"0";"8";"0";DEPENDANCE;"1";"6";"0";"6";"6";"253";"0";"1";"0";"1";"4";"0";"0";"0";"0";"0";"0";"80";"0";"0";"0";"0";"0";"333";"1";"7";G2;PROPRIETE DIVISEE EN LOT;G2a;G2;99;1;MEME COMMUNE;;"1";"1";"1";"[""7RGRGG6PADN9"",""Q5PSCAVTRB7R"",""VRYMQCDA8PN4""]";"3";"143";RNC_AD5780887;AD5780887;2018-10-24 00:00:00.0;2023-04-20 00:00:00.0;ATM SARL 34863116900045;non connu;non connu;93010000AT0052;Copropriété immatriculée;3_2;"1";OUI;"93 010";"93";"200 054 781";Métropole du Grand Paris;"1 930";"1";"13";"6";"319";"253";"0";"6";"5";"1";"0";"4";"0";"0";"0";"0";"1";"0";"0";"0";"5";"1";"0";"0";"0";"6";"6";"1";"1";"0";"1";1;-51.00;"0";"0";"2";"0";;non connu;non connu;non connu;non connu;Pas de mandat en cours;2023-11-16 00:00:00.0;SDC 6 RUE SERGENT BOBILLOT;6 r du sergent bobillot 93140 BONDY;non connu;non connu;non connu;0;1952-08-19 00:00:00.0;non;non;oui;;0;0;0;7;6;6;0;0;0;0;DE_1949_A_1960;;;;;;;;;;;;;0;non;non connu;non;2021-10-01 00:00:00.0;2022-09-30 00:00:00.0;04/04/2023;9945.0;0.0;1039.0;1437.0;1;2009.0;non;non renseigné;0;0;0;0;0;0;0;1;individuel;non renseigné;non renseigné;Non renseigné;Non renseigné;15;90.0;0;ADRNIVX_0000000268267932;"6";AVANT_1949;V;"0,2";{93010000AT0052};{93010000AT0052A};2_RNIC_FF;7RGRGG6PADN9,Q5PSCAVTRB7R,VRYMQCDA8PN4;"3";"143";661579.9086698247;6866361.0561622465;"661 580,001";"6 866 369,95";"661 579,909";"6 866 361,056";"0";0;0;;"0";"0";0;0;0;0;;1;"0";"0";0;"0";"0";"0";"0";"1";"0";"0";"33";"1";0.16666666666666666;0;0;0.14449472096530920060;0;0;0.10447461035696329814;0;;1657.5000000000000000;1;0;"0";"0,167";"0";1;"0";"0";"0";"0";"-1";"0";"-1";"1";"0";"0";-1;"0";0;"0";"0";"0";"0";"0";"1,053";1;2.2222222222222223;2.5;"0";"1,4";occup;"25";"8";"5";"5";"5";"2";autres;"314,154";"76,735";Electricité;F;;;;;;;;electricite;;;;
"10 439";93010000AT0066;93010*00049;"[""93010*00049""]";93010;BONDY;93;SIMPLE;"1";"[""93010000AT0066""]";"4 585";CL;"1 954";"1 954";"1 954";"1 954";"1";"4 585";13;SOL;"4 585";"0";"0";"0";"0";"0";"0";"0";"0";"0";"0";"0";"0";"0";"4 585";"47";"0";"0";"0";"0";"0";"27";"0";DEPENDANCE;"4";"20";"0";"20";"20";"1 196";"0";"1";"0";"1";"18";"0";"0";"0";"0";"0";"0";"398";"0";"0";"0";"0";"0";"1 594";"1";"21";G2;PROPRIETE DIVISEE EN LOT;G2a;G2;99;1;MEME COMMUNE;;"1";"1";"1";"[""3362WXXRW4JM"",""495D4F8CGAAQ"",""MR99D9ESDPYX"",""PVM63FXVWTGA"",""RR5FDY8BZYVE"",""2EZ7VZS5BVYM""]";"6";"942";RNC_AE8062739;AE8062739;2019-02-27 00:00:00.0;2019-02-25 00:00:00.0;EDGESTION 82126420700019;non;non;93010000AT0066;Copropriété immatriculée;3_1;"1";OUI;"93 010";"93";"200 054 781";Métropole du Grand Paris;"1 954";"4";"47";"20";"1 594";"1 196";"0";"20";"18";"1";"0";"17";"0";"1";"0";"0";"1";"0";"0";"0";"4";"11";"3";"2";"0";"20";"20";"1";"1";"0";"8";6;11.00;"2";"0";"0";"0";;professionnel;EDGESTION 82126420700019;6831Z;SAINT MAUR DES FOSSES;Mandat en cours;2027-02-21 00:00:00.0;220 - 17 Moulin;17 all du moulin 93140 Bondy;non connu;non connu;non connu;0;1962-08-01 00:00:00.0;non;non;oui;non connu;0;0;0;20;20;20;0;0;0;0;NON_CONNUE;;;;;;;;;;;;;0;non;non connu;non;2017-07-01 00:00:00.0;2018-06-30 00:00:00.0;28/01/2019;23234.97;0.0;6490.16;20579.87;9;0.0;non;non renseigné;0;0;0;0;0;0;0;1;individuel;non renseigné;non renseigné;Non renseigné;Non renseigné;non connu;non connu;0;ADRNIVX_0000000268268833;"20";DE_1949_A_1960;V;"0,056";{93010000AT0066};{93010000AT0066A,93010000AT0066B,93010000AT0066C,93010000AT0066D};2_RNIC_FF;3362WXXRW4JM,495D4F8CGAAQ,MR99D9ESDPYX,PVM63FXVWTGA,RR5FDY8BZYVE,2EZ7VZS5BVYM;"6";"942";661576.3878188565;6866272.452008447;"661 578,967";"6 866 278,38";"661 576,388";"6 866 272,452";"0";0;1;0;"0";"0";0;0;0;0;0;1;"0";"0";0;"0";"0";"0";"0";"1";"0";"0";"5";"0";0.45;1;0;0.88572827939954301641;1;0;0.27932723821033554164;1;;1161.7485000000000000;0;0;"0";"0,4";"0";0;"0";"0";"0";"0";"-1";"0";"-1";"1";"0";"0";-1;"0";0;"0";"0";"0";"0";"0";"2,381";6;0;2.5;"0";"2,5";finan;"26";"9";"5";"5";"5";"2";autres;"4 588,213";"327,098";Gaz;D;oui;31/08/2017;;;;;;gaz;;;;
"10 442";93010000AT0075;93010*00006;"[""93010*00006""]";93010;BONDY;93;SIMPLE;"1";"[""93010000AT0075""]";"308";CL;"1 910";"1 910";"1 910";"1 910";"1";"308";13;SOL;"308";"0";"0";"0";"0";"0";"0";"0";"0";"0";"0";"0";"0";"0";"308";"4";"0";"0";"0";"0";"0";"1";"0";APPARTEMENT;"1";"3";"0";"3";"3";"156";"0";"1";"0";"0";"2";"0";"0";"1";"1";"0";"0";"13";"0";"0";"0";"0";"0";"169";"1";"4";G2;PROPRIETE DIVISEE EN LOT;G2a;G2;99;1;MEME COMMUNE;;"1";"1";"1";"[""2F7S1WCK9WKN"",""88S7JTFK7ZMH"",""TNNKAZ44DGA4""]";"3";"112";RNC_AH0176735;AH0176735;2021-07-26 00:00:00.0;2021-07-26 00:00:00.0;non connu;non connu;non connu;93010000AT0075;Copropriété immatriculée;1_1;"1";OUI;"93 010";"93";"200 054 781";Métropole du Grand Paris;"1 910";"1";"4";"3";"169";"156";"0";"3";"2";"0";"0";"2";"0";"0";"0";"0";"1";"1";"1";"0";"0";"3";"0";"0";"0";"3";"3";"1";"1";"1";"1";1;0.00;"0";"0";"0";"0";;non connu;non connu;non connu;non connu;Pas de mandat en cours;non connu;9 ALLEE DU MOULIN 93140 BONDY;9 all du moulin 93140 Bondy;non connu;non connu;non connu;0;1957-12-21 00:00:00.0;non;non;oui;non connu;0;0;0;9;3;3;0;0;0;0;AVANT_1949;93010;000;AT;0075;;;;;;;;;1;non;non connu;non renseigné;non connu;non connu;non connu;;;;;;;non renseigné;non renseigné;0;1;0;0;0;0;0;0;individuel;non renseigné;non renseigné;Non renseigné;Non renseigné;non connu;non connu;0;non connu;"3";AVANT_1949;V;"0";{93010000AT0075};{93010000AT0075A};2_RNIC_FF;2F7S1WCK9WKN,88S7JTFK7ZMH,TNNKAZ44DGA4;"3";"112";661607.005308643;6866312.058976451;"661 624,86";"6 866 293,804";"661 607,005";"6 866 312,059";"0";1;1;;"0";"0";0;0;0;0;;1;"0";"0";0;"0";"0";"0";"0";"0";"0";"0";"33";"1";;;;;;;;;;;;0.3333333333333333;"1";"0,333";"1";0;"0";"0";"0";"0";"-1";"-1";"-1";"-1";"0";"0";-1;"-1";0;"-1";"0";"0";"0";"0";"3,529";;3.3333333333333335;0;"0";"2,5";gestion;"18";"7";"0";"5";"5";"1";autres;"309,335";"73,139";Autre;E;;;;;;;; ;;;;
"10 451";93010000AT0087;93010*00779;"[""93010*00779""]";93010;BONDY;93;SIMPLE;"1";"[""93010000AT0087""]";"269";CL;"1 905";"1 905";"1 905";"1 905";"2";"62";13;SOL;"62";"0";"0";"0";"0";"0";"0";"0";"0";"0";"0";"0";"0";"0";"62";"14";"0";"0";"0";"0";"0";"11";"0";DEPENDANCE;"1";"3";"0";"3";"3";"197";"0";"0";"0";"3";"0";"0";"0";"0";"0";"0";"0";"112";"0";"0";"0";"0";"0";"309";"1";"4";G2 M1;PROPRIETE DIVISEE EN LOT ET PERSONNE MORALE AUTRE;G2a M1a;G2;M1;1;MEME COMMUNE;;"1";"1";"1";"[""JWD19FR612Z1""]";"1";"99";FF_93010000AT0087;;;;;;;93010000AT0087;Copropriété non immatriculée;;"0";;"93 010";"93";"200 054 781";Métropole du Grand Paris;"1 905";"1";"13";"3";"298";"197";"0";"3";"3";"3";"0";"0";"0";"0";"0";"0";"0";"0";"0";"0";"0";"3";"0";"0";"1";"3";"3";"1";"0";"0";"1";;;"0";"0";"0";"0";;;;;;;;;126 RUE ROGER SALENGRO, BONDY;;;;;;;;;;;;;;;;;;;;;;;;;;;;;;;;;;;;;;;;;;;;;;;;;;;;;;;;;;;;;;;;;"3";AVANT_1949;V;"1";{93010000AT0087};{93010000AT0087A};2_FF;JWD19FR612Z1;"1";"99";;;"661 650,375";"6 866 337,543";"661 650,375";"6 866 337,543";"1";;;;"0";"0";;;;;;1;"0";"1";0;"0";"0";"0";"100";"0";"0,333";"1";"0";"0";;;;;;;;;;;;0;"0";"0,333";"1";;"1";"1";"0";"0";"-1";"-1";"-1";"-1";"0";"0";-1;"-1";;"-1";"0";"0";"0";"0";"5,455";;5.714285714285714;3.3333333333333335;"0";"5";marche;"12";"5";"0";"4";"3";"0";présumée fragile;"269,081";"74,694";Gaz;D;;;;;;;;gaz;;;;
"10 452";93010000AT0088;93010*00769;"[""93010*00769""]";93010;BONDY;93;PDLMP;"2";"[""93010000AT0088"",""93010000AT0089""]";"518";CL;"1 902";"2 013";"1 902";"2 013";"2";"518";13;SOL;"518";"0";"0";"0";"0";"0";"0";"0";"0";"0";"0";"0";"0";"0";"518";"14";"1";"1";"1";"1";"0";"3";"4";APPARTEMENT;"2";"10";"0";"10";"10";"333";"0";"1";"0";"9";"0";"0";"0";"0";"0";"0";"0";"24";"28";"1";"0";"0";"0";"386";"2";"3";G2;PROPRIETE DIVISEE EN LOT;G2a;G2;99;1;MEME COMMUNE;;"2";"2";"2";"[""HAR4G8YZP6XE"",""HYX4GW8E8ACH"",""WNVPTA1NP93N""]";"3";"292";FF_93010000AT0088;;;;;;;93010000AT0088;Copropriété non immatriculée;;"0";;"93 010";"93";"200 054 781";Métropole du Grand Paris;"1 902";"2";"14";"10";"386";"333";"0";"10";"9";"9";"0";"0";"0";"0";"0";"0";"1";"0";"0";"6";"1";"3";"0";"0";"3";"2";"2";"5";"1";"0";"0";;;"0";"0";"0";"0";;;;;;;;;122 RUE ROGER SALENGRO, BONDY;;;;;;;;;;;;;;;;;;;;;;;;;;;;;;;;;;;;;;;;;;;;;;;;;;;;;;;;;;;;;;;;;"10";AVANT_1949;V;"1";{93010000AT0088,93010000AT0089};{93010000AT0088A,93010000AT0088B};2_FF;HAR4G8YZP6XE,HYX4GW8E8ACH,WNVPTA1NP93N;"3";"292";;;"661 648,375";"6 866 351,519";"661 648,375";"6 866 351,519";"1";;;;"0";"0";;;;;;0.9090909090909091;"0";"1";0;"0";"0";"0";"0";"1";"0,3";"0";"0";"0";;;;;;;;;;;;0;"0";"0";"0";;"0";"0";"0";"0";"-1";"0";"-1";"1";"0";"0";-1;"0";;"0";"0";"0";"0";"0";"7,273";;0;3.3333333333333335;"0";"4,348";gestion;"11";"5";"0";"3";"3";"0";présumée fragile;"522,741";"103,155";Autre;E;;;;;;;; ;;;;
"10 454";93010000AT0091;93010*00531;"[""93010*00531""]";93010;BONDY;93;SIMPLE;"1";"[""93010000AT0091""]";"215";CL;"1 913";"1 913";"1 913";"1 913";"1";"215";13;SOL;"215";"0";"0";"0";"0";"0";"0";"0";"0";"0";"0";"0";"0";"0";"215";"28";"2";"2";"2";"2";"0";"13";"8";MIXTE;"1";"13";"0";"13";"13";"544";"0";"6";"0";"5";"2";"0";"0";"3";"0";"0";"0";"58";"100";"0";"0";"0";"0";"702";"1";"12";G2;PROPRIETE DIVISEE EN LOT;G2a;G2;99;1;MEME COMMUNE;;"1";"1";"1";"[""BS44VJD2Q27Z""]";"1";"194";RNC_AE7394174;AE7394174;2019-02-19 00:00:00.0;2021-02-24 00:00:00.0;FONCIA CHADEFAUX LECOQ 59202763500032;non;non;93010000AT0091;Copropriété immatriculée;1_1;"1";OUI;"93 010";"93";"200 054 781";Métropole du Grand Paris;"1 913";"1";"27";"13";"698";"544";"0";"13";"6";"5";"0";"1";"0";"1";"0";"0";"6";"1";"0";"1";"2";"10";"0";"0";"5";"11";"11";"1,182";"6";"0";"4";1;-1.00;"0";"0";"4";"1";;professionnel;FONCIA CHADEFAUX LECOQ 59202763500032;6831Z;AUBERVILLIERS;Mandat en cours;2025-09-30 00:00:00.0;SDC 120 ROGER SALENGRO;120 r roger salengro, 93140 Bondy;non connu;non connu;non connu;0;1991-02-18 00:00:00.0;non;non;oui;non connu;0;0;0;15;15;12;0;0;0;0;DE_1949_A_1960;93010;000;AT;0091;;;;;;;;;1;non;non connu;non;2019-01-01 00:00:00.0;2019-12-31 00:00:00.0;05/01/2020;37834.0;0.0;9780.0;51712.0;7;1251.0;non;non renseigné;1;1;0;0;0;0;0;0;individuel;non renseigné;non renseigné;Non renseigné;Non renseigné;non connu;non connu;0;non connu;"13";AVANT_1949;V;"0,833";{93010000AT0091};{93010000AT0091A};2_RNIC_FF;BS44VJD2Q27Z;"1";"194";661651.8984412072;6866370.5869829;"661 651,852";"6 866 370,955";"661 651,898";"6 866 370,587";"0";0;1;0;"0";"0";0;0;0;0;0;0.8666666666666667;"0";"0";0;"0";"0";"0";"67";"0";"0,154";"0";"0";"0";0.6363636363636364;1;0;1.3668129195961305;1;0;0.25849764761854416662;1;;2522.2666666666666667;1;0;"0";"0,308";"1";0;"1";"1";"0";"0";"0";"0";"0";"0";"0";"0";;"0";0;"0";"0";"0";"0";"0";"1,429";7;4.444444444444445;0;"0";"2,692";finan;"26";"9";"5";"5";"5";"2";a surveiller;"214,421";"57,556";Gaz;D;;;;;;;;gaz;D;;;
"10 455";93010000AT0092;93010*00634;"[""93010*00634""]";93010;BONDY;93;PDLMP;"2";"[""93010000AT0092"",""93010000AT0093""]";"1 159";CL;"1 999";"1 999";"1 999";"1 999";"2";"1 159";13;SOL;"1 159";"0";"0";"0";"0";"0";"0";"0";"0";"0";"0";"0";"0";"0";"1 159";"64";"0";"0";"0";"0";"0";"42";"0";DEPENDANCE;"2";"22";"0";"22";"22";"1 227";"201";"3";"0";"8";"11";"0";"0";"0";"0";"0";"0";"352";"0";"0";"0";"0";"0";"1 780";"2";"23";G2;PROPRIETE DIVISEE EN LOT;G2a;G2;99;1;MEME COMMUNE;;"2";"2";"2";"[""MVRB5KQTBRYA"",""PNBH6ATP76QX""]";"2";"401";RNC_AB2839371;AB2839371;2017-10-17 00:00:00.0;2024-02-14 00:00:00.0;CITYA IMMOBILIER PECORARI 41130103900086;non connu;non connu;93010000AT0092;Copropriété immatriculée;3_2;"1";OUI;"93 010";"93";"200 054 781";Métropole du Grand Paris;"1 999";"2";"64";"22";"1 780";"1 428";"0";"22";"19";"8";"0";"11";"0";"0";"0";"0";"3";"0";"0";"0";"8";"13";"1";"0";"1";"22";"22";"1";"4";"0";"4";2;10.00;"0";"0";"5";"0";;non connu;non connu;non connu;non connu;Pas de mandat en cours;2022-03-31 00:00:00.0;SDC LE LUTETIA;81 r roger salengro 93140 Bondy;2 r edouard vaillant 93140 Bondy;non connu;non connu;1;1998-03-31 00:00:00.0;non;non;oui;;0;0;0;64;22;22;20;0;0;0;DE_1994_A_2000;;;;;;;;;;;;;0;non;non connu;non;2022-10-01 00:00:00.0;2023-09-30 00:00:00.0;23/01/2024;41098.0;8030.0;0.0;3181.0;3;4995.0;non;non renseigné;0;0;0;0;0;0;0;2;individuel;non renseigné;non renseigné;Non renseigné;Non renseigné;non connu;non connu;1;ADRNIVX_0000000268267072;"22";DE_1994_A_2000;V;"0,421";{93010000AT0092,93010000AT0093};{93010000AT0092A,93010000AT0092B};2_RNIC_FF;MVRB5KQTBRYA,PNBH6ATP76QX;"2";"401";661667.3146447309;6866395.616415077;"661 685,245";"6 866 391,254";"661 667,315";"6 866 395,616";"0";1;0;;"0";"0";0;0;0;0;;1;"0";"0";0;"0";"0";"0";"57";"0";"0,045";"0";"14";"0";0.13636363636363635;0;0;0.06474922651034033545;0;0;0.000000000000000000000000;0;;1777.1818181818181818;1;0;"0";"0,182";"0";0;"0";"0";"0";"0";"-1";"0";"-1";"1";"0";"0";-1;"0";0;"0";"0";"0";"0";"0";"1,579";1;0;2.5;"0";"1,2";occup;"25";"8";"5";"5";"5";"2";autres;"1 159,295";"134,143";Electricité;D;;;;;;;;electricite;D;;;
"10 456";93010000AT0094;93010*00643;"[""93010*00643""]";93010;BONDY;93;SIMPLE;"1";"[""93010000AT0094""]";"479";CL;"2 000";"2 000";"2 000";"2 000";"1";"479";13;SOL;"479";"0";"0";"0";"0";"0";"0";"0";"0";"0";"0";"0";"0";"0";"479";"28";"0";"0";"0";"0";"0";"19";"0";DEPENDANCE;"2";"9";"0";"9";"9";"478";"93";"0";"0";"3";"6";"0";"0";"0";"0";"0";"0";"250";"0";"0";"0";"0";"0";"821";"1";"12";G2;PROPRIETE DIVISEE EN LOT;G2a;G2;99;1;MEME COMMUNE;;"1";"1";"1";"[""756KHCQA6BBJ""]";"1";"184";RNC_AD0281188;AD0281188;2018-08-02 00:00:00.0;2024-05-24 00:00:00.0;ATM SARL 34863116900045;non;non;93010000AT0094;Copropriété immatriculée;1_1;"1";OUI;"93 010";"93";"200 054 781";Métropole du Grand Paris;"2 000";"2";"28";"9";"821";"571";"0";"9";"9";"3";"0";"6";"0";"0";"0";"0";"0";"0";"0";"1";"3";"5";"0";"0";"0";"11";"9";"1";"0";"0";"6";6;-17.00;"0";"0";"0";"0";;professionnel;ATM SARL 34863116900045;6832A;BONDY;Mandat en cours;2025-06-30 00:00:00.0;VILLA FLORENTINE;85 r roger salengro 93140 Bondy;non connu;non connu;non connu;0;1998-12-23 00:00:00.0;non;non;oui;non connu;0;0;0;29;11;9;9;0;0;0;DE_1994_A_2000;93010;000;AT;0094;;;;;;;;;1;non;non connu;non;2023-01-01 00:00:00.0;2023-12-31 00:00:00.0;30/04/2024;29591.0;111312.0;9725.0;16296.0;7;8465.0;non;1998;0;0;0;0;0;0;0;1;individuel;non renseigné;non renseigné;Non;Sans objet;non connu;non connu;1;ADRNIVX_0000000268267920;"9";DE_1994_A_2000;V;"0,333";{93010000AT0094};{93010000AT009401,93010000AT0094A};2_RNIC_FF;756KHCQA6BBJ;"1";"184";661669.8805241013;6866362.35019185;"661 684,344";"6 866 367,154";"661 669,881";"6 866 362,35";"0";0;0;0;"0";"0";0;0;0;0;0;1;"0";"0";0;"0";"0";"0";"33";"1";"0";"0";"10";"0";0.6363636363636364;1;1;0.11565403149684534751;0;1;0.06901911243905381717;0;;2508.2727272727272727;1;0;"0";"0,667";"1";0;"1";"1";"0";"0";"-1";"0";"-1";"1";"0";"0";-1;"0";0;"0";"0";"0";"0";"0";"0,952";5;4.444444444444445;2.5;"0";"2,6";finan;"25";"9";"5";"5";"5";"1";a surveiller;"477,249";"90,212";Electricité;E;;;;;;;;electricite;;;;
"10 458";93010000AT0100;93010*00061;"[""93010*00061""]";93010;BONDY;93;SIMPLE;"1";"[""93010000AT0100""]";"417";CL;"1 930";"1 930";"1 930";"1 930";"1";"35";13;SOL;"35";"0";"0";"0";"0";"0";"0";"0";"0";"0";"0";"0";"0";"0";"35";"16";"2";"2";"2";"2";"0";"8";"8";DEPENDANCE;"1";"6";"0";"6";"6";"292";"0";"0";"0";"6";"0";"0";"0";"0";"0";"0";"0";"247";"75";"0";"0";"0";"0";"614";"1";"2";G2;PROPRIETE DIVISEE EN LOT;G2a;G2;99;1;MEME COMMUNE;;"1";"1";"1";"[""6859DHJEE34A"",""7XM4NF6RBR5Y""]";"2";"312";FF_93010000AT0100;;;;;;;93010000AT0100;Copropriété non immatriculée;;"0";;"93 010";"93";"200 054 781";Métropole du Grand Paris;"1 930";"1";"16";"6";"614";"292";"0";"6";"6";"6";"0";"0";"0";"0";"0";"0";"0";"0";"0";"0";"3";"3";"0";"0";"0";"1";"1";"6";"0";"0";"0";;;"0";"0";"9";"2";E;;;;;;;;114 AV DE LA REPUBLIQUE, BONDY;;;;;;;;;;;;;;;;;;;;;;;;;;;;;;;;;;;;;;;;;;;;;;;;;;;;;;;;;;;;;;;;;"6";AVANT_1949;V;"1";{93010000AT0100};{93010000AT0100A};2_FF;6859DHJEE34A,7XM4NF6RBR5Y;"2";"312";;;"661 707,952";"6 866 341,451";"661 707,952";"6 866 341,451";"1";;;;"0";"0";;;;;;0.75;"0";"1";0;"0";"0";"0";"0";"1";"0";"0";"0";"0";;;;;;;;;;;;0;"0";"0";"0";;"0";"0";"0";"0";"-1";"0";"-1";"0";"0";"0";-1;"0";;"0";"0";"1";"0";"0";"7,273";;0;0;"5";"3,704";gestion;"13";"5";"0";"3";"3";"2";présumée fragile;"420,257";"82,414";Gaz;D;;;;;;;;gaz;D;;;
"10 469";93010000AT0111;93010*00804;"[""93010*00804""]";93010;BONDY;93;PDLMP;"2";"[""93010000AT0111"",""93010000AT0112""]";"899";CL;"2 018";"2 018";"2 018";"2 018";"2";"899";13;SOL;"899";"0";"0";"0";"0";"0";"0";"0";"0";"0";"0";"0";"0";"0";"899";"71";"0";"0";"0";"0";"0";"22";"0";APPARTEMENT;"2";"49";"0";"49";"49";"2 169";"152";"6";"0";"24";"19";"0";"0";"1";"0";"0";"0";"264";"0";"0";"0";"0";"0";"2 585";"2";"44";G2;PROPRIETE DIVISEE EN LOT;G2a;G2;99;2;MEME DEPARTEMENT;;"2";"2";"2";"[""9VMV31VHKDCR""]";"1";"571";RNC_AC5124342;AC5124342;2018-05-09 00:00:00.0;2023-08-31 00:00:00.0;CABINET DESPORT 33291170000067;non connu;non connu;93010000AT0111;Copropriété immatriculée;1_1;"1";OUI;"93 010";"93";"200 054 781";Métropole du Grand Paris;"2 018";"2";"71";"49";"2 585";"2 321";"0";"49";"40";"24";"0";"16";"0";"3";"0";"0";"6";"1";"0";"15";"21";"10";"3";"0";"7";"43";"43";"1,14";"6";"1";"31";29;-9.52;"0";"0";"14";"0";;non connu;non connu;non connu;non connu;Pas de mandat en cours;2024-06-30 00:00:00.0;4140 - SDC 151/153 AVENUE DE LA REPUBLIQUE;151 av de la republique 93140 Bondy;non connu;non connu;non connu;0;2016-10-14 00:00:00.0;non;non;oui;non connu;0;0;0;71;49;49;22;0;0;0;A_COMPTER_DE_2011;93010;000;AT;0112;93010;000;AT;0111;;;;;2;non;non connu;non;2022-01-01 00:00:00.0;2022-12-31 00:00:00.0;25/04/2023;63863.0;0.0;13083.0;45252.0;20;0.0;non;non renseigné;0;0;0;0;0;0;0;1;individuel;non renseigné;non renseigné;Non renseigné;Non renseigné;non connu;non connu;1;ADRNIVX_0000000268267908;"49";A_COMPTER_DE_2011;V;"0,6";{93010000AT0111,93010000AT0112};{93010000AT0111A,93010000AT0111P};2_RNIC_FF;9VMV31VHKDCR;"1";"571";661736.7034369912;6866366.689810324;"661 756,8";"6 866 362,949";"661 736,703";"6 866 366,69";"0";0;0;;"0";"0";0;0;0;0;;1;"0";"0";0;"0";"0";"0";"43";"1";"0,143";"0";"11";"0";0.46511627906976744;1;0;0.70857930256956297073;0;0;0.20486040430296102595;0;;1262.5102040816326531;0;0;"0";"0,633";"1";0;"0";"0";"0";"0";"-1";"0";"-1";"1";"0";"0";0.3;"0";0;"0";"0";"0";"0";"0";"1,053";1;1.1111111111111112;2.5;"0";"1,2";occup;"25";"8";"5";"5";"5";"2";autres;"900,877";"125,18";Gaz;C;;;;;;;;gaz;C;;;
"10 502";93010000AT0173;93010*00488;"[""93010*00488""]";93010;BONDY;93;SIMPLE;"1";"[""93010000AT0173""]";"1 468";CL;"1 987";"1 987";"1 987";"1 987";"1";"1 468";13;SOL;"1 468";"0";"0";"0";"0";"0";"0";"0";"0";"0";"0";"0";"0";"0";"1 468";"61";"0";"0";"0";"0";"0";"41";"0";DEPENDANCE;"2";"20";"1";"19";"20";"1 281";"0";"0";"0";"3";"16";"1";"0";"0";"0";"0";"0";"322";"0";"0";"0";"0";"0";"1 603";"1";"22";G2;PROPRIETE DIVISEE EN LOT;G2a;G2;99;1;MEME COMMUNE;;"1";"1";"1";"[""28Q41Z1G39RX"",""3K2X7KHTGYBQ""]";"2";"403";RNC_AE3726312;AE3726312;2019-02-01 00:00:00.0;2019-11-22 00:00:00.0;ATM SARL 34863116900045;non connu;non connu;93010000AT0173;Copropriété immatriculée;3_2;"1";OUI;"93 010";"93";"200 054 781";Métropole du Grand Paris;"1 987";"2";"61";"20";"1 603";"1 281";"1";"19";"19";"3";"0";"15";"1";"1";"0";"0";"0";"0";"0";"2";"4";"13";"0";"1";"0";"21";"20";"1";"0";"0";"6";0;;"0";"0";"5";"0";;non connu;non connu;non connu;non connu;Pas de mandat en cours;2019-11-12 00:00:00.0;SDC RESIDENCE DEBUSSY;2 r du sergent bobillot 93140 BONDY;non connu;non connu;non connu;0;1988-11-10 00:00:00.0;non;non;oui;;0;0;0;62;19;19;24;0;0;0;DE_1975_A_1993;;;;;;;;;;;;;0;non;non connu;non;2017-07-01 00:00:00.0;2018-06-30 00:00:00.0;13/11/2018;32335.71;0.0;2376.22;1332.07;1;2300.66;non;non renseigné;0;0;0;0;0;0;0;2;individuel;non renseigné;non renseigné;Non renseigné;Non renseigné;non connu;non connu;1;ADRNIVX_0000000268267078;"20";DE_1975_A_1993;M;"0,158";{93010000AT0173};{93010000AT0173A,93010000AT0173B};2_RNIC_FF;28Q41Z1G39RX,3K2X7KHTGYBQ;"2";"403";661623.4174410218;6866376.669388914;"661 617,445";"6 866 407,582";"661 623,417";"6 866 376,669";"0";1;1;;"0";"0";0;0;0;0;;1;"0";"0";0;"0";"0";"0";"33";"1";"0";"0";"5";"0";0.047619047619047616;0;0;0.04119501319129841281;0;0;0.07348593861090416756;0;;1596.6163157894736842;1;0;"0";"0,3";"0";;"0";"0";"0";"0";"-1";"0";"-1";"0";"0";"0";-1;"0";0;"0";"0";"0";"0";"0";"4,211";1;0;0;"0";"1,875";gestion;"24";"8";"5";"4";"5";"2";autres;"1 467,727";"183,649";Electricité;D;;;;;;;;electricite;D;;;
"10 505";93010000AT0195;93010*00309;"[""93010*00309""]";93010;BONDY;93;SIMPLE;"1";"[""93010000AT0195""]";"2 306";CL;"1 976";"1 976";"1 976";"1 976";"1";"2 306";13;SOL;"2 306";"0";"0";"0";"0";"0";"0";"0";"0";"0";"0";"0";"0";"0";"2 306";"194";"0";"0";"0";"0";"0";"146";"0";DEPENDANCE;"2";"48";"0";"48";"48";"2 535";"7";"4";"0";"11";"32";"1";"0";"1";"0";"0";"0";"1 252";"0";"0";"0";"0";"0";"3 794";"1";"55";G2;PROPRIETE DIVISEE EN LOT;G2a;G2;99;2;MEME DEPARTEMENT;;"1";"1";"1";"[""3MDNHB56TFB5"",""RFJXBKAPZTC3""]";"2";"654";RNC_AA7986862;AA7986862;2017-08-02 00:00:00.0;2024-05-28 00:00:00.0;ATM SARL 34863116900045;non;non;93010000AT0195;Copropriété immatriculée;3_1;"1";OUI;"93 010";"93";"200 054 781";Métropole du Grand Paris;"1 976";"2";"193";"48";"3 789";"2 542";"0";"48";"43";"11";"0";"31";"1";"1";"0";"0";"4";"0";"0";"11";"8";"20";"4";"5";"1";"54";"48";"1";"4";"0";"16";15;-19.40;"0";"0";"2";"0";;professionnel;ATM SARL 34863116900045;6832A;BONDY;Mandat en cours;2025-06-13 00:00:00.0;SDC 16 20 VAILLANT;16 r edouard vaillant 93140 Bondy;18 r edouard vaillant 93140 Bondy;20 r edouard vaillant 93140 Bondy;non connu;2;1976-03-25 00:00:00.0;non;non;oui;non connu;0;0;0;163;48;48;35;0;0;0;DE_1975_A_1993;93010;000;AD;0066;;;;;;;;;1;non;non connu;non;2023-02-01 00:00:00.0;2024-01-31 00:00:00.0;23/05/2024;132713.0;174614.0;36035.0;31448.0;7;26734.0;non;non renseigné;0;0;0;0;0;0;0;3;collectif;non;gaz_naturel;Non;Sans objet;non connu;non connu;1;non connu;"48";DE_1975_A_1993;V;"0,256";{93010000AT0195};{93010000AT0195A,93010000AT0195B};2_RNIC_FF;3MDNHB56TFB5,RFJXBKAPZTC3;"2";"654";661824.3033730428;6866375.230009134;"661 796,55";"6 866 354,935";"661 824,303";"6 866 375,23";"0";0;0;0;"0";"0";0;0;0;0;0;1;"0";"0";0;"0";"12";"0";"45";"1";"0,021";"0";"10";"0";0.12962962962962962;0;0;0.10232748831049663713;0;0;0.11725295857506824978;0;2723.1875000000000000;;0;0;"0";"0,333";"0";0;"0";"0";"0";"0";"-1";"0";"-1";"0";"16";"0";-1;"0";0;"0";"0";"0";"0";"0";"0,952";0;0;0;"0";"0,385";gestion;"26";"9";"5";"5";"5";"2";autres;"2 298,574";"195,631";Gaz;E;;;;;;;;gaz;E;;;
"10 506";93010000AT0210;93010*00540;"[""93010*00540""]";93010;BONDY;93;SIMPLE;"1";"[""93010000AT0210""]";"2 360";CLV;"1 992";"1 992";"1 992";"1 992";"1";"2 360";13;SOL;"2 360";"0";"0";"0";"0";"0";"0";"0";"0";"0";"0";"0";"0";"0";"2 360";"158";"3";"2";"3";"3";"0";"107";"8";DEPENDANCE;"1";"48";"0";"48";"48";"3 184";"0";"4";"0";"44";"0";"0";"0";"1";"0";"0";"0";"1 240";"183";"0";"0";"24";"0";"4 631";"1";"61";G2;PROPRIETE DIVISEE EN LOT;G2a;G2;99;1;MEME COMMUNE;;"1";"1";"1";"[""6E6W8QZZR5EV"",""J53YPQEYTH6Z"",""VXV2HMAY8Q12""]";"3";"1 450";FF_93010000AT0210;;;;;;;93010000AT0210;Copropriété non immatriculée;;"0";;"93 010";"93";"200 054 781";Métropole du Grand Paris;"1 992";"1";"158";"48";"4 631";"3 184";"0";"48";"44";"44";"0";"0";"0";"0";"0";"0";"4";"0";"0";"6";"11";"13";"18";"0";"0";"60";"1";"48";"6";"0";"16";;;"0";"0";"96";"0";D,D;;;;;;;;164 RUE ROGER SALENGRO, BONDY;;;;;;;;;;;;;;;;;;;;;;;;;;;;;;;;;;;;;;;;;;;;;;;;;;;;;;;;;;;;;;;;;"48";DE_1975_A_1993;V;"1";{93010000AT0210};{93010000AT0210A};2_FF;6E6W8QZZR5EV,J53YPQEYTH6Z,VXV2HMAY8Q12;"3";"1 450";;;"661 624,886";"6 866 257,221";"661 624,886";"6 866 257,221";"1";;;;"0";"0";;;;;;0.9411764705882353;"0";"1";0;"0";"8";"0";"0";"0";"0";"0";"9";"0";;;;;;;;;;;;0;"0";"0,333";"0";;"0";"0";"0";"0";"0";"0";"0";"0";"0";"0";;"0";;"0";"0";"0";"0";"0";"6,667";;0;0;"0";"2,308";gestion;"13";"4";"0";"4";"3";"2";autres;"2 369,345";"253,692";Gaz;D;;;;;;;;gaz;;;;
"10 511";93010000AT0207;93010*00539;"[""93010*00539""]";93010;BONDY;93;SIMPLE;"1";"[""93010000AT0207""]";"1 046";CL;"1 992";"1 992";"1 992";"1 992";"1";"1 046";13;SOL;"1 046";"0";"0";"0";"0";"0";"0";"0";"0";"0";"0";"0";"0";"0";"1 046";"109";"5";"4";"5";"5";"0";"52";"20";MIXTE;"1";"52";"0";"52";"52";"3 110";"29";"3";"0";"17";"31";"1";"0";"0";"0";"0";"0";"331";"377";"68";"0";"12";"0";"3 927";"1";"57";G2;PROPRIETE DIVISEE EN LOT;G2a;G2;99;1;MEME COMMUNE;;"1";"1";"1";"[""4BCPZ5J4GGSP"",""5QX8PQPJGD72"",""KAEP8NYVQH17""]";"3";"763";RNC_AB8005738;AB8005738;2017-12-27 00:00:00.0;2024-06-20 00:00:00.0;ATM SARL 34863116900045;non;non;93010000AT0207;Copropriété immatriculée;3_2;"1";OUI;"93 010";"93";"200 054 781";Métropole du Grand Paris;"1 992";"1";"109";"52";"3 927";"3 139";"0";"52";"48";"17";"0";"30";"1";"1";"0";"0";"3";"0";"0";"7";"18";"15";"10";"2";"2";"56";"51";"1,02";"3";"0";"19";17;-15.88;"0";"0";"13";"0";;professionnel;ATM SARL 34863116900045;6832A;BONDY;Mandat en cours;2025-11-22 00:00:00.0;SDC LES BALCONS DU MOULIN;138 Rue Roger Salengro 93140 Bondy;non connu;non connu;non connu;0;1991-08-19 00:00:00.0;non;non;oui;;0;0;0;116;62;54;0;0;0;0;DE_1975_A_1993;;;;;;;;;;;;;0;non;non connu;non;2022-10-01 00:00:00.0;2023-09-30 00:00:00.0;23/05/2024;104254.0;178034.0;40507.0;17636.0;18;21645.0;non;non renseigné;0;0;0;0;0;0;0;1;individuel;non renseigné;non renseigné;Non renseigné;Non renseigné;14;90.0;0;93010_8172_00138;"52";DE_1975_A_1993;V;"0,354";{93010000AT0207};{93010000AT0207A};2_RNIC_FF;4BCPZ5J4GGSP,5QX8PQPJGD72,KAEP8NYVQH17;"3";"763";661676.6721783498;6866291.8035390265;"661 671,934";"6 866 276,943";"661 676,672";"6 866 291,804";"0";0;0;0;"0";"0";0;0;0;0;0;0.9122807017543859;"0";"0";0;"0";"10";"0";"60";"0";"0,038";"0";"8";"0";0.32142857142857145;0;1;0.06247520262993821912;0;0;0.14349529558465113643;0;;1681.5161290322580645;1;0;"0";"0,365";"0";0;"0";"0";"0";"0";"-1";"0";"-1";"0";"13";"0";0.10416666666666667;"0";0;"0";"0";"0";"0";"0";"0";1;0;0;"0";"0,192";finan;"26";"9";"5";"5";"5";"2";autres;"1 049,392";"171,366";Gaz;C;;;;;;;;gaz;C;;;
"10 513";93010000AT0212;93010*00533;"[""93010*00533""]";93010;BONDY;93;SIMPLE;"1";"[""93010000AT0212""]";"815";CV;"1 991";"1 991";"1 991";"1 991";"1";"815";13;SOL;"815";"0";"0";"0";"0";"0";"0";"0";"0";"0";"0";"0";"0";"0";"815";"52";"7";"6";"7";"7";"0";"0";"24";APPARTEMENT;"6";"45";"4";"41";"45";"2 830";"0";"3";"0";"41";"1";"0";"0";"1";"0";"0";"0";"0";"873";"60";"0";"0";"0";"3 763";"0";"8";G2;PROPRIETE DIVISEE EN LOT;G2c;G2;99;1;MEME COMMUNE;;"1";"1";"1";"[""N7GQR3E1B44Y"",""T1P85M22ZEDW""]";"2";"772";FF_93010000AT0212;;;;;;;93010000AT0212;Copropriété non immatriculée;;"0";;"93 010";"93";"200 054 781";Métropole du Grand Paris;"1 991";"6";"52";"45";"3 763";"2 830";"4";"41";"42";"41";"0";"1";"0";"0";"0";"0";"3";"1";"0";"5";"5";"25";"10";"0";"0";"7";"1";"45";"3";"0";"0";;;"2";"0";"0";"0";D,D,D,D,D,D,D,D,D,D,D,D,D,D,D,D,D,D,D,D,D,D,D,D,D,D,D,D,D,D,D,D,D,D,D,D,D,D,D,D,D,D;;;;;;;;107 RUE ROGER SALENGRO, BONDY;;;;;;;;;;;;;;;;;;;;;;;;;;;;;;;;;;;;;;;;;;;;;;;;;;;;;;;;;;;;;;;;;"45";DE_1975_A_1993;M;"0,976";{93010000AT0212};{93010000AT0212A,93010000AT0212B,93010000AT0212C,93010000AT0212D,93010000AT0212E,93010000AT0212F};2_FF;N7GQR3E1B44Y,T1P85M22ZEDW;"2";"772";;;"661 674,299";"6 866 225,805";"661 674,299";"6 866 225,805";"1";;;;"0";"0";;;;;;0.8653846153846154;"0";"0";0;"0";"0";"0";"0";"0";"0";"0";"0";"0";;;;;;;;;;;;0;"0";"0";"0";;"0";"0";"0";"0";"0";"0";"0";"0";"0";"0";;"0";;"0";"0";"0";"0";"0";"4,286";;0;0;"0";"1,364";gestion;"11";"3";"0";"3";"3";"2";autres;"819,453";"239,896";Gaz;D;;;;;;;;gaz;;;;
"10 515";93010000AT0215;93010*00563;"[""93010*00563""]";93010;BONDY;93;SIMPLE;"1";"[""93010000AT0215""]";"878";CL;"1 994";"1 994";"1 994";"1 994";"1";"878";13;SOL;"878";"0";"0";"0";"0";"0";"0";"0";"0";"0";"0";"0";"0";"0";"878";"87";"5";"5";"5";"5";"0";"42";"20";DEPENDANCE;"5";"40";"0";"40";"40";"1 689";"132";"7";"0";"20";"12";"1";"0";"3";"0";"0";"0";"564";"251";"56";"0";"15";"10";"2 717";"1";"51";G2;PROPRIETE DIVISEE EN LOT;G2a;G2;99;1;MEME COMMUNE;;"1";"1";"1";"[""WRY3M27BKNSG""]";"1";"796";RNC_AD5785183;AD5785183;2018-10-25 00:00:00.0;2023-12-12 00:00:00.0;ATM SARL 34863116900045;non;non;93010000AT0215;Copropriété immatriculée;3_2;"1";OUI;"93 010";"93";"200 054 781";Métropole du Grand Paris;"1 994";"5";"87";"40";"2 717";"1 821";"0";"40";"31";"20";"0";"10";"1";"2";"0";"0";"7";"2";"0";"20";"14";"6";"0";"0";"4";"50";"38";"1,053";"7";"0";"19";14;-8.43;"0";"0";"16";"0";;professionnel;ATM SARL 34863116900045;6832A;BONDY;Mandat en cours;2025-11-28 00:00:00.0;SDC LE DANTON;120 av de la republique 93140 Bondy;non connu;non connu;non connu;0;1993-05-07 00:00:00.0;non;non;oui;;0;0;0;88;46;40;42;0;0;0;DE_1975_A_1993;;;;;;;;;;;;;0;non;non connu;non;2022-04-01 00:00:00.0;2023-03-31 00:00:00.0;08/11/2023;71069.0;29131.0;27692.0;42644.0;11;3211.0;non;non renseigné;0;0;0;0;0;0;0;1;individuel;non renseigné;non renseigné;Non renseigné;Non renseigné;20;90.0;0;ADRNIVX_0000000268268793;"40";DE_1994_A_2000;V;"0,645";{93010000AT0215};{93010000AT0215A,93010000AT0215B,93010000AT0215D,93010000AT0215E,93010000AT0215F};2_RNIC_FF;WRY3M27BKNSG;"1";"796";661711.5273451871;6866296.020969383;"661 696,804";"6 866 303,861";"661 711,527";"6 866 296,021";"0";0;0;0;"0";"0";0;0;0;0;0;0.8888888888888888;"0";"0";0;"0";"7";"0";"47";"1";"0,1";"0";"10";"0";0.22;0;0;0.42558882235528942116;1;0;0.27636726546906187625;1;;1544.9782608695652174;1;0;"0";"0,475";"0";0;"3";"1";"0";"0";"-1";"0";"-1";"1";"8";"0";0.25806451612903225;"0";0;"0";"0";"0";"0";"0";"0,952";6;3.3333333333333335;2.5;"0";"2,5";finan;"26";"9";"5";"5";"5";"2";autres;"875,605";"122,129";Gaz;D;;;;;;;;gaz;D;;;
"10 517";93010000AT0218;93010*00721;"[""93010*00721""]";93010;BONDY;93;SIMPLE;"1";"[""93010000AT0218""]";"171";CL;"1 896";"1 896";"1 896";"1 896";"1";"171";13;SOL;"171";"0";"0";"0";"0";"0";"0";"0";"0";"0";"0";"0";"0";"0";"171";"3";"0";"0";"0";"0";"0";"1";"0";APPARTEMENT;"1";"2";"0";"2";"2";"122";"0";"0";"0";"0";"2";"0";"0";"0";"0";"0";"0";"36";"0";"0";"0";"0";"0";"158";"1";"4";G2;PROPRIETE DIVISEE EN LOT;G2a;G2;99;1;MEME COMMUNE;;"1";"1";"1";"[""F5M86V159Q6N""]";"1";"59";RNC_AF2225548;AF2225548;2019-06-03 00:00:00.0;2022-05-09 00:00:00.0;ATM SARL 34863116900045;non connu;non connu;93010000AT0218;Copropriété immatriculée;3_2;"1";OUI;"93 010";"93";"200 054 781";Métropole du Grand Paris;"1 896";"1";"3";"2";"158";"122";"0";"2";"2";"0";"0";"2";"0";"0";"0";"0";"0";"0";"0";"0";"1";"0";"1";"0";"0";"3";"2";"1";"0";"0";"1";1;-37.00;"0";"0";"0";"0";;non connu;non connu;non connu;non connu;Pas de mandat en cours;2021-03-10 00:00:00.0;SDC 130 SALENGRO;130 r roger salengro 93140 Bondy;non connu;non connu;non connu;0;2006-07-07 00:00:00.0;non;non;oui;;0;0;0;4;2;2;0;0;0;0;DE_2001_A_2010;;;;;;;;;;;;;0;non;non connu;non;2020-01-01 00:00:00.0;2020-12-31 00:00:00.0;01/12/2021;2518.0;0.0;263.0;12.0;0;0.0;non;non renseigné;0;0;0;0;0;0;0;2;individuel;non renseigné;non renseigné;Non renseigné;Non renseigné;non connu;non connu;0;ADRNIVX_0000000268267927;"2";AVANT_1949;V;"0";{93010000AT0218};{93010000AT0218A};2_RNIC_FF;F5M86V159Q6N;"1";"59";661667.4782475445;6866320.665565906;"661 659,175";"6 866 317,653";"661 667,478";"6 866 320,666";"0";1;1;;"0";"0";0;0;0;0;;1;"0";"0";0;"0";"0";"0";"0";"0";"0";"0";"0";"0";0;0;0;0.00476568705321683876;0;0;0.10444797458300238284;0;;1259.0000000000000000;0;0;"0";"0,5";"1";1;"0";"0";"0";"0";"-1";"-1";"-1";"-1";"0";"0";-1;"-1";0;"-1";"0";"0";"0";"0";"3,529";0;3.3333333333333335;3.75;"0";"2,609";occup;"23";"7";"5";"5";"5";"1";a surveiller;"166,032";"53,455";Gaz;E;;;;;;;;gaz;;;;
"10 520";93010000AU0014;93010*00832;"[""93010*00832""]";93010;BONDY;93;PDLMP;"10";"[""93010000AU0014"",""93010000AU0100"",""93010000AU0112"",""93010000AU0113"",""93010000AU0144"",""93010000AU0145"",""93010000AU0164"",""93010000AU0165"",""93010000AU0185"",""93010000AU0186""]";"3 609";CL;"2 023";"2 023";"2 023";"2 023";"10";"3 609";13;SOL;"3 609";"0";"0";"0";"0";"0";"0";"0";"0";"0";"0";"0";"0";"0";"3 609";"236";"0";"0";"0";"0";"0";"118";"0";MIXTE;"6";"118";"0";"118";"118";"6 657";"889";"0";"0";"0";"0";"0";"0";"0";"0";"0";"0";"1 416";"0";"0";"0";"0";"0";"8 962";"10";"26";G2;PROPRIETE DIVISEE EN LOT;G2a;G2;99;1;MEME COMMUNE;;"10";"10";"10";"[""4Z6YVRK9B379"",""T22RE4V2FPDQ""]";"2";"2 030";RNC_AI0259994;AI0259994;2023-03-02 00:00:00.0;2023-03-02 00:00:00.0;non connu;non connu;non connu;93010000AU0014;Copropriété immatriculée;1_1;"1";OUI;"93 010";"93";"200 054 781";Métropole du Grand Paris;"2 023";"6";"236";"118";"8 962";"7 546";"0";"118";"0";"0";"0";"0";"0";"0";"0";"118";"0";"0";"0";"6";"40";"52";"20";"0";"73";"25";"25";"4,72";"0";"0";"21";11;-7.55;"0";"0";"0";"0";C;non connu;non connu;non connu;non connu;Pas de mandat en cours;non connu;RESIDENCE COEUR ABONDY;16 av jules ferry 93140 Bondy;26 av jules ferry 93140 Bondy;non connu;non connu;1;2020-07-20 00:00:00.0;non;non;oui;non connu;0;0;0;238;120;119;118;0;0;0;A_COMPTER_DE_2011;93010;000;AU;0186;93010;000;AU;0100;93010;000;AU;0164;10;non;non connu;non renseigné;non connu;non connu;non connu;;;;;;;non renseigné;2020;0;0;0;0;0;0;0;5;collectif;oui;non renseigné;Non renseigné;Non renseigné;non connu;non connu;5;ADRNIVX_0000000268272896;"118";A_COMPTER_DE_2011;V;"0";{93010000AU0014,93010000AU0100,93010000AU0112,93010000AU0113,93010000AU0144,93010000AU0145,93010000AU0164,93010000AU0165,93010000AU0185,93010000AU0186};{93010000AU0014A,93010000AU0014B,93010000AU0014C,93010000AU0014D,93010000AU0014E,93010000AU0014P};1_RNIC_FF;4Z6YVRK9B379,T22RE4V2FPDQ;"2";"2 030";661492.3112892507;6866077.4075673055;"661 416,133";"6 866 090,72";"661 492,311";"6 866 077,408";"0";1;1;;"0";"0";0;0;0;0;;0.9916666666666667;"0";"0";0;"0";"0";"0";"0";"0";"0,008";"0";"27";"0";;;;;;;;;;;;0;"0";"0,178";"0";0;"0";"0";"0";"0";"0";"0";"0";"0";"0";"0";;"0";0;"0";"0";"0";"0";"0";"4,286";;0;;"0";"2,222";gestion;"13";"6";"0";"5";"0";"2";autres;"3 599,912";"261,21";;;;;;;;;;;;;;
"10 527";93010000AU0027;93010*00189;"[""93010*00189""]";93010;BONDY;93;PDLMP;"4";"[""93010000AU0027"",""93010000AU0033"",""93010000AU0034"",""93010000AU0110""]";"3 286";CL;"1 920";"1 968";"1 920";"1 968";"4";"3 286";13;SOL;"3 286";"0";"0";"0";"0";"0";"0";"0";"0";"0";"0";"0";"0";"0";"3 286";"151";"1";"1";"0";"0";"1";"105";"0";DEPENDANCE;"8";"45";"3";"42";"45";"2 490";"150";"3";"0";"11";"31";"0";"0";"0";"0";"0";"0";"990";"0";"0";"0";"0";"0";"3 630";"4";"50";G2;PROPRIETE DIVISEE EN LOT;G2a;G2;99;1;MEME COMMUNE;;"4";"4";"4";"[""15NM4DWFMNZJ"",""42EGW7FFJBMV"",""4P24FQ3DBK9V"",""6TKKHQBSYFKA"",""FXDMZD3KB5KP"",""WXBN2TKWDJNM"",""YQDPJ9HNHQTY"",""2RJJ6MGRM7ZD"",""32C72P6H3XFH"",""3TVWZTVTTFVA"",""Q1WGC9HCPSHS""]";"11";"1 022";RNC_AB2656783;AB2656783;2017-10-13 00:00:00.0;2024-06-27 00:00:00.0;ATM SARL 34863116900045;non connu;non connu;93010000AU0027;Plusieurs copropriétés immatriculées;3_1;"2";OUI;"93 010";"93";"200 054 781";Métropole du Grand Paris;"1 920";"7";"147";"45";"3 440";"2 640";"3";"42";"41";"11";"0";"30";"0";"1";"0";"0";"3";"0";"0";"1";"20";"20";"3";"1";"0";"49";"41";"1,098";"3";"0";"4";8;-61.00;"0";"0";"7";"6";;non connu;non connu;non connu;non connu;Pas de mandat en cours;2019-06-10 00:00:00.0;SDC LES CEDRES - PRINCIPAL;16 Rue de Varsovie 93140 Bondy;non connu;non connu;non connu;0;1964-12-29 00:00:00.0;non;non;oui;;0;0;0;171;46;45;43;0;0;0;DE_1961_A_1974;;;;;;;;;;;;;0;non;non connu;non;2022-10-01 00:00:00.0;2023-09-30 00:00:00.0;19/06/2024;3442.0;0.0;1395.0;1886.0;1;1446.0;non;non renseigné;0;0;0;0;0;0;0;5;collectif;non;fioul_domestique;Non renseigné;Non renseigné;non connu;non connu;0;93010_9610_00016;"45";AVANT_1949;M;"0,268";{93010000AU0027,93010000AU0033,93010000AU0034,93010000AU0110};{93010000AU002701,93010000AU002702,93010000AU0027A,93010000AU0027B,93010000AU0027C,93010000AU0027D,93010000AU0027E,93010000AU0027F};2_RNIC;15NM4DWFMNZJ,42EGW7FFJBMV,4P24FQ3DBK9V,6TKKHQBSYFKA,FXDMZD3KB5KP,WXBN2TKWDJNM,YQDPJ9HNHQTY,2RJJ6MGRM7ZD,32C72P6H3XFH,3TVWZTVTTFVA,Q1WGC9HCPSHS;"11";"1 022";661521.2706606657;6866065.872502208;"661 519,49";"6 866 067,105";"661 521,271";"6 866 065,873";"0";1;0;;"0";"0";0;0;0;0;;0.9782608695652174;"0";"0";0;"0";"10";"0";"36";"0";"0";"0";"6";"0";0.02040816326530612;0;1;0.54793724578733294596;0;1;0.40528762347472399768;0;74.8260869565217391;;0;0;"0";"0,089";"0";;"0";"0";"0";"0";"-1";"0";"-1";"0";"13";"0";-1;"0";0;"0";"0";"1";"0";"0";"2,5";3;0;;"5";"2,963";bati;"13";"5";"5";"1";"0";"2";a surveiller;"3 295,473";"328,209";Fioul;F;oui;27/10/2021;oui;;"1";"1";26/11/2021;fioul;F;;;
"10 528";93010000AU0027;93010*00189;"[""93010*00189""]";93010;BONDY;93;PDLMP;"4";"[""93010000AU0027"",""93010000AU0033"",""93010000AU0034"",""93010000AU0110""]";"3 286";CL;"1 920";"1 968";"1 920";"1 968";"4";"3 286";13;SOL;"3 286";"0";"0";"0";"0";"0";"0";"0";"0";"0";"0";"0";"0";"0";"3 286";"151";"1";"1";"0";"0";"1";"105";"0";DEPENDANCE;"8";"45";"3";"42";"45";"2 490";"150";"3";"0";"11";"31";"0";"0";"0";"0";"0";"0";"990";"0";"0";"0";"0";"0";"3 630";"4";"50";G2;PROPRIETE DIVISEE EN LOT;G2a;G2;99;1;MEME COMMUNE;;"4";"4";"4";"[""15NM4DWFMNZJ"",""42EGW7FFJBMV"",""4P24FQ3DBK9V"",""6TKKHQBSYFKA"",""FXDMZD3KB5KP"",""WXBN2TKWDJNM"",""YQDPJ9HNHQTY"",""2RJJ6MGRM7ZD"",""32C72P6H3XFH"",""3TVWZTVTTFVA"",""Q1WGC9HCPSHS""]";"11";"1 022";RNC_AB2656528;AB2656528;2017-10-16 00:00:00.0;2024-06-27 00:00:00.0;ATM SARL 34863116900045;non;non;93010000AU0027;Plusieurs copropriétés immatriculées;3_1;"2";OUI;"93 010";"93";"200 054 781";Métropole du Grand Paris;"1 920";"7";"147";"45";"3 440";"2 640";"3";"42";"41";"11";"0";"30";"0";"1";"0";"0";"3";"0";"0";"1";"20";"20";"3";"1";"0";"49";"41";"1,098";"3";"0";"4";8;-61.00;"0";"0";"7";"6";;professionnel;ATM SARL 34863116900045;6832A;BONDY;Mandat en cours;2025-12-18 00:00:00.0;SDC LES CEDRES-SECONDAIRE;16 Rue de Varsovie 93140 Bondy;non connu;non connu;non connu;0;1964-12-29 00:00:00.0;non;non;oui;;0;0;0;171;46;45;43;0;0;0;DE_1961_A_1974;;;;;;;;;;;;;0;non;non connu;non;2023-01-01 00:00:00.0;2023-12-31 00:00:00.0;19/06/2024;148750.0;0.0;32867.0;14700.0;13;33689.0;non;non renseigné;0;0;0;0;0;0;0;1;collectif;non;fioul_domestique;Non renseigné;Non renseigné;non connu;non connu;0;93010_9610_00016;"45";AVANT_1949;M;"0,268";{93010000AU0027,93010000AU0033,93010000AU0034,93010000AU0110};{93010000AU002701,93010000AU002702,93010000AU0027A,93010000AU0027B,93010000AU0027C,93010000AU0027D,93010000AU0027E,93010000AU0027F};2_RNIC;15NM4DWFMNZJ,42EGW7FFJBMV,4P24FQ3DBK9V,6TKKHQBSYFKA,FXDMZD3KB5KP,WXBN2TKWDJNM,YQDPJ9HNHQTY,2RJJ6MGRM7ZD,32C72P6H3XFH,3TVWZTVTTFVA,Q1WGC9HCPSHS;"11";"1 022";661521.2706606657;6866065.872502208;"661 519,49";"6 866 067,105";"661 521,271";"6 866 065,873";"0";0;0;0;"0";"0";0;0;0;0;0;0.9782608695652174;"0";"0";0;"0";"10";"0";"36";"0";"0";"0";"6";"0";0.2653061224489796;1;1;0.09882352941176470588;0;0;0.22095462184873949580;0;3233.6956521739130435;;1;0;"0";"0,089";"0";;"0";"0";"0";"0";"-1";"0";"-1";"0";"13";"0";-1;"0";0;"0";"0";"1";"0";"0";"0";2;0;;"5";"1,379";bati;"14";"6";"5";"1";"0";"2";autres;"3 295,473";"328,209";Fioul;F;oui;27/10/2021;oui;;"1";"1";26/11/2021;fioul;F;;;
"10 537";93010000AU0042;93010*00396;"[""93010*00396""]";93010;BONDY;93;SIMPLE;"1";"[""93010000AU0042""]";"228";CL;"1 926";"1 934";"1 926";"1 934";"1";"228";13;SOL;"228";"0";"0";"0";"0";"0";"0";"0";"0";"0";"0";"0";"0";"0";"228";"2";"0";"0";"0";"0";"0";"0";"0";MAISON;"2";"2";"2";"0";"2";"138";"95";"0";"0";"0";"2";"0";"0";"0";"0";"0";"0";"0";"0";"0";"0";"0";"0";"233";"1";"3";G2;PROPRIETE DIVISEE EN LOT;G2a;G2;99;1;MEME COMMUNE;;"1";"1";"1";"[""38Z1X2YC3ZY2"",""CM89ZEFXFVC7""]";"2";"80";FF_93010000AU0042;;;;;;;93010000AU0042;Copropriété non immatriculée;;"0";;"93 010";"93";"200 054 781";Métropole du Grand Paris;"1 926";"2";"2";"2";"233";"233";"2";"0";"2";"0";"0";"2";"0";"0";"0";"0";"0";"0";"0";"0";"0";"1";"1";"0";"0";"2";"2";"1";"0";"0";"1";;;"2";"2";"0";"0";;;;;;;;;14 RUE DAVID LEDER, BONDY;;;;;;;;;;;;;;;;;;;;;;;;;;;;;;;;;;;;;;;;;;;;;;;;;;;;;;;;;;;;;;;;;"2";AVANT_1949;H;"0";{93010000AU0042};{93010000AU0042A,93010000AU0042B};2_FF;38Z1X2YC3ZY2,CM89ZEFXFVC7;"2";"80";;;"661 581,29";"6 865 989,014";"661 581,29";"6 865 989,014";"1";;;;"0";"0";;;;;;1;"0";"0";0;"0";"0";"0";"0";"0";"0";"0";"0";"0";;;;;;;;;;;;0;"0";"0,5";"1";;"0";"0";"0";"0";"-1";"-1";"-1";"-1";"0";"0";-1;"-1";;"-1";"0";"1";"0";"0";"3,333";;1.4285714285714286;0;"10";"2,308";bati;"14";"4";"0";"4";"5";"1";autres;"229,274";"72,865";Electricité;G;;;;;;;;electricite;G;;;
"10 538";93010000AU0043;93010*00109;"[""93010*00109""]";93010;BONDY;93;SIMPLE;"1";"[""93010000AU0043""]";"360";CL;"1 922";"1 922";"1 922";"1 922";"1";"360";13;SOL;"360";"0";"0";"0";"0";"0";"0";"0";"0";"0";"0";"0";"0";"0";"360";"3";"0";"0";"0";"0";"0";"1";"0";MAISON;"1";"2";"2";"0";"2";"188";"63";"0";"0";"0";"2";"0";"0";"0";"0";"0";"0";"8";"0";"0";"0";"0";"0";"259";"1";"3";G2;PROPRIETE DIVISEE EN LOT;G2a;G2;99;1;MEME COMMUNE;;"1";"1";"1";"[""87QKMEXHNGGE"",""E5XVGRNS8SBT"",""VJSKYKNFKT2G""]";"3";"182";RNC_AG1259894;AG1259894;2020-06-01 00:00:00.0;2020-06-01 00:00:00.0;non connu;non connu;non connu;93010000AU0043;Copropriété immatriculée;1_1;"1";OUI;"93 010";"93";"200 054 781";Métropole du Grand Paris;"1 922";"1";"3";"2";"259";"251";"2";"0";"2";"0";"0";"2";"0";"0";"0";"0";"0";"0";"0";"0";"0";"0";"2";"0";"0";"2";"2";"1";"0";"0";"1";0;;"0";"0";"0";"0";;non connu;non connu;non connu;non connu;Pas de mandat en cours;non connu;22 et 24 rue de Varsovie et 12 rue David Leder;12 r david leder 93140 Bondy;non connu;non connu;non connu;0;1957-07-06 00:00:00.0;non;non connu;oui;non connu;0;0;0;2;2;2;0;0;0;0;AVANT_1949;93010;000;AU;0043;;;;;;;;;1;non;non connu;non renseigné;non connu;non connu;non connu;;;;;;;non renseigné;1920;0;0;0;1;0;0;0;1;individuel;non renseigné;non renseigné;Non renseigné;Non renseigné;non connu;non connu;0;ADRNIVX_0000000268275075;"2";AVANT_1949;H;"0";{93010000AU0043};{93010000AU0043A};2_RNIC_FF;87QKMEXHNGGE,E5XVGRNS8SBT,VJSKYKNFKT2G;"3";"182";661584.8801662823;6865972.152336761;"661 589,751";"6 865 983,64";"661 584,88";"6 865 972,152";"0";1;1;;"0";"0";0;0;0;0;;1;"0";"0";0;"0";"0";"0";"0";"0";"0";"0";"0";"0";;;;;;;;;;;;0;"0";"0,5";"1";;"0";"0";"0";"0";"-1";"-1";"-1";"-1";"0";"0";-1;"-1";0;"-1";"0";"0";"0";"0";"3,529";;1.4285714285714286;0;"0";"2,059";gestion;"17";"7";"0";"4";"5";"1";autres;"359,262";"87,432";Gaz;E;;;;;;;;gaz;;;;
"10 544";93010000AU0053;93010*00117;"[""93010*00117""]";93010;BONDY;93;SIMPLE;"1";"[""93010000AU0053""]";"419";CL;"1 920";"1 926";"1 920";"1 926";"1";"419";13;SOL;"419";"0";"0";"0";"0";"0";"0";"0";"0";"0";"0";"0";"0";"0";"419";"4";"0";"0";"0";"0";"0";"2";"0";MIXTE;"2";"2";"2";"0";"2";"160";"82";"0";"0";"0";"2";"0";"0";"0";"0";"0";"0";"33";"0";"0";"0";"0";"0";"275";"1";"2";G2;PROPRIETE DIVISEE EN LOT;G2a;G2;99;1;MEME COMMUNE;;"1";"1";"1";"[""8ZC5EYW8FMGZ"",""HE9KVQFTAX6P"",""HPR8EKTDTR3H""]";"3";"214";RNC_AG5987300;AG5987300;2021-01-19 00:00:00.0;2021-01-19 00:00:00.0;non connu;non connu;non connu;93010000AU0053;Copropriété immatriculée;1_1;"1";OUI;"93 010";"93";"200 054 781";Métropole du Grand Paris;"1 920";"2";"4";"2";"275";"242";"2";"0";"2";"0";"0";"2";"0";"0";"0";"0";"0";"0";"0";"0";"0";"0";"2";"0";"0";"1";"1";"2";"0";"0";"1";0;;"0";"0";"0";"0";;non connu;non connu;non connu;non connu;Pas de mandat en cours;non connu;SDC 14 rue Etienne Dolet;14 r etienne dolet 93140 Bondy;non connu;non connu;non connu;0;1957-06-01 00:00:00.0;non;non connu;oui;non connu;0;0;0;2;2;2;0;0;0;0;DE_1961_A_1974;93010;000;AU;0053;;;;;;;;;1;non;non connu;non renseigné;non connu;non connu;non connu;;;;;;;non renseigné;non renseigné;0;0;0;0;2;0;0;0;individuel;non renseigné;non renseigné;Non renseigné;Non renseigné;non connu;non connu;0;ADRNIVX_0000000268275069;"2";AVANT_1949;H;"0";{93010000AU0053};{93010000AU0053A,93010000AU0053B};2_RNIC_FF;8ZC5EYW8FMGZ,HE9KVQFTAX6P,HPR8EKTDTR3H;"3";"214";661683.9020812514;6865966.158506874;"661 665,648";"6 865 971,53";"661 683,902";"6 865 966,159";"0";1;1;;"0";"0";0;0;0;0;;1;"0";"0";0;"0";"0";"0";"0";"0";"0";"0";"0";"0";;;;;;;;;;;;0;"0";"0,5";"1";;"0";"0";"0";"0";"-1";"-1";"-1";"-1";"0";"0";-1;"-1";0;"-1";"0";"0";"0";"0";"3,529";;1.4285714285714286;0;"0";"2,059";gestion;"17";"7";"0";"4";"5";"1";autres;"422,108";"103,643";Gaz;G;;;;;;;; ;;;;
"10 550";93010000AU0062;93010*00079;"[""93010*00079""]";93010;BONDY;93;SIMPLE;"1";"[""93010000AU0062""]";"469";CL;"1 930";"1 930";"1 930";"1 930";"1";"469";13;SOL;"469";"0";"0";"0";"0";"0";"0";"0";"0";"0";"0";"0";"0";"0";"469";"28";"0";"0";"0";"0";"0";"11";"0";APPARTEMENT;"4";"17";"0";"17";"17";"381";"0";"9";"0";"5";"3";"0";"0";"3";"0";"8";"0";"170";"0";"0";"0";"0";"0";"551";"1";"16";G2;PROPRIETE DIVISEE EN LOT;G2a;G2;99;3;MEME REGION;;"1";"1";"1";"[""D11EAT3ATG2M"",""KN4X728QMYZJ""]";"2";"236";RNC_AD9059270;AD9059270;2018-12-10 00:00:00.0;2022-10-13 00:00:00.0;CABINET WARREN - BUTTES CHAUMONT 59201451800043;non connu;non connu;93010000AU0062;Copropriété immatriculée;1_1;"1";OUI;"93 010";"93";"200 054 781";Métropole du Grand Paris;"1 930";"4";"27";"17";"511";"381";"0";"17";"8";"5";"0";"3";"0";"0";"0";"0";"9";"2";"0";"11";"5";"1";"0";"0";"1";"15";"14";"1,214";"9";"0";"8";6;-74.67;"0";"0";"8";"7";;non connu;non connu;non connu;non connu;Pas de mandat en cours;2023-12-31 00:00:00.0;SDC  6 ROUTE DE VILLEMOMBLE;6 rte de villemomble 93140 Bondy;non connu;non connu;non connu;0;1959-04-10 00:00:00.0;non;non;oui;non connu;0;0;0;33;22;22;11;0;0;0;AVANT_1949;93010;000;AU;0062;;;;;;;;;1;non;non connu;non;2021-07-01 00:00:00.0;2022-06-30 00:00:00.0;13/09/2022;37417.0;0.0;1991.0;11061.0;2;0.0;oui;1900;0;0;0;0;0;0;0;1;collectif;non;gaz_naturel;Non renseigné;Non renseigné;non connu;non connu;0;ADRNIVX_0000000268271903;"17";AVANT_1949;V;"0,625";{93010000AU0062};{93010000AU006201,93010000AU006202,93010000AU006203,93010000AU0062A};2_RNIC_FF;D11EAT3ATG2M,KN4X728QMYZJ;"2";"236";661705.4132653016;6866114.358503139;"661 701,752";"6 866 105,207";"661 705,413";"6 866 114,359";"0";0;1;;"0";"0";0;0;0;0;;1;"0";"0";0;"0";"7";"0";"50";"0";"0";"0";"7";"0";0.13333333333333333;0;0;0.29561429296843680680;1;0;0.05321110725071491568;0;-117.4090909090909091;;0;0;"0";"0,471";"1";1;"0";"0";"0";"0";"0";"0";"0";"0";"0";"0";;"0";0;"0";"0";"1";"8";"1";"1,579";3;3.3333333333333335;0;"5";"2,292";bati;"24";"8";"5";"5";"4";"2";autres;"468,945";"93,271";Gaz;G;;;;;;;;gaz;G;;;
"10 556";93010000AU0083;93010*00081;"[""93010*00081""]";93010;BONDY;93;SIMPLE;"1";"[""93010000AU0083""]";"413";CL;"1 910";"1 910";"1 910";"1 910";"1";"413";13;SOL;"413";"0";"0";"0";"0";"0";"0";"0";"0";"0";"0";"0";"0";"0";"413";"55";"2";"2";"2";"2";"0";"26";"8";APPARTEMENT;"1";"27";"0";"27";"27";"1 111";"0";"3";"0";"19";"4";"1";"0";"2";"0";"0";"0";"301";"228";"53";"0";"0";"0";"1 693";"1";"26";G2;PROPRIETE DIVISEE EN LOT;G2a;G2;99;1;MEME COMMUNE;;"1";"1";"1";"[""B6F46GF6663N"",""CQH3MA72R51X""]";"2";"341";RNC_AE3718640;AE3718640;2019-01-31 00:00:00.0;2023-02-27 00:00:00.0;ATM SARL 34863116900045;non;non;93010000AU0083;Copropriété immatriculée;3_2;"1";OUI;"93 010";"93";"200 054 781";Métropole du Grand Paris;"1 910";"1";"54";"27";"1 631";"1 111";"0";"27";"23";"19";"0";"3";"1";"1";"0";"0";"3";"2";"0";"2";"10";"14";"1";"0";"4";"26";"24";"1,125";"3";"0";"7";6;-59.67;"0";"0";"12";"3";;professionnel;ATM SARL 34863116900045;6832A;BONDY;Mandat en cours;2024-12-12 00:00:00.0;SDC 20 ROUTE DE VILLEMOMBLE;20 rte de villemomble 93140 BONDY;non connu;non connu;non connu;0;1955-03-07 00:00:00.0;non;non;oui;;0;0;0;27;27;25;0;0;0;0;DE_1949_A_1960;;;;;;;;;;;;;0;non;non connu;non;2021-07-01 00:00:00.0;2022-06-30 00:00:00.0;14/12/2022;47599.0;0.0;3090.0;21775.0;7;8530.0;non;non renseigné;0;0;0;0;0;0;0;1;individuel;non renseigné;non renseigné;Non renseigné;Non renseigné;18;90.0;0;ADRNIVX_0000000268272863;"27";AVANT_1949;V;"0,826";{93010000AU0083};{93010000AU0083A};2_RNIC_FF;B6F46GF6663N,CQH3MA72R51X;"2";"341";661823.4314482708;6866087.335597547;"661 823,183";"6 866 080,392";"661 823,431";"6 866 087,336";"0";0;1;0;"0";"0";0;0;0;0;0;0.9310344827586207;"0";"0";0;"0";"0";"0";"63";"0";"0,148";"0";"0";"0";0.2692307692307692;1;0;0.45746759385701380281;1;0;0.06491733019601252127;0;;1762.9259259259259259;1;0;"0";"0,259";"0";1;"1";"1";"0";"0";"-1";"1";"0";"1";"0";"0";0.391304347826087;"0";0;"0";"0";"1";"0";"0";"1,429";5;5.555555555555555;5;"5";"3,6";marche;"25";"9";"5";"5";"4";"2";présumée fragile;"413,238";"81,35";Mixte (gaz + élec);F;;;;;;;;mixte;F;;;
"10 563";93010000AU0090;93010*00398;"[""93010*00398""]";93010;BONDY;93;SIMPLE;"1";"[""93010000AU0090""]";"501";CL;"1 924";"1 924";"1 924";"1 924";"1";"501";13;SOL;"501";"0";"0";"0";"0";"0";"0";"0";"0";"0";"0";"0";"0";"0";"501";"2";"0";"0";"0";"0";"0";"0";"0";MAISON;"1";"2";"2";"0";"2";"102";"104";"0";"0";"0";"2";"0";"0";"0";"0";"0";"0";"0";"0";"0";"0";"0";"0";"206";"1";"3";G2;PROPRIETE DIVISEE EN LOT;G2a;G2;99;1;MEME COMMUNE;;"1";"1";"1";"[""NVYGVS1BC4E3"",""ZNZMVYRKQCW4""]";"2";"93";RNC_AG8907727;AG8907727;2021-05-28 00:00:00.0;2021-05-28 00:00:00.0;non connu;non connu;non connu;93010000AU0090;Copropriété immatriculée;1_1;"1";OUI;"93 010";"93";"200 054 781";Métropole du Grand Paris;"1 924";"1";"2";"2";"206";"206";"2";"0";"2";"0";"0";"2";"0";"0";"0";"0";"0";"0";"0";"0";"1";"0";"1";"0";"0";"2";"2";"1";"0";"0";"1";0;;"0";"0";"0";"0";;non connu;non connu;non connu;non connu;Pas de mandat en cours;non connu;14 AVENUE DE NANCY (93140) BONDY;14 av de nancy 93140 Bondy;non connu;non connu;non connu;0;1983-03-31 00:00:00.0;non;non connu;oui;non connu;;;;2;2;2;0;0;0;0;non renseigné;93010;000;AU;0090;;;;;;;;;1;non;non connu;non renseigné;non connu;non connu;non connu;;;;;;;non renseigné;non renseigné;0;0;0;0;0;0;0;1;non renseigné;non renseigné;non renseigné;Non renseigné;Non renseigné;non connu;non connu;;ADRNIVX_0000000268275058;"2";AVANT_1949;H;"0";{93010000AU0090};{93010000AU0090A};2_RNIC_FF;NVYGVS1BC4E3,ZNZMVYRKQCW4;"2";"93";661819.7243087318;6865992.17188189;"661 804,453";"6 865 995,858";"661 819,724";"6 865 992,172";"0";1;1;;"0";"0";0;;;;;1;"0";"0";0;"0";"0";"0";"0";"0";"0";"0";"0";"0";;;;;;;;;;;;0;"0";"0,5";"1";;"0";"0";"0";"0";"-1";"-1";"-1";"-1";"0";"0";-1;"-1";0;"-1";"0";"0";"0";"0";"4";;1.4285714285714286;0;"0";"2,188";gestion;"16";"6";"0";"4";"5";"1";autres;"502,983";"93,262";Gaz;G;;;;;;;;electricite;;;;
"10 574";93010000AU0132;93010*00154;"[""93010*00154""]";93010;BONDY;93;SIMPLE;"1";"[""93010000AU0132""]";"548";CL;"1 938";"1 967";"1 938";"1 967";"2";"289";13;SOL;"289";"0";"0";"0";"0";"0";"0";"0";"0";"0";"0";"0";"0";"0";"289";"2";"0";"0";"0";"0";"0";"0";"0";MAISON;"2";"2";"2";"0";"2";"131";"119";"0";"0";"1";"1";"0";"0";"0";"0";"0";"0";"0";"0";"0";"0";"0";"0";"250";"1";"3";G2;PROPRIETE DIVISEE EN LOT;G2a;G2;99;1;MEME COMMUNE;;"1";"1";"1";"[""SW4JKAPMNKWW"",""WPWKESWSG4HX""]";"2";"165";FF_93010000AU0132;;;;;;;93010000AU0132;Copropriété non immatriculée;;"0";;"93 010";"93";"200 054 781";Métropole du Grand Paris;"1 938";"2";"2";"2";"250";"250";"2";"0";"2";"1";"0";"1";"0";"0";"0";"0";"0";"0";"0";"0";"1";"0";"0";"1";"0";"2";"2";"1";"0";"0";"1";;;"0";"0";"1";"0";;;;;;;;;4 VLA PINGUET, BONDY;;;;;;;;;;;;;;;;;;;;;;;;;;;;;;;;;;;;;;;;;;;;;;;;;;;;;;;;;;;;;;;;;"2";AVANT_1949;H;"0,5";{93010000AU0132};{93010000AU0132A,93010000AU0132E};2_FF;SW4JKAPMNKWW,WPWKESWSG4HX;"2";"165";;;"661 609,752";"6 866 044,176";"661 609,752";"6 866 044,176";"1";;;;"0";"0";;;;;;1;"0";"0";0;"0";"0";"0";"100";"0";"0";"0";"0";"0";;;;;;;;;;;;0;"0";"0,5";"1";;"0";"0";"0";"0";"-1";"-1";"-1";"-1";"0";"0";-1;"-1";;"-1";"0";"0";"0";"0";"2,727";;1.4285714285714286;0;"0";"1,538";gestion;"14";"5";"0";"4";"4";"1";autres;"544,287";"95,308";Fioul;G;;;;;;;; ;;;;
"10 579";93010000AU0148;93010*00633;"[""93010*00633""]";93010;BONDY;93;PDLMP;"2";"[""93010000AU0148"",""93010000AU0149""]";"556";CL;"1 977";"1 998";"1 977";"1 998";"2";"556";13;SOL;"556";"0";"0";"0";"0";"0";"0";"0";"0";"0";"0";"0";"0";"0";"556";"2";"0";"0";"0";"0";"0";"0";"0";MAISON;"2";"2";"2";"0";"2";"190";"48";"0";"0";"0";"2";"0";"0";"0";"0";"0";"0";"0";"0";"0";"0";"0";"0";"238";"2";"3";G2;PROPRIETE DIVISEE EN LOT;G2a;G2;99;1;MEME COMMUNE;;"2";"2";"2";"[""2K15VCCCHETG"",""8R7QTVYFKWS2""]";"2";"148";FF_93010000AU0148;;;;;;;93010000AU0148;Copropriété non immatriculée;;"0";;"93 010";"93";"200 054 781";Métropole du Grand Paris;"1 977";"2";"2";"2";"238";"238";"2";"0";"2";"0";"0";"2";"0";"0";"0";"0";"0";"0";"0";"0";"0";"0";"0";"2";"0";"2";"2";"1";"0";"0";"0";;;"0";"0";"1";"0";;;;;;;;;21 AV JULES FERRY, BONDY;;;;;;;;;;;;;;;;;;;;;;;;;;;;;;;;;;;;;;;;;;;;;;;;;;;;;;;;;;;;;;;;;"2";DE_1975_A_1993;H;"0";{93010000AU0148,93010000AU0149};{93010000AU0148A,93010000AU0148B};2_FF;2K15VCCCHETG,8R7QTVYFKWS2;"2";"148";;;"661 438,896";"6 866 033,995";"661 438,896";"6 866 033,995";"1";;;;"0";"0";;;;;;1;"0";"0";0;"0";"50";"1";"0";"0";"0";"0";"0";"0";;;;;;;;;;;;0;"0";"0";"0";;"0";"0";"0";"0";"-1";"-1";"-1";"-1";"50";"1";-1;"-1";;"-1";"0";"0";"0";"0";"5,556";;0;5;"0";"3,478";gestion;"12";"4";"0";"3";"4";"1";a surveiller;"563,845";"99,084";Gaz;D;;;;;;;; ;;;;
"10 584";93010000AU0163;93010*00312;"[""93010*00312""]";93010;BONDY;93;SIMPLE;"1";"[""93010000AU0163""]";"8 050";CL;"1 966";"1 966";"1 966";"1 966";"1";"8 050";13;SOL;"8 050";"0";"0";"0";"0";"0";"0";"0";"0";"0";"0";"0";"0";"0";"8 050";"218";"1";"1";"0";"0";"1";"145";"0";DEPENDANCE;"7";"72";"0";"72";"72";"3 859";"0";"5";"0";"27";"37";"3";"0";"0";"0";"0";"0";"1 738";"0";"0";"0";"0";"0";"5 597";"1";"91";G2;PROPRIETE DIVISEE EN LOT;G2a;G2;99;2;MEME DEPARTEMENT;;"1";"1";"1";"[""4FMVSEJKFERN"",""6PCAWQZ943SS"",""PXD61CHAKPQ2"",""RQGK156GKPEG"",""TVWD3KFZ6HST"",""T12SZK21XFQ2"",""T35RSVSXN554""]";"7";"2 227";RNC_AA5892427;AA5892427;2017-06-27 00:00:00.0;2024-05-03 00:00:00.0;SOCIETE DE GERANCE RICHELIEU 60205776200034;non;non;93010000AU0163;Copropriété immatriculée;1_1;"1";OUI;"93 010";"93";"200 054 781";Métropole du Grand Paris;"1 966";"7";"216";"72";"5 154";"3 859";"0";"72";"63";"27";"0";"33";"3";"4";"0";"0";"5";"0";"0";"10";"12";"45";"5";"0";"2";"90";"68";"1,059";"5";"0";"26";24;-56.46;"0";"0";"1";"1";;professionnel;SOCIETE DE GERANCE RICHELIEU 60205776200034;6832A;LE RAINCY;Mandat en cours;2027-03-25 00:00:00.0;SDC Les Eglantiers;3 r de varsovie 93140 Bondy;5 r de varsovie 93140 Bondy;non connu;non connu;1;1964-12-14 00:00:00.0;non;non;oui;non connu;0;0;0;216;72;72;72;0;0;0;DE_1961_A_1974;93010;000;AU;0163;;;;;;;;;1;non;non connu;non;2023-01-01 00:00:00.0;2023-12-31 00:00:00.0;26/03/2024;184854.0;0.0;0.0;14207.0;8;56045.0;oui;1964;0;0;0;0;0;0;0;6;collectif;non;gaz_naturel;Non;Sans objet;non connu;non connu;0;non connu;"72";DE_1961_A_1974;V;"0,429";{93010000AU0163};{93010000AU0163A,93010000AU0163B,93010000AU0163C,93010000AU0163D,93010000AU0163E,93010000AU0163F,93010000AU0163G};2_RNIC_FF;4FMVSEJKFERN,6PCAWQZ943SS,PXD61CHAKPQ2,RQGK156GKPEG,TVWD3KFZ6HST,T12SZK21XFQ2,T35RSVSXN554;"7";"2 227";661792.6275271109;6866086.0931877;"661 760,684";"6 865 998,613";"661 792,628";"6 866 086,093";"0";0;0;0;"0";"0";0;0;0;0;0;1;"0";"0";0;"0";"13";"0";"68";"0";"0,028";"0";"7";"0";0.08888888888888889;0;0;0.07685524792538976706;0;0;0.000000000000000000000000;0;2011.8611111111111111;;0;0;"0";"0,361";"0";1;"0";"0";"0";"0";"-1";"0";"-1";"0";"14";"0";0.09523809523809523;"0";0;"0";"0";"0";"0";"0";"0";0;2.2222222222222223;0;"0";"0,4";marche;"25";"9";"5";"5";"4";"2";autres;"8 020,064";"482,279";Gaz;F;;;;;;;;gaz;F;;;
"10 607";93010000AV0012;93010*00023;"[""93010*00023""]";93010;BONDY;93;SIMPLE;"1";"[""93010000AV0012""]";"257";CL;"1 926";"1 926";"1 926";"1 926";"1";"257";13;SOL;"257";"0";"0";"0";"0";"0";"0";"0";"0";"0";"0";"0";"0";"0";"257";"4";"0";"0";"0";"0";"0";"1";"0";APPARTEMENT;"1";"3";"0";"3";"3";"135";"0";"0";"0";"3";"0";"0";"0";"0";"0";"0";"0";"24";"0";"0";"0";"0";"0";"159";"1";"4";G2;PROPRIETE DIVISEE EN LOT;G2a;G2;99;1;MEME COMMUNE;;"1";"1";"1";"[""5DEVFQEKD71B""]";"1";"84";RNC_AG0115105;AG0115105;2020-03-04 00:00:00.0;2020-03-04 00:00:00.0;non connu;non connu;non connu;93010000AV0012;Copropriété immatriculée;1_1;"1";OUI;"93 010";"93";"200 054 781";Métropole du Grand Paris;"1 926";"1";"4";"3";"159";"135";"0";"3";"3";"3";"0";"0";"0";"0";"0";"0";"0";"0";"0";"1";"0";"1";"1";"0";"1";"3";"3";"1";"0";"0";"2";2;-13.00;"0";"0";"2";"2";;non connu;non connu;non connu;non connu;Pas de mandat en cours;non connu;25 avenue de Belfort 93140 BONDY;25 av de belfort 93140 Bondy;non connu;non connu;non connu;0;1953-10-03 00:00:00.0;non;non connu;oui;non connu;0;0;0;4;4;4;0;0;0;0;AVANT_1949;93010;000;AV;0012;;;;;;;;;1;non;non connu;non renseigné;non connu;non connu;non connu;;;;;;;non renseigné;1930;0;0;0;0;0;1;0;0;individuel;non renseigné;non renseigné;Non renseigné;Non renseigné;non connu;non connu;0;ADRNIVX_0000000268279030;"3";AVANT_1949;V;"1";{93010000AV0012};{93010000AV0012A};2_RNIC_FF;5DEVFQEKD71B;"1";"84";661887.4297939456;6865795.789655648;"661 888,381";"6 865 804,7";"661 887,43";"6 865 795,79";"0";1;1;;"0";"0";0;0;0;0;;1;"0";"1";0;"0";"0";"0";"100";"0";"0,333";"1";"0";"0";;;;;;;;;;;;0;"0";"0,667";"1";0;"0";"0";"0";"0";"-1";"-1";"-1";"-1";"0";"0";-1;"-1";0;"-1";"0";"1";"0";"0";"4,737";;1.1111111111111112;0;"5";"3,158";bati;"18";"8";"0";"5";"3";"2";a surveiller;"254,404";"65,884";Gaz;F;;;;;;;;gaz;F;;;
"10 651";93010000AV0068;93010*00560;"[""93010*00560""]";93010;BONDY;93;SIMPLE;"1";"[""93010000AV0068""]";"218";CL;"1 910";"1 910";"1 910";"1 910";"1";"218";13;SOL;"218";"0";"0";"0";"0";"0";"0";"0";"0";"0";"0";"0";"0";"0";"218";"4";"0";"0";"0";"0";"0";"2";"0";MIXTE;"1";"2";"2";"0";"2";"114";"0";"0";"0";"1";"1";"0";"0";"0";"0";"1";"0";"35";"0";"0";"0";"0";"0";"149";"1";"3";G2;PROPRIETE DIVISEE EN LOT;G2a;G2;99;1;MEME COMMUNE;;"1";"1";"1";"[""P1QSM4QBQNEA"",""YH3K15D2N65A""]";"2";"121";FF_93010000AV0068;;;;;;;93010000AV0068;Copropriété non immatriculée;;"0";;"93 010";"93";"200 054 781";Métropole du Grand Paris;"1 910";"1";"4";"2";"149";"114";"2";"0";"2";"1";"0";"1";"0";"0";"0";"0";"0";"0";"0";"0";"0";"1";"1";"0";"0";"2";"2";"1";"0";"0";"0";;;"1";"0";"0";"0";;;;;;;;;1 B AV DES PLATANES, BONDY;;;;;;;;;;;;;;;;;;;;;;;;;;;;;;;;;;;;;;;;;;;;;;;;;;;;;;;;;;;;;;;;;"2";AVANT_1949;H;"0,5";{93010000AV0068};{93010000AV0068A};2_FF;P1QSM4QBQNEA,YH3K15D2N65A;"2";"121";;;"662 058,234";"6 866 021,946";"662 058,234";"6 866 021,946";"1";;;;"0";"0";;;;;;1;"0";"0";0;"0";"0";"0";"0";"1";"0";"0";"0";"0";;;;;;;;;;;;0;"0";"0";"0";;"0";"0";"0";"0";"-1";"-1";"-1";"-1";"0";"0";-1;"-1";;"-1";"0";"0";"1";"1";"4,545";;0;0;"0";"1,852";gestion;"14";"5";"0";"3";"5";"1";autres;"216,639";"69,4";Electricité;D;;;;;;;;electricite;D;;;
"10 653";93010000AV0072;93010*00747;"[""93010*00747""]";93010;BONDY;93;SIMPLE;"1";"[""93010000AV0072""]";"219";CL;"2 009";"2 009";"2 009";"2 009";"1";"219";13;SOL;"219";"0";"0";"0";"0";"0";"0";"0";"0";"0";"0";"0";"0";"0";"219";"3";"0";"0";"0";"0";"0";"1";"0";APPARTEMENT;"1";"2";"0";"2";"2";"167";"0";"0";"0";"0";"2";"0";"0";"0";"0";"0";"0";"7";"0";"0";"0";"0";"0";"174";"1";"3";G2;PROPRIETE DIVISEE EN LOT;G2a;G2;99;1;MEME COMMUNE;;"1";"1";"1";"[""W2S1R1BF99EF""]";"1";"88";FF_93010000AV0072;;;;;;;93010000AV0072;Copropriété non immatriculée;;"0";;"93 010";"93";"200 054 781";Métropole du Grand Paris;"2 009";"1";"3";"2";"174";"167";"0";"2";"2";"0";"0";"2";"0";"0";"0";"0";"0";"0";"0";"0";"0";"1";"1";"0";"0";"2";"2";"1";"0";"0";"0";;;"0";"0";"0";"0";;;;;;;;;9 AV DES PLATANES, BONDY;;;;;;;;;;;;;;;;;;;;;;;;;;;;;;;;;;;;;;;;;;;;;;;;;;;;;;;;;;;;;;;;;"2";DE_2001_A_2010;V;"0";{93010000AV0072};{93010000AV0072A};2_FF;W2S1R1BF99EF;"1";"88";;;"662 053,186";"6 865 972,007";"662 053,186";"6 865 972,007";"1";;;;"0";"0";;;;;;1;"0";"0";0;"0";"0";"0";"0";"0";"0";"0";"0";"0";;;;;;;;;;;;0;"0";"0";"0";;"0";"0";"0";"0";"-1";"-1";"-1";"-1";"0";"0";-1;"-1";;"-1";"0";"0";"0";"0";"3,333";;0;0;"0";"1,304";gestion;"12";"4";"0";"3";"5";"0";autres;"221,282";"68,443";Electricité;D;;;;;;;; ;;;;
"10 679";93010000AV0114;93010*00825;"[""93010*00825""]";93010;BONDY;93;SIMPLE;"1";"[""93010000AV0114""]";"355";CL;"1 913";"2 021";"1 913";"1 913";"1";"355";13;SOL;"355";"0";"0";"0";"0";"0";"0";"0";"0";"0";"0";"0";"0";"0";"355";"13";"3";"3";"3";"3";"0";"6";"12";DEPENDANCE;"2";"4";"0";"4";"4";"241";"0";"1";"0";"1";"2";"0";"0";"0";"0";"0";"0";"65";"86";"374";"0";"0";"120";"886";"1";"3";G2;PROPRIETE DIVISEE EN LOT;G2a;G2;99;1;MEME COMMUNE;;"1";"1";"1";"[""3AJDK4SGE5B5"",""QYQ5KPM7SRFB""]";"2";"235";FF_93010000AV0114;;;;;;;93010000AV0114;Copropriété non immatriculée;;"0";;"93 010";"93";"200 054 781";Métropole du Grand Paris;"1 913";"2";"13";"4";"886";"241";"0";"4";"3";"1";"0";"2";"0";"0";"0";"0";"1";"0";"0";"1";"1";"1";"1";"0";"0";"2";"2";"2";"1";"0";"1";;;"0";"0";"0";"0";;;;;;;;;32 RTE DE VILLEMOMBLE, BONDY;;;;;;;;;;;;;;;;;;;;;;;;;;;;;;;;;;;;;;;;;;;;;;;;;;;;;;;;;;;;;;;;;"4";AVANT_1949;V;"0,333";{93010000AV0114};{93010000AV011401,93010000AV0114A};2_FF;3AJDK4SGE5B5,QYQ5KPM7SRFB;"2";"235";;;"661 916,391";"6 866 054,208";"661 916,391";"6 866 054,208";"1";;;;"0";"0";;;;;;0.5714285714285714;"0";"0";0;"0";"50";"1";"100";"0";"0";"0";"0";"0";;;;;;;;;;;;0;"0";"0,25";"0";;"0";"0";"0";"0";"-1";"-1";"-1";"-1";"50";"1";-1;"-1";;"-1";"0";"0";"0";"0";"4,545";;0;1.25;"0";"2,308";gestion;"14";"5";"0";"4";"5";"0";autres;"355,462";"75,804";Autre;F;;;;;;;; ;;;;
"10 709";93010000AV0150;93010*00004;"[""93010*00004""]";93010;BONDY;93;SIMPLE;"1";"[""93010000AV0150""]";"192";CL;"2 019";"2 019";"2 019";"2 019";"2";"153";13;SOL;"153";"0";"0";"0";"0";"0";"0";"0";"0";"0";"0";"0";"0";"0";"153";"6";"1";"1";"1";"1";"0";"3";"4";DEPENDANCE;"2";"2";"0";"2";"2";"74";"0";"0";"0";"0";"2";"0";"0";"0";"0";"0";"0";"52";"17";"0";"0";"0";"0";"143";"1";"2";G2;PROPRIETE DIVISEE EN LOT;G2a;G2;99;1;MEME COMMUNE;;"1";"1";"1";"[""8SWBKAVGNJHS"",""FAJ7X9S34Q8E"",""P9JX8J4ECT9J"",""Q1HK67T7VPJV""]";"4";"79";FF_93010000AV0150;;;;;;;93010000AV0150;Copropriété non immatriculée;;"0";;"93 010";"93";"200 054 781";Métropole du Grand Paris;"2 019";"2";"6";"2";"143";"74";"0";"2";"2";"0";"0";"2";"0";"0";"0";"0";"0";"0";"0";"0";"2";"0";"0";"0";"0";"1";"1";"2";"0";"0";"1";;;"1";"1";"0";"0";;;;;;;;;20 ALL DES HETRES, BONDY;;;;;;;;;;;;;;;;;;;;;;;;;;;;;;;;;;;;;;;;;;;;;;;;;;;;;;;;;;;;;;;;;"2";A_COMPTER_DE_2011;V;"0";{93010000AV0150};{93010000AV0150A,93010000AV0150B};2_FF;8SWBKAVGNJHS,FAJ7X9S34Q8E,P9JX8J4ECT9J,Q1HK67T7VPJV;"4";"79";;;"661 841,424";"6 865 928,701";"661 841,424";"6 865 928,701";"1";;;;"0";"0";;;;;;0.6666666666666666;"0";"0";0;"0";"0";"0";"0";"0";"0";"0";"0";"0";;;;;;;;;;;;0;"0";"0,5";"1";;"0";"0";"0";"0";"-1";"-1";"-1";"-1";"0";"0";-1;"-1";;"-1";"0";"1";"0";"0";"3,333";;1.4285714285714286;0;"10";"2,308";bati;"14";"4";"0";"4";"5";"1";autres;"191,475";"56,216";Gaz;C;;;;;;;;gaz;;;;
"10 720";93010000AV0163;93010*00052;"[""93010*00052""]";93010;BONDY;93;SIMPLE;"1";"[""93010000AV0163""]";"311";CL;"1 921";"1 921";"1 921";"1 921";"2";"76";13;SOL;"76";"0";"0";"0";"0";"0";"0";"0";"0";"0";"0";"0";"0";"0";"76";"6";"0";"0";"0";"0";"0";"2";"0";APPARTEMENT;"1";"4";"1";"3";"4";"159";"45";"0";"0";"0";"4";"0";"0";"0";"0";"0";"0";"17";"0";"0";"0";"0";"0";"221";"1";"3";G2;PROPRIETE DIVISEE EN LOT;G2a;G2;99;1;MEME COMMUNE;;"1";"1";"1";"[""174DBHT7KKMF"",""7BNBFDPRX2J7"",""EYMSVP2XPCV2""]";"3";"148";FF_93010000AV0163;;;;;;;93010000AV0163;Copropriété non immatriculée;;"0";;"93 010";"93";"200 054 781";Métropole du Grand Paris;"1 921";"1";"6";"4";"221";"204";"1";"3";"4";"0";"0";"4";"0";"0";"0";"0";"0";"0";"0";"2";"0";"2";"0";"0";"0";"2";"2";"2";"0";"0";"0";;;"0";"0";"0";"0";;;;;;;;;7 B AV DE NANCY, BONDY;;;;;;;;;;;;;;;;;;;;;;;;;;;;;;;;;;;;;;;;;;;;;;;;;;;;;;;;;;;;;;;;;"4";AVANT_1949;M;"0";{93010000AV0163};{93010000AV0163A};2_FF;174DBHT7KKMF,7BNBFDPRX2J7,EYMSVP2XPCV2;"3";"148";;;"661 848,393";"6 866 034,308";"661 848,393";"6 866 034,308";"1";;;;"0";"0";;;;;;1;"0";"0";0;"0";"50";"1";"0";"0";"0";"0";"0";"0";;;;;;;;;;;;0;"0";"0";"0";;"0";"0";"0";"0";"-1";"-1";"-1";"-1";"50";"1";-1;"-1";;"-1";"0";"0";"0";"0";"5,556";;0;1.25;"0";"2,609";gestion;"12";"4";"0";"3";"5";"0";a surveiller;"309,519";"72,286";Electricité;F;;;;;;;; ;;;;
"10 721";93010000AV0164;93010*00284;"[""93010*00284""]";93010;BONDY;93;SIMPLE;"1";"[""93010000AV0164""]";"294";CL;"1 922";"1 922";"1 922";"1 922";"1";"294";13;SOL;"294";"0";"0";"0";"0";"0";"0";"0";"0";"0";"0";"0";"0";"0";"294";"2";"0";"0";"0";"0";"0";"0";"0";MAISON;"1";"2";"2";"0";"2";"135";"46";"0";"0";"0";"2";"0";"0";"0";"0";"0";"0";"0";"0";"0";"0";"0";"0";"181";"1";"3";G2;PROPRIETE DIVISEE EN LOT;G2a;G2;99;1;MEME COMMUNE;;"1";"1";"1";"[""14ZG7DXYCRS1""]";"1";"97";FF_93010000AV0164;;;;;;;93010000AV0164;Copropriété non immatriculée;;"0";;"93 010";"93";"200 054 781";Métropole du Grand Paris;"1 922";"1";"2";"2";"181";"181";"2";"0";"2";"0";"0";"2";"0";"0";"0";"0";"0";"0";"0";"0";"0";"1";"1";"0";"0";"2";"2";"1";"0";"0";"0";;;"0";"0";"0";"0";;;;;;;;;5 B AV DE NANCY, BONDY;;;;;;;;;;;;;;;;;;;;;;;;;;;;;;;;;;;;;;;;;;;;;;;;;;;;;;;;;;;;;;;;;"2";AVANT_1949;H;"0";{93010000AV0164};{93010000AV0164A};2_FF;14ZG7DXYCRS1;"1";"97";;;"661 851,166";"6 866 047,48";"661 851,166";"6 866 047,48";"1";;;;"0";"0";;;;;;1;"0";"0";0;"0";"0";"0";"0";"0";"0";"0";"0";"0";;;;;;;;;;;;0;"0";"0";"0";;"0";"0";"0";"0";"-1";"-1";"-1";"-1";"0";"0";-1;"-1";;"-1";"0";"0";"0";"0";"3,333";;0;0;"0";"1,304";gestion;"12";"4";"0";"3";"5";"0";autres;"296,448";"71,755";Gaz;F;;;;;;;;gaz;;;;
"10 724";93010000AV0167;93010*00629;"[""93010*00629""]";93010;BONDY;93;SIMPLE;"1";"[""93010000AV0167""]";"198";CL;"1 948";"1 948";"1 948";"1 948";"1";"198";13;SOL;"198";"0";"0";"0";"0";"0";"0";"0";"0";"0";"0";"0";"0";"0";"198";"21";"0";"0";"0";"0";"0";"11";"0";DEPENDANCE;"1";"10";"0";"10";"10";"526";"0";"0";"0";"3";"7";"0";"0";"0";"0";"0";"0";"42";"0";"0";"0";"0";"0";"568";"1";"12";G2;PROPRIETE DIVISEE EN LOT;G2a;G2;99;1;MEME COMMUNE;;"1";"1";"1";"[""42D3HET7C8XJ""]";"1";"143";RNC_AE2551331;AE2551331;2019-01-16 00:00:00.0;2024-03-21 00:00:00.0;SOGIM SARL 42936632100041;non;non;93010000AV0167;Copropriété immatriculée;1_1;"1";OUI;"93 010";"93";"200 054 781";Métropole du Grand Paris;"1 948";"1";"21";"10";"568";"526";"0";"10";"9";"3";"0";"6";"0";"1";"0";"0";"0";"0";"0";"1";"5";"4";"0";"0";"1";"11";"10";"1";"0";"0";"0";0;;"0";"0";"1";"1";;professionnel;SOGIM SARL 42936632100041;6832A;VILLEMOMBLE;Mandat en cours;2024-09-30 00:00:00.0;S144;22 rte de villemomble 93140 Bondy;non connu;non connu;non connu;0;1997-01-01 00:00:00.0;non;non;oui;non connu;0;0;0;27;10;10;0;0;0;0;NON_CONNUE;93010;000;AV;0167;;;;;;;;;1;non;non connu;non;2023-01-01 00:00:00.0;2023-12-31 00:00:00.0;12/03/2024;15056.0;1139.0;1656.0;758.0;1;3027.0;non;non renseigné;0;0;0;0;0;0;0;1;individuel;non renseigné;non renseigné;Non;Sans objet;non connu;non connu;0;ADRNIVX_0000000268272858;"10";AVANT_1949;V;"0,333";{93010000AV0167};{93010000AV0167A};2_RNIC_FF;42D3HET7C8XJ;"1";"143";661853.8871265224;6866080.240378677;"661 850,646";"6 866 074,246";"661 853,887";"6 866 080,24";"0";0;0;0;"0";"0";0;0;0;0;0;1;"0";"0";0;"0";"0";"0";"50";"0";"0,1";"0";"0";"0";0.09090909090909091;0;0;0.04680456931151589997;0;0;0.10225378203149120099;0;;1505.6000000000000000;1;0;"0";"0";"0";;"0";"0";"0";"0";"-1";"1";"-1";"1";"0";"0";-1;"0";0;"0";"0";"1";"0";"0";"0";1;0;5;"5";"1,25";mixte;"24";"9";"5";"4";"4";"2";autres;"193,848";"55,378";Gaz;F;;;;;;;;gaz;F;;;
"10 747";93010000AV0209;93010*00172;"[""93010*00172""]";93010;BONDY;93;SIMPLE;"1";"[""93010000AV0209""]";"9 847";CL;"1 966";"1 966";"1 966";"1 966";"1";"9 847";13;SOL;"9 847";"0";"0";"0";"0";"0";"0";"0";"0";"0";"0";"0";"0";"0";"9 847";"262";"0";"0";"0";"0";"0";"174";"0";DEPENDANCE;"1";"88";"0";"88";"88";"5 631";"13";"7";"0";"18";"63";"0";"0";"2";"0";"0";"0";"1 339";"0";"0";"0";"0";"0";"6 983";"1";"89";G2;PROPRIETE DIVISEE EN LOT;G2a;G2;99;2;MEME DEPARTEMENT;;"1";"1";"1";"[""1QQTHYBZMDPS"",""AKBR52YQXQJP"",""J2HR3MASYH3B"",""TE4KZ79RBRK1""]";"4";"1 889";RNC_AA1093715;AA1093715;2017-01-17 00:00:00.0;2022-05-12 00:00:00.0;SOCIETE DE GERANCE RICHELIEU 60205776200034;non connu;non connu;93010000AV0209;Copropriété immatriculée;1_1;"1";OUI;"93 010";"93";"200 054 781";Métropole du Grand Paris;"1 966";"1";"262";"88";"6 983";"5 644";"0";"88";"78";"18";"0";"60";"0";"3";"0";"0";"7";"2";"0";"1";"0";"55";"32";"0";"1";"88";"86";"1,023";"7";"0";"27";24;-18.00;"0";"0";"8";"4";;non connu;non connu;non connu;non connu;Pas de mandat en cours;2023-12-07 00:00:00.0;SDC Les Platanes;40 rte de villemomble 93140 Bondy;48B rte de villemomble 93140 Bondy;48A rte de villemomble 93140 Bondy;46B rte de villemomble 93140 Bondy;11;1965-01-25 00:00:00.0;non;non;oui;non connu;0;0;0;262;87;87;88;0;0;0;DE_1961_A_1974;93010;000;AV;0209;;;;;;;;;1;non;non connu;non;2020-10-01 00:00:00.0;2021-09-30 00:00:00.0;08/02/2022;289978.0;1183.0;240.0;64747.0;34;51249.0;oui;non renseigné;0;0;0;0;7;0;0;0;collectif;non;gaz_naturel;Non renseigné;Non renseigné;17;90.0;0;non connu;"88";DE_1961_A_1974;V;"0,231";{93010000AV0209};{93010000AV0209A};2_RNIC_FF;1QQTHYBZMDPS,AKBR52YQXQJP,J2HR3MASYH3B,TE4KZ79RBRK1;"4";"1 889";661971.9132534347;6866054.221273737;"661 972,752";"6 865 963,728";"661 971,913";"6 866 054,221";"0";0;1;;"0";"0";0;0;0;0;;1;"0";"0";0;"0";"9";"0";"59";"0";"0,011";"0";"8";"0";0.38636363636363635;1;0;0.22237524943244459251;0;0;0.00082428621965167038;0;2873.3103448275862069;;0;0;"0";"0,307";"0";0;"1";"0";"0";"0";"-1";"0";"-1";"0";"13";"0";-1;"0";0;"0";"0";"0";"0";"0";"1,579";1;0;0;"0";"0,8";gestion;"25";"8";"5";"5";"5";"2";autres;"9 845,805";"467,905";Gaz;F;;;;;;;;gaz;F;;;
"10 767";93010000AX0017;93010*00024;"[""93010*00024""]";93010;BONDY;93;SIMPLE;"1";"[""93010000AX0017""]";"255";CL;"1 930";"1 930";"1 930";"1 930";"1";"255";13;SOL;"255";"0";"0";"0";"0";"0";"0";"0";"0";"0";"0";"0";"0";"0";"255";"3";"0";"0";"0";"0";"0";"1";"0";APPARTEMENT;"1";"2";"0";"2";"2";"106";"0";"0";"0";"1";"1";"0";"0";"0";"0";"0";"0";"18";"0";"0";"0";"0";"0";"124";"1";"3";G2;PROPRIETE DIVISEE EN LOT;G2a;G2;99;1;MEME COMMUNE;;"1";"1";"1";"[""1YZE4T83ZVG8""]";"1";"123";FF_93010000AX0017;;;;;;;93010000AX0017;Copropriété non immatriculée;;"0";;"93 010";"93";"200 054 781";Métropole du Grand Paris;"1 930";"1";"3";"2";"124";"106";"0";"2";"2";"1";"0";"1";"0";"0";"0";"0";"0";"0";"0";"0";"1";"0";"1";"0";"1";"2";"2";"1";"0";"0";"0";;;"0";"0";"0";"0";;;;;;;;;51 AV DE BELFORT, BONDY;;;;;;;;;;;;;;;;;;;;;;;;;;;;;;;;;;;;;;;;;;;;;;;;;;;;;;;;;;;;;;;;;"2";AVANT_1949;V;"0,5";{93010000AX0017};{93010000AX0017A};2_FF;1YZE4T83ZVG8;"1";"123";;;"662 095,458";"6 865 747,868";"662 095,458";"6 865 747,868";"1";;;;"0";"0";;;;;;1;"0";"0";0;"0";"0";"0";"0";"0";"0";"0";"0";"0";;;;;;;;;;;;0;"0";"0";"0";;"0";"0";"0";"0";"-1";"-1";"-1";"-1";"0";"0";-1;"-1";;"-1";"0";"0";"0";"0";"3,333";;0;2.5;"0";"2,174";gestion;"12";"4";"0";"3";"5";"0";autres;"256,227";"65,003";Autre;D;;;;;;;; ;;;;
"10 772";93010000AX0023;93010*00446;"[""93010*00446""]";93010;BONDY;93;SIMPLE;"1";"[""93010000AX0023""]";"260";CL;"1 926";"1 985";"1 926";"1 985";"1";"260";13;SOL;"260";"0";"0";"0";"0";"0";"0";"0";"0";"0";"0";"0";"0";"0";"260";"3";"0";"0";"0";"0";"0";"1";"0";MAISON;"2";"2";"2";"0";"2";"149";"0";"0";"0";"0";"2";"0";"0";"0";"0";"0";"0";"25";"0";"0";"0";"0";"0";"174";"1";"3";G2;PROPRIETE DIVISEE EN LOT;G2a;G2;99;1;MEME COMMUNE;;"1";"1";"1";"[""G13H71T487S5"",""RF7XNARRMQZ5"",""Y1RC8BJ46688""]";"3";"128";FF_93010000AX0023;;;;;;;93010000AX0023;Copropriété non immatriculée;;"0";;"93 010";"93";"200 054 781";Métropole du Grand Paris;"1 926";"2";"3";"2";"174";"149";"2";"0";"2";"0";"0";"2";"0";"0";"0";"0";"0";"0";"0";"0";"0";"0";"1";"1";"0";"2";"2";"1";"0";"0";"0";;;"1";"0";"0";"0";;;;;;;;;54 AV DE L EST, BONDY;;;;;;;;;;;;;;;;;;;;;;;;;;;;;;;;;;;;;;;;;;;;;;;;;;;;;;;;;;;;;;;;;"2";AVANT_1949;H;"0";{93010000AX0023};{93010000AX002301,93010000AX0023A};2_FF;G13H71T487S5,RF7XNARRMQZ5,Y1RC8BJ46688;"3";"128";;;"662 068,158";"6 865 777,704";"662 068,158";"6 865 777,704";"1";;;;"0";"0";;;;;;1;"0";"0";0;"0";"0";"0";"0";"0";"0";"0";"0";"0";;;;;;;;;;;;0;"0";"0";"0";;"0";"0";"0";"0";"-1";"-1";"-1";"-1";"0";"0";-1;"-1";;"-1";"0";"0";"0";"0";"3,333";;0;0;"0";"1,2";gestion;"13";"4";"0";"3";"5";"1";autres;"261,557";"71,911";Gaz;E;;;;;;;; ;;;;
"10 775";93010000AX0026;93010*00537;"[""93010*00537""]";93010;BONDY;93;SIMPLE;"1";"[""93010000AX0026""]";"256";CL;"1 931";"1 931";"1 931";"1 931";"2";"256";13;SOL;"256";"0";"0";"0";"0";"0";"0";"0";"0";"0";"0";"0";"0";"0";"256";"5";"0";"0";"0";"0";"0";"3";"0";DEPENDANCE;"1";"2";"0";"2";"2";"67";"0";"0";"0";"0";"2";"0";"0";"0";"0";"0";"0";"54";"0";"0";"0";"0";"0";"121";"1";"2";G2;PROPRIETE DIVISEE EN LOT;G2a;G2;99;1;MEME COMMUNE;;"1";"1";"1";"[""DSKW9SNXZZDT"",""JSB8FBAJSJW5""]";"2";"116";FF_93010000AX0026;;;;;;;93010000AX0026;Copropriété non immatriculée;;"0";;"93 010";"93";"200 054 781";Métropole du Grand Paris;"1 931";"1";"5";"2";"121";"67";"0";"2";"2";"0";"0";"2";"0";"0";"0";"0";"0";"0";"0";"1";"1";"0";"0";"0";"0";"1";"1";"2";"0";"0";"0";;;"0";"0";"0";"0";;;;;;;;;60 AV DE L EST, BONDY;;;;;;;;;;;;;;;;;;;;;;;;;;;;;;;;;;;;;;;;;;;;;;;;;;;;;;;;;;;;;;;;;"2";AVANT_1949;V;"0";{93010000AX0026};{93010000AX0026A};2_FF;DSKW9SNXZZDT,JSB8FBAJSJW5;"2";"116";;;"662 097,803";"6 865 769,571";"662 097,803";"6 865 769,571";"1";;;;"0";"0";;;;;;1;"0";"0";0;"0";"0";"0";"0";"0";"0";"0";"0";"0";;;;;;;;;;;;0;"0";"0";"0";;"0";"0";"0";"0";"-1";"-1";"-1";"-1";"0";"0";-1;"-1";;"-1";"0";"0";"0";"0";"3,333";;0;0;"0";"1,304";gestion;"12";"4";"0";"3";"5";"0";autres;"260,09";"70,686";Electricité;E;;;;;;;; ;;;;
"10 790";93010000AX0045;93010*00038;"[""93010*00038""]";93010;BONDY;93;SIMPLE;"1";"[""93010000AX0045""]";"523";CL;"1 920";"1 920";"1 920";"1 920";"5";"79";13;SOL;"79";"0";"0";"0";"0";"0";"0";"0";"0";"0";"0";"0";"0";"0";"79";"16";"0";"0";"0";"0";"0";"9";"0";DEPENDANCE;"2";"7";"1";"6";"7";"387";"0";"1";"0";"4";"2";"0";"0";"0";"0";"0";"0";"80";"0";"0";"0";"0";"0";"467";"1";"8";G2;PROPRIETE DIVISEE EN LOT;G2a;G2;99;1;MEME COMMUNE;;"1";"1";"1";"[""49K4155NSGRM"",""EP5TC6TNX6A7"",""FNHHMMC2CRWX"",""J628AQQ29B9K"",""Q7YHK9HRYR6Q""]";"5";"253";RNC_AD8384331;AD8384331;2019-01-14 00:00:00.0;2023-11-27 00:00:00.0;ATM SARL 34863116900045;non;non;93010000AX0045;Copropriété immatriculée;3_1;"1";OUI;"93 010";"93";"200 054 781";Métropole du Grand Paris;"1 920";"2";"16";"7";"467";"387";"1";"6";"6";"4";"0";"2";"0";"0";"0";"0";"1";"0";"0";"0";"1";"5";"1";"0";"0";"7";"7";"1";"1";"0";"2";1;24.00;"0";"0";"5";"0";;professionnel;ATM SARL 34863116900045;6832A;BONDY;Mandat en cours;2026-06-13 00:00:00.0;SDC 57-59 AV DE L'EST - BONDY;57-59 av de l'est 93140 Bondy;non connu;non connu;non connu;0;1967-05-30 00:00:00.0;non;non;oui;;0;0;0;24;9;8;5;0;0;0;DE_1961_A_1974;;;;;;;;;;;;;0;non;non connu;non;2022-01-01 00:00:00.0;2022-12-31 00:00:00.0;14/06/2023;13541.0;12528.0;2028.0;8425.0;3;356.0;non;non renseigné;0;0;0;0;0;0;0;1;individuel;non renseigné;non renseigné;Non renseigné;Non renseigné;17;94.0;0;non connu;"7";AVANT_1949;M;"0,667";{93010000AX0045};{93010000AX0045A,93010000AX0045C};2_RNIC_FF;49K4155NSGRM,EP5TC6TNX6A7,FNHHMMC2CRWX,J628AQQ29B9K,Q7YHK9HRYR6Q;"5";"253";662081.5546550438;6865800.1862906525;"662 088,535";"6 865 811,923";"662 081,555";"6 865 800,186";"0";0;0;0;"0";"0";0;0;0;0;0;1;"0";"0";0;"0";"0";"0";"100";"0";"0";"0";"29";"0";0.42857142857142855;0;0;0.32318078944340020714;0;1;0.07779354789213241781;0;;1504.5555555555555556;1;0;"0";"0,286";"0";0;"0";"0";"0";"0";"-1";"0";"-1";"0";"0";"0";-1;"0";0;"0";"0";"0";"0";"0";"0";4;0;0;"0";"0,769";finan;"26";"9";"5";"5";"5";"2";autres;"526,644";"93,042";Autre;F;oui;19/06/2025;;;;;; ;;;;
"10 791";93010000AX0049;93010*00007;"[""93010*00007""]";93010;BONDY;93;SIMPLE;"1";"[""93010000AX0049""]";"265";CL;"1 920";"1 930";"1 920";"1 930";"1";"265";13;SOL;"265";"0";"0";"0";"0";"0";"0";"0";"0";"0";"0";"0";"0";"0";"265";"3";"0";"0";"0";"0";"0";"0";"0";MAISON;"2";"3";"3";"0";"3";"156";"42";"1";"0";"2";"0";"0";"0";"0";"0";"1";"0";"0";"0";"0";"0";"0";"0";"198";"1";"3";G2;PROPRIETE DIVISEE EN LOT;G2a;G2;99;1;MEME COMMUNE;;"1";"1";"1";"[""7KAKJG8PXW2F"",""8DBM3Z64Z754"",""XZ6Q5TME2QNJ""]";"3";"200";FF_93010000AX0049;;;;;;;93010000AX0049;Copropriété non immatriculée;;"0";;"93 010";"93";"200 054 781";Métropole du Grand Paris;"1 920";"2";"3";"3";"198";"198";"3";"0";"2";"2";"0";"0";"0";"0";"0";"0";"1";"0";"0";"0";"0";"2";"1";"0";"1";"2";"2";"1,5";"1";"0";"2";;;"0";"0";"0";"0";;;;;;;;;53 AV DE L EST, BONDY;;;;;;;;;;;;;;;;;;;;;;;;;;;;;;;;;;;;;;;;;;;;;;;;;;;;;;;;;;;;;;;;;"3";AVANT_1949;H;"1";{93010000AX0049};{93010000AX0049A,93010000AX0049B};2_FF;7KAKJG8PXW2F,8DBM3Z64Z754,XZ6Q5TME2QNJ;"3";"200";;;"662 058,373";"6 865 811,719";"662 058,373";"6 865 811,719";"1";;;;"0";"0";;;;;;1;"0";"1";0;"0";"0";"0";"100";"0";"0";"0";"0";"0";;;;;;;;;;;;0;"0";"0,667";"1";;"0";"0";"0";"0";"-1";"-1";"-1";"-1";"0";"0";-1;"-1";;"-1";"0";"0";"1";"1";"5,455";;1.4285714285714286;3.3333333333333335;"0";"3,75";gestion;"12";"5";"0";"4";"3";"0";présumée fragile;"266,886";"65,457";Gaz;F;;;;;;;; ;;;;
"10 800";93010000AX0058;93010*00163;"[""93010*00163""]";93010;BONDY;93;SIMPLE;"1";"[""93010000AX0058""]";"147";CL;"1 890";"1 890";"1 890";"1 890";"1";"147";13;SOL;"147";"0";"0";"0";"0";"0";"0";"0";"0";"0";"0";"0";"0";"0";"147";"3";"0";"0";"0";"0";"0";"1";"0";MAISON;"1";"2";"2";"0";"2";"96";"51";"0";"0";"0";"2";"0";"0";"0";"0";"0";"0";"15";"0";"0";"0";"0";"0";"162";"1";"3";G2;PROPRIETE DIVISEE EN LOT;G2a;G2;99;1;MEME COMMUNE;;"1";"1";"1";"[""4YJYFT6HC173""]";"1";"33";RNC_AG6563894;AG6563894;2021-02-12 00:00:00.0;2021-02-12 00:00:00.0;non connu;non connu;non connu;93010000AX0058;Copropriété immatriculée;1_1;"1";OUI;"93 010";"93";"200 054 781";Métropole du Grand Paris;"1 890";"1";"3";"2";"162";"147";"2";"0";"2";"0";"0";"2";"0";"0";"0";"0";"0";"0";"0";"0";"0";"2";"0";"0";"0";"2";"2";"1";"0";"0";"0";0;;"0";"0";"0";"0";;non connu;non connu;non connu;non connu;Pas de mandat en cours;non connu;13-15 allée de l'Orme 93140 BONDY;13 all de l'orme 93140 Bondy;15 all de l'orme 93140 Bondy;non connu;non connu;1;1967-10-30 00:00:00.0;non;non connu;oui;non connu;0;0;0;2;2;2;0;0;0;0;NON_CONNUE;93010;000;AX;0058;;;;;;;;;1;non;non connu;non renseigné;non connu;non connu;non connu;;;;;;;non renseigné;non renseigné;0;0;0;0;0;0;0;1;individuel;non renseigné;non renseigné;Non renseigné;Non renseigné;non connu;non connu;0;ADRNIVX_0000000268276029;"2";AVANT_1949;H;"0";{93010000AX0058};{93010000AX0058A};2_RNIC_FF;4YJYFT6HC173;"1";"33";662090.971232999;6865950.4682999365;"662 101,922";"6 865 949,151";"662 090,971";"6 865 950,468";"0";1;1;;"0";"0";0;0;0;0;;1;"0";"0";0;"0";"0";"0";"0";"0";"0";"0";"50";"1";;;;;;;;;;;;0;"0";"0";"0";;"0";"0";"0";"0";"-1";"-1";"-1";"-1";"0";"0";-1;"-1";0;"-1";"0";"0";"0";"0";"3,529";;0;0;"0";"1,765";gestion;"17";"7";"0";"4";"5";"1";autres;"148,098";"56,175";Gaz;E;;;;;;;; ;;;;
"10 806";93010000AX0064;93010*00216;"[""93010*00216""]";93010;BONDY;93;PDLMP;"2";"[""93010000AX0064"",""93010000AX0065""]";"305";CL;"1 883";"1 883";"1 883";"1 883";"5";"320";13;SOL;"320";"0";"0";"0";"0";"0";"0";"0";"0";"0";"0";"0";"0";"0";"320";"8";"0";"0";"0";"0";"0";"4";"0";DEPENDANCE;"1";"4";"1";"3";"4";"217";"59";"1";"0";"1";"1";"1";"0";"0";"0";"0";"0";"18";"0";"0";"0";"0";"0";"294";"2";"3";G2;PROPRIETE DIVISEE EN LOT;G2a;G2;99;1;MEME COMMUNE;;"2";"2";"2";"[""3WCQ3FRPKAF7"",""DC8GRHR4KERC"",""TSGX57XMHYWP""]";"3";"149";FF_93010000AX0064;;;;;;;93010000AX0064;Copropriété non immatriculée;;"0";;"93 010";"93";"200 054 781";Métropole du Grand Paris;"1 883";"1";"7";"4";"288";"276";"1";"3";"3";"1";"0";"1";"1";"0";"0";"0";"1";"0";"0";"0";"0";"4";"0";"0";"0";"2";"2";"2";"1";"0";"0";;;"0";"0";"0";"0";;;;;;;;;3 ALL DE L ORME, BONDY;;;;;;;;;;;;;;;;;;;;;;;;;;;;;;;;;;;;;;;;;;;;;;;;;;;;;;;;;;;;;;;;;"4";AVANT_1949;M;"0,333";{93010000AX0064,93010000AX0065};{93010000AX0064A};2_FF;3WCQ3FRPKAF7,DC8GRHR4KERC,TSGX57XMHYWP;"3";"149";;;"662 115,608";"6 866 009,708";"662 115,608";"6 866 009,708";"1";;;;"0";"0";;;;;;1;"0";"0";0;"0";"50";"1";"100";"0";"0";"0";"0";"0";;;;;;;;;;;;0;"0";"0";"0";;"0";"0";"0";"0";"-1";"-1";"-1";"-1";"0";"0";-1;"-1";;"-1";"0";"0";"0";"0";"4,545";;0;0;"0";"2";gestion;"13";"5";"0";"3";"5";"0";autres;"301,66";"76,765";Autre;D;;;;;;;; ;;;;
"10 815";93010000AX0080;93010*00016;"[""93010*00016""]";93010;BONDY;93;SIMPLE;"1";"[""93010000AX0080""]";"132";CL;"1 932";"1 932";"1 932";"1 932";"2";"30";13;SOL;"30";"0";"0";"0";"0";"0";"0";"0";"0";"0";"0";"0";"0";"0";"30";"2";"0";"0";"0";"0";"0";"0";"0";MAISON;"1";"2";"2";"0";"2";"91";"12";"0";"0";"1";"1";"0";"0";"0";"0";"0";"0";"0";"0";"0";"0";"0";"0";"103";"1";"3";G2;PROPRIETE DIVISEE EN LOT;G2a;G2;99;1;MEME COMMUNE;;"1";"1";"1";"[""6BA97BD7C1GX""]";"1";"69";FF_93010000AX0080;;;;;;;93010000AX0080;Copropriété non immatriculée;;"0";;"93 010";"93";"200 054 781";Métropole du Grand Paris;"1 932";"1";"2";"2";"103";"103";"2";"0";"2";"1";"0";"1";"0";"0";"0";"0";"0";"0";"0";"1";"0";"1";"0";"0";"0";"2";"2";"1";"0";"0";"0";;;"0";"0";"0";"0";;;;;;;;;24 B ALL DES TILLEULS, BONDY;;;;;;;;;;;;;;;;;;;;;;;;;;;;;;;;;;;;;;;;;;;;;;;;;;;;;;;;;;;;;;;;;"2";AVANT_1949;H;"0,5";{93010000AX0080};{93010000AX0080A};2_FF;6BA97BD7C1GX;"1";"69";;;"662 096,938";"6 865 853,767";"662 096,938";"6 865 853,767";"1";;;;"0";"0";;;;;;1;"0";"0";0;"0";"0";"0";"100";"0";"0";"0";"0";"0";;;;;;;;;;;;0;"0";"0";"0";;"0";"0";"0";"0";"-1";"-1";"-1";"-1";"0";"0";-1;"-1";;"-1";"0";"0";"0";"0";"2,727";;0;2.5;"0";"2";gestion;"13";"5";"0";"3";"5";"0";autres;"132,314";"47,712";Electricité;F;;;;;;;;gaz;;;;
"10 871";93010000AX0179;93010*00406;"[""93010*00406""]";93010;BONDY;93;SIMPLE;"1";"[""93010000AX0179""]";"3 695";CL;"1 972";"1 972";"1 972";"1 972";"1";"3 695";13;SOL;"3 695";"0";"0";"0";"0";"0";"0";"0";"0";"0";"0";"0";"0";"0";"3 695";"183";"0";"0";"0";"0";"0";"123";"0";DEPENDANCE;"3";"60";"0";"60";"60";"2 396";"0";"9";"0";"34";"16";"1";"0";"2";"0";"0";"0";"1 172";"0";"0";"0";"0";"0";"3 568";"1";"44";G2;PROPRIETE DIVISEE EN LOT;G2a;G2;99;2;MEME DEPARTEMENT;;"1";"1";"1";"[""KGT7MFCCF2JD"",""Y2ZVCV2PSAW8"",""ZD6F3GH3D5MX""]";"3";"764";RNC_AA7170251;AA7170251;2017-07-21 00:00:00.0;2022-11-04 00:00:00.0;SOCIETE DE GERANCE RICHELIEU 60205776200034;non connu;non connu;93010000AX0179;Copropriété immatriculée;1_1;"1";OUI;"93 010";"93";"200 054 781";Métropole du Grand Paris;"1 972";"3";"180";"60";"3 376";"2 396";"0";"60";"50";"34";"0";"15";"1";"1";"0";"0";"9";"1";"0";"29";"27";"4";"0";"0";"1";"44";"44";"1,364";"10";"0";"14";12;4.00;"0";"0";"23";"5";;non connu;non connu;non connu;non connu;Pas de mandat en cours;2024-06-24 00:00:00.0;SDC Bondy Belfort;57 av de belfort 93140 Bondy;32 all de l'etoile 93140 Bondy;73 av de l'est 93140 Bondy;30 all de l'etoile 93140 Bondy;4;1971-10-19 00:00:00.0;non;non;oui;non connu;0;0;0;177;59;59;59;0;0;0;DE_1961_A_1974;93010;000;AX;0179;;;;;;;;;1;non;non connu;non;2021-04-01 00:00:00.0;2022-03-31 00:00:00.0;27/06/2022;83045.0;114.0;0.0;9515.0;11;21500.0;non;non renseigné;0;0;0;0;0;0;0;3;individuel;non renseigné;non renseigné;Non renseigné;Non renseigné;17;90.0;0;non connu;"60";DE_1961_A_1974;V;"0,68";{93010000AX0179};{93010000AX0179B,93010000AX0179C,93010000AX0179D};2_RNIC_FF;KGT7MFCCF2JD,Y2ZVCV2PSAW8,ZD6F3GH3D5MX;"3";"764";662136.5502600567;6865732.994673836;"662 189,388";"6 865 742,245";"662 136,55";"6 865 732,995";"0";0;1;;"0";"0";0;0;0;0;;1;"0";"0";0;"0";"7";"0";"24";"1";"0,017";"0";"7";"0";0.25;1;0;0.11441936531223319184;0;0;0.000000000000000000000000;0;;1407.5423728813559322;0;0;"0";"0,233";"0";0;"0";"0";"0";"0";"-1";"0";"0";"1";"6";"0";0.38;"0";0;"0";"0";"0";"0";"0";"2,632";1;0;2.5;"0";"1,6";gestion;"25";"8";"5";"5";"5";"2";autres;"3 689,207";"285,592";Gaz;D;oui;27/09/2024;oui;;"1";;09/05/2025;gaz;D;;;
"10 877";93010000AX0195;93010*00277;"[""93010*00277""]";93010;BONDY;93;PDLMP;"6";"[""93010000AX0195"",""93010000AX0196"",""93010000AX0197"",""93010000AX0198"",""93010000AX0199"",""93010000AX0200""]";"521";CL;"1 934";"1 999";"1 934";"1 934";"6";"521";13;SOL;"521";"0";"0";"0";"0";"0";"0";"0";"0";"0";"0";"0";"0";"0";"521";"9";"0";"0";"0";"0";"0";"6";"0";DEPENDANCE;"3";"3";"1";"2";"3";"152";"0";"0";"0";"2";"1";"0";"0";"0";"0";"0";"0";"50";"0";"0";"0";"0";"0";"202";"6";"3";G2;PROPRIETE DIVISEE EN LOT;G2a;G2;99;1;MEME COMMUNE;;"5";"5";"5";"[""93XZ5H8DNVGC"",""ARDFWG52YQHW""]";"2";"148";RNC_AI7086697;AI7086697;2024-06-19 00:00:00.0;2024-06-19 00:00:00.0;non connu;non connu;non connu;93010000AX0195;Copropriété immatriculée;1_1;"1";OUI;"93 010";"93";"200 054 781";Métropole du Grand Paris;"1 934";"3";"9";"3";"202";"152";"1";"2";"3";"2";"0";"1";"0";"0";"0";"0";"0";"0";"0";"0";"2";"1";"0";"0";"0";"2";"2";"1,5";"0";"0";"0";0;;"0";"0";"0";"0";;non connu;non connu;non connu;non connu;Pas de mandat en cours;non connu;SDC 66 68 avenue de Belfort;66 Avenue de Belfort 93140 Bondy;non connu;non connu;non connu;0;1974-03-14 00:00:00.0;non;non connu;oui;non connu;0;0;0;14;4;4;0;0;0;0;DE_1949_A_1960;93010;000;AX;0195;93010;000;AX;0197;93010;000;AX;0198;6;non;non connu;non;non connu;2023-12-31 00:00:00.0;01/01/2024;0.0;0.0;0.0;;;0.0;non;non renseigné;0;0;0;0;1;0;0;0;individuel;non renseigné;non renseigné;Non;Sans objet;non connu;non connu;0;Bondy;"3";AVANT_1949;M;"0,667";{93010000AX0195,93010000AX0196,93010000AX0197,93010000AX0198,93010000AX0199,93010000AX0200};{93010000AX019501,93010000AX0195A,93010000AX0195B};0;93XZ5H8DNVGC,ARDFWG52YQHW;"2";"148";662081.1096993866;6865732.245489836;"662 077,706";"6 865 729,06";"662 081,11";"6 865 732,245";"0";0;0;;"0";"0";0;0;0;0;;1;"0";"0";0;"0";"0";"0";"0";"1";"0";"0";"0";"0";;;;;;;;;;0.00000000000000000000;0;0;"0";"0";"0";;"0";"0";"0";"0";"-1";"-1";"-1";"-1";"0";"0";-1;"-1";0;"-1";"0";"0";"0";"0";"1,053";0;0;0;"0";"0,541";gestion;"19";"8";"1";"4";"5";"1";autres;"516,942";"93,71";;;;;;;;;;;;;;
"10 906";93010000AY0054;93010*00080;"[""93010*00080""]";93010;BONDY;93;SIMPLE;"1";"[""93010000AY0054""]";"489";CL;"1 935";"1 935";"1 935";"1 935";"4";"394";13;SOL;"394";"0";"0";"0";"0";"0";"0";"0";"0";"0";"0";"0";"0";"0";"394";"3";"0";"0";"0";"0";"0";"1";"0";MAISON;"2";"2";"2";"0";"2";"178";"127";"0";"0";"0";"1";"1";"0";"0";"0";"0";"0";"17";"0";"0";"0";"0";"0";"322";"1";"3";G2;PROPRIETE DIVISEE EN LOT;G2a;G2;99;1;MEME COMMUNE;;"1";"1";"1";"[""4YFPY95Q794J""]";"1";"133";FF_93010000AY0054;;;;;;;93010000AY0054;Copropriété non immatriculée;;"0";;"93 010";"93";"200 054 781";Métropole du Grand Paris;"1 935";"2";"3";"2";"322";"305";"2";"0";"2";"0";"0";"1";"1";"0";"0";"0";"0";"0";"0";"0";"1";"0";"1";"0";"0";"2";"2";"1";"0";"0";"0";;;"0";"0";"0";"0";;;;;;;;;11 RTE DE VILLEMOMBLE, BONDY;;;;;;;;;;;;;;;;;;;;;;;;;;;;;;;;;;;;;;;;;;;;;;;;;;;;;;;;;;;;;;;;;"2";AVANT_1949;H;"0";{93010000AY0054};{93010000AY0054A,93010000AY0054B};2_FF;4YFPY95Q794J;"1";"133";;;"662 632,173";"6 865 875,818";"662 632,173";"6 865 875,818";"1";;;;"0";"0";;;;;;1;"0";"0";0;"0";"0";"0";"0";"0";"0";"0";"0";"0";;;;;;;;;;;;0;"0";"0";"0";;"0";"0";"0";"0";"-1";"-1";"-1";"-1";"0";"0";-1;"-1";;"-1";"0";"0";"0";"0";"3,333";;0;0;"0";"1,304";gestion;"12";"4";"0";"3";"5";"0";autres;"486,669";"116,804";Gaz;D;;;;;;;; ;;;;
"10 913";93010000AY0063;93010*00102;"[""93010*00102""]";93010;BONDY;93;SIMPLE;"1";"[""93010000AY0063""]";"314";CL;"1 925";"1 928";"1 925";"1 928";"1";"314";13;SOL;"314";"0";"0";"0";"0";"0";"0";"0";"0";"0";"0";"0";"0";"0";"314";"2";"0";"0";"0";"0";"0";"0";"0";MAISON;"2";"2";"2";"0";"2";"134";"13";"0";"0";"1";"1";"0";"0";"0";"0";"0";"0";"0";"0";"0";"0";"0";"0";"147";"1";"3";G2;PROPRIETE DIVISEE EN LOT;G2a;G2;99;1;MEME COMMUNE;;"1";"1";"1";"[""QP27BSHFW2MH""]";"1";"91";RNC_AG7814353;AG7814353;2021-04-07 00:00:00.0;2021-04-07 00:00:00.0;non connu;non connu;non connu;93010000AY0063;Plusieurs copropriétés immatriculées;1_1;"2";OUI;"93 010";"93";"200 054 781";Métropole du Grand Paris;"1 925";"2";"2";"2";"147";"147";"2";"0";"2";"1";"0";"1";"0";"0";"0";"0";"0";"0";"0";"0";"1";"0";"0";"1";"1";"2";"2";"1";"0";"0";"3";0;;"0";"0";"0";"0";;non connu;non connu;non connu;non connu;Pas de mandat en cours;non connu;5 rue du Chemin de Fer Prolongée, 93140 BONDY;5 rue du Chemin de Fer Prolongée;non connu;non connu;non connu;0;1960-09-26 00:00:00.0;non;non connu;oui;non connu;0;0;0;4;2;2;0;0;0;0;AVANT_1949;93010;000;AY;0063;;;;;;;;;1;non;non connu;non renseigné;non connu;non connu;non connu;;;;;;;non renseigné;1925;0;0;0;1;0;0;0;0;individuel;non renseigné;non renseigné;Non renseigné;Non renseigné;non connu;non connu;0;non connu;"2";AVANT_1949;H;"0,5";{93010000AY0063};{93010000AY0063A,93010000AY0063B};2_RNIC;QP27BSHFW2MH;"1";"91";662683.405716753;6865832.082612423;"662 683,408";"6 865 832,122";"662 683,406";"6 865 832,083";"0";1;1;;"0";"0";0;0;0;0;;1;"0";"0";0;"0";"0";"0";"0";"0";"0";"0";"0";"0";;;;;;;;;;;;0;"0";"1,5";"0";;"0";"0";"0";"0";"-1";"-1";"-1";"-1";"0";"0";-1;"-1";0;"-1";"0";"0";"0";"0";"5";;0;0;"0";"3,529";gestion;"8";"5";"0";"1";"1";"1";présumée fragile;"312,181";"82,08";Gaz;E;;;;;;;;gaz;;;;
"10 914";93010000AY0063;93010*00102;"[""93010*00102""]";93010;BONDY;93;SIMPLE;"1";"[""93010000AY0063""]";"314";CL;"1 925";"1 928";"1 925";"1 928";"1";"314";13;SOL;"314";"0";"0";"0";"0";"0";"0";"0";"0";"0";"0";"0";"0";"0";"314";"2";"0";"0";"0";"0";"0";"0";"0";MAISON;"2";"2";"2";"0";"2";"134";"13";"0";"0";"1";"1";"0";"0";"0";"0";"0";"0";"0";"0";"0";"0";"0";"0";"147";"1";"3";G2;PROPRIETE DIVISEE EN LOT;G2a;G2;99;1;MEME COMMUNE;;"1";"1";"1";"[""QP27BSHFW2MH""]";"1";"91";RNC_AG5912142;AG5912142;2021-03-15 00:00:00.0;2021-03-12 00:00:00.0;M benoit sellier;non connu;non connu;93010000AY0063;Plusieurs copropriétés immatriculées;1_1;"2";OUI;"93 010";"93";"200 054 781";Métropole du Grand Paris;"1 925";"2";"2";"2";"147";"147";"2";"0";"2";"1";"0";"1";"0";"0";"0";"0";"0";"0";"0";"0";"1";"0";"0";"1";"1";"2";"2";"1";"0";"0";"3";0;;"0";"0";"0";"0";;non connu;non connu;non connu;non connu;Pas de mandat en cours;2022-02-08 00:00:00.0;Juliette Langlois;5 r du chemin de fer prolongee 93140 Bondy;non connu;non connu;non connu;0;1960-09-26 00:00:00.0;non;oui;oui;non connu;0;0;0;4;4;4;0;0;0;0;DE_1949_A_1960;93010;000;AY;0063;;;;;;;;;1;non;non connu;oui;2021-02-09 00:00:00.0;2022-02-09 00:00:00.0;non connu;;;;;;;non;non renseigné;0;0;0;0;0;0;0;2;individuel;non renseigné;non renseigné;Non renseigné;Non renseigné;non connu;non connu;0;non connu;"4";AVANT_1949;H;"0,5";{93010000AY0063};{93010000AY0063A,93010000AY0063B};2_RNIC;QP27BSHFW2MH;"1";"91";662696.0705682031;6865828.887374918;"662 683,408";"6 865 832,122";"662 696,071";"6 865 828,887";"0";1;1;;"0";"0";0;0;0;0;;1;"0";"0";0;"0";"0";"0";"0";"0";"0";"0";"0";"0";;;;;;;;;;;;0;"0";"0,75";"0";;"0";"0";"0";"0";"-1";"-1";"-1";"-1";"0";"0";-1;"-1";0;"-1";"0";"0";"0";"0";"5";;0;0;"0";"3,529";gestion;"8";"5";"0";"1";"1";"1";présumée fragile;"312,181";"82,08";Gaz;E;;;;;;;;gaz;;;;
"10 939";93010000AZ0012;93010G01038;"[""93010G01038""]";93010;BONDY;93;SIMPLE;"1";"[""93010000AZ0012""]";"335";;"1 923";"1 923";"1 923";"1 923";"1";"335";13;SOL;"335";"0";"0";"0";"0";"0";"0";"0";"0";"0";"0";"0";"0";"0";"335";"3";"0";"0";"0";"0";"0";"1";"0";MAISON;"2";"2";"2";"0";"2";"108";"0";"0";"0";"2";"0";"0";"0";"0";"0";"0";"0";"10";"0";"0";"0";"0";"0";"118";"0";"1";X1;PERSONNE PHYSIQUE;X1a;X1;99;2;MEME DEPARTEMENT;;"1";"1";"1";"[""3QZ94VRGQ2ZY""]";"1";"120";RNC_AF3931813;AF3931813;2019-07-19 00:00:00.0;2019-07-19 00:00:00.0;non connu;non connu;non connu;93010000AZ0012;Copropriété immatriculée;1_2;"1";NON;"93 010";"93";"200 054 781";Métropole du Grand Paris;"0";"0";"0";"0";"118";"108";"0";"0";"0";"0";"0";"0";"0";"0";"0";"0";"0";"0";"0";"0";"0";"0";"0";"0";"0";"0";"0";"0";"0";"0";"0";;;"0";"0";"0";"0";;non connu;non connu;non connu;non connu;Pas de mandat en cours;non connu;SDC DU 137-139 RUE AUGUSTE BLANQUI 93140 BONDY;137/139 r louis auguste blanqui 93140 Bondy;non connu;non connu;non connu;0;1976-06-09 00:00:00.0;non;non connu;oui;non connu;;;;3;3;2;0;0;0;0;non renseigné;93010;000;AZ;0012;93010;000;AZ;0013;;;;;2;non;non connu;oui;2019-01-01 00:00:00.0;2019-12-31 00:00:00.0;non connu;;;;;;;non renseigné;non renseigné;2;0;0;0;0;0;0;0;non renseigné;non renseigné;non renseigné;Non renseigné;Non renseigné;non connu;non connu;;non connu;"2";AVANT_1949;;"0";{93010000AZ0012};{93010000AZ0012A,93010000AZ0012B};2_RNIC_FF;3QZ94VRGQ2ZY;"1";"120";662668.5248609242;6866583.231285213;"662 859,318";"6 865 870,923";"662 668,525";"6 866 583,231";"0";1;1;;"0";"0";0;;;;;0.6666666666666666;"0";"0";;"0";"0";"0";"0";"0";"0";"0";"0";"0";;;;;;;;;;;;0;"0";"0";"0";;"0";"0";"0";"0";"-1";"-1";"-1";"-1";"0";"0";-1;"-1";0;"-1";"0";"0";"0";"0";"6";;0;;"0";"3,333";gestion;"8";"4";"0";"3";"0";"1";a surveiller;"340,642";"86,989";Gaz;F;;;;;;;; ;;;;
"11 002";93010000AZ0082;93010*00103;"[""93010*00103""]";93010;BONDY;93;SIMPLE;"1";"[""93010000AZ0082""]";"347";CL;"1 923";"1 923";"1 923";"1 923";"1";"347";13;SOL;"347";"0";"0";"0";"0";"0";"0";"0";"0";"0";"0";"0";"0";"0";"347";"2";"0";"0";"0";"0";"0";"0";"0";MAISON;"2";"2";"2";"0";"2";"89";"26";"0";"0";"0";"2";"0";"0";"0";"0";"0";"0";"0";"0";"0";"0";"0";"0";"115";"1";"3";G2;PROPRIETE DIVISEE EN LOT;G2a;G2;99;1;MEME COMMUNE;;"1";"1";"1";"[""GMPXN2VJW6NR"",""WK587SFW3PAD""]";"2";"135";FF_93010000AZ0082;;;;;;;93010000AZ0082;Copropriété non immatriculée;;"0";;"93 010";"93";"200 054 781";Métropole du Grand Paris;"1 923";"2";"2";"2";"115";"115";"2";"0";"2";"0";"0";"2";"0";"0";"0";"0";"0";"0";"0";"0";"0";"2";"0";"0";"0";"2";"2";"1";"0";"0";"1";;;"1";"1";"0";"0";;;;;;;;;14 RUE DU CHEM DE FER PROLONGEE, BONDY;;;;;;;;;;;;;;;;;;;;;;;;;;;;;;;;;;;;;;;;;;;;;;;;;;;;;;;;;;;;;;;;;"2";AVANT_1949;H;"0";{93010000AZ0082};{93010000AZ0082A,93010000AZ0082B};2_FF;GMPXN2VJW6NR,WK587SFW3PAD;"2";"135";;;"662 747,448";"6 865 842,534";"662 747,448";"6 865 842,534";"1";;;;"0";"0";;;;;;1;"0";"0";0;"0";"0";"0";"0";"0";"0";"0";"0";"0";;;;;;;;;;;;0;"0";"0,5";"1";;"0";"0";"0";"0";"-1";"-1";"-1";"-1";"0";"0";-1;"-1";;"-1";"0";"1";"0";"0";"3,333";;1.4285714285714286;0;"10";"2,308";bati;"14";"4";"0";"4";"5";"1";autres;"344,124";"89,958";Electricité;G;;;;;;;;electricite;G;;;
"11 008";93010000AZ0089;93010*00101;"[""93010*00101""]";93010;BONDY;93;SIMPLE;"1";"[""93010000AZ0089""]";"118";CL;"1 928";"1 930";"1 928";"1 930";"1";"18";13;SOL;"18";"0";"0";"0";"0";"0";"0";"0";"0";"0";"0";"0";"0";"0";"18";"2";"0";"0";"0";"0";"0";"0";"0";MAISON;"2";"2";"2";"0";"2";"77";"15";"0";"0";"1";"1";"0";"0";"0";"0";"0";"0";"0";"0";"0";"0";"0";"0";"92";"1";"3";G2;PROPRIETE DIVISEE EN LOT;G2a;G2;99;1;MEME COMMUNE;;"1";"1";"1";"[""M71CP1S5J2V1""]";"1";"76";FF_93010000AZ0089;;;;;;;93010000AZ0089;Copropriété non immatriculée;;"0";;"93 010";"93";"200 054 781";Métropole du Grand Paris;"1 928";"2";"2";"2";"92";"92";"2";"0";"1";"1";"0";"0";"0";"1";"0";"0";"0";"0";"0";"0";"2";"0";"0";"0";"0";"2";"2";"1";"0";"0";"0";;;"0";"0";"0";"0";;;;;;;;;4 RUE DU CHEM DE FER PROLONGEE, BONDY;;;;;;;;;;;;;;;;;;;;;;;;;;;;;;;;;;;;;;;;;;;;;;;;;;;;;;;;;;;;;;;;;"2";AVANT_1949;H;"1";{93010000AZ0089};{93010000AZ0089A,93010000AZ0089B};2_FF;M71CP1S5J2V1;"1";"76";;;"662 709,832";"6 865 817,597";"662 709,832";"6 865 817,597";"1";;;;"0";"0";;;;;;1;"0";"1";0;"0";"0";"0";"100";"0";"0";"0";"0";"0";;;;;;;;;;;;0;"0";"0";"0";;"0";"0";"0";"0";"-1";"-1";"-1";"-1";"0";"0";-1;"-1";;"-1";"0";"0";"0";"0";"5,455";;0;0;"0";"2,5";gestion;"12";"5";"0";"3";"4";"0";autres;"120,124";"52,422";Gaz;G;;;;;;;; ;;;;
"11 045";93010000AZ0130;93010*00082;"[""93010*00082""]";93010;BONDY;93;SIMPLE;"1";"[""93010000AZ0130""]";"390";CL;"1 927";"1 927";"1 927";"1 927";"2";"194";13;SOL;"194";"0";"0";"0";"0";"0";"0";"0";"0";"0";"0";"0";"0";"0";"194";"9";"0";"0";"0";"0";"0";"3";"0";APPARTEMENT;"1";"6";"1";"5";"6";"238";"24";"0";"0";"1";"5";"0";"0";"0";"0";"5";"0";"42";"0";"0";"0";"0";"0";"304";"1";"4";G2;PROPRIETE DIVISEE EN LOT;G2a;G2;99;1;MEME COMMUNE;;"1";"1";"1";"[""NC762BR5XNVC""]";"1";"172";FF_93010000AZ0130;;;;;;;93010000AZ0130;Copropriété non immatriculée;;"0";;"93 010";"93";"200 054 781";Métropole du Grand Paris;"1 927";"1";"9";"6";"304";"262";"1";"5";"6";"1";"0";"5";"0";"0";"0";"0";"0";"0";"0";"2";"3";"0";"1";"0";"0";"3";"3";"2";"0";"0";"0";;;"0";"0";"0";"0";;;;;;;;;55 RTE DE VILLEMOMBLE, BONDY;;;;;;;;;;;;;;;;;;;;;;;;;;;;;;;;;;;;;;;;;;;;;;;;;;;;;;;;;;;;;;;;;"6";AVANT_1949;M;"0,167";{93010000AZ0130};{93010000AZ0130A};2_FF;NC762BR5XNVC;"1";"172";;;"662 828,662";"6 865 685,826";"662 828,662";"6 865 685,826";"1";;;;"0";"0";;;;;;1;"0";"0";0;"0";"67";"1";"100";"0";"0";"0";"0";"0";;;;;;;;;;;;0;"0";"0";"0";;"0";"0";"0";"0";"0";"0";"0";"0";"50";"1";;"0";;"0";"0";"0";"5";"1";"4,545";;0;1.6666666666666667;"0";"2,609";gestion;"12";"5";"0";"3";"4";"0";a surveiller;"386,802";"77,569";Autre;F;;;;;;;; ;;;;
"11 061";93010000AZ0152;93010*00275;"[""93010*00275""]";93010;BONDY;93;SIMPLE;"1";"[""93010000AZ0152""]";"372";CL;"1 920";"1 924";"1 920";"1 924";"1";"372";13;SOL;"372";"0";"0";"0";"0";"0";"0";"0";"0";"0";"0";"0";"0";"0";"372";"3";"0";"0";"0";"0";"0";"1";"0";MAISON;"2";"2";"2";"0";"2";"138";"50";"1";"0";"0";"1";"0";"0";"0";"0";"0";"0";"22";"0";"0";"0";"0";"0";"210";"1";"4";G2;PROPRIETE DIVISEE EN LOT;G2a;G2;99;1;MEME COMMUNE;;"1";"1";"1";"[""G7ZW32CPCN7T"",""T36CT1K7JG6B""]";"2";"170";FF_93010000AZ0152;;;;;;;93010000AZ0152;Copropriété non immatriculée;;"0";;"93 010";"93";"200 054 781";Métropole du Grand Paris;"1 920";"2";"3";"2";"210";"188";"2";"0";"1";"0";"0";"1";"0";"0";"0";"0";"1";"0";"0";"0";"0";"1";"1";"0";"0";"3";"2";"1";"1";"0";"1";;;"2";"0";"0";"0";;;;;;;;;14 B ALL DES LETTRES, BONDY;;;;;;;;;;;;;;;;;;;;;;;;;;;;;;;;;;;;;;;;;;;;;;;;;;;;;;;;;;;;;;;;;"2";AVANT_1949;H;"0";{93010000AZ0152};{93010000AZ0152A,93010000AZ0152C};2_FF;G7ZW32CPCN7T,T36CT1K7JG6B;"2";"170";;;"662 916,985";"6 865 735,981";"662 916,985";"6 865 735,981";"1";;;;"0";"0";;;;;;1;"0";"0";0;"0";"0";"0";"0";"0";"0";"0";"0";"0";;;;;;;;;;;;0;"0";"0,5";"1";;"0";"0";"0";"0";"-1";"-1";"-1";"-1";"0";"0";-1;"-1";;"-1";"0";"0";"0";"0";"3,333";;1.4285714285714286;0;"0";"1,667";gestion;"13";"4";"0";"4";"4";"1";autres;"373,146";"78,653";Gaz;E;;;;;;;;gaz;E;;;
"11 077";93010000AZ0173;93010*00848;"[""93010*00848""]";93010;BONDY;93;SIMPLE;"1";"[""93010000AZ0173""]";"424";CL;"1 900";"1 900";"1 900";"1 900";"1";"424";13;SOL;"424";"0";"0";"0";"0";"0";"0";"0";"0";"0";"0";"0";"0";"0";"424";"11";"0";"0";"0";"0";"0";"6";"0";DEPENDANCE;"1";"5";"0";"5";"5";"191";"0";"0";"0";"4";"1";"0";"0";"0";"0";"0";"0";"84";"0";"0";"0";"0";"0";"275";"1";"5";G2;PROPRIETE DIVISEE EN LOT;G2a;G2;99;1;MEME COMMUNE;;"1";"1";"1";"[""BE6NTJ9739VJ""]";"1";"109";RNC_AH2479574;AH2479574;2021-12-07 00:00:00.0;2021-12-07 00:00:00.0;M Robin COLINOT;non connu;non connu;93010000AZ0173;Copropriété immatriculée;1_1;"1";OUI;"93 010";"93";"200 054 781";Métropole du Grand Paris;"1 900";"1";"11";"5";"275";"191";"0";"5";"5";"4";"0";"1";"0";"0";"0";"0";"0";"0";"0";"0";"4";"0";"1";"0";"0";"4";"4";"1,25";"0";"0";"5";5;-30.20;"0";"0";"4";"1";;non connu;non connu;non connu;non connu;Mandat expiré sans successeur déclaré;2024-09-01 00:00:00.0;SDC 79 AVENUE ANATOLE FRANCE;79 av anatole france 93140 Bondy;non connu;non connu;non connu;0;2021-12-08 00:00:00.0;non;non connu;oui;non connu;;;;11;5;5;0;0;0;0;non renseigné;93010;000;AZ;0173;;;;;;;;;1;non;non connu;non renseigné;non connu;non connu;non connu;;;;;;;non renseigné;non renseigné;0;0;0;0;0;0;0;1;non renseigné;non renseigné;non renseigné;Non renseigné;Non renseigné;non connu;non connu;;ADRNIVX_0000000268278812;"5";AVANT_1949;V;"0,8";{93010000AZ0173};{93010000AZ0173A};2_RNIC_FF;BE6NTJ9739VJ;"1";"109";663106.6948512136;6865759.424610924;"663 119,883";"6 865 771,46";"663 106,695";"6 865 759,425";"0";0;1;;"0";"0";0;;;;;1;"0";"0";0;"0";"0";"0";"100";"0";"0";"0";"25";"0";;;;;;;;;;;;0;"0";"1";"1";1;"0";"0";"0";"0";"-1";"0";"-1";"1";"0";"0";-1;"0";0;"0";"0";"1";"0";"0";"1,765";;3.3333333333333335;2.5;"5";"2,632";bati;"19";"7";"0";"5";"5";"2";a surveiller;"426,007";"97,429";Electricité;E;;;;;;;;electricite;E;;;
"11 095";93010000AZ0194;93010*00021;"[""93010*00021""]";93010;BONDY;93;SIMPLE;"1";"[""93010000AZ0194""]";"284";CL;"1 928";"1 928";"1 928";"1 928";"1";"284";13;SOL;"284";"0";"0";"0";"0";"0";"0";"0";"0";"0";"0";"0";"0";"0";"284";"2";"0";"0";"0";"0";"0";"0";"0";MAISON;"1";"2";"2";"0";"2";"151";"35";"0";"0";"0";"1";"1";"0";"0";"0";"0";"0";"0";"0";"0";"0";"0";"0";"186";"1";"2";G2;PROPRIETE DIVISEE EN LOT;G2a;G2;99;1;MEME COMMUNE;;"1";"1";"1";"[""4MF8MPDKWYA1""]";"1";"133";FF_93010000AZ0194;;;;;;;93010000AZ0194;Copropriété non immatriculée;;"0";;"93 010";"93";"200 054 781";Métropole du Grand Paris;"1 928";"1";"2";"2";"186";"186";"2";"0";"2";"0";"0";"1";"1";"0";"0";"0";"0";"0";"0";"0";"1";"0";"0";"1";"0";"1";"1";"2";"0";"0";"0";;;"0";"0";"0";"0";;;;;;;;;91 B AV ANATOLE FRANCE, BONDY;;;;;;;;;;;;;;;;;;;;;;;;;;;;;;;;;;;;;;;;;;;;;;;;;;;;;;;;;;;;;;;;;"2";AVANT_1949;H;"0";{93010000AZ0194};{93010000AZ0194A};2_FF;4MF8MPDKWYA1;"1";"133";;;"663 062,467";"6 865 664,766";"663 062,467";"6 865 664,766";"1";;;;"0";"0";;;;;;1;"0";"0";0;"0";"100";"1";"0";"0";"0";"0";"0";"0";;;;;;;;;;;;0;"0";"0";"0";;"0";"0";"0";"0";"-1";"-1";"-1";"-1";"100";"1";-1;"-1";;"-1";"0";"0";"0";"0";"5,556";;0;1.25;"0";"2,609";gestion;"12";"4";"0";"3";"5";"0";a surveiller;"279,747";"67,315";Gaz;E;;;;;;;; ;;;;
"11 098";93010000AZ0197;93010*00242;"[""93010*00242""]";93010;BONDY;93;SIMPLE;"1";"[""93010000AZ0197""]";"210";CL;"1 872";"1 872";"1 872";"1 872";"1";"210";13;SOL;"210";"0";"0";"0";"0";"0";"0";"0";"0";"0";"0";"0";"0";"0";"210";"9";"0";"0";"0";"0";"0";"3";"0";APPARTEMENT;"1";"6";"0";"6";"6";"209";"0";"1";"0";"3";"2";"0";"0";"0";"0";"0";"0";"39";"0";"0";"0";"0";"0";"248";"1";"7";G2;PROPRIETE DIVISEE EN LOT;G2a;G2;99;1;MEME COMMUNE;;"1";"1";"1";"[""CC8YZTHDAC5X"",""WKKT5Z39C7BG""]";"2";"107";RNC_AG3286176;AG3286176;2020-09-18 00:00:00.0;2020-09-18 00:00:00.0;non connu;non connu;non connu;93010000AZ0197;Copropriété immatriculée;1_1;"1";OUI;"93 010";"93";"200 054 781";Métropole du Grand Paris;"1 872";"1";"8";"6";"220";"209";"0";"6";"5";"3";"0";"2";"0";"0";"0";"0";"1";"0";"0";"2";"3";"1";"0";"0";"0";"6";"5";"1,2";"1";"0";"1";1;-12.00;"0";"0";"4";"1";;non connu;non connu;non connu;non connu;Pas de mandat en cours;non connu;144 RUE DE BONDY 93140 BONDY;144 r de bondy 93140 Bondy;non connu;non connu;non connu;0;1972-08-02 00:00:00.0;non;non connu;oui;non connu;;;;9;5;5;0;0;0;0;AVANT_1949;93010;000;AZ;0197;;;;;;;;;1;non;non connu;non renseigné;non connu;non connu;non connu;;;;;;;non renseigné;1948;0;0;0;0;0;0;0;1;individuel;non renseigné;non renseigné;Non renseigné;Non renseigné;non connu;non connu;0;non connu;"6";AVANT_1949;V;"0,6";{93010000AZ0197};{93010000AZ0197A};2_RNIC_FF;CC8YZTHDAC5X,WKKT5Z39C7BG;"2";"107";663051.6040807165;6865629.559938858;"663 056,599";"6 865 637,901";"663 051,604";"6 865 629,56";"0";1;1;;"0";"0";0;;;;;1;"0";"0";0;"0";"0";"0";"100";"0";"0";"0";"0";"0";;;;;;;;;;;;0;"0";"0,167";"0";0;"0";"0";"0";"0";"-1";"0";"-1";"1";"0";"0";-1;"0";0;"0";"0";"1";"0";"0";"3,529";;0;2.5;"5";"2,632";bati;"19";"7";"0";"5";"5";"2";a surveiller;"206,328";"73,836";Electricité;D;;;;;;;;electricite;D;;;
"11 100";93010000AZ0199;93010*00436;"[""93010*00436""]";93010;BONDY;93;SIMPLE;"1";"[""93010000AZ0199""]";"496";CL;"1 906";"1 957";"1 906";"1 957";"1";"496";13;SOL;"496";"0";"0";"0";"0";"0";"0";"0";"0";"0";"0";"0";"0";"0";"496";"8";"0";"0";"0";"0";"0";"3";"0";APPARTEMENT;"2";"5";"1";"4";"5";"255";"30";"0";"0";"2";"3";"0";"0";"0";"0";"0";"0";"52";"0";"0";"0";"0";"0";"337";"1";"6";G2;PROPRIETE DIVISEE EN LOT;G2a;G2;99;1;MEME COMMUNE;;"1";"1";"1";"[""M2MMP7EG26KS"",""RWF76BZGZW54"",""8F871B38QNRT""]";"3";"178";FF_93010000AZ0199;;;;;;;93010000AZ0199;Copropriété non immatriculée;;"0";;"93 010";"93";"200 054 781";Métropole du Grand Paris;"1 906";"2";"8";"5";"337";"285";"1";"4";"5";"2";"0";"3";"0";"0";"0";"0";"0";"0";"0";"1";"2";"0";"2";"0";"0";"5";"5";"1";"0";"0";"1";;;"0";"0";"1";"0";;;;;;;;;140 RUE DE BONDY, BONDY;;;;;;;;;;;;;;;;;;;;;;;;;;;;;;;;;;;;;;;;;;;;;;;;;;;;;;;;;;;;;;;;;"5";AVANT_1949;M;"0,4";{93010000AZ0199};{93010000AZ0199A,93010000AZ0199B};2_FF;M2MMP7EG26KS,RWF76BZGZW54,8F871B38QNRT;"3";"178";;;"663 079,442";"6 865 644,92";"663 079,442";"6 865 644,92";"1";;;;"0";"0";;;;;;1;"0";"0";0;"0";"0";"0";"100";"0";"0";"0";"0";"0";;;;;;;;;;;;0;"0";"0,2";"0";;"0";"0";"0";"0";"0";"0";"0";"0";"0";"0";;"0";;"0";"0";"0";"0";"0";"2,727";;0;0;"0";"1,071";gestion;"15";"5";"0";"4";"5";"1";autres;"492,012";"108,975";Autre;E;oui;01/08/2019;;;;;;autre;;;;
"11 108";93010000AZ0209;93010*00173;"[""93010*00173""]";93010;BONDY;93;PDLMP;"2";"[""93010000AZ0209"",""93010000AZ0220""]";"122";CL;"1 932";"1 932";"1 932";"1 932";"3";"60";13;SOL;"60";"0";"0";"0";"0";"0";"0";"0";"0";"0";"0";"0";"0";"0";"60";"17";"0";"0";"0";"0";"0";"9";"0";DEPENDANCE;"1";"8";"0";"8";"8";"159";"0";"4";"0";"4";"0";"0";"0";"3";"0";"7";"0";"33";"0";"0";"0";"0";"0";"192";"2";"4";G2;PROPRIETE DIVISEE EN LOT;G2a;G2;99;1;MEME COMMUNE;;"2";"2";"2";"[""JFG56SYNW6Z9""]";"1";"68";RNC_AE6530711;AE6530711;2019-02-15 00:00:00.0;2024-05-31 00:00:00.0;M Henri LOGEAIS;non;non;93010000AZ0209;Copropriété immatriculée;3_2;"1";OUI;"93 010";"93";"200 054 781";Métropole du Grand Paris;"1 932";"1";"17";"8";"192";"159";"0";"8";"4";"4";"0";"0";"0";"0";"0";"0";"4";"0";"0";"7";"1";"0";"0";"0";"0";"3";"3";"2,667";"4";"0";"0";0;;"0";"0";"3";"0";;bénévole;M Henri LOGEAIS;non connu;LE RAINCY;Mandat en cours;2024-12-26 00:00:00.0;133 rue de bondy;133 r de bondy 93140 Bondy;non connu;non connu;non connu;0;1960-06-16 00:00:00.0;non;non;oui;non connu;0;0;0;20;10;10;0;0;0;0;AVANT_1949;;;;;;;;;;;;;0;non;non connu;non;2023-01-01 00:00:00.0;2023-12-31 00:00:00.0;06/05/2024;4716.0;6043.0;0.0;0.0;0;1500.0;non;1933;0;0;0;0;0;0;0;1;individuel;non renseigné;non renseigné;Non;Sans objet;12;94.0;0;ADRNIVX_0000000268281625;"8";AVANT_1949;V;"1";{93010000AZ0209,93010000AZ0220};{93010000AZ0209A};2_RNIC_FF;JFG56SYNW6Z9;"1";"68";663056.300723866;6865618.632310857;"663 052,863";"6 865 613,581";"663 056,301";"6 865 618,632";"0";0;0;0;"0";"0";0;0;0;0;0;1;"0";"1";0;"0";"67";"1";"75";"0";"0";"0";"33";"1";0;0;0;0.000000000000000000000000;0;0;0.000000000000000000000000;0;;471.6000000000000000;0;0;"0";"0";"0";;"0";"0";"0";"0";"-1";"0";"-1";"0";"0";"0";-1;"1";0;"0";"0";"0";"7";"1";"2,381";0;0;3.3333333333333335;"0";"1,458";occup;"23";"9";"5";"4";"3";"2";autres;"123,907";"50,484";Electricité;E;;;;;;;;electricite;E;;;
"11 118";93010000AZ0223;93010*00131;"[""93010*00131""]";93010;BONDY;93;SIMPLE;"1";"[""93010000AZ0223""]";"443";CL;"1 898";"1 898";"1 898";"1 898";"1";"32";13;SOL;"32";"0";"0";"0";"0";"0";"0";"0";"0";"0";"0";"0";"0";"0";"32";"18";"0";"0";"0";"0";"0";"11";"0";DEPENDANCE;"1";"7";"1";"6";"7";"437";"0";"0";"0";"2";"5";"0";"0";"0";"0";"0";"0";"164";"0";"0";"0";"0";"0";"601";"1";"8";G2;PROPRIETE DIVISEE EN LOT;G2a;G2;99;1;MEME COMMUNE;;"1";"1";"1";"[""MH9EC1FM5TYD""]";"1";"217";FF_93010000AZ0223;;;;;;;93010000AZ0223;Copropriété non immatriculée;;"0";;"93 010";"93";"200 054 781";Métropole du Grand Paris;"1 898";"1";"18";"7";"601";"437";"1";"6";"6";"2";"0";"4";"0";"1";"0";"0";"0";"0";"0";"0";"2";"3";"1";"1";"0";"7";"7";"1";"0";"0";"1";;;"0";"0";"0";"0";;;;;;;;;85 RUE DU CHEMIN DE FER, BONDY;;;;;;;;;;;;;;;;;;;;;;;;;;;;;;;;;;;;;;;;;;;;;;;;;;;;;;;;;;;;;;;;;"7";AVANT_1949;M;"0,333";{93010000AZ0223};{93010000AZ0223A};2_FF;MH9EC1FM5TYD;"1";"217";;;"663 192,07";"6 865 758,186";"663 192,07";"6 865 758,186";"1";;;;"0";"0";;;;;;1;"0";"0";0;"0";"0";"0";"100";"0";"0";"0";"0";"0";;;;;;;;;;;;0;"0";"0,143";"0";;"0";"0";"0";"0";"0";"0";"0";"0";"0";"0";;"0";;"0";"0";"0";"0";"0";"2,727";;0;0;"0";"1,154";gestion;"14";"5";"0";"4";"5";"0";autres;"443,63";"83,298";Autre;D;;;;;;;; ;;;;
"11 154";93010000AZ0269;93010*00594;"[""93010*00594""]";93010;BONDY;93;SIMPLE;"1";"[""93010000AZ0269""]";"2 210";CL;"1 963";"1 963";"1 963";"1 963";"1";"2 210";13;SOL;"2 210";"0";"0";"0";"0";"0";"0";"0";"0";"0";"0";"0";"0";"0";"2 210";"120";"5";"5";"4";"4";"1";"68";"16";DEPENDANCE;"2";"47";"0";"47";"47";"2 374";"0";"10";"0";"19";"17";"1";"0";"3";"0";"0";"0";"596";"192";"15";"0";"0";"0";"3 177";"1";"60";F7 G2;INVESTISSEUR PROFESSIONNEL ET PROPRIETE DIVISEE EN LOT;F7b G2a;G2;F7;2;MEME DEPARTEMENT;;"1";"1";"1";"[""X9N3QKTCXXGT"",""CPKZ138XDNA9"",""PHRT44H84SVN""]";"3";"851";RNC_AA5895230;AA5895230;2017-06-28 00:00:00.0;2022-12-26 00:00:00.0;SOCIETE DE GERANCE RICHELIEU 60205776200034;non connu;non connu;93010000AZ0269;Copropriété immatriculée;1_1;"1";OUI;"93 010";"93";"200 054 781";Métropole du Grand Paris;"1 963";"2";"118";"47";"2 996";"2 374";"0";"47";"37";"19";"0";"17";"1";"0";"0";"0";"10";"0";"0";"4";"5";"34";"4";"0";"3";"58";"47";"1";"10";"0";"11";10;-24.80;"0";"0";"13";"4";;non connu;non connu;non connu;non connu;Pas de mandat en cours;2023-09-16 00:00:00.0;SDC Simfrance;96 av anatole france 93140 Bondy;79 rte de villemomble 93140 Bondy;98 av anatole france 93140 Bondy;non connu;2;1961-09-25 00:00:00.0;non;non;oui;non connu;0;0;0;122;51;47;20;0;0;0;DE_1961_A_1974;93010;000;AZ;0269;;;;;;;;;1;non;non connu;non;2021-01-01 00:00:00.0;2021-12-31 00:00:00.0;06/10/2022;116339.0;61.0;650.0;45641.0;16;28676.0;non;1961;0;0;0;0;1;0;0;1;collectif;non;gaz_naturel;Non renseigné;Non renseigné;14;94.0;0;non connu;"47";DE_1961_A_1974;V;"0,514";{93010000AZ0269};{93010000AZ026901,93010000AZ0269A};2_RNIC_FF;X9N3QKTCXXGT,CPKZ138XDNA9,PHRT44H84SVN;"3";"851";663020.4670954822;6865668.345338012;"663 024,833";"6 865 671,835";"663 020,467";"6 865 668,345";"0";0;1;;"0";"0";0;0;0;0;;0.9215686274509803;"0";"0";0;"0";"6";"0";"38";"1";"0,064";"0";"8";"0";0.27586206896551724;0;0;0.39210481099656357388;0;0;0.00558419243986254296;0;2281.1568627450980392;;0;0;"0";"0,234";"0";1;"0";"0";"0";"0";"-1";"0";"-1";"1";"12";"0";0.2702702702702703;"0";0;"0";"0";"0";"0";"0";"2,632";0;2.2222222222222223;2.5;"0";"1,8";gestion;"25";"8";"5";"5";"5";"2";autres;"2 230,452";"204,492";Gaz;E;;;;;;;;gaz;E;;;
"11 164";93010000BC0008;93010*00159;"[""93010*00159""]";93010;BONDY;93;PDLMP;"2";"[""93010000BC0008"",""93010000BC0023""]";"441";CL;"1 925";"1 966";"1 925";"1 966";"2";"441";13;SOL;"441";"0";"0";"0";"0";"0";"0";"0";"0";"0";"0";"0";"0";"0";"441";"5";"0";"0";"0";"0";"0";"2";"0";MIXTE;"2";"3";"1";"2";"3";"190";"10";"1";"0";"1";"1";"0";"0";"0";"0";"0";"0";"34";"0";"0";"0";"0";"0";"234";"2";"3";G2;PROPRIETE DIVISEE EN LOT;G2a;G2;99;1;MEME COMMUNE;;"2";"2";"2";"[""EW289NC7QQRQ"",""P3VKBZ2RNDNW""]";"2";"164";FF_93010000BC0008;;;;;;;93010000BC0008;Copropriété non immatriculée;;"0";;"93 010";"93";"200 054 781";Métropole du Grand Paris;"1 925";"2";"5";"3";"234";"200";"1";"2";"2";"1";"0";"1";"0";"0";"0";"0";"1";"0";"0";"0";"0";"1";"2";"0";"2";"2";"2";"1,5";"1";"0";"0";;;"0";"0";"2";"0";;;;;;;;;14 ALL DES DEUX COMMUNES, BONDY;;;;;;;;;;;;;;;;;;;;;;;;;;;;;;;;;;;;;;;;;;;;;;;;;;;;;;;;;;;;;;;;;"3";AVANT_1949;M;"0,5";{93010000BC0008,93010000BC0023};{93010000BC0008A,93010000BC0008B};2_FF;EW289NC7QQRQ,P3VKBZ2RNDNW;"2";"164";;;"662 627,06";"6 865 668,419";"662 627,06";"6 865 668,419";"1";;;;"0";"0";;;;;;1;"0";"0";0;"0";"0";"0";"0";"0";"0,667";"1";"0";"0";;;;;;;;;;;;0;"0";"0";"0";;"0";"0";"0";"0";"-1";"-1";"-1";"-1";"0";"0";-1;"-1";;"-1";"0";"0";"0";"0";"3,333";;0;0;"0";"1,2";gestion;"13";"4";"0";"3";"5";"1";autres;"394,891";"97,355";Gaz;E;;;;;;;;gaz;E;;;
"11 369";93010000BF0032;93010*00775;"[""93010*00775""]";93010;BONDY;93;SIMPLE;"1";"[""93010000BF0032""]";"317";CL;"2 012";"2 012";"2 012";"2 012";"1";"317";13;SOL;"317";"0";"0";"0";"0";"0";"0";"0";"0";"0";"0";"0";"0";"0";"317";"6";"0";"0";"0";"0";"0";"4";"0";DEPENDANCE;"1";"2";"0";"2";"2";"164";"23";"0";"0";"1";"1";"0";"0";"0";"0";"0";"0";"34";"0";"0";"0";"0";"0";"221";"1";"3";G2;PROPRIETE DIVISEE EN LOT;G2a;G2;99;1;MEME COMMUNE;;"1";"1";"1";"[""QSQ5D7GZRB1Y"",""ZPEV61ZZ46QQ""]";"2";"120";FF_93010000BF0032;;;;;;;93010000BF0032;Copropriété non immatriculée;;"0";;"93 010";"93";"200 054 781";Métropole du Grand Paris;"2 012";"1";"6";"2";"221";"187";"0";"2";"2";"1";"0";"1";"0";"0";"0";"0";"0";"0";"0";"0";"0";"1";"1";"0";"0";"2";"2";"1";"0";"0";"0";;;"0";"0";"0";"0";;;;;;;;;15 RUE JOE CARMAN, BONDY;;;;;;;;;;;;;;;;;;;;;;;;;;;;;;;;;;;;;;;;;;;;;;;;;;;;;;;;;;;;;;;;;"2";A_COMPTER_DE_2011;V;"0,5";{93010000BF0032};{93010000BF0032A};2_FF;QSQ5D7GZRB1Y,ZPEV61ZZ46QQ;"2";"120";;;"661 799,228";"6 865 648,3";"661 799,228";"6 865 648,3";"1";;;;"0";"0";;;;;;1;"0";"0";0;"0";"0";"0";"0";"1";"0";"0";"0";"0";;;;;;;;;;;;0;"0";"0";"0";;"0";"0";"0";"0";"-1";"-1";"-1";"-1";"0";"0";-1;"-1";;"-1";"0";"0";"0";"0";"4,545";;0;0;"0";"2";gestion;"13";"5";"0";"3";"5";"0";autres;"321,325";"73,907";Electricité;D;;;;;;;; ;;;;
"11 386";93010000BF0084;93010*00167;"[""93010*00167""]";93010;BONDY;93;PDLMP;"3";"[""93010000BF0084"",""93010000BF0085"",""93010000BF0086""]";"569";CL;"1 920";"1 933";"1 920";"1 933";"3";"569";13;SOL;"569";"0";"0";"0";"0";"0";"0";"0";"0";"0";"0";"0";"0";"0";"569";"3";"0";"0";"0";"0";"0";"0";"0";MAISON;"2";"3";"3";"0";"3";"156";"142";"0";"0";"0";"3";"0";"0";"0";"0";"1";"0";"0";"0";"0";"0";"0";"0";"298";"3";"4";G2;PROPRIETE DIVISEE EN LOT;G2a;G2;99;1;MEME COMMUNE;;"3";"3";"3";"[""3XA71QV5XKG8"",""A9EMHF5533NE"",""JPNQV7ZXXZQQ"",""NJMGWXZ8X26F"",""VV189V1ATHPR""]";"5";"219";FF_93010000BF0084;;;;;;;93010000BF0084;Copropriété non immatriculée;;"0";;"93 010";"93";"200 054 781";Métropole du Grand Paris;"1 920";"2";"3";"3";"298";"298";"3";"0";"3";"0";"0";"3";"0";"0";"0";"0";"0";"0";"0";"0";"0";"3";"0";"0";"0";"3";"3";"1";"0";"0";"0";;;"0";"0";"0";"0";;;;;;;;;19 AV DE METZ, BONDY;;;;;;;;;;;;;;;;;;;;;;;;;;;;;;;;;;;;;;;;;;;;;;;;;;;;;;;;;;;;;;;;;"3";AVANT_1949;H;"0";{93010000BF0084,93010000BF0085,93010000BF0086};{93010000BF0084B,93010000BF0084C};2_FF;3XA71QV5XKG8,A9EMHF5533NE,JPNQV7ZXXZQQ,NJMGWXZ8X26F,VV189V1ATHPR;"5";"219";;;"661 805,717";"6 865 757,777";"661 805,717";"6 865 757,777";"1";;;;"0";"0";;;;;;1;"0";"0";0;"0";"0";"0";"0";"0";"0";"0";"0";"0";;;;;;;;;;;;0;"0";"0";"0";;"0";"0";"0";"0";"-1";"-1";"-1";"-1";"0";"0";-1;"-1";;"-1";"0";"0";"1";"1";"3,333";;0;1.25;"0";"1,739";gestion;"12";"4";"0";"3";"5";"0";autres;"573,112";"96,043";Electricité;G;;;;;;;; ;;;;
"11 407";93010000BF0118;93010*00022;"[""93010*00022""]";93010;BONDY;93;SIMPLE;"1";"[""93010000BF0118""]";"260";CL;"1 923";"1 923";"1 923";"1 923";"1";"260";13;SOL;"260";"0";"0";"0";"0";"0";"0";"0";"0";"0";"0";"0";"0";"0";"260";"2";"0";"0";"0";"0";"0";"0";"0";MAISON;"1";"2";"2";"0";"2";"74";"21";"0";"0";"0";"2";"0";"0";"0";"0";"1";"0";"0";"0";"0";"0";"0";"0";"95";"1";"3";G2;PROPRIETE DIVISEE EN LOT;G2a;G2;99;1;MEME COMMUNE;;"1";"1";"1";"[""JFFH4SFG4ARW""]";"1";"111";FF_93010000BF0118;;;;;;;93010000BF0118;Copropriété non immatriculée;;"0";;"93 010";"93";"200 054 781";Métropole du Grand Paris;"1 923";"1";"2";"2";"95";"95";"2";"0";"2";"0";"0";"2";"0";"0";"0";"0";"0";"0";"0";"0";"1";"1";"0";"0";"0";"2";"2";"1";"0";"0";"0";;;"0";"0";"0";"0";;;;;;;;;3 AV DE BELFORT, BONDY;;;;;;;;;;;;;;;;;;;;;;;;;;;;;;;;;;;;;;;;;;;;;;;;;;;;;;;;;;;;;;;;;"2";AVANT_1949;H;"0";{93010000BF0118};{93010000BF0118A};2_FF;JFFH4SFG4ARW;"1";"111";;;"661 730,904";"6 865 845,197";"661 730,904";"6 865 845,197";"1";;;;"0";"0";;;;;;1;"0";"0";0;"0";"50";"1";"0";"0";"0";"0";"0";"0";;;;;;;;;;;;0;"0";"0";"0";;"0";"0";"0";"0";"-1";"-1";"-1";"-1";"50";"1";-1;"-1";;"-1";"0";"0";"1";"1";"5,556";;0;1.25;"0";"2,609";gestion;"12";"4";"0";"3";"5";"0";a surveiller;"260,76";"64,658";Gaz;G;;;;;;;; ;;;;
"11 408";93010000BF0119;93010*00583;"[""93010*00583""]";93010;BONDY;93;SIMPLE;"1";"[""93010000BF0119""]";"507";CL;"1 951";"1 970";"1 951";"1 951";"1";"507";13;SOL;"507";"0";"0";"0";"0";"0";"0";"0";"0";"0";"0";"0";"0";"0";"507";"15";"2";"2";"2";"2";"0";"6";"8";APPARTEMENT;"2";"7";"0";"7";"7";"273";"0";"0";"0";"5";"2";"0";"0";"0";"0";"0";"0";"52";"147";"10";"10";"0";"9";"491";"1";"11";G2;PROPRIETE DIVISEE EN LOT;G2a;G2;99;1;MEME COMMUNE;;"1";"1";"1";"[""QFHFJZS6ESCA""]";"1";"277";RNC_AD7371149;AD7371149;2018-11-13 00:00:00.0;2023-11-28 00:00:00.0;ATM SARL 34863116900045;non;non;93010000BF0119;Copropriété immatriculée;3_2;"1";OUI;"93 010";"93";"200 054 781";Métropole du Grand Paris;"1 951";"2";"15";"7";"491";"273";"0";"7";"7";"5";"0";"2";"0";"0";"0";"0";"0";"0";"0";"0";"6";"0";"1";"0";"1";"10";"7";"1";"0";"0";"2";2;-56.00;"0";"0";"2";"0";;professionnel;ATM SARL 34863116900045;6832A;BONDY;Mandat en cours;2026-11-21 00:00:00.0;SDC 27 RUE ETIENNE DOLET;27 r etienne dolet 93140 Bondy;non connu;non connu;non connu;0;1995-03-13 00:00:00.0;non;non;oui;;0;0;0;27;13;7;1;0;0;0;AVANT_1949;;;;;;;;;;;;;0;non;non connu;non;2022-07-01 00:00:00.0;2023-06-30 00:00:00.0;22/11/2023;12603.0;0.0;6013.0;10899.0;3;3974.0;non;non renseigné;0;0;0;0;0;0;0;5;individuel;non renseigné;non renseigné;Non renseigné;Non renseigné;non connu;non connu;0;ADRNIVX_0000000268277067;"7";DE_1949_A_1960;V;"0,714";{93010000BF0119};{93010000BF0119A,93010000BF0119B};2_RNIC_FF;QFHFJZS6ESCA;"1";"277";661706.1302225305;6865856.923241803;"661 715,296";"6 865 854,92";"661 706,13";"6 865 856,923";"0";0;0;0;"0";"0";0;0;0;0;0;0.7777777777777778;"0";"0";0;"0";"0";"0";"50";"0";"0,143";"0";"0";"0";0.3;1;0;0.86479409664365627232;1;0;0.47710862493057208601;1;;969.4615384615384615;0;0;"0";"0,286";"0";1;"0";"0";"0";"0";"-1";"0";"-1";"1";"0";"0";-1;"1";0;"0";"0";"0";"0";"0";"0";6;2.2222222222222223;5;"0";"2,308";finan;"26";"9";"5";"5";"5";"2";autres;"510,5";"91,71";Gaz;D;;;;;;;;gaz;D;;;
"11 412";93010000BF0129;93010*00328;"[""93010*00328""]";93010;BONDY;93;SIMPLE;"1";"[""93010000BF0129""]";"487";CL;"1 922";"1 997";"1 922";"1 922";"1";"234";13;SOL;"234";"0";"0";"0";"0";"0";"0";"0";"0";"0";"0";"0";"0";"0";"234";"14";"0";"0";"0";"0";"0";"7";"0";MIXTE;"2";"7";"0";"7";"7";"210";"0";"2";"0";"3";"1";"0";"1";"1";"0";"0";"0";"60";"0";"0";"0";"0";"0";"270";"1";"5";G2;PROPRIETE DIVISEE EN LOT;G2a;G2;99;1;MEME COMMUNE;;"1";"1";"1";"[""BBMW1PED3MPN"",""H34MDN7BJ3K8"",""WJXYBE1M1AG3"",""X34GW9KHTMR5""]";"4";"256";RNC_AD2160778;AD2160778;2018-08-30 00:00:00.0;2024-03-15 00:00:00.0;SOGIM SARL 42936632100041;non;non;93010000BF0129;Copropriété immatriculée;1_1;"1";OUI;"93 010";"93";"200 054 781";Métropole du Grand Paris;"1 922";"2";"14";"7";"270";"210";"0";"7";"4";"3";"0";"1";"0";"0";"1";"0";"2";"0";"0";"1";"5";"1";"0";"0";"0";"4";"4";"1,75";"3";"0";"0";0;;"0";"0";"1";"1";;professionnel;SOGIM SARL 42936632100041;6832A;VILLEMOMBLE;Mandat en cours;2024-09-30 00:00:00.0;S009;18 av de l'est 93140 Bondy;non connu;non connu;non connu;0;1977-06-22 00:00:00.0;non;non;oui;non connu;0;0;0;17;9;9;0;0;0;0;AVANT_1949;93010;000;BF;0129;;;;;;;;;1;non;non connu;non;2023-01-01 00:00:00.0;2023-12-31 00:00:00.0;12/02/2024;189388.0;0.0;956.0;4186.0;8;5210.0;non;non renseigné;0;0;0;0;0;0;0;1;individuel;non renseigné;non renseigné;Non;Sans objet;non connu;non connu;0;ADRNIVX_0000000268277995;"7";AVANT_1949;V;"0,75";{93010000BF0129};{93010000BF012901,93010000BF0129A};2_RNIC_FF;BBMW1PED3MPN,H34MDN7BJ3K8,WJXYBE1M1AG3,X34GW9KHTMR5;"4";"256";661855.887909173;6865838.58732303;"661 855,79";"6 865 842,135";"661 855,888";"6 865 838,587";"0";0;0;0;"0";"0";0;0;0;0;0;1;"0";"0";0;"0";"25";"0";"100";"0";"0";"0";"0";"0";2;1;0;0.02210277314296576341;0;0;0.00504783830020909456;0;;21043.111111111111;1;0;"0";"0";"0";;"0";"0";"0";"0";"-1";"0";"-1";"1";"0";"0";-1;"0";0;"0";"0";"1";"0";"0";"0";2;0;2.5;"5";"1,2";bati;"25";"9";"5";"4";"5";"2";autres;"487,842";"94,063";Autre;F;;;;;;;;electricite;;;;
"11 414";93010000BF0132;93010*00037;"[""93010*00037""]";93010;BONDY;93;SIMPLE;"1";"[""93010000BF0132""]";"262";CL;"1 920";"1 940";"1 920";"1 940";"1";"262";13;SOL;"262";"0";"0";"0";"0";"0";"0";"0";"0";"0";"0";"0";"0";"0";"262";"2";"0";"0";"0";"0";"0";"0";"0";MAISON;"2";"2";"2";"0";"2";"86";"34";"0";"0";"0";"2";"0";"0";"0";"0";"0";"0";"0";"0";"0";"0";"0";"0";"120";"1";"3";G2;PROPRIETE DIVISEE EN LOT;G2a;G2;99;1;MEME COMMUNE;;"1";"1";"1";"[""7ED2HNMJHNCP"",""GKBX968FS82H"",""WGFDN97GD41H""]";"3";"97";FF_93010000BF0132;;;;;;;93010000BF0132;Copropriété non immatriculée;;"0";;"93 010";"93";"200 054 781";Métropole du Grand Paris;"1 920";"2";"2";"2";"120";"120";"2";"0";"2";"0";"0";"2";"0";"0";"0";"0";"0";"0";"0";"0";"0";"2";"0";"0";"0";"2";"2";"1";"0";"0";"1";;;"0";"0";"0";"0";;;;;;;;;17 B AV DE L EST, BONDY;;;;;;;;;;;;;;;;;;;;;;;;;;;;;;;;;;;;;;;;;;;;;;;;;;;;;;;;;;;;;;;;;"2";AVANT_1949;H;"0";{93010000BF0132};{93010000BF0132A,93010000BF0132B};2_FF;7ED2HNMJHNCP,GKBX968FS82H,WGFDN97GD41H;"3";"97";;;"661 858,402";"6 865 866,664";"661 858,402";"6 865 866,664";"1";;;;"0";"0";;;;;;1;"0";"0";0;"0";"0";"0";"0";"0";"0";"0";"0";"0";;;;;;;;;;;;0;"0";"0,5";"1";;"0";"0";"0";"0";"-1";"-1";"-1";"-1";"0";"0";-1;"-1";;"-1";"0";"0";"0";"0";"3,333";;1.4285714285714286;0;"0";"1,667";gestion;"13";"4";"0";"4";"5";"0";autres;"260,482";"64,652";Gaz;F;;;;;;;; ;;;;
"11 443";93010000BF0193;93010*00367;"[""93010*00367""]";93010;BONDY;93;SIMPLE;"1";"[""93010000BF0193""]";"761";CL;"1 914";"1 984";"1 914";"1 954";"1";"172";13;SOL;"172";"0";"0";"0";"0";"0";"0";"0";"0";"0";"0";"0";"0";"0";"172";"14";"1";"1";"1";"1";"0";"7";"4";DEPENDANCE;"6";"6";"2";"4";"6";"281";"72";"1";"0";"2";"3";"0";"0";"0";"0";"2";"0";"108";"60";"0";"0";"0";"0";"521";"1";"6";G2;PROPRIETE DIVISEE EN LOT;G2a;G2;99;1;MEME COMMUNE;;"1";"1";"1";"[""3Q2ZE5CNKRQ5"",""4D43ZDJRH7JC"",""AD3MK7CFCS1H"",""M1Q19ZSY15HQ""]";"4";"356";FF_93010000BF0193;;;;;;;93010000BF0193;Copropriété non immatriculée;;"0";;"93 010";"93";"200 054 781";Métropole du Grand Paris;"1 914";"6";"14";"6";"521";"353";"2";"4";"5";"2";"0";"3";"0";"0";"0";"0";"1";"0";"0";"0";"4";"1";"1";"0";"0";"5";"4";"1,5";"1";"0";"1";;;"1";"0";"0";"0";;;;;;;;;23 RUE ETIENNE DOLET, BONDY;;;;;;;;;;;;;;;;;;;;;;;;;;;;;;;;;;;;;;;;;;;;;;;;;;;;;;;;;;;;;;;;;"6";AVANT_1949;M;"0,4";{93010000BF0193};{93010000BF019301,93010000BF0193A,93010000BF0193B,93010000BF0193C,93010000BF0193D,93010000BF0193E};2_FF;3Q2ZE5CNKRQ5,4D43ZDJRH7JC,AD3MK7CFCS1H,M1Q19ZSY15HQ;"4";"356";;;"661 731,978";"6 865 899,941";"661 731,978";"6 865 899,941";"1";;;;"0";"0";;;;;;0.8571428571428571;"0";"0";0;"0";"25";"0";"50";"0";"0";"0";"0";"0";;;;;;;;;;;;0;"0";"0,167";"0";;"0";"0";"0";"0";"-1";"0";"-1";"0";"33";"1";-1;"0";;"0";"0";"0";"2";"1";"2,727";;0;1.25;"0";"1,429";gestion;"15";"5";"0";"4";"5";"1";autres;"766,414";"126,086";Electricité;E;;;;;;;;electricite;;;;
"11 469";93010000BG0019;93010*00501;"[""93010*00501""]";93010;BONDY;93;SIMPLE;"1";"[""93010000BG0019""]";"446";CL;"1 988";"1 988";"1 988";"1 988";"1";"446";13;SOL;"446";"0";"0";"0";"0";"0";"0";"0";"0";"0";"0";"0";"0";"0";"446";"2";"0";"0";"0";"0";"0";"0";"0";MAISON;"2";"2";"2";"0";"2";"183";"41";"0";"0";"0";"2";"0";"0";"0";"0";"0";"0";"0";"0";"0";"0";"0";"0";"224";"1";"3";G2;PROPRIETE DIVISEE EN LOT;G2a;G2;99;1;MEME COMMUNE;;"1";"1";"1";"[""681ZKYYC4PYH"",""SVB45ZKJX8PE"",""Y6Z9PQKG5MKV""]";"3";"146";FF_93010000BG0019;;;;;;;93010000BG0019;Copropriété non immatriculée;;"0";;"93 010";"93";"200 054 781";Métropole du Grand Paris;"1 988";"2";"2";"2";"224";"224";"2";"0";"2";"0";"0";"2";"0";"0";"0";"0";"0";"0";"0";"0";"0";"0";"2";"0";"0";"2";"2";"1";"0";"0";"1";;;"0";"0";"0";"0";;;;;;;;;37 RUE DAVID LEDER, BONDY;;;;;;;;;;;;;;;;;;;;;;;;;;;;;;;;;;;;;;;;;;;;;;;;;;;;;;;;;;;;;;;;;"2";DE_1975_A_1993;H;"0";{93010000BG0019};{93010000BG0019A,93010000BG0019B};2_FF;681ZKYYC4PYH,SVB45ZKJX8PE,Y6Z9PQKG5MKV;"3";"146";;;"661 438,33";"6 865 997,309";"661 438,33";"6 865 997,309";"1";;;;"0";"0";;;;;;1;"0";"0";0;"0";"0";"0";"0";"0";"0";"0";"0";"0";;;;;;;;;;;;0;"0";"0,5";"1";;"0";"0";"0";"0";"-1";"-1";"-1";"-1";"0";"0";-1;"-1";;"-1";"0";"0";"0";"0";"3,333";;1.4285714285714286;0;"0";"1,818";gestion;"12";"4";"0";"4";"4";"0";autres;"438,872";"95,372";Autre;E;;;;;;;;autre;;;;
"11 478";93010000BG0036;93010*00108;"[""93010*00108""]";93010;BONDY;93;SIMPLE;"1";"[""93010000BG0036""]";"647";CL;"1 922";"1 970";"1 922";"1 970";"1";"647";13;SOL;"647";"0";"0";"0";"0";"0";"0";"0";"0";"0";"0";"0";"0";"0";"647";"3";"0";"0";"0";"0";"0";"1";"0";MAISON;"2";"2";"2";"0";"2";"133";"84";"1";"0";"0";"1";"0";"0";"0";"0";"0";"0";"18";"0";"0";"0";"0";"0";"235";"1";"3";G2;PROPRIETE DIVISEE EN LOT;G2a;G2;99;1;MEME COMMUNE;;"1";"1";"1";"[""EB91E3ERHKZW"",""GGNAQZJFV2TW""]";"2";"181";RNC_AI2302354;AI2302354;2023-07-11 00:00:00.0;2023-07-11 00:00:00.0;non connu;non connu;non connu;93010000BG0036;Copropriété immatriculée;1_1;"1";OUI;"93 010";"93";"200 054 781";Métropole du Grand Paris;"1 922";"2";"3";"2";"235";"217";"2";"0";"1";"0";"0";"1";"0";"0";"0";"0";"1";"0";"0";"0";"0";"2";"0";"0";"0";"2";"2";"1";"1";"0";"1";0;;"2";"2";"0";"0";;non connu;non connu;non connu;non connu;Pas de mandat en cours;non connu;SDC 9 RUE DAVID LEDER A BONDY;9 r david leder 93140 Bondy;non connu;non connu;non connu;0;1967-08-29 00:00:00.0;non;non connu;oui;non connu;0;0;0;2;2;2;0;0;0;0;AVANT_1949;93010;000;BG;0036;;;;;;;;;1;non;non connu;oui;2023-07-11 00:00:00.0;2023-12-31 00:00:00.0;non connu;;;;;;;non;non renseigné;0;0;0;0;0;0;0;2;individuel;non renseigné;non renseigné;Non;Sans objet;non connu;non connu;0;ADRNIVX_0000000268276095;"2";AVANT_1949;H;"0";{93010000BG0036};{93010000BG0036A,93010000BG0036B};1_RNIC_FF;EB91E3ERHKZW,GGNAQZJFV2TW;"2";"181";661608.887150011;6865954.534527155;"661 602,725";"6 865 933,052";"661 608,887";"6 865 954,535";"0";1;1;;"0";"0";0;0;0;0;;1;"0";"0";0;"0";"50";"1";"0";"0";"0";"0";"0";"0";;;;;;;;;;;;0;"0";"0,5";"1";;"0";"0";"0";"0";"-1";"-1";"-1";"-1";"100";"1";-1;"-1";0;"-1";"0";"1";"0";"0";"4,706";;1.4285714285714286;1.25;"5";"3,333";bati;"18";"7";"0";"4";"5";"2";a surveiller;"646,107";"120,195";Gaz;G;;;;;;;;gaz;G;;;
"11 481";93010000BG0039;93010*00107;"[""93010*00107""]";93010;BONDY;93;SIMPLE;"1";"[""93010000BG0039""]";"509";CL;"1 920";"1 928";"1 920";"1 928";"3";"195";13;SOL;"195";"0";"0";"0";"0";"0";"0";"0";"0";"0";"0";"0";"0";"0";"195";"2";"0";"0";"0";"0";"0";"0";"0";MAISON;"2";"2";"2";"0";"2";"121";"40";"0";"0";"0";"2";"0";"0";"0";"0";"0";"0";"0";"0";"0";"0";"0";"0";"161";"1";"3";G2;PROPRIETE DIVISEE EN LOT;G2a;G2;99;1;MEME COMMUNE;;"1";"1";"1";"[""4FQ5Z5Q4C67Y"",""ZVMASCPHWJTJ""]";"2";"127";RNC_AH1179118;AH1179118;2021-09-27 00:00:00.0;2021-09-27 00:00:00.0;non connu;non connu;non connu;93010000BG0039;Copropriété immatriculée;1_1;"1";OUI;"93 010";"93";"200 054 781";Métropole du Grand Paris;"1 920";"2";"2";"2";"161";"161";"2";"0";"2";"0";"0";"2";"0";"0";"0";"0";"0";"0";"0";"0";"1";"0";"1";"0";"0";"2";"2";"1";"0";"0";"1";0;;"0";"0";"0";"0";;non connu;non connu;non connu;non connu;Pas de mandat en cours;non connu;SDC 3 RUE DAVID LEDER 93140 BONDY;3 r david leder 93140 Bondy;non connu;non connu;non connu;0;1959-08-06 00:00:00.0;non;non connu;oui;non connu;;;;6;2;2;0;0;0;0;non renseigné;93010;000;BG;0039;;;;;;;;;1;non;non connu;non renseigné;non connu;non connu;non connu;;;;;;;non renseigné;non renseigné;0;0;0;0;0;0;0;1;non renseigné;non renseigné;non renseigné;Non renseigné;Non renseigné;non connu;non connu;;ADRNIVX_0000000268276090;"2";AVANT_1949;H;"0";{93010000BG0039};{93010000BG0039A,93010000BG0039B};2_RNIC_FF;4FQ5Z5Q4C67Y,ZVMASCPHWJTJ;"2";"127";661645.9860858367;6865942.946135372;"661 634,591";"6 865 922,366";"661 645,986";"6 865 942,946";"0";1;1;;"0";"0";0;;;;;1;"0";"0";0;"0";"0";"0";"0";"0";"0";"0";"0";"0";;;;;;;;;;;;0;"0";"0,5";"1";;"0";"0";"0";"0";"-1";"-1";"-1";"-1";"0";"0";-1;"-1";0;"-1";"0";"0";"0";"0";"4";;1.4285714285714286;0;"0";"2,188";gestion;"16";"6";"0";"4";"5";"1";autres;"509,769";"114,101";Electricité;G;;;;;;;;electricite;;;;
"11 483";93010000BG0042;93010*00329;"[""93010*00329""]";93010;BONDY;93;SIMPLE;"1";"[""93010000BG0042""]";"612";CL;"1 907";"1 956";"1 907";"1 956";"1";"612";13;SOL;"612";"0";"0";"0";"0";"0";"0";"0";"0";"0";"0";"0";"0";"0";"612";"6";"0";"0";"0";"0";"0";"2";"0";MAISON;"6";"4";"4";"0";"4";"265";"133";"0";"0";"1";"3";"0";"0";"0";"0";"0";"0";"28";"0";"0";"0";"0";"0";"426";"1";"5";G2;PROPRIETE DIVISEE EN LOT;G2a;G2;99;1;MEME COMMUNE;;"1";"1";"1";"[""N2NFZCBQN3V5"",""QKABN4264JC2"",""S9ZJDFBV2S6X""]";"3";"209";FF_93010000BG0042;;;;;;;93010000BG0042;Copropriété non immatriculée;;"0";;"93 010";"93";"200 054 781";Métropole du Grand Paris;"1 907";"6";"6";"4";"426";"398";"4";"0";"4";"1";"0";"3";"0";"0";"0";"0";"0";"0";"0";"0";"0";"3";"1";"0";"0";"4";"4";"1";"0";"0";"1";;;"1";"0";"1";"0";;;;;;;;;26 RUE ETIENNE DOLET, BONDY;;;;;;;;;;;;;;;;;;;;;;;;;;;;;;;;;;;;;;;;;;;;;;;;;;;;;;;;;;;;;;;;;"4";AVANT_1949;H;"0,25";{93010000BG0042};{93010000BG0042A,93010000BG0042B,93010000BG0042C,93010000BG0042D,93010000BG0042E,93010000BG0042F};2_FF;N2NFZCBQN3V5,QKABN4264JC2,S9ZJDFBV2S6X;"3";"209";;;"661 669,089";"6 865 882,732";"661 669,089";"6 865 882,732";"1";;;;"0";"0";;;;;;1;"0";"0";0;"0";"25";"0";"100";"0";"0";"0";"0";"0";;;;;;;;;;;;0;"0";"0,25";"0";;"0";"0";"0";"0";"-1";"-1";"-1";"-1";"33";"1";-1;"-1";;"-1";"0";"0";"0";"0";"2,727";;0;1.25;"0";"1,429";gestion;"15";"5";"0";"4";"5";"1";autres;"624,042";"128,612";Electricité;D;;;;;;;;electricite;D;;;
"11 484";93010000BG0046;93010*00864;"[""93010*00864""]";93010;BONDY;93;SIMPLE;"1";"[""93010000BG0046""]";"363";CL;"2 022";"2 022";"2 022";"2 022";"1";"363";01;TERRES;"0";"363";"363";"0";"0";"0";"0";"0";"0";"0";"0";"0";"0";"0";"0";"10";"0";"0";"0";"0";"0";"5";"0";MIXTE;"2";"5";"0";"5";"5";"242";"3";"0";"0";"0";"0";"0";"0";"0";"0";"0";"0";"60";"0";"0";"0";"0";"0";"305";"1";"5";G2;PROPRIETE DIVISEE EN LOT;G2a;G2;99;3;MEME REGION;;"1";"1";"1";"[""6NWTYEKHRDRN""]";"1";"122";RNC_AI0282905;AI0282905;2023-03-03 00:00:00.0;2023-03-03 00:00:00.0;M Morgan Ripani;non;non;93010000BG0046;Copropriété immatriculée;1_1;"1";OUI;"93 010";"93";"200 054 781";Métropole du Grand Paris;"2 022";"2";"10";"5";"305";"245";"0";"5";"0";"0";"0";"0";"0";"0";"0";"5";"0";"0";"0";"1";"2";"1";"1";"0";"1";"4";"4";"1,25";"0";"0";"6";1;-39.00;"0";"0";"1";"0";;bénévole;M Morgan Ripani;non connu;AULNAY SOUS BOIS;Mandat en cours;2025-03-25 00:00:00.0;35 rue de varsovie 93140 bondy;35 r de varsovie 93140 Bondy;non connu;non connu;non connu;0;2022-11-24 00:00:00.0;non;non connu;oui;non connu;0;0;0;10;5;5;5;0;0;0;A_COMPTER_DE_2011;93010;000;BG;0046;;;;;;;;;1;non;non connu;non renseigné;non connu;non connu;non connu;;;;;;;non renseigné;2022;0;1;0;0;0;0;0;0;individuel;non renseigné;non renseigné;Non renseigné;Non renseigné;non connu;non connu;0;ADRNIVX_0000000268277069;"5";A_COMPTER_DE_2011;V;"0";{93010000BG0046};{93010000BG0046A,93010000BG0046P};1_RNIC_FF;6NWTYEKHRDRN;"1";"122";661551.8011742599;6865893.419163599;"661 555,419";"6 865 901,078";"661 551,801";"6 865 893,419";"0";0;1;0;"0";"0";0;0;0;0;0;1;"0";"0";0;"0";"0";"0";"0";"0";"0";"0";"33";"1";;;;;;;;;;;;0;"0";"1,2";"1";1;"0";"0";"0";"0";"0";"0";"0";"0";"0";"0";;"0";0;"0";"0";"0";"0";"0";"1,875";;3.3333333333333335;;"0";"2,069";marche;"14";"7";"0";"5";"0";"2";autres;"356,189";"126,891";Electricité;E;;;;;;;;electricite;;;;
"11 485";93010000BG0054;93010*00806;"[""93010*00806""]";93010;BONDY;93;PDLMP;"3";"[""93010000BG0054"",""93010000BG0055"",""93010000BG0056""]";"5 065";CL;"1 970";"1 970";"1 970";"1 970";"3";"5 065";13;SOL;"5 065";"0";"0";"0";"0";"0";"0";"0";"0";"0";"0";"0";"0";"0";"5 065";"85";"0";"0";"0";"0";"0";"45";"0";DEPENDANCE;"5";"40";"0";"40";"40";"2 984";"0";"5";"0";"7";"27";"1";"0";"0";"0";"0";"0";"963";"0";"0";"0";"0";"0";"3 947";"3";"41";G2 M1;PROPRIETE DIVISEE EN LOT ET PERSONNE MORALE AUTRE;G2a G2d M1a;G2;G2 M1;2;MEME DEPARTEMENT;;"3";"3";"3";"[""84PVRPF3VFB4"",""FQBPRYEEQSE1"",""MNF1WXCF27XS"",""TGCDYGJ5X1ZA"",""V2ERNG6AE2GW""]";"5";"949";RNC_AA7025224;AA7025224;2017-07-20 00:00:00.0;2023-09-21 00:00:00.0;FONCIA CHADEFAUX LECOQ 59202763500032;non;non;93010000BG0054;Copropriété immatriculée;3_2;"1";OUI;"93 010";"93";"200 054 781";Métropole du Grand Paris;"1 970";"5";"80";"40";"3 504";"2 984";"0";"40";"34";"7";"0";"26";"1";"1";"0";"0";"5";"0";"0";"0";"0";"16";"24";"0";"0";"40";"40";"1";"5";"0";"9";8;-54.25;"0";"0";"3";"1";;professionnel;FONCIA CHADEFAUX LECOQ 59202763500032;6831Z;AUBERVILLIERS;Mandat en cours;2024-09-30 00:00:00.0;38/40 RUE ETIENNE DOLET;38-40 r etienne dolet 93140 BONDY;non connu;non connu;non connu;0;1972-10-26 00:00:00.0;non;non;oui;non connu;0;0;0;120;40;40;40;0;0;0;DE_1961_A_1974;;;;;;;;;;;;;0;non;non connu;non;2022-01-01 00:00:00.0;2022-12-31 00:00:00.0;20/09/2023;141009.0;0.0;284.0;4457.0;4;7769.0;non;non renseigné;1;1;1;1;1;1;0;0;collectif;non;gaz_naturel;Non;Sans objet;18;90.0;0;non connu;"40";DE_1961_A_1974;V;"0,206";{93010000BG0054,93010000BG0055,93010000BG0056};{93010000BG0054A,93010000BG0054B,93010000BG0054C,93010000BG0054D,93010000BG0054E};2_RNIC_FF;84PVRPF3VFB4,FQBPRYEEQSE1,MNF1WXCF27XS,TGCDYGJ5X1ZA,V2ERNG6AE2GW;"5";"949";661691.888399724;6865810.090654444;"661 640,728";"6 865 817,354";"661 691,888";"6 865 810,091";"0";0;0;0;"0";"0";0;0;0;0;0;1;"0";"0";0;"0";"13";"0";"57";"0";"0";"0";"5";"0";0.1;0;0;0.03160791155174492408;0;0;0.00201405584040734989;0;3525.2250000000000000;;1;0;"0";"0,225";"0";1;"1";"0";"0";"0";"-1";"0";"-1";"0";"15";"0";0.17647058823529413;"0";0;"0";"0";"0";"0";"0";"0";1;2.2222222222222223;0;"0";"0,577";marche;"26";"9";"5";"5";"5";"2";autres;"5 005,532";"404,865";Gaz;D;oui;02/06/2021;;;;;;gaz;D;;;
"11 491";93010000BG0101;93010*00805;"[""93010*00805""]";93010;BONDY;93;SIMPLE;"1";"[""93010000BG0101""]";"6 282";CL;"1 968";"1 968";"1 968";"1 968";"1";"6 282";13;SOL;"6 282";"0";"0";"0";"0";"0";"0";"0";"0";"0";"0";"0";"0";"0";"6 282";"215";"1";"1";"1";"1";"0";"143";"4";DEPENDANCE;"4";"71";"0";"71";"71";"3 197";"0";"8";"0";"38";"25";"0";"0";"1";"0";"0";"0";"1 497";"50";"0";"0";"0";"0";"4 744";"1";"69";F7 G2;INVESTISSEUR PROFESSIONNEL ET PROPRIETE DIVISEE EN LOT;F7b G2a;G2;F7;3;MEME REGION;;"1";"1";"1";"[""2SY51EVYGE47"",""85YBME6WRH9E"",""MNE3BWSQGKRA"",""X6FJQ8HJS2WQ""]";"4";"1 314";RNC_AF1040591;AF1040591;2019-05-06 00:00:00.0;2019-05-02 00:00:00.0;SARL ADVISORING IMMOBILIER 52804856400033;non;non;93010000BG0101;Copropriété immatriculée;3_2;"1";OUI;"93 010";"93";"200 054 781";Métropole du Grand Paris;"1 968";"4";"213";"71";"4 627";"3 197";"0";"71";"61";"38";"0";"23";"0";"2";"0";"0";"8";"0";"0";"17";"38";"9";"7";"0";"2";"69";"61";"1,164";"9";"0";"25";22;-33.27;"0";"0";"24";"7";;professionnel;SARL ADVISORING IMMOBILIER 52804856400033;6832A;PARIS 11;Mandat en cours;2025-01-25 00:00:00.0;LES ACACIAS;28 r etienne dolet 93140 Bondy;32 r etienne dolet 93140 Bondy;non connu;non connu;1;1967-05-11 00:00:00.0;non;non;oui;non connu;0;0;0;454;71;70;154;0;0;0;DE_1961_A_1974;;;;;;;;;;;;;0;non;non connu;non;2017-01-01 00:00:00.0;2017-12-31 00:00:00.0;12/04/2018;177931.77;0.0;10770.42;68591.43;22;0.0;non;non renseigné;0;0;0;0;0;0;0;3;collectif;non;gaz_naturel;Non renseigné;Non renseigné;non connu;non connu;0;ADRNIVX_0000000268277068;"71";DE_1961_A_1974;V;"0,623";{93010000BG0101};{93010000BG010101,93010000BG0101A,93010000BG0101B,93010000BG0101C};2_RNIC_FF;2SY51EVYGE47,85YBME6WRH9E,MNE3BWSQGKRA,X6FJQ8HJS2WQ;"4";"1 314";661694.5116123813;6865863.004952456;"661 607,059";"6 865 877,925";"661 694,512";"6 865 863,005";"0";0;1;0;"0";"0";0;0;0;0;0;0.9861111111111112;"0";"0";0;"0";"11";"0";"36";"1";"0,028";"0";"5";"0";0.3188405797101449;1;0;0.38549287741025675179;1;0;0.06053118001355238584;0;2506.0812676056338028;;0;0;"0";"0,352";"0";1;"0";"0";"0";"0";"-1";"0";"0";"1";"4";"0";0.2786885245901639;"0";0;"0";"0";"0";"0";"0";"2,381";4;2.2222222222222223;2.5;"0";"2,5";finan;"26";"9";"5";"5";"5";"2";autres;"6 290,665";"384,071";Gaz;E;oui;18/03/2025;oui;;"1";;21/05/2025;gaz;E;E, E, E, E;;
"11 497";93010000BG0112;93010*00500;"[""93010*00500""]";93010;BONDY;93;SIMPLE;"1";"[""93010000BG0112""]";"1 622";CL;"1 989";"1 989";"1 989";"1 989";"9";"1 622";13;SOL;"1 622";"0";"0";"0";"0";"0";"0";"0";"0";"0";"0";"0";"0";"0";"1 622";"8";"0";"0";"0";"0";"0";"0";"0";MAISON;"8";"8";"8";"0";"8";"858";"117";"0";"0";"2";"6";"0";"0";"0";"0";"0";"0";"0";"0";"0";"0";"0";"0";"975";"1";"9";G2;PROPRIETE DIVISEE EN LOT;G2a;G2;99;1;MEME COMMUNE;;"1";"1";"1";"[""1VKDZVB1JJYN"",""2Z5MBJT4F3NY"",""CHQX1HD45G2M"",""CQ42NBQ1JVYT"",""E3NBP89RVNED"",""EEK9SC1W32DX"",""Q3WXWV6RAMG1"",""ZZ51H8SGGXG8""]";"8";"566";RNC_AF7777303;AF7777303;2019-12-05 00:00:00.0;2019-12-05 00:00:00.0;non connu;non connu;non connu;93010000BG0112;Copropriété immatriculée;1_1;"1";OUI;"93 010";"93";"200 054 781";Métropole du Grand Paris;"1 989";"8";"8";"8";"975";"975";"8";"0";"8";"2";"0";"6";"0";"0";"0";"0";"0";"0";"0";"0";"0";"0";"1";"7";"2";"8";"8";"1";"0";"0";"3";0;;"0";"0";"0";"0";;non connu;non connu;non connu;non connu;Pas de mandat en cours;non connu;24 RUE ETIENNE DOLET 93140 BONDY;24 r etienne dolet 93140 Bondy;non connu;non connu;non connu;0;1988-11-30 00:00:00.0;non;non connu;oui;non connu;0;0;0;8;8;8;0;0;0;0;DE_1975_A_1993;93010;000;BG;0112;;;;;;;;;1;non;non connu;oui;2019-01-01 00:00:00.0;2019-12-31 00:00:00.0;non connu;;;;;;;non renseigné;non renseigné;0;0;0;8;0;0;0;0;individuel;non renseigné;non renseigné;Non renseigné;Non renseigné;non connu;non connu;0;non connu;"8";DE_1975_A_1993;H;"0,25";{93010000BG0112};{93010000BG0112A,93010000BG0112B,93010000BG0112C,93010000BG0112D,93010000BG0112E,93010000BG0112F,93010000BG0112G,93010000BG0112H};2_RNIC_FF;1VKDZVB1JJYN,2Z5MBJT4F3NY,CHQX1HD45G2M,CQ42NBQ1JVYT,E3NBP89RVNED,EEK9SC1W32DX,Q3WXWV6RAMG1,ZZ51H8SGGXG8;"8";"566";661698.1014685679;6865895.785495443;"661 672,952";"6 865 918,23";"661 698,101";"6 865 895,786";"0";1;1;;"0";"0";0;0;0;0;;1;"0";"0";0;"0";"0";"0";"0";"0";"0,25";"0";"0";"0";;;;;;;;;;;;0;"0";"0,375";"1";;"0";"0";"0";"0";"0";"0";"0";"0";"0";"0";;"0";0;"0";"0";"0";"0";"0";"3,529";;1.4285714285714286;0;"0";"2,059";gestion;"17";"7";"0";"4";"5";"1";autres;"1 618,354";"176,143";Gaz;C;;;;;;;;gaz;;;;
"11 498";93010000BG0113;93010*00558;"[""93010*00558""]";93010;BONDY;93;SIMPLE;"1";"[""93010000BG0113""]";"443";CL;"1 989";"1 989";"1 989";"1 989";"1";"443";13;SOL;"443";"0";"0";"0";"0";"0";"0";"0";"0";"0";"0";"0";"0";"0";"443";"2";"0";"0";"0";"0";"0";"0";"0";MAISON;"2";"2";"2";"0";"2";"253";"55";"1";"0";"0";"1";"0";"0";"0";"0";"0";"0";"0";"0";"0";"0";"0";"0";"308";"1";"3";G2;PROPRIETE DIVISEE EN LOT;G2a;G2;99;1;MEME COMMUNE;;"1";"1";"1";"[""1JDX3G67FZTA"",""5PND9XSNZ7KP""]";"2";"173";FF_93010000BG0113;;;;;;;93010000BG0113;Copropriété non immatriculée;;"0";;"93 010";"93";"200 054 781";Métropole du Grand Paris;"1 989";"2";"2";"2";"308";"308";"2";"0";"1";"0";"0";"1";"0";"0";"0";"0";"1";"0";"0";"0";"0";"0";"0";"2";"0";"2";"2";"1";"1";"0";"1";;;"0";"0";"1";"0";;;;;;;;;24 T RUE ETIENNE DOLET, BONDY;;;;;;;;;;;;;;;;;;;;;;;;;;;;;;;;;;;;;;;;;;;;;;;;;;;;;;;;;;;;;;;;;"2";DE_1975_A_1993;H;"0";{93010000BG0113};{93010000BG0113A,93010000BG0113B};2_FF;1JDX3G67FZTA,5PND9XSNZ7KP;"2";"173";;;"661 684,254";"6 865 895,2";"661 684,254";"6 865 895,2";"1";;;;"0";"0";;;;;;1;"0";"0";0;"0";"0";"0";"0";"0";"0";"0";"0";"0";;;;;;;;;;;;0;"0";"0,5";"1";;"0";"0";"0";"0";"-1";"-1";"-1";"-1";"0";"0";-1;"-1";;"-1";"0";"0";"0";"0";"3,333";;1.4285714285714286;0;"0";"1,538";gestion;"14";"4";"0";"4";"5";"1";autres;"438,547";"83,128";Gaz;C;;;;;;;; ;;;;
"11 510";93010000BH0070;93010*00223;"[""93010*00223""]";93010;BONDY;93;SIMPLE;"1";"[""93010000BH0070""]";"941";CL;"1 962";"1 969";"1 962";"1 969";"2";"143";13;SOL;"143";"0";"0";"0";"0";"0";"0";"0";"0";"0";"0";"0";"0";"0";"143";"18";"0";"0";"0";"0";"0";"16";"0";DEPENDANCE;"3";"2";"1";"1";"2";"148";"11";"0";"0";"0";"2";"0";"0";"0";"0";"0";"0";"144";"0";"0";"0";"0";"0";"303";"1";"4";G2;PROPRIETE DIVISEE EN LOT;G2a;G2;99;1;MEME COMMUNE;;"1";"1";"1";"[""28DH9WEKHFPY"",""GBVEJ37492HS"",""SVGDGZZ95ZFK""]";"3";"367";FF_93010000BH0070;;;;;;;93010000BH0070;Copropriété non immatriculée;;"0";;"93 010";"93";"200 054 781";Métropole du Grand Paris;"1 962";"3";"18";"2";"303";"159";"1";"1";"2";"0";"0";"2";"0";"0";"0";"0";"0";"0";"0";"0";"0";"1";"1";"0";"0";"3";"2";"1";"0";"0";"1";;;"0";"0";"0";"0";;;;;;;;;1 CHE DE LA MARE A LA VEUVE, BONDY;;;;;;;;;;;;;;;;;;;;;;;;;;;;;;;;;;;;;;;;;;;;;;;;;;;;;;;;;;;;;;;;;"2";DE_1961_A_1974;M;"0";{93010000BH0070};{93010000BH007001,93010000BH0070A,93010000BH0070B};2_FF;28DH9WEKHFPY,GBVEJ37492HS,SVGDGZZ95ZFK;"3";"367";;;"661 582,574";"6 865 787,987";"661 582,574";"6 865 787,987";"1";;;;"0";"0";;;;;;1;"0";"0";0;"0";"0";"0";"0";"0";"0";"0";"33";"1";;;;;;;;;;;;0;"0";"0,5";"1";;"0";"0";"0";"0";"-1";"-1";"-1";"-1";"0";"0";-1;"-1";;"-1";"0";"0";"0";"0";"3,333";;1.4285714285714286;0;"0";"1,667";gestion;"13";"4";"0";"4";"5";"0";autres;"932,868";"229,329";Fioul;F;;;;;;;; ;;;;
"11 513";93010000BH0132;93010*00252;"[""93010*00252""]";93010;BONDY;93;SIMPLE;"1";"[""93010000BH0132""]";"876";CL;"1 972";"1 972";"1 972";"1 972";"2";"698";13;SOL;"698";"0";"0";"0";"0";"0";"0";"0";"0";"0";"0";"0";"0";"0";"698";"2";"0";"0";"0";"0";"0";"0";"0";MAISON;"1";"2";"2";"0";"2";"212";"112";"0";"0";"0";"2";"0";"0";"0";"0";"0";"0";"0";"0";"0";"0";"0";"0";"324";"1";"3";G2;PROPRIETE DIVISEE EN LOT;G2a;G2;99;1;MEME COMMUNE;;"1";"1";"1";"[""SN9JYJA8MTES""]";"1";"127";RNC_AI3953841;AI3953841;2023-11-15 00:00:00.0;2023-11-15 00:00:00.0;non connu;non connu;non connu;93010000BH0132;Copropriété immatriculée;1_1;"1";OUI;"93 010";"93";"200 054 781";Métropole du Grand Paris;"1 972";"1";"2";"2";"324";"324";"2";"0";"1";"0";"0";"1";"0";"1";"0";"0";"0";"0";"0";"0";"0";"0";"0";"2";"0";"2";"2";"1";"0";"0";"1";0;;"3";"0";"0";"0";;non connu;non connu;non connu;non connu;Pas de mandat en cours;non connu;SDC DU 62 RUE ETIENNE DOLET A BONDY;62 r etienne dolet 93140 Bondy;non connu;non connu;non connu;0;1972-05-29 00:00:00.0;non;non connu;oui;non connu;0;0;0;4;2;2;0;0;0;0;DE_1961_A_1974;93010;000;BH;0132;;;;;;;;;1;non;non connu;oui;2023-11-15 00:00:00.0;2023-12-31 00:00:00.0;non connu;;;;;;;non;1972;0;0;0;0;0;0;0;2;individuel;non renseigné;non renseigné;Non;Sans objet;non connu;non connu;0;ADRNIVX_0000000268280041;"2";DE_1961_A_1974;H;"0";{93010000BH0132};{93010000BH0132A};0;SN9JYJA8MTES;"1";"127";661631.7727766408;6865723.41841759;"661 616,773";"6 865 724,386";"661 631,773";"6 865 723,418";"0";0;1;;"0";"0";0;0;0;0;;1;"0";"0";0;"0";"50";"1";"0";"0";"0";"0";"0";"0";;;;;;;;;;;;0;"0";"0,5";"1";;"0";"0";"0";"0";"-1";"-1";"-1";"-1";"50";"1";-1;"-1";0;"-1";"0";"0";"0";"0";"2,941";;1.4285714285714286;3.75;"0";"2,5";occup;"18";"7";"0";"4";"5";"2";autres;"892,78";"240,515";Gaz;E;;;;;;;;gaz;E;;;
"11 514";93010000BH0133;93010*00438;"[""93010*00438""]";93010;BONDY;93;SIMPLE;"1";"[""93010000BH0133""]";"544";CL;"1 972";"1 972";"1 972";"1 972";"2";"305";13;SOL;"305";"0";"0";"0";"0";"0";"0";"0";"0";"0";"0";"0";"0";"0";"305";"3";"1";"0";"1";"1";"0";"0";"4";MAISON;"1";"2";"2";"0";"2";"240";"113";"0";"0";"0";"2";"0";"0";"0";"0";"0";"0";"0";"11";"0";"0";"0";"0";"364";"1";"3";G2;PROPRIETE DIVISEE EN LOT;G2a;G2;99;1;MEME COMMUNE;;"1";"1";"1";"[""TAGFRVA14QQ5""]";"1";"146";FF_93010000BH0133;;;;;;;93010000BH0133;Copropriété non immatriculée;;"0";;"93 010";"93";"200 054 781";Métropole du Grand Paris;"1 972";"1";"3";"2";"364";"353";"2";"0";"2";"0";"0";"2";"0";"0";"0";"0";"0";"0";"0";"0";"0";"0";"0";"2";"0";"2";"2";"1";"0";"0";"0";;;"0";"0";"1";"1";;;;;;;;;60 RUE ETIENNE DOLET, BONDY;;;;;;;;;;;;;;;;;;;;;;;;;;;;;;;;;;;;;;;;;;;;;;;;;;;;;;;;;;;;;;;;;"2";DE_1961_A_1974;H;"0";{93010000BH0133};{93010000BH0133B};2_FF;TAGFRVA14QQ5;"1";"146";;;"661 661,049";"6 865 722,91";"661 661,049";"6 865 722,91";"1";;;;"0";"0";;;;;;0.6666666666666666;"0";"0";0;"0";"50";"1";"0";"0";"0";"0";"0";"0";;;;;;;;;;;;0;"0";"0";"0";;"0";"0";"0";"0";"-1";"-1";"-1";"-1";"50";"1";-1;"-1";;"-1";"0";"1";"0";"0";"5,556";;0;1.25;"10";"3,2";bati;"13";"4";"0";"3";"5";"1";a surveiller;"529,747";"107,617";Fioul;F;;;;;;;; ;;;;
"11 516";93010000BH0134;93010*00774;"[""93010*00774""]";93010;BONDY;93;PDLMP;"3";"[""93010000BH0134"",""93010000BH0135"",""93010000BH0139""]";"5 837";CL;"1 968";"1 968";"1 968";"1 968";"3";"5 837";13;SOL;"5 837";"0";"0";"0";"0";"0";"0";"0";"0";"0";"0";"0";"0";"0";"5 837";"194";"0";"0";"0";"0";"0";"131";"0";DEPENDANCE;"3";"63";"0";"63";"63";"3 725";"8";"2";"0";"17";"43";"1";"0";"0";"0";"0";"0";"858";"0";"0";"0";"0";"0";"4 591";"3";"68";G2 M1;PROPRIETE DIVISEE EN LOT ET PERSONNE MORALE AUTRE;G2a M1a;G2;M1;2;MEME DEPARTEMENT;;"3";"3";"3";"[""1N35FQH7AFAS"",""9EYZN44E1P9P"",""NF2P4SZG18X5""]";"3";"1 191";RNC_AB1444934;AB1444934;2017-09-22 00:00:00.0;2024-03-18 00:00:00.0;CABINET LOUIS PORCHERET 56203584000015;non;non;93010000BH0134;Copropriété immatriculée;1_1;"1";OUI;"93 010";"93";"200 054 781";Métropole du Grand Paris;"1 968";"3";"194";"63";"4 591";"3 733";"0";"63";"59";"17";"0";"41";"1";"2";"0";"0";"2";"0";"0";"7";"27";"29";"0";"0";"6";"67";"61";"1,033";"3";"0";"19";18;-24.22;"0";"0";"9";"4";E,F,F,E,F,F;professionnel;CABINET LOUIS PORCHERET 56203584000015;6832A;MONTREUIL;Mandat en cours;2025-06-30 00:00:00.0;SDC 52 A 58 RUE ETIENNE DOLET;58 Rue Etienne Dolet 93140 Bondy;non connu;non connu;non connu;0;1966-01-14 00:00:00.0;non;non;oui;non connu;0;0;0;191;63;63;56;0;0;0;NON_CONNUE;93010;000;BH;0134;;;;;;;;;1;non;non connu;non;2023-01-01 00:00:00.0;2023-12-31 00:00:00.0;14/03/2024;153892.0;0.0;7850.0;10922.0;6;40365.0;non;non renseigné;0;0;0;0;0;0;0;1;collectif;non;gaz_naturel;Non renseigné;Non renseigné;non connu;non connu;0;93010_3160_00058;"63";DE_1961_A_1974;V;"0,288";{93010000BH0134,93010000BH0135,93010000BH0139};{93010000BH013401,93010000BH013402,93010000BH013403};2_RNIC_FF;1N35FQH7AFAS,9EYZN44E1P9P,NF2P4SZG18X5;"3";"1 191";661575.8954368621;6865767.379720061;"661 591,009";"6 865 735,515";"661 575,895";"6 865 767,38";"0";0;0;0;"0";"0";0;0;0;0;0;1;"0";"0";0;"0";"7";"0";"54";"0";"0,079";"0";"7";"0";0.08955223880597014;0;;0.07097185038858420191;0;;0.05100979907987419749;0;2442.7301587301587302;;0;0;"0";"0,302";"0";1;"0";"0";"0";"0";"-1";"0";"-1";"0";"10";"0";0.1016949152542373;"0";0;"0";"1";"0";"0";"0";"0";0;2.2222222222222223;0;"3";"0,784";bati;"26";"9";"4";"5";"5";"3";autres;"5 822,875";"385,208";;D;;;;;;;;gaz;D;;;
"11 517";93010000BH0140;93010*00404;"[""93010*00404""]";93010;BONDY;93;SIMPLE;"1";"[""93010000BH0140""]";"4 511";CL;"1 967";"1 967";"1 967";"1 967";"1";"4 511";13;SOL;"4 511";"0";"0";"0";"0";"0";"0";"0";"0";"0";"0";"0";"0";"0";"4 511";"128";"0";"0";"0";"0";"0";"88";"0";DEPENDANCE;"1";"40";"0";"40";"40";"2 430";"0";"4";"0";"11";"24";"1";"0";"1";"0";"0";"0";"663";"0";"0";"0";"0";"0";"3 093";"1";"42";G2;PROPRIETE DIVISEE EN LOT;G2a;G2;99;2;MEME DEPARTEMENT;;"1";"1";"1";"[""3BH6AX7MGTC2"",""8J7QGV8PBKQK"",""86A5ZH9M3DDM""]";"3";"958";RNC_AC7078108;AC7078108;2018-06-19 00:00:00.0;2024-05-20 00:00:00.0;CITYA GALLIENI 39187849300033;non;non;93010000BH0140;Copropriété immatriculée;1_1;"1";OUI;"93 010";"93";"200 054 781";Métropole du Grand Paris;"1 967";"1";"127";"40";"3 083";"2 430";"0";"40";"34";"11";"0";"22";"1";"2";"0";"0";"4";"0";"0";"0";"4";"18";"18";"0";"1";"41";"40";"1";"5";"0";"13";11;-24.00;"0";"0";"7";"6";;professionnel;CITYA GALLIENI 39187849300033;6832A;ROSNY-SOUS-BOIS;Mandat en cours;2025-06-30 00:00:00.0;Les Champs;64 r etienne dolet 93140 Bondy;66 r etienne dolet 93140 Bondy;68 r etienne dolet 93140 Bondy;70 r etienne dolet 93140 Bondy;4;1965-06-30 00:00:00.0;non;non;oui;non connu;0;0;0;120;40;40;40;0;0;0;DE_1961_A_1974;93010;000;BH;0140;;;;;;;;;1;non;non connu;non;2023-01-01 00:00:00.0;2023-12-31 00:00:00.0;13/05/2024;143050.0;825.0;30311.0;57654.0;25;11808.0;non;non renseigné;0;0;0;0;0;0;0;3;collectif;non;fioul_domestique;Non;Sans objet;non connu;non connu;0;ADRNIVX_0000000268280034;"40";DE_1961_A_1974;V;"0,324";{93010000BH0140};{93010000BH0140A};2_RNIC_FF;3BH6AX7MGTC2,8J7QGV8PBKQK,86A5ZH9M3DDM;"3";"958";661688.1743133445;6865703.139981977;"661 650,75";"6 865 687,534";"661 688,174";"6 865 703,14";"0";0;0;0;"0";"0";0;0;0;0;0;1;"0";"0";0;"0";"8";"0";"50";"0";"0,025";"0";"5";"0";0.6097560975609756;1;1;0.40072284969591659427;0;1;0.21067593397046046916;0;3576.2500000000000000;;1;0;"0";"0,325";"0";1;"1";"0";"0";"0";"-1";"0";"-1";"1";"13";"0";0.17647058823529413;"0";0;"0";"0";"1";"0";"0";"0";5;2.2222222222222223;2.5;"5";"2,115";mixte;"26";"9";"5";"5";"5";"2";autres;"4 519,888";"305,154";Gaz;G;;;;;;;;fioul;G;;;
"32 363";uf930100003087;93010*00170;"[""93010*00170""]";93010;BONDY;93;UF;"2";"[""93010000AT0118"",""93010000AT0197""]";"656";;"1 900";"1 900";"1 900";"1 900";"4";"450";13;SOL;"450";"0";"0";"0";"0";"0";"0";"0";"0";"0";"0";"0";"0";"0";"450";"5";"0";"0";"0";"0";"0";"2";"0";MAISON;"2";"3";"3";"0";"3";"177";"32";"0";"0";"0";"2";"1";"0";"0";"0";"0";"0";"26";"0";"0";"0";"0";"0";"235";"1";"4";G2;PROPRIETE DIVISEE EN LOT;G2a;G2;99;1;MEME COMMUNE;;"2";"2";"2";"[""99DZMT3VW3YY"",""CWRTHG87ZZFF"",""TQNNGVAPF75N""]";"3";"159";FF_uf930100003087;;;;;;;uf930100003087;Copropriété non immatriculée;;"0";;"93 010";"93";"200 054 781";Métropole du Grand Paris;"1 900";"2";"5";"3";"235";"209";"3";"0";"3";"0";"0";"2";"1";"0";"0";"0";"0";"0";"0";"1";"0";"2";"0";"0";"0";"3";"3";"1";"0";"0";"2";;;"1";"0";"0";"0";;;;;;;;;157 Ter Avenue de la République, BONDY;;;;;;;;;;;;;;;;;;;;;;;;;;;;;;;;;;;;;;;;;;;;;;;;;;;;;;;;;;;;;;;;;"3";AVANT_1949;H;"0";{93010000AT0118,93010000AT0197};{93010000AT0197A,93010000AT0197B};2_FF;99DZMT3VW3YY,CWRTHG87ZZFF,TQNNGVAPF75N;"3";"159";;;"661 780,354";"6 866 319,105";"661 780,354";"6 866 319,105";"1";;;;"0";"0";;;;;;1;"0";"0";0;"0";"0";"0";"0";"0";"0";"0";"0";"0";;;;;;;;;;;;0;"0";"0,667";"1";;"0";"0";"0";"0";"-1";"-1";"-1";"-1";"0";"0";-1;"-1";;"-1";"0";"0";"0";"0";"3,333";;1.4285714285714286;0;"0";"1,538";gestion;"14";"4";"0";"4";"5";"1";autres;"648,541";"181,375";;E;;;;;;;;gaz;E;;;
"32 748";uf930100033113;93010+00082;"[""93010+00082""]";93010;BONDY;93;UF;"5";"[""930100000C0189"",""930100000C0195"",""930100000D0211"",""930100000D0218"",""930100000D0221""]";"3 217";;"1 961";"2 012";"1 961";"2 012";"5";"3 217";13;SOL;"3 217";"0";"0";"0";"0";"0";"0";"0";"0";"0";"0";"0";"0";"0";"3 217";"445";"0";"0";"0";"0";"0";"297";"0";DEPENDANCE;"10";"148";"0";"148";"148";"9 611";"1 794";"14";"0";"134";"0";"0";"0";"0";"0";"0";"108";"2 528";"0";"0";"0";"0";"0";"13 933";"0";"1";F1;ORGANISME DE LOGEMENT SOCIAL;F1a;F1;99;3;MEME REGION;;"5";"5";"5";"[""2NGFR51QH52W"",""WF5P68KVYA14""]";"2";"753";RNC_AI6630396;AI6630396;2024-05-21 00:00:00.0;2024-05-21 00:00:00.0;non connu;non connu;non connu;uf930100033113;Copropriété immatriculée;1_2;"1";NON;"93 010";"93";"200 054 781";Métropole du Grand Paris;"0";"0";"0";"0";"13 933";"11 405";"0";"0";"0";"0";"0";"0";"0";"0";"0";"0";"0";"0";"0";"0";"0";"0";"0";"0";"0";"0";"0";"0";"0";"0";"0";;;"0";"0";"91";"0";C,C,C,D;non connu;non connu;non connu;non connu;Pas de mandat en cours;non connu;SDC 4-6 rue François Villon BONDY;4 Rue François Villon 93140 Bondy;6 Rue François Villon 93140 Bondy;non connu;non connu;1;2024-05-16 00:00:00.0;non;non;oui;non connu;0;0;0;62;20;20;22;0;0;0;DE_1961_A_1974;93010;000;0C;0195;93010;000;0D;0218;93010;000;0D;0221;3;non;non connu;non renseigné;non connu;non connu;non connu;;;;;;;non renseigné;1963;0;0;0;2;0;0;0;0;collectif;non;gaz_naturel;Non;Sans objet;non connu;non connu;0;Bondy;"20";DE_1961_A_1974;;"0";{930100000C0189,930100000C0195,930100000D0211,930100000D0218,930100000D0221};{930100000C0189A,930100000C0189B,930100000C0189C,930100000C0189D,930100000C0189E,930100000C0189F,930100000C0189G,930100000C0189H,930100000D0218A,930100000D0218B};0;2NGFR51QH52W,WF5P68KVYA14;"2";"753";662428.6122194055;6868240.252121193;"662 475,637";"6 868 249,415";"662 428,612";"6 868 240,252";"0";0;1;;"0";"0";0;0;0;0;;1;"0";"0";;"0";"0";"0";"0";"0";"0";"0";"0";"0";;;;;;;;;;;;0;"0";"0";"0";;"0";"0";"1";"0";"0";"0";"0";"0";"0";"0";;"0";0;"0";"0";"0";"0";"0";"2,5";;1.6666666666666667;;"0";"1,667";gestion;"11";"5";"0";"3";"0";"3";autres;"3 246,581";"281,417";; ;;;;;;;; ;D; , D,  ,  ,  ;;
"32 833";uf930100036720;93010*00849;"[""93010*00849""]";93010;BONDY;93;UF;"3";"[""93010000AN0241"",""93010000AN0248"",""93010000AN0252""]";"1 980";;"2 023";"2 023";"2 023";"2 023";"3";"1 980";13;SOL;"1 980";"0";"0";"0";"0";"0";"0";"0";"0";"0";"0";"0";"0";"0";"1 980";"9";"0";"0";"0";"0";"0";"0";"0";MAISON;"2";"9";"9";"0";"9";"786";"193";"0";"0";"0";"0";"0";"0";"0";"0";"0";"0";"0";"0";"0";"0";"0";"0";"979";"2";"10";G2;PROPRIETE DIVISEE EN LOT;G2a;G2;99;1;MEME COMMUNE;;"3";"3";"3";"[""NULL""]";"0";;RNC_AI0602284;AI0602284;2023-03-22 00:00:00.0;2024-02-23 00:00:00.0;M Yazid  Ait Bachir;non;non;uf930100036720;Copropriété immatriculée;2;"1";OUI;"93 010";"93";"200 054 781";Métropole du Grand Paris;"2 023";"2";"9";"9";"979";"979";"9";"0";"0";"0";"0";"0";"0";"0";"0";"9";"0";"0";"0";"0";"0";"0";"9";"0";"0";"9";"9";"1";"0";"0";"0";0;;"0";"0";"1";"0";;bénévole;M Yazid  Ait Bachir;non connu;BONDY;Mandat en cours;2025-02-10 00:00:00.0;CHENE ROND;163 r edouard vaillant 93140 Bondy;non connu;non connu;non connu;0;2021-10-27 00:00:00.0;non;non;oui;non connu;0;0;0;10;10;10;0;0;0;0;A_COMPTER_DE_2011;;;;;;;;;;;;;0;non;non connu;oui;2024-01-01 00:00:00.0;2024-12-31 00:00:00.0;non connu;;;;;;;non;2022;0;0;0;0;0;0;0;10;individuel;non renseigné;non renseigné;Non;Sans objet;non connu;non connu;0;non connu;"9";A_COMPTER_DE_2011;H;"0";{93010000AN0241,93010000AN0248,93010000AN0252};{93010000AN0241A,93010000AN0241B};1_RNIC;;"0";"0";662670.7992807977;6866208.2456749;"662 698,973";"6 866 235,625";"662 670,799";"6 866 208,246";"0";0;1;0;"0";"0";0;0;0;0;0;1;"0";"0";0;"0";"0";"0";"0";"0";"0";"0";"11";"0";;;;;;;;;;;;0;"0";"0";"0";;"0";"0";"1";"0";"0";"0";"0";"0";"0";"0";;"0";0;"0";"0";"0";"0";"0";"1,875";;1.4285714285714286;;"0";"1,481";gestion;"13";"7";"0";"4";"0";"2";autres;"1 963,842";"246,258";;;;;;;;;;;;;;
"32 836";uf930100036723;93010+02140;"[""93010+02140""]";93010;BONDY;93;UF;"19";"[""930100000H0090"",""930100000H0092"",""930100000H0093"",""930100000H0142"",""930100000H0379"",""930100000H0381"",""930100000H0386"",""930100000H0394"",""930100000H0398"",""930100000H0403"",""930100000H0405"",""930100000H0407"",""930100000H0408"",""930100000H0409"",""930100000H0413"",""930100000H0416"",""930100000H0418"",""930100000H0425"",""930100000H0430""]";"18 228";;"1 908";"1 920";"1 908";"1 920";"19";"18 228";10;TERRAINS A BATIR;"18 228";"0";"0";"0";"0";"0";"0";"0";"0";"0";"0";"11 162";"0";"0";"7 066";"6";"1";"1";"1";"1";"0";"3";"4";DEPENDANCE;"3";"2";"2";"0";"2";"123";"24";"2";"0";"0";"0";"0";"0";"2";"2";"1";"0";"33";"723";"0";"0";"0";"0";"903";"0";"1";F4;SEM OU SPLA;F4a;F4;99;2;MEME DEPARTEMENT;;"19";"19";"19";"[""MKX3BM4FTHJP"",""QZRRW29B65YA"",""4DFGN29V8MTJ"",""FZW1N7M7KABG"",""S944W1PX8D22""]";"5";"964";RNC_AF8946261;AF8946261;2020-01-21 00:00:00.0;2024-09-03 00:00:00.0;PICHET IMMOBILIER SERVICES 43229623400029;non;non;uf930100036723;Copropriété immatriculée;2;"1";NON;"93 010";"93";"200 054 781";Métropole du Grand Paris;"0";"0";"0";"0";"903";"147";"0";"0";"0";"0";"0";"0";"0";"0";"0";"0";"0";"0";"0";"0";"0";"0";"0";"0";"0";"0";"0";"0";"0";"0";"2";;;"0";"0";"40";"0";B;professionnel;PICHET IMMOBILIER SERVICES 43229623400029;6832A;PESSAC;Mandat en cours;2025-06-05 00:00:00.0;LES LUMIERES DE L OURCQ;39 Route d'Aulnay 93140 Bondy;2 Rue Nadia Murad 93140 Bondy;2 RUE NADIA MURAD - HALL C 93140 BONDY;non connu;2;2018-12-28 00:00:00.0;non;non;oui;non connu;0;0;0;76;22;22;54;0;0;0;A_COMPTER_DE_2011;93010;000;0H;0001;;;;;;;;;1;non;non connu;non;2023-01-01 00:00:00.0;2023-12-31 00:00:00.0;16/07/2024;75087.0;0.0;57792.0;32776.0;20;0.0;non;non renseigné;0;0;0;0;0;0;0;1;collectif;oui;non renseigné;Non renseigné;Non renseigné;non connu;non connu;2;93010_0082_00039;"22";AVANT_1949;;"0";{930100000H0090,930100000H0092,930100000H0093,930100000H0142,930100000H0379,930100000H0381,930100000H0386,930100000H0394,930100000H0398,930100000H0403,930100000H0405,930100000H0407,930100000H0408,930100000H0409,930100000H0413,930100000H0416,930100000H041;{930100000H0090A,930100000H0092A,930100000H0093A};2_RNIC;MKX3BM4FTHJP,QZRRW29B65YA,4DFGN29V8MTJ,FZW1N7M7KABG,S944W1PX8D22;"5";"964";661893.6236812498;6867705.528001112;"661 886,571";"6 867 702,921";"661 893,624";"6 867 705,528";"0";0;0;0;"0";"0";0;0;0;0;0;1;"0";"0";;"0";"0";"0";"0";"0";"0";"0";"0";"0";;;1;0.43650698523046599278;0;1;0.76966718606416556794;1;3231.2272727272727273;;1;0;"0";"0,091";"0";;"0";"0";"0";"1";"-1";"0";"-1";"0";"0";"0";;"0";0;"0";"0";"0";"0";"0";"0";6.666666666666667;0;10;"0";"2,105";occup;"18";"6";"4";"4";"1";"3";autres;"19 560,246";"2 297,218";;;;;;;;;;;;;;
