{"type":"FeatureCollection","features":[{"type":"Feature","geometry":{"type":"Polygon","coordinates":[[[2.475117899995021,48.91784739957433],[2.4751310002659808,48.91785569986306],[2.4752194999897,48.91790390011619],[2.475311900228469,48.91795570015622],[2.475365400482236,48.91798520004988],[2.475385200356707,48.917996099818154],[2.4754222004392332,48.91796730017425],[2.4754729993399023,48.91792610036033],[2.4754196001760107,48.91789510003981],[2.475402800446902,48.91788560011852],[2.47535599996169,48.91785990030218],[2.4753108004635043,48.91783430010496],[2.475278400145753,48.91781520026277],[2.4752526002187802,48.917801900068284],[2.475211000422342,48.917778599795945],[2.475117899995021,48.91784739957433]]]},"properties":{"idtup":"930100000A0028","idcomtxt":"BONDY","source":"Copropriété non immatriculée","nom_usage":null}},{"type":"Feature","geometry":{"type":"Polygon","coordinates":[[[2.4813801000547686,48.91605250007711],[2.4813717002132476,48.91601500012403],[2.4813426006642127,48.91590720015469],[2.4813389002237356,48.91589570017893],[2.4813214996564588,48.91582980028427],[2.4813132996974523,48.915795800329064],[2.48119009992475,48.91580930033271],[2.4812017002349824,48.91585039964201],[2.481224199615366,48.91593409973096],[2.4812531003831575,48.91603539968584],[2.481254199700963,48.91604530025123],[2.4812583995095765,48.91606569998179],[2.4813801000547686,48.91605250007711]]]},"properties":{"idtup":"930100000A0093","idcomtxt":"BONDY","source":"Copropriété non immatriculée","nom_usage":null}},{"type":"Feature","geometry":{"type":"Polygon","coordinates":[[[2.480977200038942,48.915483099776615],[2.480990000281213,48.91553260010928],[2.4810070001843245,48.91559579956124],[2.481012400108456,48.915613100152235],[2.481033500412896,48.915693799594074],[2.4810360998604577,48.91570089997277],[2.4810461995809754,48.915737300296435],[2.481170000165423,48.91572209978343],[2.4811573003663665,48.91567919981831],[2.4811337997462677,48.91559959972881],[2.481122299671792,48.915552700403204],[2.4811125000602807,48.915517400314656],[2.4810993003386095,48.91546690005034],[2.4810884999283123,48.915466700391164],[2.480977200038942,48.915483099776615]]]},"properties":{"idtup":"930100000A0112","idcomtxt":"BONDY","source":"Copropriété immatriculée","nom_usage":"43 RUE DE MEAUX"}},{"type":"Feature","geometry":{"type":"Polygon","coordinates":[[[2.4810993003386095,48.91546690005034],[2.4812189001486358,48.91545310037429],[2.481335999957254,48.91543960001163],[2.481330600345011,48.91541869956766],[2.481329299419573,48.91541520018545],[2.481301499970514,48.91531650031607],[2.4812911006815974,48.915272499683375],[2.4812776997912245,48.91522150034889],[2.481269899843742,48.91518529973612],[2.481147600205889,48.91520089984536],[2.4810273001980803,48.915215600206636],[2.481092500412415,48.915445499819256],[2.4810993003386095,48.91546690005034]]]},"properties":{"idtup":"930100000A0153","idcomtxt":"BONDY","source":"Copropriété non immatriculée","nom_usage":null}},{"type":"Feature","geometry":{"type":"Polygon","coordinates":[[[2.481535499647578,48.91479740021528],[2.4815426998711563,48.91482409989888],[2.4815448993500806,48.91483039996932],[2.4815734994677037,48.914924899996784],[2.4815975998629605,48.91500980037522],[2.4816091994970457,48.91505289969814],[2.4817259993684035,48.91503900016854],[2.4817187000445524,48.91501210043011],[2.4816977001460945,48.914935899757516],[2.481695200021847,48.914928000347025],[2.481681199357621,48.91488019992966],[2.4816762993310624,48.914861600244166],[2.481675800257793,48.91485649999513],[2.4816667004555963,48.91482530013535],[2.48165419982957,48.91478169960185],[2.481535499647578,48.91479740021528]]]},"properties":{"idtup":"930100000A0177","idcomtxt":"BONDY","source":"Copropriété non immatriculée","nom_usage":null}},{"type":"Feature","geometry":{"type":"Polygon","coordinates":[[[2.482980499733157,48.914613000303454],[2.4830141005116526,48.91473110012915],[2.4830164996866775,48.914743000029894],[2.48303839998218,48.914819400407964],[2.4830530004387095,48.91487369974114],[2.4831768998124004,48.91485900028446],[2.48317270007532,48.91484209974878],[2.4831345994620713,48.91470759995284],[2.48310369943724,48.914597799693844],[2.4830306997930767,48.914607799596936],[2.482980499733157,48.914613000303454]]]},"properties":{"idtup":"930100000A0188","idcomtxt":"BONDY","source":"Copropriété non immatriculée","nom_usage":null}},{"type":"Feature","geometry":{"type":"Polygon","coordinates":[[[2.484199400526414,48.91738340031869],[2.484552499467342,48.91734150041872],[2.484650399864053,48.91721640041618],[2.4845787997739346,48.91714109967974],[2.4844584998241657,48.917014399927005],[2.4844197995148174,48.91688030023203],[2.4843622994193506,48.91666109973715],[2.484316900125732,48.91650110032646],[2.4842660005324517,48.9163041001409],[2.4842036998746635,48.916073500048746],[2.4841604995066997,48.91590319957727],[2.4841106999746376,48.915885500222196],[2.483791000513623,48.915914600144475],[2.483761200410979,48.9159479002066],[2.483794599523863,48.91606720024155],[2.4838485996013517,48.91627179955855],[2.4838897005162286,48.91641459971333],[2.483988000451807,48.916785600270856],[2.4840885994344934,48.91716349997983],[2.4841165005716555,48.91726509965736],[2.4841412004210084,48.91735419978744],[2.484199400526414,48.91738340031869]]]},"properties":{"idtup":"930100000A0212","idcomtxt":"BONDY","source":"Copropriété immatriculée","nom_usage":"SDC LA NOUE CAILLET"}},{"type":"Feature","geometry":{"type":"Polygon","coordinates":[[[2.4772856993677808,48.91737059993436],[2.4773835000030613,48.91711710009496],[2.47730920015846,48.91712919967472],[2.477273799804695,48.917132299762116],[2.477232099699638,48.917136199698874],[2.4772012996059645,48.91713489982179],[2.4771574994227668,48.917134599872306],[2.4771207994659523,48.9171364001632],[2.4770928005893817,48.91716389968965],[2.477080300516717,48.91717380028398],[2.476980999734341,48.91725259976646],[2.476952900015339,48.917275999849366],[2.4768745995596966,48.91733760025026],[2.4768274996559074,48.917374100045116],[2.476755800040411,48.917431800186144],[2.4767107993770225,48.91746699973327],[2.476591700647173,48.91756050034138],[2.476504000310555,48.91763040034372],[2.4764282003875584,48.9176906003761],[2.4763725996385704,48.91773530033614],[2.4763282005573672,48.917770600383896],[2.476282900051269,48.91780530024438],[2.476132199728694,48.917926499769216],[2.476044399705548,48.917995200226954],[2.47595690049691,48.918064900145076],[2.4759044002189623,48.918105699725466],[2.475869699557139,48.91813260037965],[2.4757825001469933,48.91820269986073],[2.4756945999072872,48.91827339963174],[2.4756114001317404,48.918339100069836],[2.475578100190357,48.91836589975025],[2.4755377998948678,48.91839759958563],[2.475533399829865,48.918401199967604],[2.4755105996062943,48.918419499635284],[2.475387699460155,48.91851810020208],[2.4753130001450496,48.9185781001714],[2.4752355997597344,48.91863950014649],[2.4755646002393847,48.91874169981964],[2.4758806006750254,48.91884009976162],[2.4760839993722854,48.918905200438616],[2.476084000636872,48.9189128003412],[2.476034400667897,48.91910240009428],[2.476228999392425,48.9193218996849],[2.4764511995159406,48.9195832995928],[2.476752600634222,48.91992499979263],[2.4770329995919167,48.92024969991925],[2.4774946995279232,48.92018810036475],[2.477998599914515,48.920121000290386],[2.4781864005190366,48.920095099572784],[2.4786513998637165,48.920033099858024],[2.4785757004849867,48.91985219958331],[2.478478099812743,48.91962710007483],[2.478403600530812,48.91951160024147],[2.478320900108254,48.91940690017439],[2.478235299509674,48.919316299954225],[2.478109900183038,48.91920709987615],[2.4778913003723675,48.91903990035962],[2.4777049002369873,48.91889740038188],[2.477507999853202,48.918747400088414],[2.477260600272466,48.9185553000989],[2.477187300285001,48.91857850029627],[2.4770949006028027,48.91859519975946],[2.477024500178525,48.91859829989404],[2.476950700438345,48.91859450018409],[2.47688530008334,48.9185847999899],[2.4768059998355056,48.91856160007433],[2.4767422997047017,48.918532499649906],[2.476688399811417,48.91850000041353],[2.4766437006559396,48.918457499869994],[2.47661289997017,48.91842240002828],[2.4765947000700006,48.91838900002692],[2.4765789998114234,48.91831370042528],[2.476582599881335,48.91825410040963],[2.476610300175352,48.918195999573726],[2.4766422002204225,48.91815609982393],[2.4766869993799365,48.91811209988642],[2.4766755000996237,48.91810400011157],[2.4768350994884956,48.917956700010656],[2.477053200255617,48.91775549976567],[2.4771862999331806,48.91763319977878],[2.47722980022131,48.917513300111736],[2.4772856993677808,48.91737059993436]]]},"properties":{"idtup":"930100000A0224","idcomtxt":"BONDY","source":"Copropriété non immatriculée","nom_usage":null}},{"type":"Feature","geometry":{"type":"Polygon","coordinates":[[[2.4840850006020347,48.91753669987837],[2.4836174999379765,48.91759269996165],[2.4833914994684956,48.91762010008599],[2.4833523999353506,48.917659900438345],[2.4833555996792085,48.91767089996498],[2.483454199676202,48.91801729995927],[2.483473599585986,48.918087500326564],[2.4835122001067678,48.91822819964173],[2.4836908996584617,48.91818959985153],[2.484084499720596,48.918103500412116],[2.484407299968907,48.918033400043],[2.484405600675283,48.91802780004711],[2.4844027996718103,48.91801950013854],[2.484276100273577,48.91754619987623],[2.484267799897145,48.917514400317344],[2.4840850006020347,48.91753669987837]]]},"properties":{"idtup":"930100000A0287","idcomtxt":"BONDY","source":"Copropriété immatriculée","nom_usage":"SDC ALLEE DE LA DEVINIERE"}},{"type":"Feature","geometry":{"type":"Polygon","coordinates":[[[2.4796449006189976,48.914766400088126],[2.4796722993374622,48.9148799999471],[2.479708099536173,48.91502890023628],[2.479813099897267,48.915015300250445],[2.4799358998973444,48.91499960025442],[2.4800628998281815,48.91498209999034],[2.4801898997000165,48.91496609961158],[2.4802197995906394,48.914962599794286],[2.4803186002169144,48.91494989963805],[2.4803565001490746,48.91494500011715],[2.480443999732577,48.91493509979816],[2.4804960995252343,48.914928000092445],[2.4805715998182545,48.91491950000469],[2.4806775997612966,48.91490549981322],[2.480692100539279,48.91490349969296],[2.4809316002317074,48.91487169993611],[2.4810520995121843,48.914857600360975],[2.4811038005733193,48.914851200112246],[2.4810468001881847,48.914639200349384],[2.4807581000765455,48.914673600094716],[2.480748099736012,48.91463739978321],[2.4796449006189976,48.914766400088126]]]},"properties":{"idtup":"930100000A0359","idcomtxt":"BONDY","source":"Copropriété immatriculée","nom_usage":"1-18 Passage du Vercors, 93140 BONDY"}},{"type":"Feature","geometry":{"type":"Polygon","coordinates":[[[2.4769123002758575,48.915900199713796],[2.476922799320818,48.915938399819105],[2.4769234000593916,48.915944200177954],[2.476956100531787,48.91607429963388],[2.476973399674919,48.916148799657094],[2.476998000378054,48.91625219971359],[2.4771191006364335,48.91624389995489],[2.477109400089303,48.91621379968783],[2.4771033002617937,48.916195799818475],[2.4770833001364188,48.91612419993641],[2.477044700312932,48.91599929965863],[2.4770287006745377,48.915955699587876],[2.4770214005809845,48.91593440036361],[2.477016900490017,48.91591729956591],[2.4770104002754536,48.91589569987112],[2.4769123002758575,48.915900199713796]]]},"properties":{"idtup":"930100000B0030","idcomtxt":"BONDY","source":"Copropriété non immatriculée","nom_usage":null}},{"type":"Feature","geometry":{"type":"Polygon","coordinates":[[[2.480261999898442,48.91156559984737],[2.480526599729444,48.91166609989082],[2.4805761997461357,48.911684399791966],[2.48069479997047,48.91171140001976],[2.4808171999221083,48.9115813996345],[2.4809060001401293,48.911489899845265],[2.4807020003285993,48.91119500000281],[2.480466900057575,48.91084980031854],[2.4801784004268224,48.910420999974484],[2.4801466003050163,48.910373100345986],[2.48013360005244,48.9103466999391],[2.47996029974436,48.91033959960255],[2.4799728006220887,48.91038319960327],[2.479999399532841,48.91049079987158],[2.4800083002966833,48.9105285001389],[2.4800211003204757,48.91058450002285],[2.480042199688992,48.91065919991923],[2.4800471001169364,48.9106848996927],[2.4800539001652653,48.91070549970821],[2.4800830993335023,48.91082790013448],[2.4800947002348055,48.9108768002439],[2.48009800033999,48.910891300426506],[2.4801181995580146,48.91097609997067],[2.480123200177374,48.910995600422034],[2.4801486994001403,48.911101899936405],[2.4801515003047374,48.9111127000437],[2.480167999781003,48.91117740043358],[2.4801818996385725,48.91122440039006],[2.4801958997999445,48.91128390008863],[2.480261800599431,48.91155549989492],[2.480261999898442,48.91156559984737]]]},"properties":{"idtup":"930100000B0091","idcomtxt":"BONDY","source":"Copropriété non immatriculée","nom_usage":null}},{"type":"Feature","geometry":{"type":"Polygon","coordinates":[[[2.4766912994079076,48.91555709974657],[2.476677899373007,48.915459100173045],[2.476667799786748,48.915365599778205],[2.476657200285855,48.91529400036191],[2.4765701000911475,48.91529960014464],[2.47639029947376,48.915314099729144],[2.4759739995571977,48.915352299868694],[2.475949000068671,48.91535459972283],[2.4757196005195183,48.91537579959266],[2.4756906995309866,48.91560919960145],[2.476123600380747,48.91558739969242],[2.4764459998531727,48.91557010015149],[2.4766912994079076,48.91555709974657]]]},"properties":{"idtup":"930100000B0151","idcomtxt":"BONDY","source":"Plusieurs copropriétés immatriculées","nom_usage":"152 Chemin de Groslay"}},{"type":"Feature","geometry":{"type":"Polygon","coordinates":[[[2.4766912994079076,48.91555709974657],[2.476677899373007,48.915459100173045],[2.476667799786748,48.915365599778205],[2.476657200285855,48.91529400036191],[2.4765701000911475,48.91529960014464],[2.47639029947376,48.915314099729144],[2.4759739995571977,48.915352299868694],[2.475949000068671,48.91535459972283],[2.4757196005195183,48.91537579959266],[2.4756906995309866,48.91560919960145],[2.476123600380747,48.91558739969242],[2.4764459998531727,48.91557010015149],[2.4766912994079076,48.91555709974657]]]},"properties":{"idtup":"930100000B0151","idcomtxt":"BONDY","source":"Plusieurs copropriétés immatriculées","nom_usage":"LES JARDINS DE BONDY"}},{"type":"Feature","geometry":{"type":"Polygon","coordinates":[[[2.4795052994285127,48.914044299760114],[2.479700999337683,48.91402069985917],[2.479631300631247,48.91377289985777],[2.479089899577575,48.91383719993843],[2.4791606997910107,48.91408580001526],[2.479175800111173,48.91408399962948],[2.479194899735948,48.91413889999104],[2.4792458003349824,48.9143213999178],[2.4795717000203608,48.91428159968765],[2.4795661997987164,48.91425869957231],[2.4795228995601732,48.91410660013553],[2.4795206995334094,48.9140997001915],[2.4795052994285127,48.914044299760114]]]},"properties":{"idtup":"930100000B0192","idcomtxt":"BONDY","source":"Copropriété immatriculée","nom_usage":"NOUE CAILLET"}},{"type":"Feature","geometry":{"type":"Polygon","coordinates":[[[2.478945399672265,48.91385440004176],[2.4787648002166507,48.91387579999019],[2.478792900507024,48.91397809998547],[2.4788342006620105,48.914125600119995],[2.4788730996911608,48.91427009962439],[2.4790485003338034,48.91434510003175],[2.4792458003349824,48.9143213999178],[2.479194899735948,48.91413889999104],[2.479175800111173,48.91408399962948],[2.4791606997910107,48.91408580001526],[2.479089899577575,48.91383719993843],[2.478945399672265,48.91385440004176]]]},"properties":{"idtup":"930100000B0235","idcomtxt":"BONDY","source":"Copropriété immatriculée","nom_usage":"Carré Nature"}},{"type":"Feature","geometry":{"type":"Polygon","coordinates":[[[2.4793507999508826,48.91137680007609],[2.4793932005715025,48.91137849966247],[2.4794904994314457,48.911382700407856],[2.4794808001501503,48.91130849964467],[2.479463599564918,48.9111952997943],[2.479463599999408,48.91118979970306],[2.479456400565266,48.91114939992929],[2.4794524993209555,48.91111440036831],[2.479441900012449,48.911059400136715],[2.4794401998264237,48.911049600315366],[2.4794201002148863,48.91093939957581],[2.479415100278458,48.91090839979746],[2.479408499939836,48.91086239999894],[2.479392900500945,48.910758700019315],[2.4793900999256047,48.91073670005681],[2.4793817006267402,48.910690099795026],[2.4793739993572994,48.91065609990624],[2.4793704997830655,48.910626100360794],[2.4793692998943393,48.91062180010694],[2.479345800449131,48.91047329968824],[2.479341499778586,48.91044509974432],[2.479330399458333,48.91038169965988],[2.4793256993236295,48.91035320030955],[2.479330100124943,48.91031219982514],[2.4792124998971463,48.910306999692175],[2.4790972002934812,48.91030190027663],[2.4789750002579614,48.910296500049085],[2.4788546001455662,48.91029120015473],[2.478729499885217,48.91028550018365],[2.478736700534538,48.91032680023729],[2.478705899620004,48.910325300174776],[2.4787180996392997,48.91038780041681],[2.4787413001107486,48.91050930010119],[2.47877910019841,48.91068940028547],[2.4788034996357795,48.91081299960041],[2.4788117996048715,48.91085529993268],[2.4788559000641603,48.91107130036033],[2.478867400545592,48.911132300171964],[2.478897900075076,48.91128700021861],[2.4789198994438926,48.91139799975929],[2.4789708997079702,48.911389600040515],[2.4790581002020735,48.91136879996168],[2.4791533003029165,48.91136840005072],[2.4793507999508826,48.91137680007609]]]},"properties":{"idtup":"930100000B0245","idcomtxt":"BONDY","source":"Copropriété immatriculée","nom_usage":"SDC 1 A 12 RUE DES FLORALIES"}},{"type":"Feature","geometry":{"type":"Polygon","coordinates":[[[2.4771432999639607,48.91575400023801],[2.4769274997389945,48.9156588996452],[2.4766912994079076,48.91555709974657],[2.4764459998531727,48.91557010015149],[2.476123600380747,48.91558739969242],[2.4756906995309866,48.91560919960145],[2.47567499964857,48.915723000194234],[2.475642900292986,48.915980200276444],[2.475683799392134,48.91597880011668],[2.4757374993407257,48.91597569964182],[2.4758998996273105,48.91596530033046],[2.4759679001304256,48.91596170025294],[2.476077000161855,48.91595400014529],[2.4761131002531664,48.91595180006547],[2.4761996998275193,48.9159463000446],[2.476320800163913,48.91593779965195],[2.4764420994480325,48.91592999965566],[2.4764782993926886,48.91592750043795],[2.476566999816769,48.91592189961836],[2.4766864994290345,48.91591489997564],[2.476758999751559,48.915910900034596],[2.476809799481556,48.915906500425294],[2.4769123002758575,48.915900199713796],[2.4770104002754536,48.91589569987112],[2.4771160999010235,48.91588879963208],[2.4771447005665936,48.91588730033298],[2.477201699895969,48.915883899748565],[2.4772110999238492,48.91588319975062],[2.4771432999639607,48.91575400023801]]]},"properties":{"idtup":"930100000B0248","idcomtxt":"BONDY","source":"Plusieurs copropriétés immatriculées","nom_usage":"SDC 156/162 CHEMIN DE GROSLAY"}},{"type":"Feature","geometry":{"type":"Polygon","coordinates":[[[2.4771432999639607,48.91575400023801],[2.4769274997389945,48.9156588996452],[2.4766912994079076,48.91555709974657],[2.4764459998531727,48.91557010015149],[2.476123600380747,48.91558739969242],[2.4756906995309866,48.91560919960145],[2.47567499964857,48.915723000194234],[2.475642900292986,48.915980200276444],[2.475683799392134,48.91597880011668],[2.4757374993407257,48.91597569964182],[2.4758998996273105,48.91596530033046],[2.4759679001304256,48.91596170025294],[2.476077000161855,48.91595400014529],[2.4761131002531664,48.91595180006547],[2.4761996998275193,48.9159463000446],[2.476320800163913,48.91593779965195],[2.4764420994480325,48.91592999965566],[2.4764782993926886,48.91592750043795],[2.476566999816769,48.91592189961836],[2.4766864994290345,48.91591489997564],[2.476758999751559,48.915910900034596],[2.476809799481556,48.915906500425294],[2.4769123002758575,48.915900199713796],[2.4770104002754536,48.91589569987112],[2.4771160999010235,48.91588879963208],[2.4771447005665936,48.91588730033298],[2.477201699895969,48.915883899748565],[2.4772110999238492,48.91588319975062],[2.4771432999639607,48.91575400023801]]]},"properties":{"idtup":"930100000B0248","idcomtxt":"BONDY","source":"Plusieurs copropriétés immatriculées","nom_usage":"SDC ROBESPIERRE - 209/211 CHEMIN DE GROSLAY"}},{"type":"Feature","geometry":{"type":"MultiPolygon","coordinates":[[[[2.476675200359459,48.91692549980662],[2.4769706997862397,48.91690279979875],[2.4771154997893152,48.91689100004228],[2.4771828994469427,48.91688619969431],[2.4771753006437334,48.91683920014755],[2.4771520995523972,48.91672450040249],[2.477222700161464,48.916720099797516],[2.477252199673847,48.91688060003758],[2.477266600233931,48.91696200016449],[2.477281599911989,48.91704190018185],[2.4772870994224783,48.91706480034347],[2.477228600382199,48.91706890037013],[2.4771857997450173,48.91707220015803],[2.4771463997181162,48.91707520001939],[2.4771079997933776,48.91707779955158],[2.4770699996545087,48.9170803999172],[2.4770496000179523,48.91696950021935],[2.476981000494022,48.91697419992961],[2.4768641001578917,48.91698449992729],[2.476687700515489,48.916998500416305],[2.47670159940761,48.91706809971488],[2.476673699511783,48.91713350020245],[2.4767134003047584,48.91713140020189],[2.4768527001488407,48.9171277998572],[2.4769040994384657,48.91712740017457],[2.4769668997999266,48.9171324999467],[2.4770013000197943,48.91713509978736],[2.4770609994977013,48.9171343001137],[2.4770837005471207,48.91713349990574],[2.4771207994659523,48.9171364001632],[2.4771574994227668,48.917134599872306],[2.4772012996059645,48.91713489982179],[2.477232099699638,48.917136199698874],[2.477273799804695,48.917132299762116],[2.4773092997626835,48.91712920010925],[2.4773835000030613,48.91711710009496],[2.4774115003472366,48.91711240023324],[2.477549199607084,48.917095200212444],[2.4775440996053986,48.91664309976113],[2.4775320996541583,48.916643300132044],[2.4775030001278933,48.91664620024342],[2.4774211996730235,48.91665280039068],[2.4772733001538385,48.91666570031547],[2.4771272997821385,48.916677799883246],[2.4770190000114685,48.91668719960583],[2.4769793001454667,48.916690600086454],[2.4768582997942303,48.91670080034416],[2.4767348000859397,48.91670960015844],[2.4766866998894517,48.916713999836816],[2.476634699534225,48.91671790043833],[2.476613699464551,48.916720399558805],[2.47649259980037,48.91672919971616],[2.4763679995166776,48.91674009958497],[2.4762502005331686,48.916749299719484],[2.476129000586898,48.91676100018548],[2.476024800612605,48.91676960038023],[2.4760062993192893,48.91677070023361],[2.475977300677501,48.9167739997014],[2.4759257993223134,48.91677819984357],[2.4758973002949145,48.916780800030104],[2.4757587004910224,48.91679220008079],[2.4756762994260098,48.91679810035815],[2.475600100254643,48.9168037003827],[2.4755435993434194,48.916807900060505],[2.4755227999787195,48.916965399934654],[2.4755808997892035,48.916962600267446],[2.4755859003216285,48.91700610019247],[2.4755158006094096,48.9170102996863],[2.475515799791271,48.91702039962316],[2.475529999661989,48.91704820042434],[2.475566799438026,48.9170651998419],[2.4756052002308886,48.917072000199155],[2.4756813005492484,48.91706649955972],[2.475764299556542,48.917059799727085],[2.475843999670107,48.917053999983764],[2.4758808002631914,48.91704599991109],[2.4760123993563528,48.91698840038748],[2.4760403004751756,48.916981499845704],[2.4760825003615574,48.91697390012669],[2.4762500994507395,48.91695999964771],[2.476675200359459,48.91692549980662]]],[[[2.4766395998338724,48.91705949966269],[2.4766275006218685,48.91700429957517],[2.476551800301725,48.91700979986481],[2.4764409000047096,48.917019099573025],[2.476393600239197,48.917022300279314],[2.476096299849829,48.91704759983391],[2.476070700573448,48.917052200175405],[2.476036400564023,48.91706499996788],[2.475930699436996,48.91710960023624],[2.475904900640925,48.917116800419564],[2.4758530002194337,48.91712549973723],[2.475731700452386,48.917135499704486],[2.4757164001363674,48.917136600031036],[2.47570369999682,48.91714060025762],[2.4756885004986886,48.917149300032165],[2.475680299797079,48.91716190008374],[2.475678699841517,48.917174299702545],[2.4756853006735393,48.91719399968405],[2.4758661004999523,48.9173025995879],[2.475902099382955,48.91729320030279],[2.4759718997974853,48.917281900269984],[2.4760208001749353,48.91727330019229],[2.4760863000981286,48.917258699771786],[2.4761746995676575,48.917238899916256],[2.4762684995037088,48.91721410016333],[2.476448600374488,48.91716580041629],[2.476525599992424,48.91714890015955],[2.4765483006380733,48.91714569984328],[2.4766136000685655,48.91713919997176],[2.4766395998338724,48.91705949966269]]]]},"properties":{"idtup":"930100000B0263","idcomtxt":"BONDY","source":"Copropriété immatriculée","nom_usage":"SDC LES DEMEURES DU VERGER"}},{"type":"Feature","geometry":{"type":"Polygon","coordinates":[[[2.4795328998473765,48.91252010003093],[2.4795309996885595,48.91251309975924],[2.4795026996413365,48.91249209967728],[2.479414299853191,48.9125024999064],[2.4790521002878605,48.91254699986847],[2.4789977993864842,48.912553399620556],[2.4790065002430977,48.9125850000066],[2.479037400252653,48.91269750035104],[2.479053100079669,48.91275639957485],[2.479062800083205,48.91279259969042],[2.479068700328338,48.91281530015881],[2.479148699601867,48.913111300017036],[2.479058700529378,48.91312120021627],[2.4791376993427634,48.91339560000028],[2.4786487001591007,48.9134519998946],[2.478680399851554,48.913569500199685],[2.478720899732662,48.91371660036042],[2.47890319999396,48.91369479959601],[2.479133500125539,48.913667399618255],[2.479266700044118,48.9136515000107],[2.4796021999487214,48.91361179987421],[2.479773100018973,48.913590799896724],[2.479814299521896,48.91356009974534],[2.479774299501643,48.91341319996128],[2.4795713001900257,48.912670199957155],[2.479561499985233,48.91263429980922],[2.479537499931639,48.912543900065735],[2.479536000288927,48.91254310037256],[2.4795328998473765,48.91252010003093]]]},"properties":{"idtup":"930100000B0357","idcomtxt":"BONDY","source":"Plusieurs copropriétés immatriculées","nom_usage":"SDC Le Patio - av Jean Moulin 93140 BONDY"}},{"type":"Feature","geometry":{"type":"Polygon","coordinates":[[[2.4795328998473765,48.91252010003093],[2.4795309996885595,48.91251309975924],[2.4795026996413365,48.91249209967728],[2.479414299853191,48.9125024999064],[2.4790521002878605,48.91254699986847],[2.4789977993864842,48.912553399620556],[2.4790065002430977,48.9125850000066],[2.479037400252653,48.91269750035104],[2.479053100079669,48.91275639957485],[2.479062800083205,48.91279259969042],[2.479068700328338,48.91281530015881],[2.479148699601867,48.913111300017036],[2.479058700529378,48.91312120021627],[2.4791376993427634,48.91339560000028],[2.4786487001591007,48.9134519998946],[2.478680399851554,48.913569500199685],[2.478720899732662,48.91371660036042],[2.47890319999396,48.91369479959601],[2.479133500125539,48.913667399618255],[2.479266700044118,48.9136515000107],[2.4796021999487214,48.91361179987421],[2.479773100018973,48.913590799896724],[2.479814299521896,48.91356009974534],[2.479774299501643,48.91341319996128],[2.4795713001900257,48.912670199957155],[2.479561499985233,48.91263429980922],[2.479537499931639,48.912543900065735],[2.479536000288927,48.91254310037256],[2.4795328998473765,48.91252010003093]]]},"properties":{"idtup":"930100000B0357","idcomtxt":"BONDY","source":"Plusieurs copropriétés immatriculées","nom_usage":"LES JARDINS DE LA NOUE"}},{"type":"Feature","geometry":{"type":"Polygon","coordinates":[[[2.490903500402649,48.912761699955354],[2.4910481000897935,48.91275310019922],[2.491142199862627,48.91274840004284],[2.491235000173973,48.91274250003203],[2.4912237003549107,48.91265150017703],[2.491195300662894,48.91263559965422],[2.4910308999646773,48.91262969978431],[2.4910001004558944,48.91262899967352],[2.4909143997266288,48.91262549967803],[2.490912000625848,48.91266140008117],[2.4909051001462297,48.91273749956668],[2.490903500402649,48.912761699955354]]]},"properties":{"idtup":"930100000D0004","idcomtxt":"BONDY","source":"Copropriété non immatriculée","nom_usage":null}},{"type":"Feature","geometry":{"type":"Polygon","coordinates":[[[2.4908861006016676,48.91295360001074],[2.490893600495551,48.912872299775934],[2.490903500402649,48.912761699955354],[2.4909051001462297,48.91273749956668],[2.490912000625848,48.91266140008117],[2.4909143997266288,48.91262549967803],[2.4907627998844206,48.91262000006509],[2.490758799539295,48.91267940029845],[2.4907528003740516,48.91275859987431],[2.490750600469994,48.91279169981741],[2.490738300018774,48.91294820015263],[2.49074249982047,48.91294789965594],[2.490770899524235,48.91294930007293],[2.4907987002700573,48.91295069973594],[2.4908321006680345,48.91295180034586],[2.4908861006016676,48.91295360001074]]]},"properties":{"idtup":"930100000D0005","idcomtxt":"BONDY","source":"Copropriété non immatriculée","nom_usage":null}},{"type":"Feature","geometry":{"type":"Polygon","coordinates":[[[2.4883067003891295,48.9128447996495],[2.4883102001413424,48.91280509998525],[2.4883230995791745,48.912673900443785],[2.4883262002124753,48.91264010023514],[2.488329300537591,48.912596200053336],[2.4883345993610257,48.91253060030187],[2.488297099856528,48.912530000377636],[2.4881782003226824,48.91252549958576],[2.48817150018424,48.91259649989996],[2.48816440044838,48.912680799958515],[2.4881600994201256,48.91274550016712],[2.488151999987146,48.912824900186884],[2.4881526998808843,48.912838499600234],[2.4881707001709126,48.91283919971712],[2.4883067003891295,48.9128447996495]]]},"properties":{"idtup":"930100000D0021","idcomtxt":"BONDY","source":"Copropriété immatriculée","nom_usage":"19 AVENUE DE LA VILLEGIATURE 93140 BONDY"}},{"type":"Feature","geometry":{"type":"Polygon","coordinates":[[[2.4881526998808843,48.912838499600234],[2.488151999987146,48.912824900186884],[2.4881600994201256,48.91274550016712],[2.48816440044838,48.912680799958515],[2.48817150018424,48.91259649989996],[2.4881782003226824,48.91252549958576],[2.488019700224074,48.91251969992745],[2.4880137001158893,48.91259150000032],[2.4880067004855966,48.91267600012209],[2.4880011997016256,48.91275210004367],[2.4879947006103076,48.91283189988433],[2.488006099997236,48.91283259969232],[2.4880457999646257,48.91283449959678],[2.4881526998808843,48.912838499600234]]]},"properties":{"idtup":"930100000D0022","idcomtxt":"BONDY","source":"Copropriété non immatriculée","nom_usage":null}},{"type":"Feature","geometry":{"type":"Polygon","coordinates":[[[2.4879947006103076,48.91283189988433],[2.4880011997016256,48.91275210004367],[2.4880067004855966,48.91267600012209],[2.4880137001158893,48.91259150000032],[2.488019700224074,48.91251969992745],[2.4878628997932926,48.91251380030938],[2.4878519997535133,48.912647600138285],[2.487850400305673,48.91265790010871],[2.4878448998551717,48.912730199610714],[2.487844400066075,48.912738700297915],[2.487843100585487,48.912751099602474],[2.487842699679592,48.91275690013272],[2.4878397997444908,48.912790099556986],[2.487837499605572,48.91281850021473],[2.487837100381802,48.912825100224],[2.4879038004966705,48.912827799966536],[2.4879325994512653,48.91282910024429],[2.4879947006103076,48.91283189988433]]]},"properties":{"idtup":"930100000D0023","idcomtxt":"BONDY","source":"Copropriété non immatriculée","nom_usage":null}},{"type":"Feature","geometry":{"type":"Polygon","coordinates":[[[2.4871923001878016,48.91294979964423],[2.4871808993183993,48.91290840041331],[2.4871738003214574,48.912878499980174],[2.4871058004780005,48.91259579999183],[2.487102200428853,48.912572900242175],[2.486976500456688,48.912585599617394],[2.4869730003634154,48.91258619974565],[2.486976299332631,48.912592300295636],[2.4869966996788553,48.91267520004882],[2.487003999565569,48.91270809960499],[2.487009399504346,48.91272820036579],[2.487011499497186,48.91273869962235],[2.4870169995014137,48.91275820008237],[2.487021100499971,48.91277539955307],[2.4870327000103147,48.91282389958076],[2.487036100403644,48.91283839996684],[2.487047400003119,48.912886600140475],[2.487051099589868,48.91289940034243],[2.487056899554104,48.91292640039373],[2.487065100476817,48.912955099597816],[2.487069500302358,48.912970499956984],[2.487071899491028,48.91297750043977],[2.487115799826577,48.91296769993903],[2.4871923001878016,48.91294979964423]]]},"properties":{"idtup":"930100000D0028","idcomtxt":"BONDY","source":"Copropriété non immatriculée","nom_usage":null}},{"type":"Feature","geometry":{"type":"Polygon","coordinates":[[[2.485717599941393,48.91231530033985],[2.485490500421028,48.91238330017888],[2.4855131003802517,48.912405199732426],[2.4855582006487507,48.91244969984675],[2.4856695993664424,48.91241489975422],[2.485803899906026,48.91237309972924],[2.485849200000368,48.912358999875025],[2.4859208003829747,48.91233709997643],[2.48596649993882,48.91232330035757],[2.4859814002960476,48.9123185998305],[2.486004699994644,48.91231180041481],[2.486124000453651,48.912274799953195],[2.4861492993876,48.91226740026277],[2.486089000380503,48.912203899621275],[2.4859763006459623,48.912238299734724],[2.4859573004325135,48.912244099592876],[2.4858513998923972,48.912274699567476],[2.485721699839601,48.912314200117486],[2.485717599941393,48.91231530033985]]]},"properties":{"idtup":"930100000D0036","idcomtxt":"BONDY","source":"Copropriété non immatriculée","nom_usage":null}},{"type":"Feature","geometry":{"type":"Polygon","coordinates":[[[2.488460699640924,48.9113362003252],[2.4882811993280045,48.91132009982044],[2.488252699729107,48.91131729997649],[2.4882210999610406,48.91131439964987],[2.4881882993572577,48.91133149990202],[2.4881793000968266,48.911395600072815],[2.4881737993601636,48.91144259980548],[2.4882306006582717,48.91144599990133],[2.48830679979759,48.911450699573905],[2.4883778005489905,48.91145569984359],[2.4883872000955907,48.91145620042595],[2.488437899448945,48.91145980008639],[2.488452400295545,48.91138090031524],[2.4884549004354932,48.91137070039606],[2.488460699640924,48.9113362003252]]]},"properties":{"idtup":"930100000D0083","idcomtxt":"BONDY","source":"Copropriété immatriculée","nom_usage":"3 et 3bis allée de la Jardinière 93140 BONDY"}},{"type":"Feature","geometry":{"type":"Polygon","coordinates":[[[2.4874500997646445,48.91289180041313],[2.4874018003263947,48.91269509984084],[2.487379999530654,48.91260790003933],[2.487365899985734,48.912544600447426],[2.4872322004174188,48.912558999697794],[2.487247699644492,48.912620500412984],[2.487248499332309,48.91262269991185],[2.4872599996548908,48.912674499908],[2.4872686994887543,48.91270990008068],[2.487287700623661,48.91278780000552],[2.487312300579323,48.91289069996975],[2.4873197995051677,48.912921700143265],[2.4873329005111815,48.912918499865775],[2.4874500997646445,48.91289180041313]]]},"properties":{"idtup":"930100000D0146","idcomtxt":"BONDY","source":"Copropriété non immatriculée","nom_usage":null}},{"type":"Feature","geometry":{"type":"Polygon","coordinates":[[[2.4873197995051677,48.912921700143265],[2.487312300579323,48.91289069996975],[2.487287700623661,48.91278780000552],[2.4872686994887543,48.91270990008068],[2.4872599996548908,48.912674499908],[2.487248499332309,48.91262269991185],[2.487247699644492,48.912620500412984],[2.4872322004174188,48.912558999697794],[2.487102200428853,48.912572900242175],[2.4871058004780005,48.91259579999183],[2.4871738003214574,48.912878499980174],[2.4871808993183993,48.91290840041331],[2.4871923001878016,48.91294979964423],[2.4872976000021465,48.912926499994015],[2.4873197995051677,48.912921700143265]]]},"properties":{"idtup":"930100000D0147","idcomtxt":"BONDY","source":"Copropriété non immatriculée","nom_usage":null}},{"type":"Feature","geometry":{"type":"Polygon","coordinates":[[[2.487021100499971,48.91277539955307],[2.4870169995014137,48.91275820008237],[2.487011499497186,48.91273869962235],[2.487009399504346,48.91272820036579],[2.487003999565569,48.91270809960499],[2.4869966996788553,48.91267520004882],[2.486976299332631,48.912592300295636],[2.4869730003634154,48.91258619974565],[2.4869244005902202,48.91259109960029],[2.4868177005178658,48.91260189993568],[2.4868360002175915,48.912673099895535],[2.486848700335541,48.912725500402544],[2.4868662003842217,48.91279340011251],[2.4869039997954503,48.91278920043799],[2.486996599991457,48.91277930009384],[2.487021100499971,48.91277539955307]]]},"properties":{"idtup":"930100000D0151","idcomtxt":"BONDY","source":"Copropriété non immatriculée","nom_usage":null}},{"type":"Feature","geometry":{"type":"Polygon","coordinates":[[[2.4913531993191533,48.91343300006366],[2.4913064003523586,48.91342559981603],[2.4912545995427773,48.91341679969284],[2.4912121005985814,48.91340960022517],[2.4911693001373054,48.91340240036101],[2.491126400090782,48.91339520005846],[2.4910837006234403,48.91338799969319],[2.491040299471784,48.913380700107204],[2.4909972998550516,48.91337350023439],[2.4909574999553894,48.913366699738845],[2.490954500438287,48.9133661995766],[2.490911200284316,48.91335890037269],[2.4908685994970554,48.91335180017117],[2.4908253993608085,48.9133446002834],[2.4907822006007785,48.913337400385764],[2.4907648001418043,48.91333449994386],[2.4907382001820277,48.913330000119444],[2.4906750994877376,48.913319399885076],[2.4906437995244373,48.91339669955023],[2.4905515997584735,48.91363620022484],[2.4908228994899497,48.913682400097144],[2.4909492998723572,48.91370399959793],[2.491453500277125,48.91378699997737],[2.4914198993608534,48.91366660030524],[2.4913826997918505,48.91353540011071],[2.4913531993191533,48.91343300006366]]]},"properties":{"idtup":"930100000D0166","idcomtxt":"BONDY","source":"Copropriété immatriculée","nom_usage":"SDC LE BAUDELAIRE"}},{"type":"Feature","geometry":{"type":"Polygon","coordinates":[[[2.4896763000227304,48.91217749957104],[2.489670100154518,48.91217709995287],[2.48962280033121,48.9121750000377],[2.4896156001708847,48.91217490011653],[2.489556399942858,48.9121727000126],[2.4894255001347103,48.91216819968185],[2.489372800320519,48.912166500220536],[2.489370399386022,48.91219970002398],[2.4893696001087946,48.912210800202935],[2.489361500392642,48.91231490034717],[2.489357000141289,48.91236460043864],[2.4893558998742207,48.912379399928064],[2.489350399547582,48.91244940001434],[2.48934569997321,48.91249479972515],[2.48956820039088,48.912503099687704],[2.489642799917628,48.9125057997471],[2.489649199786629,48.912506399861684],[2.4896558999415204,48.91243379962366],[2.4896570994165015,48.91240469998141],[2.4896628002388193,48.912341899583325],[2.4896637996274804,48.91232749984709],[2.489667300362461,48.91229580025372],[2.489675899462806,48.91218759963676],[2.4896763000227304,48.91217749957104]]]},"properties":{"idtup":"930100000D0168","idcomtxt":"BONDY","source":"Copropriété non immatriculée","nom_usage":null}},{"type":"Feature","geometry":{"type":"Polygon","coordinates":[[[2.489561500626338,48.911643299901925],[2.4895062004590187,48.91163900034689],[2.4895109994163254,48.91161530010075],[2.4894255998911183,48.911607700428284],[2.489344499433127,48.911600799786775],[2.4893418001005965,48.911625199635466],[2.489334799528564,48.91169959991781],[2.4893239997293244,48.91183040034455],[2.4893503996256876,48.91183169995018],[2.489545200400431,48.91183849967939],[2.489549900215845,48.91179179955546],[2.489555399988453,48.91171890009101],[2.489561500626338,48.911643299901925]]]},"properties":{"idtup":"930100000D0181","idcomtxt":"BONDY","source":"Copropriété non immatriculée","nom_usage":null}},{"type":"Feature","geometry":{"type":"Polygon","coordinates":[[[2.4892207993223097,48.91193580013772],[2.4891178005402677,48.91193179972743],[2.4890047006275595,48.91192759966487],[2.4889999997335663,48.91199020018415],[2.488996700551463,48.912024399767446],[2.4890271997092577,48.91208719988752],[2.4890330994383785,48.91209510017237],[2.489028299325285,48.912152800005224],[2.489073199614257,48.91215429998442],[2.4890750005848923,48.91215429957184],[2.4891235002454564,48.91215619978112],[2.4891516995150678,48.91215740008693],[2.489202199945438,48.912159100159954],[2.489217400447508,48.91198489971253],[2.4892207993223097,48.91193580013772]]]},"properties":{"idtup":"930100000D0183","idcomtxt":"BONDY","source":"Copropriété non immatriculée","nom_usage":null}},{"type":"Feature","geometry":{"type":"Polygon","coordinates":[[[2.4913171998747115,48.91329169955721],[2.491292299716178,48.91319299981195],[2.4912843993937317,48.91316219964229],[2.4912794994215335,48.91314339979207],[2.491261600255766,48.91297950040626],[2.491262099523264,48.9129696004062],[2.4911860993980586,48.912966899907296],[2.4908861006016676,48.91295360001074],[2.4908321006680345,48.91295180034586],[2.4907987002700573,48.91295069973594],[2.490770899524235,48.91294930007293],[2.490633600455759,48.913184399599466],[2.4906991994234327,48.91319399967295],[2.491168699748902,48.91327289959546],[2.491171100301486,48.9132667001718],[2.4913171998747115,48.91329169955721]]]},"properties":{"idtup":"930100000D0213","idcomtxt":"BONDY","source":"Copropriété immatriculée","nom_usage":"SDC 33-35 rue François Villon à BONDY"}},{"type":"Feature","geometry":{"type":"Polygon","coordinates":[[[2.4906899999130205,48.91135229981869],[2.490697700535407,48.9113170001624],[2.4907059997059386,48.911276999736835],[2.490719800271346,48.91121270036648],[2.4907228993389268,48.911196599974396],[2.4906504005770898,48.91116080016536],[2.4906114999283164,48.91114050044251],[2.4906083006083466,48.9111391001254],[2.490534200152254,48.91110150023832],[2.4905281995227893,48.91109859967213],[2.490525400137959,48.91111530026589],[2.490525100310853,48.91111679991414],[2.490522999689013,48.9111285996235],[2.490519299922953,48.91114780002473],[2.4905155998882456,48.91116870009189],[2.490502900484583,48.91123310035031],[2.4904988001842,48.911252100301375],[2.490483100480171,48.911322499578496],[2.4904805002364134,48.91133989976696],[2.4904749004762055,48.91136810031846],[2.490463000208149,48.911425699895815],[2.4905092005983374,48.91142980023494],[2.490535800070713,48.91143160043725],[2.49067110017295,48.911443700228176],[2.4906790004383073,48.91140779979654],[2.4906871998587907,48.911367399664506],[2.4906899999130205,48.91135229981869]]]},"properties":{"idtup":"930100000E0003","idcomtxt":"BONDY","source":"Copropriété immatriculée","nom_usage":"36 Allée de la Jardinière 93140 BONDY"}},{"type":"Feature","geometry":{"type":"Polygon","coordinates":[[[2.4892114000146357,48.91103150021617],[2.4891985002578916,48.910911800272764],[2.48919829961116,48.91090749988631],[2.489190200283105,48.91082359976393],[2.489184300042488,48.91076280022082],[2.4891817005183428,48.91073309979612],[2.4891711006581896,48.91063180021755],[2.48907130053325,48.91063549967044],[2.4890754995332878,48.91069029996504],[2.4891092993629864,48.91103069971238],[2.489110799775905,48.9110412998089],[2.4892114000146357,48.91103150021617]]]},"properties":{"idtup":"930100000E0034","idcomtxt":"BONDY","source":"Copropriété non immatriculée","nom_usage":null}},{"type":"Feature","geometry":{"type":"Polygon","coordinates":[[[2.4903062998364414,48.909794499965386],[2.490159100547765,48.909951899671384],[2.490076100346489,48.91003819985251],[2.4900928005289082,48.91004910026197],[2.4901320003072143,48.91007329989898],[2.4902166996092405,48.91012539956536],[2.4902432994382244,48.91014199955142],[2.4903395998003317,48.910201199871224],[2.4906321997181355,48.909997500259855],[2.4903062998364414,48.909794499965386]]]},"properties":{"idtup":"930100000E0057","idcomtxt":"BONDY","source":"Copropriété immatriculée","nom_usage":"48 VILLAGEOISE"}},{"type":"Feature","geometry":{"type":"Polygon","coordinates":[[[2.490426699807434,48.909676199875044],[2.4903062998364414,48.909794499965386],[2.4906321997181355,48.909997500259855],[2.49080760016571,48.90987390029798],[2.490622599913667,48.909719299969325],[2.490426699807434,48.909676199875044]]]},"properties":{"idtup":"930100000E0093","idcomtxt":"BONDY","source":"Copropriété non immatriculée","nom_usage":null}},{"type":"Feature","geometry":{"type":"Polygon","coordinates":[[[2.4909221000089907,48.910155499655815],[2.4908836998259876,48.909951600076404],[2.4908577001621035,48.909946299737186],[2.4907790999426114,48.91000049984814],[2.4907432996087704,48.91002540024558],[2.490529699495502,48.91017390011874],[2.4905584004357695,48.91019190018009],[2.490749500278431,48.91016819971722],[2.4908606993464444,48.91015560022329],[2.4909221000089907,48.910155499655815]]]},"properties":{"idtup":"930100000E0104","idcomtxt":"BONDY","source":"Copropriété immatriculée","nom_usage":"Syndic des copropriétaires La Villageoise"}},{"type":"Feature","geometry":{"type":"Polygon","coordinates":[[[2.4901077002172145,48.91106280015246],[2.4900009993873384,48.91105360029732],[2.489911300532449,48.911045700281285],[2.4899054997864805,48.91104510003238],[2.4897965003318214,48.91103559973452],[2.4897928999563956,48.91105729968054],[2.4897837002755208,48.91110349955604],[2.4898011003197795,48.91110649996978],[2.489816500683558,48.91111209982047],[2.4898313994583896,48.91112280013339],[2.4898411999636014,48.911135699991625],[2.489844900633144,48.911149699789725],[2.489841799323188,48.91116280010306],[2.4898333003717785,48.91117439988761],[2.489821200055172,48.911183999589895],[2.4898093003516832,48.911189000251206],[2.4898033004847755,48.9112140002803],[2.4899175993908824,48.91122420030305],[2.489942500515777,48.911226100422574],[2.490019800254635,48.911231800112176],[2.4900325995163106,48.91123260011514],[2.490059800343321,48.91123469975133],[2.4900660004797914,48.911235200072305],[2.4900735006298587,48.91123599999619],[2.4901077002172145,48.91106280015246]]]},"properties":{"idtup":"930100000E0112","idcomtxt":"BONDY","source":"Copropriété non immatriculée","nom_usage":null}},{"type":"Feature","geometry":{"type":"Polygon","coordinates":[[[2.4899074005444066,48.91086480033297],[2.4898369997628444,48.91084319983004],[2.4898310002083077,48.91087040044518],[2.48980779942429,48.910984000435114],[2.4897965003318214,48.91103559973452],[2.4899054997864805,48.91104510003238],[2.489911300532449,48.911045700281285],[2.4900009993873384,48.91105360029732],[2.4901077002172145,48.91106280015246],[2.49011999982347,48.911000400053375],[2.4901300004673623,48.910957500374344],[2.4901321001266425,48.91094330044665],[2.4901186004811935,48.91093809991915],[2.4900883997179246,48.91092680032556],[2.490059800529777,48.91091510016116],[2.4900250003475164,48.910901600181255],[2.489996100497052,48.91089260020426],[2.4899462999812627,48.91087710015564],[2.4899074005444066,48.91086480033297]]]},"properties":{"idtup":"930100000E0113","idcomtxt":"BONDY","source":"Copropriété non immatriculée","nom_usage":null}},{"type":"Feature","geometry":{"type":"Polygon","coordinates":[[[2.4892499998002373,48.91131679979335],[2.4892617998526663,48.91125619984962],[2.489278500548327,48.911170300242304],[2.4893046996234927,48.911039499741875],[2.4892114000146357,48.91103150021617],[2.489110799775905,48.9110412998089],[2.489107000035817,48.91104200034224],[2.489082799992065,48.91115660043199],[2.489065500633504,48.91124229961618],[2.489053700598596,48.91129940038548],[2.4892499998002373,48.91131679979335]]]},"properties":{"idtup":"930100000E0117","idcomtxt":"BONDY","source":"Copropriété non immatriculée","nom_usage":null}},{"type":"Feature","geometry":{"type":"Polygon","coordinates":[[[2.4895445004757293,48.91106310040433],[2.489473100495213,48.91105669981785],[2.489346399990956,48.91104360023373],[2.489320599816482,48.91117129987481],[2.4893032998311546,48.91126030039988],[2.4892906993900206,48.911320299803165],[2.489321299319099,48.911323600267856],[2.4894885002834295,48.911337900368196],[2.489498800163644,48.911285000069135],[2.4895123994969173,48.91122119998245],[2.489529900174494,48.91113339994043],[2.4895380002465233,48.91109639968485],[2.4895430995881194,48.91107100013872],[2.4895445004757293,48.91106310040433]]]},"properties":{"idtup":"930100000E0118","idcomtxt":"BONDY","source":"Copropriété non immatriculée","nom_usage":null}},{"type":"Feature","geometry":{"type":"Polygon","coordinates":[[[2.4895697998837356,48.91094870004738],[2.489566100381496,48.91096450018958],[2.4895525999327295,48.91102629978638],[2.489550899658308,48.9110343996875],[2.4895445004757293,48.91106310040433],[2.4895430995881194,48.91107100013872],[2.4895380002465233,48.91109639968485],[2.48957819990379,48.91110049999581],[2.4896012994292525,48.91110260024759],[2.489727199732342,48.91111440026776],[2.489749099693796,48.91110539987831],[2.4897700003707794,48.911102999651945],[2.4897837002755208,48.91110349955604],[2.4897928999563956,48.91105729968054],[2.4897965003318214,48.91103559973452],[2.48980779942429,48.910984000435114],[2.4898310002083077,48.91087040044518],[2.489772599518483,48.910869599550495],[2.4897361998676137,48.910869100080575],[2.4897380996335277,48.9108952003264],[2.4897392998957426,48.91092459980422],[2.489609600452894,48.91092420015982],[2.489572800629028,48.91093000029744],[2.4895704999229835,48.91094339988604],[2.4895697998837356,48.91094870004738]]]},"properties":{"idtup":"930100000E0121","idcomtxt":"BONDY","source":"Copropriété immatriculée","nom_usage":"SDC 3 IMP DE LA JARDINIERE 93140 BONDY"}},{"type":"Feature","geometry":{"type":"Polygon","coordinates":[[[2.483463000661462,48.909810099872956],[2.4835335001523307,48.90980649999844],[2.4835649003119227,48.909804100255705],[2.4835973997353586,48.909802699865665],[2.4836184000805446,48.90961490033034],[2.483620499719982,48.90959180015129],[2.483625900450229,48.90954949982533],[2.4836402994615825,48.90941650012534],[2.4836419995946892,48.909393099653094],[2.4835263000216377,48.90939300015863],[2.4835172003532677,48.90945649985247],[2.483510800136489,48.90949859982138],[2.4834977003897474,48.90958449993245],[2.4834850995667046,48.90967029966698],[2.483475199436458,48.909735400235775],[2.483463000661462,48.909810099872956]]]},"properties":{"idtup":"930100000F0005","idcomtxt":"BONDY","source":"Copropriété non immatriculée","nom_usage":null}},{"type":"Feature","geometry":{"type":"Polygon","coordinates":[[[2.4844676998063395,48.909750899799924],[2.4844721003063257,48.90975070020879],[2.4844726001992674,48.909597199610765],[2.4844719006174096,48.909486700003306],[2.4844711006569242,48.9093945995676],[2.484348700413187,48.90939469955239],[2.4842274996271687,48.90939449971484],[2.4842269003017745,48.90947039959131],[2.4842280005228274,48.90951770014833],[2.484228200266759,48.90952260037746],[2.484228600399491,48.90955340031825],[2.4842284000850623,48.90957210033255],[2.484228800409295,48.90963730017186],[2.4842291000846832,48.909765800165836],[2.4841089004085557,48.90977269997287],[2.483988100529773,48.90977999995884],[2.4839885994472586,48.910155999763134],[2.4844656998827954,48.910125399608674],[2.4844676998063395,48.909750899799924]]]},"properties":{"idtup":"930100000F0012","idcomtxt":"BONDY","source":"Copropriété immatriculée","nom_usage":"MOZAIK"}},{"type":"Feature","geometry":{"type":"Polygon","coordinates":[[[2.485042100467175,48.909716099968755],[2.4851458993656474,48.90971059998673],[2.485155699485652,48.90968050038211],[2.4851716000918964,48.90962839962201],[2.4851938006488075,48.909553300338835],[2.4852144006298262,48.90948359984129],[2.4852357004984125,48.909412100152736],[2.485240499363579,48.909396999997234],[2.485103700577283,48.90939679966642],[2.485094699871193,48.909436699650435],[2.485079199890628,48.90951560027638],[2.4850505006116044,48.90966810014987],[2.48504770020968,48.90968169986557],[2.485042100467175,48.909716099968755]]]},"properties":{"idtup":"930100000F0018","idcomtxt":"BONDY","source":"Copropriété non immatriculée","nom_usage":null}},{"type":"Feature","geometry":{"type":"Polygon","coordinates":[[[2.4851320005895707,48.908985900295406],[2.485123000286755,48.90905679997019],[2.4851187994604844,48.90910039962331],[2.485106099880074,48.90923770007151],[2.485102800220739,48.90926950031782],[2.4851001004393587,48.909304099955094],[2.4852185999753735,48.90930510026684],[2.4852214003880286,48.909297700295895],[2.4852281994988052,48.90927720036326],[2.4852397998397997,48.90923860022768],[2.485244899955078,48.909219799857745],[2.4852583994559327,48.90917650005949],[2.485269299934432,48.909136100114814],[2.4853042000964907,48.90901770023264],[2.485310100317721,48.908996899660025],[2.4852538998010103,48.908993599663816],[2.4851320005895707,48.908985900295406]]]},"properties":{"idtup":"930100000F0023","idcomtxt":"BONDY","source":"Copropriété immatriculée","nom_usage":"SYNDIC BENEVOLE 30 RUE FONTAINE"}},{"type":"Feature","geometry":{"type":"Polygon","coordinates":[[[2.4842676003604773,48.90893159999984],[2.4842675997868975,48.90893510006249],[2.484266799508762,48.908967400275124],[2.4842652005271084,48.90909380040799],[2.484264700213641,48.90910340004988],[2.4842645994935846,48.9091114995858],[2.484265400644898,48.909153600033676],[2.484264999358756,48.90918569961578],[2.484264100013594,48.90926710011432],[2.484264100244347,48.90930259986512],[2.4843847996300648,48.90930340003733],[2.484385499757115,48.90927170013352],[2.4843865994303562,48.90916510039425],[2.484385499610301,48.9089393999408],[2.4842676003604773,48.90893159999984]]]},"properties":{"idtup":"930100000F0031","idcomtxt":"BONDY","source":"Copropriété non immatriculée","nom_usage":null}},{"type":"Feature","geometry":{"type":"Polygon","coordinates":[[[2.4851387996287047,48.91158630002812],[2.4850994993591367,48.911597199638734],[2.485085099575627,48.91160110003911],[2.4848378005236818,48.911667699779095],[2.4848997995784057,48.91173470036307],[2.4849441996724724,48.91172190005269],[2.4851102004288177,48.911674799936144],[2.485127999793247,48.91166970009593],[2.4851443002394666,48.91166510011405],[2.4852176000231005,48.91164540040952],[2.485271100240242,48.91162970018602],[2.4852848994584544,48.91162610024545],[2.4853245003483058,48.91161460023754],[2.48534510056112,48.91160909962176],[2.485420400528547,48.91158800008975],[2.4854335997858494,48.91158450007448],[2.4855008998085304,48.91156540033399],[2.4854438005178876,48.91150410014781],[2.4854323998378534,48.911506599780175],[2.4853251994700383,48.911535899636284],[2.4853228000815566,48.91153640012741],[2.485252599549619,48.91155590008176],[2.4852280004654723,48.91156250042283],[2.4851387996287047,48.91158630002812]]]},"properties":{"idtup":"930100000F0045","idcomtxt":"BONDY","source":"Copropriété non immatriculée","nom_usage":null}},{"type":"Feature","geometry":{"type":"Polygon","coordinates":[[[2.4865509006055313,48.91181450001326],[2.486473099876761,48.91183739981131],[2.4864583000007037,48.91184119973824],[2.486312900220983,48.91188389987321],[2.486209000024729,48.911914300111086],[2.486044699425872,48.9119620996913],[2.486006099822917,48.91197249989627],[2.4860539996752014,48.91202710014032],[2.486095399751099,48.91203499998926],[2.4863500995104837,48.911964500388976],[2.4864086001901535,48.911948099868226],[2.486447400247537,48.911937700393075],[2.4865588997030006,48.91190689995911],[2.4866176000543265,48.91189029964906],[2.4865874002657695,48.91185610044476],[2.4865509006055313,48.91181450001326]]]},"properties":{"idtup":"930100000F0052","idcomtxt":"BONDY","source":"Copropriété non immatriculée","nom_usage":null}},{"type":"Feature","geometry":{"type":"Polygon","coordinates":[[[2.4864735996284653,48.91172009973889],[2.486426900398499,48.91166589958551],[2.486337299657691,48.911693899870606],[2.4860953995809036,48.91177110015372],[2.4859736996465696,48.91180900038971],[2.4858825001887332,48.91183830014851],[2.4859443997354282,48.911906000298266],[2.4860216003469007,48.91188269988127],[2.4861441995299933,48.9118447998587],[2.4863773998877194,48.91177279967447],[2.4863959998889866,48.91176730019532],[2.4864104994493808,48.911763099701496],[2.486488300121565,48.91173839955442],[2.4864735996284653,48.91172009973889]]]},"properties":{"idtup":"930100000F0054","idcomtxt":"BONDY","source":"Copropriété non immatriculée","nom_usage":null}},{"type":"Feature","geometry":{"type":"Polygon","coordinates":[[[2.4853728999055558,48.911287399982925],[2.485485300644062,48.91126209999846],[2.485610200523665,48.91123329956459],[2.4858191004207657,48.911183899698294],[2.485846999590944,48.911177299909106],[2.485940100623893,48.91115510016761],[2.4859943997752727,48.91114269986234],[2.4860366006806522,48.911133399657075],[2.4860350001964595,48.91113120030824],[2.4859532001269002,48.9110403999916],[2.485916099695972,48.91104730025372],[2.485889300397097,48.91105140024186],[2.4857609993987846,48.911067400186674],[2.4857096004962775,48.91107389997063],[2.4856357002465486,48.91108350011501],[2.485559200147952,48.911092900197055],[2.4854919000172417,48.9111019998103],[2.485266099748819,48.91115459992827],[2.4852533995671675,48.91115799955082],[2.48529520061014,48.911204599887576],[2.4853728999055558,48.911287399982925]]]},"properties":{"idtup":"930100000F0069","idcomtxt":"BONDY","source":"Copropriété non immatriculée","nom_usage":null}},{"type":"Feature","geometry":{"type":"Polygon","coordinates":[[[2.4844721003063257,48.90975070020879],[2.4845293002587865,48.909746699880436],[2.484584299465883,48.909743399600856],[2.4845841997936633,48.909708000158695],[2.4845848001602984,48.9095974998623],[2.484586100031025,48.90948690004456],[2.484587199957216,48.909394699869424],[2.4844711006569242,48.9093945995676],[2.4844719006174096,48.909486700003306],[2.4844726001992674,48.909597199610765],[2.4844721003063257,48.90975070020879]]]},"properties":{"idtup":"930100000F0128","idcomtxt":"BONDY","source":"Copropriété non immatriculée","nom_usage":null}},{"type":"Feature","geometry":{"type":"Polygon","coordinates":[[[2.485020200599176,48.911868399981465],[2.4850486996467813,48.911860099694685],[2.4852268002251368,48.911808000093195],[2.485308199997248,48.91178420018334],[2.4852329000345392,48.911668700340805],[2.4852176000231005,48.91164540040952],[2.4851443002394666,48.91166510011405],[2.485127999793247,48.91166970009593],[2.4851102004288177,48.911674799936144],[2.4849441996724724,48.91172190005269],[2.4848997995784057,48.91173470036307],[2.4848821006278254,48.91173929969378],[2.484998300666447,48.91187479964376],[2.485020200599176,48.911868399981465]]]},"properties":{"idtup":"930100000F0135","idcomtxt":"BONDY","source":"Copropriété non immatriculée","nom_usage":null}},{"type":"Feature","geometry":{"type":"Polygon","coordinates":[[[2.485326400158034,48.91137640041153],[2.485264799841791,48.911392400395684],[2.4851263996188817,48.911428600299494],[2.4850566993374548,48.91144649974673],[2.4851387996287047,48.91158630002812],[2.4852280004654723,48.91156250042283],[2.485252599549619,48.91155590008176],[2.4853228000815566,48.91153640012741],[2.4853251994700383,48.911535899636284],[2.4854323998378534,48.911506599780175],[2.4854438005178876,48.91150410014781],[2.485326400158034,48.91137640041153]]]},"properties":{"idtup":"930100000F0143","idcomtxt":"BONDY","source":"Copropriété immatriculée","nom_usage":"SDC 5 AVENUE DE LA PARISIENNE"}},{"type":"Feature","geometry":{"type":"Polygon","coordinates":[[[2.485195600279747,48.91206150041718],[2.4852601994719232,48.91204309965364],[2.4854085999134816,48.911999800367525],[2.485457800615818,48.911984999775456],[2.485411799910254,48.91191749986828],[2.485364999389789,48.911848800440744],[2.485353900053738,48.911852000111786],[2.4851851002088337,48.91190079988896],[2.4851005995100746,48.91192509988284],[2.4850770995387905,48.91193159969814],[2.485051799962783,48.91193809986686],[2.4851325005062233,48.91203079980612],[2.48514600052036,48.91204669980162],[2.485167099448413,48.91207079984645],[2.485195600279747,48.91206150041718]]]},"properties":{"idtup":"930100000F0147","idcomtxt":"BONDY","source":"Copropriété non immatriculée","nom_usage":null}},{"type":"Feature","geometry":{"type":"Polygon","coordinates":[[[2.4866784997257927,48.91122449960085],[2.486576900270571,48.91110550021066],[2.4865594999418654,48.91108359973543],[2.486502099554091,48.91101609989578],[2.48647849994581,48.91098919972938],[2.486460200501931,48.91096800043038],[2.4864510999085474,48.910957400091014],[2.4863531003122925,48.91097169960053],[2.486364199821186,48.91098559993939],[2.486381100023353,48.91100659990506],[2.4863895996336693,48.9110163001758],[2.486487100630709,48.91113330012172],[2.4865999002756034,48.91126830018439],[2.4866430006631917,48.91132009993798],[2.48669179955733,48.91138080013365],[2.4867011006505066,48.91137800001354],[2.4867108002404614,48.9113892998496],[2.48672649965403,48.911407299959905],[2.4867520997813015,48.91143530038096],[2.48677459933512,48.91142809989558],[2.4868329993934597,48.91140730027938],[2.486793199530791,48.91136029988839],[2.4867392996473634,48.911296100303765],[2.4866784997257927,48.91122449960085]]]},"properties":{"idtup":"930100000F0161","idcomtxt":"BONDY","source":"Copropriété immatriculée","nom_usage":"SDC 31 avenue Marx Dormoy à Bondy"}},{"type":"Feature","geometry":{"type":"Polygon","coordinates":[[[2.486360399746555,48.911489000135106],[2.4862964998408392,48.91151020040357],[2.4863057001611977,48.91152190011521],[2.486336899436097,48.911559299782695],[2.4863546003117,48.911580199754525],[2.486366100313287,48.911593900360025],[2.48641169937646,48.9116479996],[2.486426900398499,48.91166589958551],[2.4864735996284653,48.91172009973889],[2.4865050997554086,48.911708499867544],[2.4866307995883137,48.911662000087844],[2.4866846003478407,48.91172589980879],[2.48674510025034,48.91179809991662],[2.4867841000664317,48.911843800092946],[2.4868270997909705,48.9118323995852],[2.4866048003594337,48.91156739975088],[2.486551199437052,48.91150359976263],[2.4865114002967883,48.91145529980317],[2.4865008997989517,48.9114429002778],[2.4864794005067994,48.91144980013861],[2.4864545003178065,48.911457900364034],[2.486360399746555,48.911489000135106]]]},"properties":{"idtup":"930100000F0165","idcomtxt":"BONDY","source":"Copropriété non immatriculée","nom_usage":null}},{"type":"Feature","geometry":{"type":"Polygon","coordinates":[[[2.485458900362725,48.90939779981588],[2.485240499363579,48.909396999997234],[2.4852357004984125,48.909412100152736],[2.4852144006298262,48.90948359984129],[2.4851938006488075,48.909553300338835],[2.4851716000918964,48.90962839962201],[2.485155699485652,48.90968050038211],[2.4851458993656474,48.90971059998673],[2.485194999745516,48.90970780016248],[2.4852265000810263,48.90967360038756],[2.4853397994564723,48.90953900026236],[2.485458900362725,48.90939779981588]]]},"properties":{"idtup":"930100000F0178","idcomtxt":"BONDY","source":"Copropriété non immatriculée","nom_usage":null}},{"type":"Feature","geometry":{"type":"Polygon","coordinates":[[[2.4826604995510104,48.90853209971156],[2.48242850042182,48.908539800033985],[2.482101400226543,48.908551900022175],[2.480654300342086,48.90860150007953],[2.480322400038822,48.9086133001157],[2.4803080996198443,48.90866399984148],[2.4802552002645024,48.908858499768286],[2.4802199997090177,48.909073600204984],[2.4803071005575354,48.909064799884575],[2.480422800651809,48.90905479978575],[2.480590600018863,48.909040299682474],[2.4806097000109713,48.90903879973557],[2.480714000201781,48.90902959976277],[2.4808391003914307,48.90901820023602],[2.480961899557065,48.90900769979834],[2.4810842004369533,48.9089975001396],[2.481210900675057,48.90898569977444],[2.4813335002292773,48.908975500255615],[2.481401100474252,48.908969899838176],[2.4814583999727553,48.90896419993611],[2.4815390993618935,48.908957300003074],[2.4815828004350076,48.90895330021099],[2.481827699463861,48.90893189986992],[2.4819520001741755,48.90892100022954],[2.4819879997672456,48.90891810009794],[2.4820312999331646,48.90891379984201],[2.482199799730042,48.90889969980337],[2.4824241999707044,48.908879799591766],[2.482424500207466,48.90886950033551],[2.4824248995899922,48.908778299801504],[2.4824252994312834,48.90876209978393],[2.4824245002072693,48.908637500441436],[2.4826518003839473,48.908627000102406],[2.482660200391071,48.908547099605336],[2.4826604995510104,48.90853209971156]]]},"properties":{"idtup":"930100000G0009","idcomtxt":"BONDY","source":"Copropriété immatriculée","nom_usage":"L'ERMITAGE"}},{"type":"Feature","geometry":{"type":"Polygon","coordinates":[[[2.4826518003839473,48.908627000102406],[2.4824245002072693,48.908637500441436],[2.4824252994312834,48.90876209978393],[2.4824248995899922,48.908778299801504],[2.4824573996014805,48.90877870011832],[2.4825478000057144,48.90878249989371],[2.482604500571073,48.90878610008989],[2.482656899349942,48.90878780035021],[2.4826783996654442,48.908788699873845],[2.482806599464782,48.90879449995414],[2.482924000631406,48.90880020022586],[2.4829317999778273,48.908800500084155],[2.4830301003819173,48.9088044999654],[2.483064499602651,48.90880640024833],[2.4830735002895064,48.90872529996943],[2.483054399510552,48.90872470044554],[2.4827343002071607,48.908711500062395],[2.4826334002921002,48.90870839969845],[2.4826518003839473,48.908627000102406]]]},"properties":{"idtup":"930100000G0028","idcomtxt":"BONDY","source":"Copropriété immatriculée","nom_usage":"13 avenue des Mésarmes 93140 BONDY"}},{"type":"Feature","geometry":{"type":"Polygon","coordinates":[[[2.482158299329501,48.90924349984457],[2.48210710001279,48.90924789999099],[2.481915799988556,48.90926560010137],[2.4819177995105246,48.909274699744664],[2.4819208997317084,48.90928889956616],[2.4819357001129134,48.909359300304295],[2.4819395996502625,48.909379000084975],[2.4819455000423187,48.90940519964473],[2.481948400382073,48.90941810001431],[2.481959900329889,48.90946920014337],[2.4819680997734896,48.909509499827664],[2.4820353996404485,48.90950329972084],[2.4821145997943455,48.909496599755904],[2.482157499549059,48.90949309989646],[2.482209199796933,48.90948870009513],[2.4821942003840824,48.909410700379624],[2.482189699640388,48.909394099685045],[2.482174999766804,48.909326999837035],[2.482158299329501,48.90924349984457]]]},"properties":{"idtup":"930100000G0058","idcomtxt":"BONDY","source":"Copropriété non immatriculée","nom_usage":null}},{"type":"Feature","geometry":{"type":"Polygon","coordinates":[[[2.482252900594868,48.90987029965953],[2.482239900402225,48.90980910028745],[2.4822333002755026,48.90976969964899],[2.482226000259267,48.909725500033716],[2.482166700450325,48.90973059991801],[2.4821008999062437,48.90973759976039],[2.4820609004526504,48.909741100448954],[2.4819221001371465,48.9097537001164],[2.48187490008185,48.90975799965206],[2.4818853997318886,48.9098094003074],[2.481904200672555,48.90990170000552],[2.4819774998177393,48.90989509961127],[2.482252900594868,48.90987029965953]]]},"properties":{"idtup":"930100000G0091","idcomtxt":"BONDY","source":"Copropriété non immatriculée","nom_usage":null}},{"type":"Feature","geometry":{"type":"Polygon","coordinates":[[[2.480496199358727,48.91003279974446],[2.4804877003894723,48.9099893996987],[2.480483199559982,48.90996779975578],[2.480466300106283,48.909885900350126],[2.4802525998351412,48.90990449977358],[2.4802254997528546,48.90992629985085],[2.480240999482644,48.91005570036275],[2.480265600681093,48.910053799871264],[2.48032209957985,48.91004930029809],[2.480496199358727,48.91003279974446]]]},"properties":{"idtup":"930100000G0099","idcomtxt":"BONDY","source":"Copropriété non immatriculée","nom_usage":null}},{"type":"Feature","geometry":{"type":"Polygon","coordinates":[[[2.480390499344051,48.907735800428256],[2.480347799819098,48.90825749962743],[2.4811198994590575,48.908253600062984],[2.481117500161405,48.90806470018051],[2.481064699848492,48.908064900417926],[2.4810623999799484,48.90789929995467],[2.4811630999358605,48.907682099636354],[2.480478099521807,48.90754429973315],[2.480390499344051,48.907735800428256]]]},"properties":{"idtup":"930100000G0172","idcomtxt":"BONDY","source":"Plusieurs copropriétés immatriculées","nom_usage":"Vue Canal"}},{"type":"Feature","geometry":{"type":"Polygon","coordinates":[[[2.480390499344051,48.907735800428256],[2.480347799819098,48.90825749962743],[2.4811198994590575,48.908253600062984],[2.481117500161405,48.90806470018051],[2.481064699848492,48.908064900417926],[2.4810623999799484,48.90789929995467],[2.4811630999358605,48.907682099636354],[2.480478099521807,48.90754429973315],[2.480390499344051,48.907735800428256]]]},"properties":{"idtup":"930100000G0172","idcomtxt":"BONDY","source":"Plusieurs copropriétés immatriculées","nom_usage":"Vue Canal"}},{"type":"Feature","geometry":{"type":"Polygon","coordinates":[[[2.477159699414619,48.90988299981197],[2.47716959960797,48.90996360025078],[2.4771696000425165,48.90996410026178],[2.477174299829583,48.910002699714845],[2.4771760003888517,48.91001880005584],[2.477188299421407,48.910121100194225],[2.477191099539106,48.910134900434215],[2.477193200521123,48.91017090036209],[2.47720129979147,48.91021810022926],[2.4773102003844216,48.910223199630494],[2.477309800368327,48.91017690028799],[2.477310499453526,48.909994800216865],[2.477309999621159,48.90994010009592],[2.4773096998284516,48.909925799965436],[2.4773094003087612,48.90988960015462],[2.477245300018254,48.90988669989376],[2.4772137006345165,48.90988540010168],[2.477159699414619,48.90988299981197]]]},"properties":{"idtup":"930100000H0059","idcomtxt":"BONDY","source":"Copropriété non immatriculée","nom_usage":null}},{"type":"Feature","geometry":{"type":"Polygon","coordinates":[[[2.4799812994792862,48.90970079978979],[2.480018199866264,48.90970229992352],[2.4799976994465536,48.90955389976353],[2.47999170022633,48.9094872996529],[2.4800090003871467,48.90929890003443],[2.480024999575378,48.9091132996431],[2.4800293999958853,48.909091800353906],[2.480006700397644,48.909090899645896],[2.479839100651065,48.90908429958141],[2.479737000474231,48.90907919962531],[2.479387300663902,48.90906390037723],[2.479110899356695,48.90905099983441],[2.4789731997527076,48.90904520034613],[2.4786459998592143,48.90902979984747],[2.4784586996961075,48.909022700228256],[2.4782292000601878,48.909012000081006],[2.4779179995287035,48.908998099860995],[2.477809300073915,48.908993599905486],[2.477785299581923,48.908992099568664],[2.477688600571085,48.90898840003403],[2.477409899929738,48.908975900112495],[2.477317399531623,48.90897200006535],[2.4772214004757447,48.908968299610216],[2.47701900063276,48.90895849959443],[2.4768333998862233,48.90895000014757],[2.476813000439743,48.90895019972773],[2.4767824993997634,48.909037300195244],[2.4767403000956465,48.90916220008994],[2.4766933000364446,48.9093066000366],[2.4766595004177083,48.909405299564014],[2.4766661994793133,48.909545700166795],[2.4769356002700493,48.909558699871205],[2.4772635999217925,48.90957299967829],[2.477638200127061,48.90959030041641],[2.4779546001742982,48.90960629957819],[2.4782658998200917,48.9096217001389],[2.4785096996978013,48.90963229968015],[2.4787940004515043,48.90964629982956],[2.4790470003921383,48.90965850038415],[2.479325599722597,48.909671299993484],[2.479554000017183,48.909681600251055],[2.479837900640695,48.909694599760485],[2.4799812994792862,48.90970079978979]]]},"properties":{"idtup":"930100000H0085","idcomtxt":"BONDY","source":"Copropriété immatriculée","nom_usage":"SDC FRANCOIS MARTIN - MS148399"}},{"type":"Feature","geometry":{"type":"Polygon","coordinates":[[[2.480006700397644,48.909090899645896],[2.4800293999958853,48.909091800353906],[2.480041300145905,48.90893329955374],[2.480052100676165,48.90872590003601],[2.4800645000086443,48.90845649992203],[2.4800445998028575,48.908455499857226],[2.4800434997560634,48.90854089961314],[2.479993699942853,48.908505500205166],[2.479942600481907,48.908503100268476],[2.479807099641436,48.90849679957533],[2.47954929938545,48.908483999685934],[2.479110399550394,48.90846390005968],[2.4789803003281343,48.908457299969925],[2.478710200066236,48.90844560037067],[2.478556200269482,48.90843750009656],[2.4783896003752637,48.908429100149085],[2.478008700377687,48.90841080031488],[2.477834699804405,48.90840399957119],[2.4776921999258166,48.90839710031464],[2.4774251997127212,48.908384600164766],[2.477328100249606,48.908380000186085],[2.477141199578701,48.908371000017446],[2.476673899662853,48.908348100168126],[2.476621100399201,48.90834640003392],[2.4765189006461985,48.90834119976454],[2.476409299672531,48.90833560014354],[2.476110799742254,48.90832099979976],[2.4760096004511345,48.90831589969571],[2.4755145005816463,48.908291899768045],[2.4751930995030773,48.90827740010177],[2.4750932005224406,48.90827230042295],[2.474819899495338,48.90825889992499],[2.4747188002010043,48.908254999731106],[2.4746736002989307,48.90825260003252],[2.4745073995791125,48.908244100204634],[2.4744621004655465,48.90824179981305],[2.4744638003502724,48.90829990016128],[2.4744639004002598,48.90830579999881],[2.4744685006310627,48.908403500187916],[2.474479000388181,48.90870290019266],[2.4744876996541794,48.90889849973299],[2.4746257002050998,48.90907160030795],[2.474740000311677,48.90921680037663],[2.474844900640773,48.90935189956243],[2.4748971000344855,48.909418699798856],[2.474993700361848,48.909544100389944],[2.475131000329112,48.90971719989286],[2.4752630002498868,48.90988630019757],[2.4754014993640023,48.910062699605334],[2.4755305998530233,48.91022549987196],[2.4755657006197227,48.91021389973353],[2.4756027996110674,48.91020140004226],[2.4759074995689225,48.910101700188314],[2.4760362005488785,48.91027019969088],[2.4761865001982866,48.91022119962686],[2.4761289999413383,48.91014580023605],[2.4760592999561863,48.91005280037056],[2.476172100310957,48.91001509963745],[2.476211900214503,48.91000180040122],[2.4763669004290536,48.90995129994476],[2.4764184997768077,48.909933699619046],[2.4764270995513864,48.90993080010227],[2.4764743005927783,48.90991480016261],[2.4765065001906894,48.909903900210516],[2.4765653998073844,48.90988399984618],[2.4765692002067423,48.909882699881244],[2.476630400429876,48.90986329965424],[2.4767040996181056,48.909841399993205],[2.4767120004490466,48.90986310037313],[2.4767597997663002,48.909865200389156],[2.4767876997689897,48.90986629978746],[2.476855999360827,48.909869199747185],[2.476950399433593,48.90987320016356],[2.4770053996712607,48.909875700234785],[2.47708450068231,48.90987939993311],[2.4771324999331017,48.90988170031695],[2.477159699414619,48.90988299981197],[2.4772137006345165,48.90988540010168],[2.477245300018254,48.90988669989376],[2.4773094003087612,48.90988960015462],[2.477333500363965,48.90989060010979],[2.4773601005600954,48.90989179982045],[2.477402699819625,48.90989369973054],[2.4774582000747074,48.90989600033242],[2.477464600140364,48.90989639965973],[2.477499600472665,48.90989800019621],[2.47757249967345,48.909901400033945],[2.477592100240265,48.9099024000985],[2.4776678993385466,48.90990599957828],[2.4776941997503883,48.90990730042734],[2.4777165995292556,48.90990820026426],[2.477755199660308,48.909909999877485],[2.47781450000083,48.90991279980353],[2.477856900104471,48.90991469958305],[2.4778898000619374,48.90991610019936],[2.4779321002175334,48.90991789969466],[2.477981599555084,48.90992000033648],[2.4780041998984474,48.9099209000943],[2.4780496001314707,48.90992280028857],[2.47805240041983,48.90992300044294],[2.4781697994109,48.909927899579785],[2.478176500267609,48.90992809963605],[2.4782081996463297,48.90992950033073],[2.478233300142748,48.90993059978789],[2.4782896003253025,48.90993299971319],[2.4783064006188424,48.909933800411295],[2.478333400239506,48.90993490002449],[2.4783730000807322,48.909936600372774],[2.478407200261321,48.909938000213515],[2.478416700410538,48.90993850021999],[2.478496100305414,48.9099418000994],[2.4785297005588656,48.90994329981322],[2.4785576006317864,48.9099443996985],[2.478647499366687,48.90994820022188],[2.4786861005593632,48.90994989971747],[2.4786952002404252,48.90995020011367],[2.4787461993896542,48.90995239959363],[2.4787649997809296,48.90995319993748],[2.4788192000584828,48.909955899834614],[2.478877499736416,48.90995849973283],[2.4788886005904107,48.90995910019214],[2.478975899730769,48.90996309959563],[2.4790060001757923,48.90996450031886],[2.479016800166624,48.909964899813865],[2.479066300591591,48.90996690018976],[2.479124400373739,48.90996930035379],[2.479143700120596,48.909970100111536],[2.4791766997471423,48.90997149990807],[2.4792039999158404,48.90997269955426],[2.479235899538085,48.909974000126006],[2.4792755001696984,48.90997589982297],[2.479344300092212,48.90997900018134],[2.4793861002738624,48.90998060004358],[2.479395100373871,48.909980899953794],[2.479457099394176,48.909983299815444],[2.4795672005528235,48.90998810022039],[2.4796097000977952,48.909990300176005],[2.479661400029937,48.90999310034255],[2.4796815996058887,48.909994099968834],[2.479704899626055,48.909995300111774],[2.4797841001235614,48.90999850024719],[2.4798466006153563,48.91000109993004],[2.479913999359227,48.91000379998467],[2.4799777000945804,48.9100062995923],[2.4800349001400157,48.91000850026106],[2.4800584996896844,48.91000990037988],[2.480037399499745,48.90985760011374],[2.480018199866264,48.90970229992352],[2.4799812994792862,48.90970079978979],[2.479837900640695,48.909694599760485],[2.479554000017183,48.909681600251055],[2.479325599722597,48.909671299993484],[2.4790470003921383,48.90965850038415],[2.4787940004515043,48.90964629982956],[2.4785096996978013,48.90963229968015],[2.4782658998200917,48.9096217001389],[2.4779546001742982,48.90960629957819],[2.477638200127061,48.90959030041641],[2.4772635999217925,48.90957299967829],[2.4769356002700493,48.909558699871205],[2.4766661994793133,48.909545700166795],[2.4766595004177083,48.909405299564014],[2.4766933000364446,48.9093066000366],[2.4767403000956465,48.90916220008994],[2.4767824993997634,48.909037300195244],[2.476813000439743,48.90895019972773],[2.4768333998862233,48.90895000014757],[2.47701900063276,48.90895849959443],[2.4772214004757447,48.908968299610216],[2.477317399531623,48.90897200006535],[2.477409899929738,48.908975900112495],[2.477688600571085,48.90898840003403],[2.477785299581923,48.908992099568664],[2.477809300073915,48.908993599905486],[2.4779179995287035,48.908998099860995],[2.4782292000601878,48.909012000081006],[2.4784586996961075,48.909022700228256],[2.4786459998592143,48.90902979984747],[2.4789731997527076,48.90904520034613],[2.479110899356695,48.90905099983441],[2.479387300663902,48.90906390037723],[2.479737000474231,48.90907919962531],[2.479839100651065,48.90908429958141],[2.480006700397644,48.909090899645896]]]},"properties":{"idtup":"930100000H0171","idcomtxt":"BONDY","source":"Copropriété immatriculée","nom_usage":"SDC Les Galiotes"}},{"type":"Feature","geometry":{"type":"Polygon","coordinates":[[[2.4763669004290536,48.90995129994476],[2.476462400517973,48.910080600107655],[2.476506299367313,48.910140900062174],[2.4766708001112616,48.9101480002337],[2.4768317005405964,48.91015549993063],[2.4768021994282,48.91008469984029],[2.4767868005295424,48.91004749971379],[2.4767656000134632,48.9099938000218],[2.476721500553046,48.90988829970875],[2.4767120004490466,48.90986310037313],[2.4767040996181056,48.909841399993205],[2.476630400429876,48.90986329965424],[2.4765692002067423,48.909882699881244],[2.4765653998073844,48.90988399984618],[2.4765065001906894,48.909903900210516],[2.4764743005927783,48.90991480016261],[2.4764270995513864,48.90993080010227],[2.4764184997768077,48.909933699619046],[2.4763669004290536,48.90995129994476]]]},"properties":{"idtup":"930100000H0365","idcomtxt":"BONDY","source":"Copropriété immatriculée","nom_usage":"43 bis Rue Paul Renaud"}},{"type":"Feature","geometry":{"type":"Polygon","coordinates":[[[2.479552299449392,48.90791899980822],[2.479529899771621,48.90791789976618],[2.4793323993978,48.90790869957367],[2.4792326000742313,48.90790389964629],[2.4791998005736082,48.90790240000541],[2.4790343999271776,48.90789470041608],[2.478985499421359,48.908160199847735],[2.4789502994456325,48.90834709988008],[2.4792406001709164,48.908361099934204],[2.4794973998238437,48.90837279990012],[2.479503200557362,48.90832220001553],[2.4795082998016222,48.908277900261375],[2.479519400492316,48.908186800121605],[2.479552299449392,48.90791899980822]]]},"properties":{"idtup":"930100000H0366","idcomtxt":"BONDY","source":"Copropriété non immatriculée","nom_usage":null}},{"type":"Feature","geometry":{"type":"Polygon","coordinates":[[[2.479612100293324,48.90792159959067],[2.4796033004537708,48.90792150020888],[2.479552299449392,48.90791899980822],[2.479519400492316,48.908186800121605],[2.4795082998016222,48.908277900261375],[2.479503200557362,48.90832220001553],[2.4795653993357316,48.908325300355266],[2.480010899348443,48.908347499854585],[2.4800455005636306,48.90794059977367],[2.4796562002334706,48.90792280017887],[2.479612100293324,48.90792159959067]]]},"properties":{"idtup":"930100000H0378","idcomtxt":"BONDY","source":"Copropriété non immatriculée","nom_usage":null}},{"type":"Feature","geometry":{"type":"Polygon","coordinates":[[[2.480053399753323,48.90785960007424],[2.480052499332842,48.90778079962767],[2.4800517997846647,48.907502299974595],[2.4800516993904886,48.907479299971676],[2.480049800622998,48.907479000356936],[2.479825600057358,48.9074351996535],[2.4798261998094135,48.90753900022853],[2.479229400546658,48.907419599878686],[2.479073099880303,48.90775919963332],[2.4791122004789874,48.90776700021732],[2.47909080026523,48.90781339999714],[2.480053399753323,48.90785960007424]]]},"properties":{"idtup":"930100000H0383","idcomtxt":"BONDY","source":"Copropriété immatriculée","nom_usage":"LES DOCKS DE L'OURCQ"}},{"type":"Feature","geometry":{"type":"Polygon","coordinates":[[[2.4782359002858567,48.90773689992916],[2.4788281997588633,48.90776520014741],[2.478851300176072,48.90771469981202],[2.4788905003033275,48.90772250000272],[2.479046799687574,48.90738300028683],[2.478714499567369,48.90731640041553],[2.4786508995907655,48.907453999648304],[2.4782728002566947,48.90737829974856],[2.47833630055461,48.90724080009116],[2.478003700377352,48.907174099800365],[2.4778792998601484,48.907444299719614],[2.4777567997419863,48.90771070010263],[2.4782359002858567,48.90773689992916]]]},"properties":{"idtup":"930100000H0384","idcomtxt":"BONDY","source":"Copropriété immatriculée","nom_usage":"CANAL HORIZON"}},{"type":"Feature","geometry":{"type":"Polygon","coordinates":[[[2.478308499602203,48.90786179958034],[2.478308800235706,48.907859299940135],[2.4782326994939634,48.907855599710274],[2.4777180001997237,48.90782709984153],[2.477671599847697,48.90823459991338],[2.4778196996637765,48.90824190041506],[2.477962499632223,48.908248899753325],[2.478096999701504,48.908255600164324],[2.478155699624645,48.90825849983789],[2.478262599993023,48.90826389994399],[2.4782629005496943,48.90826100011672],[2.478308499602203,48.90786179958034]]]},"properties":{"idtup":"930100000H0385","idcomtxt":"BONDY","source":"Copropriété immatriculée","nom_usage":"CARRE DES RIVES"}},{"type":"Feature","geometry":{"type":"Polygon","coordinates":[[[2.477269899821819,48.90780680043585],[2.476928899957381,48.90779010023411],[2.4765203001784535,48.90777000017905],[2.4764542996923433,48.907766799800754],[2.4764082994763164,48.90817640016034],[2.4764587995581224,48.90817879988712],[2.4770079996024075,48.90820570035016],[2.47717700033924,48.908213899569986],[2.477342799460381,48.90822180040344],[2.4774827002425575,48.90822880025472],[2.4775278000320715,48.90782380002107],[2.4775284004563747,48.9078192998512],[2.477269899821819,48.90780680043585]]]},"properties":{"idtup":"930100000H0402","idcomtxt":"BONDY","source":"Plusieurs copropriétés immatriculées","nom_usage":"TERRASSES DU CANAL"}},{"type":"Feature","geometry":{"type":"Polygon","coordinates":[[[2.477269899821819,48.90780680043585],[2.476928899957381,48.90779010023411],[2.4765203001784535,48.90777000017905],[2.4764542996923433,48.907766799800754],[2.4764082994763164,48.90817640016034],[2.4764587995581224,48.90817879988712],[2.4770079996024075,48.90820570035016],[2.47717700033924,48.908213899569986],[2.477342799460381,48.90822180040344],[2.4774827002425575,48.90822880025472],[2.4775278000320715,48.90782380002107],[2.4775284004563747,48.9078192998512],[2.477269899821819,48.90780680043585]]]},"properties":{"idtup":"930100000H0402","idcomtxt":"BONDY","source":"Plusieurs copropriétés immatriculées","nom_usage":"TERRASSES DU CANAL"}},{"type":"Feature","geometry":{"type":"Polygon","coordinates":[[[2.477269899821819,48.90780680043585],[2.476928899957381,48.90779010023411],[2.4765203001784535,48.90777000017905],[2.4764542996923433,48.907766799800754],[2.4764082994763164,48.90817640016034],[2.4764587995581224,48.90817879988712],[2.4770079996024075,48.90820570035016],[2.47717700033924,48.908213899569986],[2.477342799460381,48.90822180040344],[2.4774827002425575,48.90822880025472],[2.4775278000320715,48.90782380002107],[2.4775284004563747,48.9078192998512],[2.477269899821819,48.90780680043585]]]},"properties":{"idtup":"930100000H0402","idcomtxt":"BONDY","source":"Plusieurs copropriétés immatriculées","nom_usage":"LES TERRASSES DU CANAL"}},{"type":"Feature","geometry":{"type":"Polygon","coordinates":[[[2.4779162003238935,48.90488560024111],[2.477989099659212,48.90488380011295],[2.477989099412348,48.90488260044419],[2.478031299337856,48.90488119978038],[2.4781370002956096,48.90487750018672],[2.478137099950812,48.9048744996531],[2.4781913994818843,48.90487330003356],[2.4782065000533375,48.90487230014536],[2.478246099725067,48.90487199961457],[2.478382799438502,48.904867700100795],[2.4783828002433363,48.90484719963626],[2.478379800380052,48.9048437998043],[2.4783793999746297,48.904825900169584],[2.4783765002917315,48.90479290027634],[2.478375099373969,48.90477709974909],[2.4783441996642543,48.9047782997428],[2.478264199479487,48.90478109975581],[2.478060500452163,48.904788600086704],[2.478055099837235,48.904789400313106],[2.4779073006308123,48.90479349998976],[2.4779162003238935,48.90488560024111]]]},"properties":{"idtup":"930100000J0027","idcomtxt":"BONDY","source":"Copropriété immatriculée","nom_usage":"Villa Fleury II"}},{"type":"Feature","geometry":{"type":"Polygon","coordinates":[[[2.4783582002030333,48.90455260012615],[2.4783544003204616,48.90450720033321],[2.47827520012928,48.90451079971823],[2.4782703006667868,48.904510600315575],[2.4781515005078965,48.90451509998925],[2.478103299546396,48.90451639990499],[2.4776606002549584,48.90453219988734],[2.477662999969373,48.90457800008216],[2.477665700357269,48.90460580027084],[2.477667499556681,48.90462240022702],[2.4778094002677276,48.90461809976869],[2.4779421999543216,48.90461249955443],[2.4780813998210665,48.904607900125214],[2.4781566995376467,48.90460530008514],[2.478252399631007,48.904602099997575],[2.4782827999550925,48.904600899651236],[2.4783612993575725,48.90459849957481],[2.4783582002030333,48.90455260012615]]]},"properties":{"idtup":"930100000J0030","idcomtxt":"BONDY","source":"Copropriété non immatriculée","nom_usage":null}},{"type":"Feature","geometry":{"type":"Polygon","coordinates":[[[2.4776606002549584,48.90453219988734],[2.478103299546396,48.90451639990499],[2.4781515005078965,48.90451509998925],[2.4782703006667868,48.904510600315575],[2.47827520012928,48.90451079971823],[2.4783544003204616,48.90450720033321],[2.4783463001964026,48.90440140001192],[2.478281900396585,48.904403599795586],[2.4782628005836775,48.90440470008151],[2.4781693996441163,48.904408699779744],[2.4776595002323165,48.90442729966702],[2.477650300569723,48.904426999649644],[2.4776606002549584,48.90453219988734]]]},"properties":{"idtup":"930100000J0031","idcomtxt":"BONDY","source":"Copropriété non immatriculée","nom_usage":null}},{"type":"Feature","geometry":{"type":"Polygon","coordinates":[[[2.4782836002291053,48.90382199999361],[2.4782044999443316,48.90383369977765],[2.4781230003511174,48.90384510037954],[2.478104300412294,48.90384769971989],[2.478037199725623,48.90385729964851],[2.478022299372741,48.90386040025763],[2.477935200174411,48.90387000020766],[2.4778970002073413,48.90387540038018],[2.4777935995582827,48.90389300040359],[2.477724599612201,48.903904799662996],[2.477614899493044,48.903923999800284],[2.477611599680427,48.9039243999869],[2.47761369958686,48.90395820041498],[2.4776188994879655,48.904012600281085],[2.4776250006389917,48.9040124002657],[2.477734299720546,48.904007900158156],[2.477789599571379,48.904006300399566],[2.4779422995749614,48.90400000006069],[2.478114799983133,48.90399399983596],[2.4782572999120562,48.90398840017332],[2.4783458000232583,48.90398589978367],[2.478338399762567,48.90396450014198],[2.4782836002291053,48.90382199999361]]]},"properties":{"idtup":"930100000J0037","idcomtxt":"BONDY","source":"Copropriété immatriculée","nom_usage":"SDC 34 Villa Fleury 93140 BONDY"}},{"type":"Feature","geometry":{"type":"Polygon","coordinates":[[[2.4784584993745487,48.90479019972134],[2.4784662005032603,48.904880300059226],[2.478497999989767,48.9048792999991],[2.47853169941054,48.90487820028587],[2.4786104003898513,48.90487560037846],[2.4787252995084788,48.904871399824515],[2.4787717000644864,48.90487009991663],[2.4787645998170644,48.90478070007238],[2.478717099817134,48.904781999688915],[2.4786032999794347,48.90478569961247],[2.4785257993321435,48.90478859971144],[2.4784584993745487,48.90479019972134]]]},"properties":{"idtup":"930100000J0054","idcomtxt":"BONDY","source":"Copropriété non immatriculée","nom_usage":null}},{"type":"Feature","geometry":{"type":"Polygon","coordinates":[[[2.480221100504661,48.90520740038954],[2.480222899364437,48.905174799552384],[2.480240800480648,48.905174500424906],[2.480245699504507,48.905095099938215],[2.4802278995263185,48.90509469984922],[2.4802376993708255,48.9049640002214],[2.4802413001432653,48.90490450011239],[2.4801896002982122,48.904874599727584],[2.480180600271985,48.904875200072404],[2.4800507002820726,48.904882999758264],[2.4799859996949567,48.90488739974324],[2.4798177995041217,48.90489760039664],[2.4797610003866164,48.90490129984594],[2.479593800052089,48.904911500031254],[2.4795219996511006,48.90491650022819],[2.47952359936819,48.90493210015895],[2.4794849996190207,48.90493390009569],[2.4794571002263295,48.90493600012557],[2.4794441997210686,48.90493690001808],[2.479368699611574,48.90494190023179],[2.479170499959477,48.90495450021079],[2.479135799465689,48.9049567999146],[2.4790576005825415,48.90496170006512],[2.4789797994790033,48.9049671999301],[2.4789181996643674,48.90497089968093],[2.478888900395299,48.904972200305146],[2.4788897001237022,48.90499219974147],[2.4788948002506186,48.9050439002583],[2.4788964004592495,48.905067200012816],[2.478906200185079,48.90520529971408],[2.478919800154353,48.905369199778235],[2.4789266003982147,48.905465299846355],[2.478982300403624,48.90547430042985],[2.4797187003755443,48.905584900295246],[2.4799385002271186,48.905619000333544],[2.480058899970798,48.90555730042854],[2.480071999726076,48.90554630039241],[2.4800943004505576,48.9055302997129],[2.4801136997009383,48.90552070024646],[2.4801200002409685,48.90552350013589],[2.480169000559622,48.905489099625854],[2.480178199602196,48.905494399556424],[2.4802002002669714,48.90548029957495],[2.480200799363177,48.90546730008871],[2.480207899941127,48.90536429984116],[2.480223500466924,48.90536420026949],[2.4802264993581247,48.905292299812544],[2.480233400489396,48.90520789981729],[2.480221100504661,48.90520740038954]]]},"properties":{"idtup":"930100000J0236","idcomtxt":"BONDY","source":"Plusieurs copropriétés immatriculées","nom_usage":"RESIDENCE BONDY"}},{"type":"Feature","geometry":{"type":"Polygon","coordinates":[[[2.480221100504661,48.90520740038954],[2.480222899364437,48.905174799552384],[2.480240800480648,48.905174500424906],[2.480245699504507,48.905095099938215],[2.4802278995263185,48.90509469984922],[2.4802376993708255,48.9049640002214],[2.4802413001432653,48.90490450011239],[2.4801896002982122,48.904874599727584],[2.480180600271985,48.904875200072404],[2.4800507002820726,48.904882999758264],[2.4799859996949567,48.90488739974324],[2.4798177995041217,48.90489760039664],[2.4797610003866164,48.90490129984594],[2.479593800052089,48.904911500031254],[2.4795219996511006,48.90491650022819],[2.47952359936819,48.90493210015895],[2.4794849996190207,48.90493390009569],[2.4794571002263295,48.90493600012557],[2.4794441997210686,48.90493690001808],[2.479368699611574,48.90494190023179],[2.479170499959477,48.90495450021079],[2.479135799465689,48.9049567999146],[2.4790576005825415,48.90496170006512],[2.4789797994790033,48.9049671999301],[2.4789181996643674,48.90497089968093],[2.478888900395299,48.904972200305146],[2.4788897001237022,48.90499219974147],[2.4788948002506186,48.9050439002583],[2.4788964004592495,48.905067200012816],[2.478906200185079,48.90520529971408],[2.478919800154353,48.905369199778235],[2.4789266003982147,48.905465299846355],[2.478982300403624,48.90547430042985],[2.4797187003755443,48.905584900295246],[2.4799385002271186,48.905619000333544],[2.480058899970798,48.90555730042854],[2.480071999726076,48.90554630039241],[2.4800943004505576,48.9055302997129],[2.4801136997009383,48.90552070024646],[2.4801200002409685,48.90552350013589],[2.480169000559622,48.905489099625854],[2.480178199602196,48.905494399556424],[2.4802002002669714,48.90548029957495],[2.480200799363177,48.90546730008871],[2.480207899941127,48.90536429984116],[2.480223500466924,48.90536420026949],[2.4802264993581247,48.905292299812544],[2.480233400489396,48.90520789981729],[2.480221100504661,48.90520740038954]]]},"properties":{"idtup":"930100000J0236","idcomtxt":"BONDY","source":"Plusieurs copropriétés immatriculées","nom_usage":"SDC LE COEUR VILLE"}},{"type":"Feature","geometry":{"type":"Polygon","coordinates":[[[2.4794691994728675,48.90463380030927],[2.479487500423416,48.904786400414984],[2.479636900064717,48.90477680022081],[2.479770699582033,48.90476849992306],[2.479930199470679,48.90475890006441],[2.4800760997588784,48.90475040016152],[2.4801214994477987,48.90474590017005],[2.480198000235837,48.90474119969517],[2.480227900567966,48.90473979973841],[2.480242499364039,48.90473179995469],[2.480244299365226,48.90471370033821],[2.480261899368241,48.904456900316326],[2.4802638003568505,48.904432100439166],[2.4802431998598147,48.90441599988764],[2.4802113993529646,48.90441850044038],[2.4795769999779447,48.904460699995084],[2.479584899355046,48.904522699774915],[2.4795992006043246,48.904624700405144],[2.4794691994728675,48.90463380030927]]]},"properties":{"idtup":"930100000J0259","idcomtxt":"BONDY","source":"Copropriété immatriculée","nom_usage":"LE VIRGINIA - RIMBAUD-THOREL"}},{"type":"Feature","geometry":{"type":"Polygon","coordinates":[[[2.479686900453171,48.90416260037314],[2.479692399349252,48.90421310025829],[2.4797087002471367,48.90431649991024],[2.4797127005779633,48.90434359974982],[2.480034700118321,48.90432250018658],[2.4802440998256237,48.904309200063544],[2.4802536999863425,48.90430859962032],[2.4802762996564915,48.90429579990301],[2.4802829002468845,48.90413600018522],[2.4802855000772004,48.90403969986184],[2.4802879001768217,48.90392459966007],[2.480289799679005,48.90388149987252],[2.4802790999283038,48.903882799700625],[2.480113600318556,48.903908400435014],[2.479912500568317,48.903939699920414],[2.4799057998139973,48.90409890028156],[2.47986920045586,48.90412309983829],[2.4796840994413847,48.90413629982131],[2.479686900453171,48.90416260037314]]]},"properties":{"idtup":"930100000J0264","idcomtxt":"BONDY","source":"Plusieurs copropriétés immatriculées","nom_usage":"LE MAINGUY"}},{"type":"Feature","geometry":{"type":"Polygon","coordinates":[[[2.479686900453171,48.90416260037314],[2.479692399349252,48.90421310025829],[2.4797087002471367,48.90431649991024],[2.4797127005779633,48.90434359974982],[2.480034700118321,48.90432250018658],[2.4802440998256237,48.904309200063544],[2.4802536999863425,48.90430859962032],[2.4802762996564915,48.90429579990301],[2.4802829002468845,48.90413600018522],[2.4802855000772004,48.90403969986184],[2.4802879001768217,48.90392459966007],[2.480289799679005,48.90388149987252],[2.4802790999283038,48.903882799700625],[2.480113600318556,48.903908400435014],[2.479912500568317,48.903939699920414],[2.4799057998139973,48.90409890028156],[2.47986920045586,48.90412309983829],[2.4796840994413847,48.90413629982131],[2.479686900453171,48.90416260037314]]]},"properties":{"idtup":"930100000J0264","idcomtxt":"BONDY","source":"Plusieurs copropriétés immatriculées","nom_usage":"LE REMBRANDT"}},{"type":"Feature","geometry":{"type":"Polygon","coordinates":[[[2.4779073006308123,48.90479349998976],[2.478055099837235,48.904789400313106],[2.478060500452163,48.904788600086704],[2.478264199479487,48.90478109975581],[2.4783441996642543,48.9047782997428],[2.478375099373969,48.90477709974909],[2.4783686998375725,48.90468699966865],[2.478288200228281,48.904690099687556],[2.4782595001667644,48.90469070041324],[2.4780883996454235,48.90469740031352],[2.478056600625526,48.90469850008913],[2.477900599855084,48.90470400020169],[2.4779073006308123,48.90479349998976]]]},"properties":{"idtup":"930100000J0279","idcomtxt":"BONDY","source":"Copropriété immatriculée","nom_usage":"16 VILLA FLEURY"}},{"type":"Feature","geometry":{"type":"Polygon","coordinates":[[[2.4773612999624954,48.90382120043197],[2.4773600005111858,48.90381529983698],[2.477357800031601,48.903793299602164],[2.477337600345358,48.90379500017124],[2.4773333000036395,48.903785000052345],[2.4773536998515566,48.90377070023601],[2.4773527995791027,48.90376390028181],[2.477339599804409,48.9036945001952],[2.4773321001062674,48.90366430037808],[2.4772533005808777,48.90367390007809],[2.477168299756707,48.90368430001527],[2.4771288993980205,48.90372079976653],[2.4771284995325975,48.90376930008215],[2.4771203002741786,48.90376909971655],[2.477115800549596,48.90387130014079],[2.4771106001976984,48.903948999612574],[2.477260299839959,48.90395090036957],[2.477373500172049,48.90395279996334],[2.4773695006085408,48.90389639987657],[2.4773612999624954,48.90382120043197]]]},"properties":{"idtup":"930100000J0310","idcomtxt":"BONDY","source":"Copropriété immatriculée","nom_usage":"SDC LE MYKONOS"}},{"type":"Feature","geometry":{"type":"Polygon","coordinates":[[[2.477373500172049,48.90395279996334],[2.477445399348882,48.903954700030766],[2.4775315003125167,48.903956099940636],[2.47761369958686,48.90395820041498],[2.477611599680427,48.9039243999869],[2.477614899493044,48.903923999800284],[2.477724599612201,48.903904799662996],[2.4777935995582827,48.90389300040359],[2.4778970002073413,48.90387540038018],[2.477935200174411,48.90387000020766],[2.478022299372741,48.90386040025763],[2.478037199725623,48.90385729964851],[2.4779493995568034,48.90368910004629],[2.477948000624223,48.90368739966382],[2.477932599672767,48.903658400189016],[2.4779256006207007,48.903643399898705],[2.4778962004992398,48.90358899976067],[2.4773321001062674,48.90366430037808],[2.477339599804409,48.9036945001952],[2.4773527995791027,48.90376390028181],[2.4773536998515566,48.90377070023601],[2.4773333000036395,48.903785000052345],[2.477337600345358,48.90379500017124],[2.477357800031601,48.903793299602164],[2.4773600005111858,48.90381529983698],[2.4773612999624954,48.90382120043197],[2.4773695006085408,48.90389639987657],[2.477373500172049,48.90395279996334]]]},"properties":{"idtup":"930100000J0314","idcomtxt":"BONDY","source":"Copropriété immatriculée","nom_usage":"SDC 37/41 RUE JULES GUESDE****"}},{"type":"Feature","geometry":{"type":"Polygon","coordinates":[[[2.4787107004361175,48.90348259961702],[2.478626200580945,48.903493300437425],[2.4783301995723326,48.90353030029446],[2.4782663000968954,48.90353889988181],[2.478182099982742,48.90355029955329],[2.478199900276987,48.90359770018041],[2.4782065999288596,48.90361739980297],[2.478209400261976,48.903621100040446],[2.4782168997155485,48.9036476998942],[2.4782467005194806,48.903726399936794],[2.4782557003458074,48.9037503003213],[2.478274099365429,48.903798000305805],[2.4782836002291053,48.90382199999361],[2.478338399762567,48.90396450014198],[2.4783458000232583,48.90398589978367],[2.4784033005155752,48.90398249993086],[2.4784099999707854,48.904060500369276],[2.4784197996564163,48.90416020006283],[2.4785278996623012,48.90415789999618],[2.478656100209367,48.904154000233625],[2.4787248996414504,48.90415269981342],[2.4787401003020433,48.90415189993883],[2.478769900011929,48.904151800298834],[2.478806900682772,48.904151199599035],[2.47895280015327,48.90414889994902],[2.479017599848539,48.90414759994733],[2.479018000648867,48.904144900188484],[2.478999200164282,48.9040714003228],[2.4789807003040343,48.90399839996986],[2.4789760001564938,48.903980200139074],[2.478975500618289,48.903977500060726],[2.4789681006736775,48.90395249965588],[2.4789491006524584,48.90387210035607],[2.478945900640476,48.903854899877054],[2.478908800302748,48.90371189964956],[2.4789090000376124,48.90370829971325],[2.4787949005997842,48.90372539990734],[2.4787904002706913,48.90372540010875],[2.478768199851167,48.90365689988989],[2.4787352993154617,48.90355160041597],[2.4787209003467403,48.9035055995969],[2.4787107004361175,48.90348259961702]]]},"properties":{"idtup":"930100000J0316","idcomtxt":"BONDY","source":"Copropriété non immatriculée","nom_usage":null}},{"type":"Feature","geometry":{"type":"Polygon","coordinates":[[[2.4861815005230614,48.90819389973031],[2.486283499532414,48.90821479982603],[2.4863374001303122,48.908225600417275],[2.4864056994956116,48.90823899963939],[2.4864433996725097,48.908246600265834],[2.486478600556103,48.90817039989775],[2.4864826000277684,48.90816049958734],[2.486517300169956,48.908085399594874],[2.486546499595069,48.90802259998783],[2.4862848999512295,48.90796909967248],[2.486280300417221,48.90797869973706],[2.486231499725493,48.908085100407376],[2.486221100613954,48.90810770012482],[2.4862037005303432,48.90814379974795],[2.486194399768081,48.90816679986409],[2.4861815005230614,48.90819389973031]]]},"properties":{"idtup":"930100000L0006","idcomtxt":"BONDY","source":"Copropriété non immatriculée","nom_usage":null}},{"type":"Feature","geometry":{"type":"Polygon","coordinates":[[[2.486908000142749,48.90718279974707],[2.486862000244177,48.90717690024755],[2.4868555994451516,48.907193900146275],[2.486847699902771,48.90721969955514],[2.4868265999556236,48.90728120031816],[2.486816100128633,48.90730879977012],[2.486790700051987,48.90738690023458],[2.486782900050499,48.90741089966597],[2.486780100618295,48.907421000282035],[2.486915599825781,48.90744110002276],[2.4869171997508435,48.90743199968147],[2.4869282996115136,48.90739930017502],[2.486979600501074,48.907238200148335],[2.486993900144491,48.907195599568155],[2.486908000142749,48.90718279974707]]]},"properties":{"idtup":"930100000L0030","idcomtxt":"BONDY","source":"Copropriété non immatriculée","nom_usage":null}},{"type":"Feature","geometry":{"type":"Polygon","coordinates":[[[2.4865429006730504,48.907296400373404],[2.4865030999861393,48.907290899619234],[2.486398000332335,48.90727540016791],[2.486359500402374,48.907269699902926],[2.486341799865686,48.90726730021389],[2.486280500266885,48.90725929977017],[2.486142500216901,48.90723860043516],[2.486124499722494,48.90723659961492],[2.486082299737486,48.907230100098104],[2.486077100319669,48.90725209981406],[2.4860681004194722,48.90729590020606],[2.4860924002836398,48.90731870005776],[2.486225699576707,48.9073390996042],[2.4865145006068228,48.90738109956449],[2.4865175996679336,48.907372299724685],[2.486529900055035,48.907335199735535],[2.4865429006730504,48.907296400373404]]]},"properties":{"idtup":"930100000L0033","idcomtxt":"BONDY","source":"Copropriété non immatriculée","nom_usage":null}},{"type":"Feature","geometry":{"type":"Polygon","coordinates":[[[2.4878217003464838,48.90719609963128],[2.487830700678933,48.90717290024191],[2.4878387994286455,48.907151900277874],[2.4878613996461554,48.907087400293236],[2.487697800587133,48.90706230004454],[2.4876600995468374,48.907169200289175],[2.4876914998042343,48.90717340031808],[2.487790800264381,48.9071907003127],[2.4878217003464838,48.90719609963128]]]},"properties":{"idtup":"930100000L0041","idcomtxt":"BONDY","source":"Copropriété non immatriculée","nom_usage":null}},{"type":"Feature","geometry":{"type":"Polygon","coordinates":[[[2.4903552997835674,48.90767809959323],[2.4902557996374037,48.90755479974033],[2.490225900255123,48.90751780038244],[2.4901522000613934,48.907426799695074],[2.4901310996409807,48.90742369993165],[2.4898141994042637,48.90737719955539],[2.4896274005466297,48.907348799842055],[2.4894096005352453,48.90731639981378],[2.489194099533059,48.90728400019819],[2.4891509004125765,48.9073180999226],[2.4893953999289478,48.90761570034447],[2.489449399491568,48.90768219978207],[2.489576399617551,48.907836699912465],[2.489777999374999,48.90808210031202],[2.4898855001347653,48.908214100204255],[2.489982600584899,48.908332700235604],[2.489994899832839,48.908347699822954],[2.4901835005696547,48.90837610029485],[2.4903370993290808,48.90839799981272],[2.4903409997052655,48.908399400426255],[2.490504400448045,48.908293400201046],[2.4906870996818022,48.908175799926816],[2.490881999927107,48.90805040035462],[2.4910688998459296,48.90793009965545],[2.4912110005613775,48.90783900012687],[2.4912079004720122,48.90783639967978],[2.4911442002198636,48.90779499971462],[2.490691900260931,48.907727300134745],[2.4903552997835674,48.90767809959323]]]},"properties":{"idtup":"930100000L0061","idcomtxt":"BONDY","source":"Copropriété non immatriculée","nom_usage":null}},{"type":"Feature","geometry":{"type":"Polygon","coordinates":[[[2.4871436001896283,48.90721740019535],[2.4870392995676807,48.907201800408245],[2.4870022006238472,48.90719679970823],[2.486993900144491,48.907195599568155],[2.486979600501074,48.907238200148335],[2.4869282996115136,48.90739930017502],[2.4869171997508435,48.90743199968147],[2.48706540008176,48.90745459974638],[2.4870769996248288,48.90741950034102],[2.487102299544052,48.90734100010261],[2.4871122998505495,48.90730869965387],[2.4871394002999474,48.90722800023098],[2.4871436001896283,48.90721740019535]]]},"properties":{"idtup":"930100000L0118","idcomtxt":"BONDY","source":"Copropriété non immatriculée","nom_usage":null}},{"type":"Feature","geometry":{"type":"Polygon","coordinates":[[[2.4914934996657756,48.90762589974221],[2.4911442002198636,48.90779499971462],[2.4912079004720122,48.90783639967978],[2.4912110005613775,48.90783900012687],[2.4910688998459296,48.90793009965545],[2.490881999927107,48.90805040035462],[2.4906870996818022,48.908175799926816],[2.490504400448045,48.908293400201046],[2.4903409997052655,48.908399400426255],[2.4903370993290808,48.90839799981272],[2.4901835005696547,48.90837610029485],[2.489994899832839,48.908347699822954],[2.4900566999696863,48.90842329976175],[2.4901299996701534,48.90849640000203],[2.4902396995483964,48.90860629965928],[2.490360299619869,48.908725900431385],[2.490441900198983,48.90880919962692],[2.4904898996883023,48.90882689962019],[2.490519499863579,48.908836999620476],[2.490542900485492,48.90884419999332],[2.4905653001512236,48.90885079987083],[2.4906071998944883,48.9088620996587],[2.490642299796724,48.90887049996236],[2.4906725004550365,48.908877099716186],[2.4910754997458078,48.908616900398144],[2.491398199595021,48.90840780036595],[2.491543900279971,48.90831220039259],[2.491835800465709,48.90812479974495],[2.492035899956436,48.90799210007666],[2.492196099710221,48.90788439956586],[2.4922467999139326,48.90785079999685],[2.492264700417264,48.90780169958027],[2.4922843000438264,48.90774330042819],[2.492250199831131,48.90773750020554],[2.491642100651847,48.90764810013978],[2.4914934996657756,48.90762589974221]]]},"properties":{"idtup":"930100000L0134","idcomtxt":"BONDY","source":"Copropriété immatriculée","nom_usage":"LA BRUYERE"}},{"type":"Feature","geometry":{"type":"Polygon","coordinates":[[[2.4900142996326244,48.90667030016679],[2.489854500237153,48.90664520014488],[2.4898432002544246,48.90667820034929],[2.4898398996394455,48.90668800033925],[2.489824499594858,48.90673400042727],[2.4897832995282756,48.906852900180084],[2.4897319999306924,48.90700379978916],[2.4897074999930084,48.90707390005376],[2.4898272002923916,48.90709190038336],[2.48986739932099,48.90709770029669],[2.489897500360813,48.907102100153324],[2.4900295002919903,48.907121399983936],[2.4902202994974276,48.907149000439844],[2.490232800636516,48.90710839996016],[2.4903033005692143,48.906897999734355],[2.490304599755912,48.906892800122584],[2.4903091003598097,48.90688039996019],[2.490311400082419,48.90687179986128],[2.4903399996232474,48.90678849991542],[2.4903619002315005,48.90672419971615],[2.490363600278957,48.90671930037569],[2.490333100097615,48.906714999657005],[2.4902829996562024,48.90670739963466],[2.4902759004652686,48.9067063999811],[2.490243700291648,48.90670169991121],[2.4901744998822797,48.90669139980114],[2.490015399735297,48.906667599759906],[2.4900142996326244,48.90667030016679]]]},"properties":{"idtup":"930100000M0002","idcomtxt":"BONDY","source":"Copropriété immatriculée","nom_usage":"LES JARDINS EN VILLE"}},{"type":"Feature","geometry":{"type":"Polygon","coordinates":[[[2.4909346997119814,48.90688009981524],[2.4909413001132945,48.90686180016208],[2.4909302002209386,48.90685990043416],[2.4909503005757316,48.90680509986811],[2.4909365997029447,48.906803000234454],[2.4909328003573847,48.90680229972148],[2.490928100614921,48.90680159987829],[2.490762199921624,48.906777299800495],[2.4907284000398713,48.906771700057206],[2.490526800276554,48.90674239974949],[2.490363600278957,48.90671930037569],[2.4903619002315005,48.90672419971615],[2.4903399996232474,48.90678849991542],[2.490311400082419,48.90687179986128],[2.4903091003598097,48.90688039996019],[2.4904020997599914,48.90688849993523],[2.490551200230416,48.906901500415984],[2.49067459943159,48.90691009997838],[2.490917299895286,48.9069298002399],[2.4909346997119814,48.90688009981524]]]},"properties":{"idtup":"930100000M0026","idcomtxt":"BONDY","source":"Copropriété non immatriculée","nom_usage":null}},{"type":"Feature","geometry":{"type":"Polygon","coordinates":[[[2.4918621998799977,48.907041399900734],[2.4918832996550173,48.90704469990132],[2.4921764000382347,48.90708719996059],[2.4924439004303194,48.907126400118344],[2.492458900490022,48.90708160038639],[2.4930079996755805,48.90716059988877],[2.492994000444468,48.90720619979929],[2.4933324996982416,48.90725480025018],[2.49346950023237,48.907274899821054],[2.493592599797472,48.907292700315736],[2.493545999902453,48.907201300091636],[2.4935026004003378,48.9071189000598],[2.493477199831532,48.90707079980908],[2.4934644994182533,48.907043400244184],[2.49317650029206,48.906999799900575],[2.4930669998373705,48.90698330025238],[2.4930207002903906,48.906976599676895],[2.4929646994904386,48.90696809989109],[2.4928407001082333,48.906948800298146],[2.4928186003307675,48.90694620038244],[2.492698500227864,48.906927999906614],[2.4926718998744444,48.906923999580854],[2.492616599809583,48.906915700444955],[2.4925245000691105,48.906901899954406],[2.4923784001083447,48.90687970043618],[2.492281799515953,48.90686510009316],[2.492232300079272,48.90685780020483],[2.492196200294262,48.906852299942734],[2.492134000129455,48.906843299554836],[2.4920858002654764,48.90683549970996],[2.4919921999451815,48.906822000005164],[2.4919411005576864,48.90681370038491],[2.4918621998799977,48.907041399900734]]]},"properties":{"idtup":"930100000M0031","idcomtxt":"BONDY","source":"Copropriété immatriculée","nom_usage":"VILLA DES CERISES"}},{"type":"Feature","geometry":{"type":"Polygon","coordinates":[[[2.491792600211862,48.906793300255046],[2.4918266993557956,48.90669420013289],[2.4918587002091823,48.906605299929836],[2.491881499903204,48.906536600297805],[2.4917351995219152,48.90651480021919],[2.4917139000333934,48.906577099587544],[2.491683899331807,48.90666400010929],[2.491648099942604,48.906770799967454],[2.491792600211862,48.906793300255046]]]},"properties":{"idtup":"930100000M0042","idcomtxt":"BONDY","source":"Copropriété non immatriculée","nom_usage":null}},{"type":"Feature","geometry":{"type":"Polygon","coordinates":[[[2.491683999489494,48.905855100000224],[2.491646899511842,48.90595670006329],[2.4918953998222415,48.90599799987703],[2.491933100180076,48.90589619994704],[2.491893800493968,48.905889599659716],[2.4918634998557225,48.90588459961826],[2.49182169979506,48.90587770002494],[2.491721599715156,48.90586180016199],[2.491683999489494,48.905855100000224]]]},"properties":{"idtup":"930100000M0098","idcomtxt":"BONDY","source":"Copropriété non immatriculée","nom_usage":null}},{"type":"Feature","geometry":{"type":"Polygon","coordinates":[[[2.4929646994904386,48.90696809989109],[2.4930207002903906,48.906976599676895],[2.4930669998373705,48.90698330025238],[2.49317650029206,48.906999799900575],[2.4932196004503213,48.90687579995271],[2.4932320996265207,48.90684230001167],[2.493252700102597,48.9067810001563],[2.493264099845862,48.90674580038046],[2.4930525005747715,48.90671409956871],[2.4930378004762446,48.90675799955993],[2.493017700403511,48.90681509997651],[2.4930133996284582,48.90682750018514],[2.4930079995021335,48.90684379959474],[2.4929646994904386,48.90696809989109]]]},"properties":{"idtup":"930100000M0113","idcomtxt":"BONDY","source":"Copropriété non immatriculée","nom_usage":null}},{"type":"Feature","geometry":{"type":"Polygon","coordinates":[[[2.490946399961481,48.90573269979607],[2.4912387000191285,48.90578129968131],[2.4912346994586625,48.90570739984577],[2.4912380001374057,48.905697699632526],[2.491251099734266,48.90566540027499],[2.491253099636964,48.905659399650006],[2.491268600058897,48.90561860041524],[2.4912808000098563,48.90558720012805],[2.4912935001168055,48.90555249973496],[2.491146300315228,48.90552770041708],[2.491100400062298,48.90557519976809],[2.4910917004886555,48.90558400022373],[2.491049299643919,48.90562699993722],[2.4910154998959486,48.90566150003229],[2.490946399961481,48.90573269979607]]]},"properties":{"idtup":"930100000M0134","idcomtxt":"BONDY","source":"Copropriété non immatriculée","nom_usage":null}},{"type":"Feature","geometry":{"type":"Polygon","coordinates":[[[2.492478900125097,48.906168799916514],[2.4923921001398073,48.906154599992824],[2.492352499486077,48.90614820002617],[2.4923173998002603,48.906245400379],[2.492264299811857,48.906394000280166],[2.492239100653267,48.90646119968223],[2.4922201001987316,48.9065149997222],[2.4923532000074404,48.90653489970141],[2.492378600406782,48.90646370015305],[2.4923936003133345,48.90642239957353],[2.4924469997413086,48.906266700025036],[2.492444199594344,48.9062665002065],[2.4924520995277653,48.90624120043035],[2.4924628000111997,48.906212700223676],[2.492478900125097,48.906168799916514]]]},"properties":{"idtup":"930100000M0135","idcomtxt":"BONDY","source":"Copropriété non immatriculée","nom_usage":null}},{"type":"Feature","geometry":{"type":"Polygon","coordinates":[[[2.4859260994171755,48.90584840040464],[2.485950400591008,48.90577250037809],[2.485740099570276,48.90574209973827],[2.485736900132772,48.905747800153115],[2.485723900094866,48.90578789987374],[2.4856531001481836,48.90600830021176],[2.4855840001360754,48.906224900132706],[2.4855508993237483,48.906328100065345],[2.4855123998516153,48.906446099941526],[2.485561399666317,48.90645329974792],[2.4857144996435463,48.906475900079116],[2.4857940995201626,48.906241100221884],[2.4858147995154822,48.90617859963939],[2.4859260994171755,48.90584840040464]]]},"properties":{"idtup":"930100000N0013","idcomtxt":"BONDY","source":"Copropriété immatriculée","nom_usage":"SDC 160 AVE DU GAL GALLIENI"}},{"type":"Feature","geometry":{"type":"Polygon","coordinates":[[[2.4859260994171755,48.90584840040464],[2.4861360994215365,48.905882400217195],[2.4861026004613502,48.90598060031382],[2.4860852993824043,48.90603519990363],[2.486356400193321,48.90607600025976],[2.486457299503901,48.90609180011897],[2.4865978003507223,48.90611080027611],[2.4866046001720887,48.906112399597745],[2.4868111998111697,48.90625759999109],[2.4869584003916905,48.90628979956111],[2.4871047005301334,48.90606880005728],[2.487176200584442,48.90596129996734],[2.486957700664778,48.90580839975014],[2.48675469982451,48.90566790031632],[2.48662069931837,48.90557350031364],[2.486388200186678,48.90541109993444],[2.4862001000109464,48.9052809001228],[2.4861305004291516,48.90523239996167],[2.48612729968761,48.905242800126594],[2.486099400522992,48.90532599969442],[2.485958300138358,48.90574699956079],[2.485950400591008,48.90577250037809],[2.4859260994171755,48.90584840040464]]]},"properties":{"idtup":"930100000N0025","idcomtxt":"BONDY","source":"Copropriété immatriculée","nom_usage":"LE POINT DU JOUR"}},{"type":"Feature","geometry":{"type":"Polygon","coordinates":[[[2.4836006006716795,48.90373629975111],[2.4837221996450487,48.903659400368944],[2.4837328001663295,48.90365309968844],[2.483804299585971,48.903610000353844],[2.4836813998249956,48.90352540030552],[2.4836095995578686,48.903569400272666],[2.483558800564876,48.90360029979104],[2.483520700472625,48.9036238995565],[2.4833967996709356,48.90363539968277],[2.4833595998929665,48.90363809991035],[2.483299999703565,48.9036437997916],[2.4833239998364776,48.90375999957398],[2.483328600364625,48.90375979998946],[2.4833816004307527,48.903754700238444],[2.4834082004779097,48.90375190033003],[2.4835441006107803,48.90374039977228],[2.4836006006716795,48.90373629975111]]]},"properties":{"idtup":"930100000O0002","idcomtxt":"BONDY","source":"Copropriété immatriculée","nom_usage":"LE CARRE DE TASSIGNY"}},{"type":"Feature","geometry":{"type":"Polygon","coordinates":[[[2.4841058995348346,48.90381980015514],[2.484076300496113,48.903837799885174],[2.484037100597637,48.903862399592015],[2.4839662993431646,48.903906199922176],[2.483940999503917,48.90392149955161],[2.483852600064535,48.903976899620154],[2.4838463004125697,48.90398019988856],[2.483797499762158,48.90400929961395],[2.4838546996464843,48.904091899636896],[2.483892900400578,48.904091600206556],[2.483933899482356,48.90406469979637],[2.484039400182991,48.90399799987531],[2.484069300059221,48.90397980000886],[2.4841003996102513,48.90396030041562],[2.484164500640825,48.903920300378836],[2.484180800420461,48.903910300197424],[2.484209200020862,48.90389329979731],[2.4841058995348346,48.90381980015514]]]},"properties":{"idtup":"930100000O0011","idcomtxt":"BONDY","source":"Copropriété immatriculée","nom_usage":"11 AVENUE PASTEUR"}},{"type":"Feature","geometry":{"type":"Polygon","coordinates":[[[2.4847156000186232,48.90424629955085],[2.484603099960537,48.90416670039931],[2.484529599340958,48.904169699830234],[2.484377200047259,48.90417349990942],[2.484341599824203,48.90417429991002],[2.4842136002386996,48.90417820032642],[2.4841766001397807,48.90417930001224],[2.484020799445158,48.904183700112014],[2.484020999590891,48.904238099704955],[2.4840225006299406,48.904263100449],[2.484329899878382,48.90425549960371],[2.4843450000247627,48.904255200395404],[2.4844693004467975,48.90425209958287],[2.4845028002788108,48.90425140021931],[2.4847156000186232,48.90424629955085]]]},"properties":{"idtup":"930100000O0014","idcomtxt":"BONDY","source":"Copropriété immatriculée","nom_usage":"SDC 19 AVENUE PASTEUR"}},{"type":"Feature","geometry":{"type":"Polygon","coordinates":[[[2.484469200268941,48.90441800041702],[2.4844686998065817,48.90437170044712],[2.4844669996501745,48.9043267001976],[2.4843994001299254,48.904327500076924],[2.484313899788551,48.90432749981188],[2.48402250035103,48.904329600170534],[2.4838160001412017,48.90433109987562],[2.4837897995083473,48.90433170010652],[2.483514500012418,48.9043330997124],[2.4834256006439226,48.90433360035543],[2.4834316997229413,48.904424199772],[2.4835150994155946,48.90442309985654],[2.4837919995577593,48.904421699951286],[2.4844002995735988,48.904417800069986],[2.484469200268941,48.90441800041702]]]},"properties":{"idtup":"930100000O0058","idcomtxt":"BONDY","source":"Copropriété immatriculée","nom_usage":"LES HORTENSIAS"}},{"type":"Feature","geometry":{"type":"Polygon","coordinates":[[[2.483804299585971,48.903610000353844],[2.4837328001663295,48.90365309968844],[2.4837221996450487,48.903659400368944],[2.4836006006716795,48.90373629975111],[2.4836536994164704,48.903810499821795],[2.483799999558546,48.90371980004732],[2.4838150993983423,48.90371139999582],[2.48388469993074,48.90366609993457],[2.483804299585971,48.903610000353844]]]},"properties":{"idtup":"930100000O0079","idcomtxt":"BONDY","source":"Copropriété non immatriculée","nom_usage":null}},{"type":"Feature","geometry":{"type":"Polygon","coordinates":[[[2.4808739001849816,48.905020499638766],[2.480853299657489,48.90502050028396],[2.4804360997458996,48.905010399779336],[2.480426499495797,48.905158599774076],[2.48045550065905,48.905159700412135],[2.4804931997862307,48.90516039990941],[2.48053420044369,48.905161899701895],[2.4805788002296842,48.90516499965571],[2.4806793995883902,48.90517099983297],[2.48072880016293,48.90517490023887],[2.480864400592785,48.905183900077844],[2.480873299428041,48.90503040013529],[2.4808739001849816,48.905020499638766]]]},"properties":{"idtup":"930100000P0025","idcomtxt":"BONDY","source":"Copropriété immatriculée","nom_usage":"11 rue Auguste Polissard"}},{"type":"Feature","geometry":{"type":"Polygon","coordinates":[[[2.480864400592785,48.905183900077844],[2.48072880016293,48.90517490023887],[2.4806793995883902,48.90517099983297],[2.4805788002296842,48.90516499965571],[2.48053420044369,48.905161899701895],[2.4804931997862307,48.90516039990941],[2.48045550065905,48.905159700412135],[2.480426499495797,48.905158599774076],[2.4804183993345985,48.905314499771755],[2.480500199815321,48.905318100153444],[2.4805247000816664,48.905319799972],[2.4807203993213283,48.90533710034609],[2.4807548004777473,48.905339799895934],[2.48085569983268,48.90534790019047],[2.480856500171807,48.90531580042885],[2.480864400592785,48.905183900077844]]]},"properties":{"idtup":"930100000P0026","idcomtxt":"BONDY","source":"Copropriété immatriculée","nom_usage":"SDC 7/9 RUE AUGUSTE POLISSARD"}},{"type":"Feature","geometry":{"type":"Polygon","coordinates":[[[2.483057900080514,48.90341389992239],[2.4830147004717,48.90329769991335],[2.482881200674823,48.90331649997622],[2.4827795996005007,48.90333120013032],[2.4827208001766827,48.90333829979768],[2.4826777000002926,48.90334449959492],[2.4825785004564715,48.903358299857345],[2.4825843996866266,48.90338060015319],[2.482588899949668,48.90339569998899],[2.482281400273537,48.90347080022224],[2.48239079965503,48.90393690001522],[2.4831790994533267,48.90385320036944],[2.4831622006063183,48.903770600341566],[2.4831343000929893,48.9036274001461],[2.483126699345383,48.90361019967574],[2.483103400100536,48.90354120002053],[2.4830972995585263,48.903523899903405],[2.48307159999835,48.90345539978162],[2.483057900080514,48.90341389992239]]]},"properties":{"idtup":"930100000P0034","idcomtxt":"BONDY","source":"Copropriété non immatriculée","nom_usage":null}},{"type":"Feature","geometry":{"type":"Polygon","coordinates":[[[2.480525300135851,48.90482169966141],[2.480557400058069,48.9048223002142],[2.480722300014535,48.90482590017641],[2.480855899731097,48.90482859984874],[2.4808564996124756,48.90479019959971],[2.480734699854051,48.90478780018972],[2.4807338002758885,48.90477350010195],[2.4807341997954713,48.90477009977824],[2.4807445000554,48.904770300010675],[2.480746100668423,48.904743999696926],[2.480778199975418,48.9047436999878],[2.480779200037372,48.90472289989285],[2.480887800670082,48.904724400309284],[2.4808883996498463,48.904710300066355],[2.4810936005489377,48.90471450044242],[2.4810955995728867,48.90465410035332],[2.481109399654359,48.90465450007306],[2.481109700077581,48.90463750008764],[2.4810975002807663,48.90463750029523],[2.4811008995122186,48.90457540029351],[2.4808972005856793,48.904571799975166],[2.4808529004525224,48.90457030039233],[2.4808521006172954,48.90458579997824],[2.480734100459721,48.90458299975769],[2.480685000005053,48.90458230036418],[2.4806476001215003,48.90458049967938],[2.480646299378059,48.90460600001878],[2.4805515998007137,48.90460410012546],[2.480548999799819,48.904660000199826],[2.4805369005832194,48.90465990006482],[2.4805346005880855,48.90465989998235],[2.480525300135851,48.90482169966141]]]},"properties":{"idtup":"930100000P0085","idcomtxt":"BONDY","source":"Copropriété non immatriculée","nom_usage":null}},{"type":"Feature","geometry":{"type":"Polygon","coordinates":[[[2.481168899537158,48.904104700181044],[2.481173600555729,48.90397220036348],[2.4811407000708954,48.903970400434005],[2.481141100283313,48.903959400111475],[2.481125200273491,48.90395769990028],[2.481126100216337,48.90392380012635],[2.481022300605215,48.9039219996693],[2.4810216002667755,48.903920000185096],[2.481008799835579,48.90391910027736],[2.4809388006565865,48.903916400312205],[2.480938799601455,48.90392019985725],[2.4809385003774116,48.90403530017759],[2.480931499522615,48.904035300414996],[2.480917400281026,48.90403659995665],[2.4809169993167415,48.90405410042646],[2.4809604999837593,48.9040556999435],[2.4809569999277974,48.90414239992733],[2.480790200483511,48.90413880013651],[2.48079069976725,48.90412949992584],[2.480771399800862,48.90412880024139],[2.4807745005105573,48.90405290004088],[2.4807486994714685,48.90405270006075],[2.4806937995382135,48.90405359966527],[2.480691700478851,48.90405110039842],[2.480680300216802,48.9040511004322],[2.4806799004242155,48.90404399961195],[2.480657799612709,48.90404359982295],[2.4806581995111174,48.904051099933646],[2.480583799701576,48.90404960013421],[2.480556499987174,48.90404880007452],[2.4805546000983076,48.90410440014888],[2.480553600177283,48.90413009964953],[2.4805527003015904,48.90415629959504],[2.4805327001498214,48.904155499711095],[2.4805283006161365,48.904314899800255],[2.480556399763203,48.90431530044544],[2.480554600499182,48.90433990022626],[2.4805547003231436,48.904367900406996],[2.480551600246177,48.90442060040934],[2.4805486999435753,48.90447569971188],[2.480571500016498,48.904475900209704],[2.480646600418817,48.904476699797726],[2.4806456994721993,48.904485099861425],[2.4806675996695198,48.9044858000478],[2.480667799433513,48.904477399641685],[2.4807397003235496,48.904478800420904],[2.4808565001069427,48.904480199719046],[2.4808984000062417,48.904480800389116],[2.48097970040301,48.90448230021465],[2.4809858004087255,48.904298200101955],[2.4810144003060657,48.90429900030081],[2.4810133004389896,48.90437209974115],[2.4810728995189653,48.904373599899046],[2.4810755000990805,48.904311699665016],[2.4810910994159996,48.90431209998795],[2.4810917994351747,48.90429990040047],[2.481161100314853,48.90429990024342],[2.481162199935521,48.90429769991968],[2.481168899537158,48.904104700181044]]]},"properties":{"idtup":"930100000P0086","idcomtxt":"BONDY","source":"Copropriété non immatriculée","nom_usage":null}},{"type":"Feature","geometry":{"type":"Polygon","coordinates":[[[2.4807056995197834,48.9034604996428],[2.481125900365098,48.903382200090384],[2.481111200011166,48.9033509000465],[2.4811281996209003,48.90337829988528],[2.4812202001987536,48.903540199558186],[2.481289600026275,48.903531400089896],[2.481704599396806,48.90347540026065],[2.4816354006418786,48.903265799932214],[2.481456599721783,48.90329820033941],[2.4814630003057334,48.90331230032947],[2.4812485002165077,48.903350799617],[2.4811840996943393,48.90319390000539],[2.4811934999923864,48.903192800407965],[2.4811263998152717,48.90310820015263],[2.4810457006666726,48.90313499956868],[2.480836200487294,48.90317199996463],[2.4808382998668845,48.90317719983727],[2.4808346001759474,48.903177899645655],[2.4806200005495698,48.90321899996137],[2.4806174005808996,48.90322200045049],[2.4804652998487815,48.90336370034142],[2.4805101999016483,48.90349430019364],[2.480524100280985,48.90349199981348],[2.480674199388038,48.90346699991731],[2.4807056995197834,48.9034604996428]]]},"properties":{"idtup":"930100000P0136","idcomtxt":"BONDY","source":"Copropriété immatriculée","nom_usage":"VILLA CHOPIN VOL. 2"}},{"type":"Feature","geometry":{"type":"Polygon","coordinates":[[[2.4817299005939937,48.903078699858646],[2.4816775998462233,48.90296060017881],[2.481638600131936,48.90288079996747],[2.4815423001195867,48.902906499803066],[2.4815055002510262,48.902917300303905],[2.4813245000058832,48.90301569979715],[2.4812564005036313,48.90305260002453],[2.4811980002405534,48.90308440001396],[2.4811263998152717,48.90310820015263],[2.4811934999923864,48.903192800407965],[2.481243800084768,48.903254499969684],[2.481282999711714,48.903312699911716],[2.4813869994890494,48.903297300063315],[2.481472900112418,48.90328420042597],[2.4816335998137484,48.903260200277586],[2.4816354006418786,48.903265799932214],[2.481704599396806,48.90347540026065],[2.4817770004711557,48.90346519979444],[2.481706099331994,48.903249400444956],[2.4818166005873907,48.90323370011164],[2.481813600264501,48.9032254000616],[2.4817528004618987,48.90307319988889],[2.4817299005939937,48.903078699858646]]]},"properties":{"idtup":"930100000P0147","idcomtxt":"BONDY","source":"Copropriété non immatriculée","nom_usage":null}},{"type":"Feature","geometry":{"type":"Polygon","coordinates":[[[2.4812146994451596,48.90354079984845],[2.481125900365098,48.903382200090384],[2.4807056995197834,48.9034604996428],[2.480674199388038,48.90346699991731],[2.480524100280985,48.90349199981348],[2.4805101999016483,48.90349430019364],[2.4804597002447233,48.90350200041045],[2.4804251996490283,48.90350719980407],[2.4804112002138896,48.90350889990855],[2.480414400264135,48.90352299955855],[2.4804427001257507,48.90360219974486],[2.480444600486677,48.90361489983701],[2.4804594998214955,48.90365629998053],[2.4804667004837815,48.90368219963398],[2.4805884005502326,48.90366479986684],[2.480625500565953,48.90365940036233],[2.480631699747796,48.90368149970939],[2.4807463001444776,48.90366580015278],[2.4807436000175778,48.90365860032692],[2.481230000074574,48.90356799985812],[2.4812146994451596,48.90354079984845]]]},"properties":{"idtup":"930100000P0155","idcomtxt":"BONDY","source":"Plusieurs copropriétés immatriculées","nom_usage":"VILLA CHOPIN VOL. 1"}},{"type":"Feature","geometry":{"type":"Polygon","coordinates":[[[2.4812146994451596,48.90354079984845],[2.481125900365098,48.903382200090384],[2.4807056995197834,48.9034604996428],[2.480674199388038,48.90346699991731],[2.480524100280985,48.90349199981348],[2.4805101999016483,48.90349430019364],[2.4804597002447233,48.90350200041045],[2.4804251996490283,48.90350719980407],[2.4804112002138896,48.90350889990855],[2.480414400264135,48.90352299955855],[2.4804427001257507,48.90360219974486],[2.480444600486677,48.90361489983701],[2.4804594998214955,48.90365629998053],[2.4804667004837815,48.90368219963398],[2.4805884005502326,48.90366479986684],[2.480625500565953,48.90365940036233],[2.480631699747796,48.90368149970939],[2.4807463001444776,48.90366580015278],[2.4807436000175778,48.90365860032692],[2.481230000074574,48.90356799985812],[2.4812146994451596,48.90354079984845]]]},"properties":{"idtup":"930100000P0155","idcomtxt":"BONDY","source":"Plusieurs copropriétés immatriculées","nom_usage":"Residence Saint-PIERRE"}},{"type":"Feature","geometry":{"type":"Polygon","coordinates":[[[2.481303000458822,48.9038809996596],[2.481291000279835,48.90410480004805],[2.48151419984422,48.90411000034334],[2.4815220000657834,48.90411109978061],[2.481527199933496,48.90411250001897],[2.481532300065291,48.904114600381284],[2.481537499490081,48.90411809958692],[2.4815415003919363,48.90412250010038],[2.481582300116371,48.90411040033153],[2.4815879995536463,48.90400630027174],[2.481672199902878,48.90400829960377],[2.481677800077408,48.90390360016631],[2.4815932002086503,48.9039016000074],[2.481593600369663,48.90389580034436],[2.481524699669528,48.90389429974849],[2.4815100001201498,48.90388629978063],[2.481303000458822,48.9038809996596]]]},"properties":{"idtup":"930100000P0160","idcomtxt":"BONDY","source":"Copropriété immatriculée","nom_usage":"26 rue du Maréchal de Lattre de Tassigny  BONDY"}},{"type":"Feature","geometry":{"type":"Polygon","coordinates":[[[2.483683699854122,48.902065899965244],[2.483470200543549,48.902087399941934],[2.4833804004601565,48.90209739958639],[2.483195899415667,48.90213810016578],[2.4829628997047815,48.902190499680074],[2.4827428005517986,48.90224050025673],[2.482723600204269,48.9022643001233],[2.4827542000634653,48.90232729984171],[2.4827517004667228,48.90233010026777],[2.4827826005410225,48.902398999798415],[2.4828386006756022,48.9025205998194],[2.4828439998644485,48.90251949990303],[2.4828567000407467,48.902546800013205],[2.4829156998205995,48.902669400365944],[2.4829247996427535,48.902688100179276],[2.4833621996566633,48.90265360010081],[2.483715499773145,48.90262570014197],[2.4838465002040815,48.90261469971743],[2.483749999873651,48.90229020031108],[2.483718700156955,48.902182800148786],[2.4836972997243367,48.90211200020618],[2.483683699854122,48.902065899965244]]]},"properties":{"idtup":"930100000Q0005","idcomtxt":"BONDY","source":"Copropriété immatriculée","nom_usage":"RESIDENCE 'BONDY CENTRE'"}},{"type":"Feature","geometry":{"type":"Polygon","coordinates":[[[2.485382599681111,48.903222900440056],[2.485455000022048,48.90321569961956],[2.485544099744416,48.90320660011294],[2.4854640997207187,48.902925099576194],[2.4854057996385532,48.90272170032896],[2.4853699999395924,48.902595000278296],[2.485597099812032,48.90256490044523],[2.48569099959015,48.9025523995981],[2.485685100046364,48.902534700273826],[2.485527200396996,48.90197560011577],[2.485512500062879,48.90192530010812],[2.4853989004382138,48.90193510010651],[2.4850528003005508,48.90196519970321],[2.4849268000836164,48.90197590009902],[2.4848732001743503,48.90198130011955],[2.4848847005243897,48.90203400017235],[2.4848361002372226,48.902039099728064],[2.4848392006361357,48.90205579962951],[2.4848017003541303,48.90205880027763],[2.4847987995281753,48.902048399951504],[2.484728199575107,48.902054400358026],[2.484716800468611,48.90199700006938],[2.4845457997388967,48.902016100194544],[2.4842587001716177,48.902048400189955],[2.484143500089873,48.902060800085756],[2.4841830004107583,48.902190899694034],[2.4841955006273233,48.902233899734945],[2.48429689971567,48.902578200039656],[2.485178699541255,48.9025064997701],[2.4852979997735387,48.9029259003408],[2.485382599681111,48.903222900440056]]]},"properties":{"idtup":"930100000Q0025","idcomtxt":"BONDY","source":"Plusieurs copropriétés immatriculées","nom_usage":"SDC LES PEUPLIERS"}},{"type":"Feature","geometry":{"type":"Polygon","coordinates":[[[2.485382599681111,48.903222900440056],[2.485455000022048,48.90321569961956],[2.485544099744416,48.90320660011294],[2.4854640997207187,48.902925099576194],[2.4854057996385532,48.90272170032896],[2.4853699999395924,48.902595000278296],[2.485597099812032,48.90256490044523],[2.48569099959015,48.9025523995981],[2.485685100046364,48.902534700273826],[2.485527200396996,48.90197560011577],[2.485512500062879,48.90192530010812],[2.4853989004382138,48.90193510010651],[2.4850528003005508,48.90196519970321],[2.4849268000836164,48.90197590009902],[2.4848732001743503,48.90198130011955],[2.4848847005243897,48.90203400017235],[2.4848361002372226,48.902039099728064],[2.4848392006361357,48.90205579962951],[2.4848017003541303,48.90205880027763],[2.4847987995281753,48.902048399951504],[2.484728199575107,48.902054400358026],[2.484716800468611,48.90199700006938],[2.4845457997388967,48.902016100194544],[2.4842587001716177,48.902048400189955],[2.484143500089873,48.902060800085756],[2.4841830004107583,48.902190899694034],[2.4841955006273233,48.902233899734945],[2.48429689971567,48.902578200039656],[2.485178699541255,48.9025064997701],[2.4852979997735387,48.9029259003408],[2.485382599681111,48.903222900440056]]]},"properties":{"idtup":"930100000Q0025","idcomtxt":"BONDY","source":"Plusieurs copropriétés immatriculées","nom_usage":"SDC RESIDENCE DES PEUPLIERS"}},{"type":"Feature","geometry":{"type":"Polygon","coordinates":[[[2.4835980004411415,48.90330989987217],[2.483712900354656,48.903389399775094],[2.4838795001906098,48.90350550000792],[2.48406530025731,48.903634899736936],[2.4842060004513233,48.90373159969705],[2.4843796998820085,48.90385420023534],[2.484544500618933,48.90396919998425],[2.4847231994597077,48.904093499601636],[2.484844499889922,48.904018700390985],[2.4849882999134496,48.9039285001383],[2.484951299812566,48.903903700182745],[2.4848504999621235,48.90383380015378],[2.48475030052214,48.90376570032094],[2.4847064006416746,48.9037343003064],[2.4846208994768078,48.903676199974186],[2.484518599330733,48.90360650003139],[2.4845071996250034,48.903597500220116],[2.484484999449524,48.90357849955245],[2.4844678993483504,48.903561199828125],[2.4844511994057323,48.903541099599245],[2.484436499917624,48.90352080023968],[2.484422400099632,48.90349559956659],[2.4844111994442755,48.90346939965652],[2.484404100380169,48.903441999746164],[2.484399699722054,48.90341499994897],[2.4843986998967216,48.90338179971545],[2.4843992998489774,48.903365300108575],[2.484393000210586,48.90330030022547],[2.4843895993175407,48.903270700349616],[2.4841229994798177,48.9032838998526],[2.4839573997920676,48.90329149964057],[2.4835980004411415,48.90330989987217]]]},"properties":{"idtup":"930100000Q0046","idcomtxt":"BONDY","source":"Copropriété immatriculée","nom_usage":"SDC RESIDENCE PASTEUR"}},{"type":"Feature","geometry":{"type":"Polygon","coordinates":[[[2.4852979997735387,48.9029259003408],[2.485178699541255,48.9025064997701],[2.48429689971567,48.902578200039656],[2.4841955006273233,48.902233899734945],[2.4841830004107583,48.902190899694034],[2.484143500089873,48.902060800085756],[2.4841430995115066,48.90205799972959],[2.484145999838138,48.90205770016308],[2.4841342998796834,48.90202039974178],[2.4839528998989797,48.90203830042494],[2.483683699854122,48.902065899965244],[2.4836972997243367,48.90211200020618],[2.483718700156955,48.902182800148786],[2.483749999873651,48.90229020031108],[2.4838465002040815,48.90261469971743],[2.483715499773145,48.90262570014197],[2.4833621996566633,48.90265360010081],[2.4829247996427535,48.902688100179276],[2.482972199714181,48.90279059956182],[2.4830314006494376,48.902916900426064],[2.483110700122213,48.9029712997344],[2.483237500033597,48.903060199725154],[2.483320900043409,48.90305500003551],[2.483491600559973,48.90304400038112],[2.483550099689289,48.90304099985861],[2.483744699536944,48.90302850033519],[2.4839248996808925,48.90301749964104],[2.4840641998109545,48.90300889990387],[2.4844511993239418,48.90298409983833],[2.4848116999960554,48.90295850017736],[2.485122299705675,48.90293849981982],[2.4852979997735387,48.9029259003408]]]},"properties":{"idtup":"930100000Q0048","idcomtxt":"BONDY","source":"Copropriété immatriculée","nom_usage":"LES CHENES"}},{"type":"Feature","geometry":{"type":"Polygon","coordinates":[[[2.489565499504229,48.90148139978206],[2.489506799956698,48.90149809966836],[2.4894988997856253,48.90150039968701],[2.4894447000314095,48.90151559979937],[2.4894565004541716,48.90153579988483],[2.489521700419013,48.90163590042254],[2.489548099487445,48.901677100286825],[2.4896562999956173,48.90164810021323],[2.4896711002778416,48.901643799858384],[2.489583500047793,48.90150949967677],[2.489565499504229,48.90148139978206]]]},"properties":{"idtup":"930100000R0007","idcomtxt":"BONDY","source":"Copropriété non immatriculée","nom_usage":null}},{"type":"Feature","geometry":{"type":"Polygon","coordinates":[[[2.4918731001112846,48.903997399860835],[2.4918491998887897,48.90385879983745],[2.491844599987384,48.90385809955155],[2.491596900325289,48.90407429972674],[2.491621200669667,48.90411600002525],[2.49190070001347,48.90416130029373],[2.491892299804459,48.90411109986788],[2.491888599826292,48.90408780037694],[2.4918753006487555,48.90401079978516],[2.4918731001112846,48.903997399860835]]]},"properties":{"idtup":"930100000R0086","idcomtxt":"BONDY","source":"Copropriété non immatriculée","nom_usage":null}},{"type":"Feature","geometry":{"type":"Polygon","coordinates":[[[2.4936293994461307,48.90499589986373],[2.493624200417046,48.904915000247584],[2.493622999653306,48.904896799635594],[2.4935549006844755,48.90489769969698],[2.4934648004408815,48.90489829984134],[2.493467199560643,48.90493689984672],[2.4934719005071955,48.90500979988911],[2.4934728002859554,48.90502500006313],[2.4934832996802725,48.905190500334776],[2.4935335005269352,48.90518950035408],[2.493554999499025,48.905189000416605],[2.49363669938011,48.90518729991977],[2.4936415005305324,48.90518709988788],[2.4936392002943837,48.90515010016767],[2.493638400317319,48.905139500336986],[2.493637000080338,48.90511529965692],[2.493634300460084,48.905073499582095],[2.4936314994969333,48.905031600154146],[2.4936293994461307,48.90499589986373]]]},"properties":{"idtup":"930100000S0010","idcomtxt":"BONDY","source":"Copropriété non immatriculée","nom_usage":null}},{"type":"Feature","geometry":{"type":"Polygon","coordinates":[[[2.4908675995977307,48.90216959990097],[2.490922399943235,48.90215620031024],[2.4909281002498,48.90216459974171],[2.4909684000068193,48.90215469973441],[2.4911959996409263,48.90209540006283],[2.491202299710655,48.902093799987846],[2.49117609989845,48.90205089987657],[2.4911053006473023,48.901934199658605],[2.4909992997057913,48.901962599753865],[2.490827399576036,48.901676999685314],[2.4904866996609067,48.90111030017211],[2.490400300596783,48.90113270025225],[2.490366899532786,48.90114149990466],[2.4903953994390986,48.901188300405835],[2.490379100192849,48.90119330042615],[2.490421099500671,48.90126570036677],[2.4904390995734134,48.901260999850635],[2.4904461005210456,48.90127210005785],[2.4904345998080055,48.901274900120804],[2.4904334000761623,48.9012732996527],[2.4904228994124424,48.9012764996627],[2.4904480003678193,48.90131839976992],[2.4904693004384875,48.90131200011645],[2.4905379003528996,48.901426700374365],[2.490526700516259,48.901428999914636],[2.4905264994591487,48.90142780028843],[2.4905144000645447,48.90143099980063],[2.4905401995787497,48.901472900155596],[2.490551300448439,48.90147039964858],[2.4905501993325827,48.901468199766335],[2.4905617994539533,48.90146569958334],[2.49061539987974,48.901555900120194],[2.4906032001118006,48.901558899568926],[2.490601300609545,48.90155660006636],[2.490590399453841,48.90155959964109],[2.4906186005454507,48.901604500370134],[2.4906279994662177,48.90160139997731],[2.490627599721218,48.9015982003562],[2.490639400389819,48.9015957001195],[2.490691499746262,48.90168250025789],[2.4906798001599957,48.901686099877516],[2.490677999845756,48.901683700076326],[2.490667700647261,48.90168609968474],[2.4906942993963197,48.90173249990829],[2.4907050996434146,48.90172949989535],[2.4907043999725422,48.90172670008861],[2.4907167005445037,48.90172329996946],[2.49076950050192,48.90181060035615],[2.4907569996001526,48.90181370016094],[2.4907543005173816,48.901811700326775],[2.4907449996086277,48.901814400056786],[2.490771399333307,48.90186080031026],[2.4907823998919634,48.901858800267505],[2.490780100576139,48.90185469956403],[2.490794200204839,48.901851600258716],[2.4908623003581614,48.90196579992978],[2.4908495006586238,48.90196959992981],[2.4908477003268583,48.90196720013174],[2.4908372005250605,48.90197030035757],[2.490864299890094,48.90201450026635],[2.4908714005121264,48.90201249982486],[2.490877900174332,48.90202020030259],[2.4908761004636712,48.90202219989567],[2.490891799525214,48.90204929966092],[2.490809200526359,48.90206950029397],[2.4908675995977307,48.90216959990097]]]},"properties":{"idtup":"930100000R0141","idcomtxt":"BONDY","source":"Copropriété non immatriculée","nom_usage":null}},{"type":"Feature","geometry":{"type":"Polygon","coordinates":[[[2.4937947998379646,48.90478180029424],[2.493794999934137,48.904578300316075],[2.493725300609128,48.9045780003381],[2.4936028995145914,48.90457740017963],[2.4936049006531182,48.90460840032338],[2.493573599959699,48.9046080998182],[2.4934373002271046,48.90460669970283],[2.4934401005758406,48.90462999982362],[2.4934571998405533,48.904778800189476],[2.493615899876451,48.90477430024888],[2.493616400236871,48.90478050034017],[2.49361659983483,48.904782699972614],[2.4936329999447078,48.90478270005936],[2.4936372002415417,48.90478269983007],[2.4937221000435015,48.90478210005839],[2.4937947998379646,48.90478180029424]]]},"properties":{"idtup":"930100000S0013","idcomtxt":"BONDY","source":"Copropriété immatriculée","nom_usage":"14 et 16 rue Marcelin Berthelot BONDY"}},{"type":"Feature","geometry":{"type":"Polygon","coordinates":[[[2.4947179993969217,48.903996799746615],[2.49471470038828,48.90394710036921],[2.494712299499116,48.90391070003953],[2.4945917999888856,48.90391419982545],[2.494568400319452,48.90391479984293],[2.4945133999071856,48.90391639961617],[2.4943990006480483,48.90391949958336],[2.494310500566514,48.90392209996212],[2.494240500118754,48.90392410031922],[2.494243399455167,48.90394230001895],[2.494254799616012,48.90400899982378],[2.4943206993415017,48.904007299598604],[2.4944487005687863,48.90400380027248],[2.494491499317898,48.90400270030448],[2.494607699837819,48.90399969957744],[2.4947179993969217,48.903996799746615]]]},"properties":{"idtup":"930100000S0050","idcomtxt":"BONDY","source":"Copropriété non immatriculée","nom_usage":null}},{"type":"Feature","geometry":{"type":"Polygon","coordinates":[[[2.494100400319104,48.90295249997811],[2.494159299675412,48.903065600282666],[2.4942074003545733,48.90306179972515],[2.4944408006176806,48.90304349959711],[2.4946540997194284,48.9030260998411],[2.4946479999832407,48.90293540023809],[2.4946008994826934,48.902936799561225],[2.4945881000917702,48.90293719969959],[2.494573199944677,48.90293759996484],[2.4945020994077693,48.902939799970255],[2.4944355000867784,48.90294190022525],[2.4943692004789124,48.90294390008745],[2.4943279002189933,48.90294530040718],[2.4942605997253646,48.90294740030264],[2.494100400319104,48.90295249997811]]]},"properties":{"idtup":"930100000S0060","idcomtxt":"BONDY","source":"Copropriété non immatriculée","nom_usage":null}},{"type":"Feature","geometry":{"type":"Polygon","coordinates":[[[2.4928565003451144,48.90470039967077],[2.4929325005891942,48.90471320012105],[2.4929455993906564,48.90471529968162],[2.493038199931322,48.90473079989023],[2.4931643997812976,48.904751800234635],[2.4933170004629437,48.904777299812814],[2.4933160001852332,48.904763600140676],[2.493308699380454,48.90469210007864],[2.493159899740914,48.904667700227634],[2.4930395005556734,48.90464810035661],[2.4930136003833714,48.904643899815206],[2.492886299382042,48.90462309968689],[2.4928565003451144,48.90470039967077]]]},"properties":{"idtup":"930100000S0096","idcomtxt":"BONDY","source":"Copropriété immatriculée","nom_usage":"SDC 42 RUE ROBERT DOUVILLEZ 93140 BONDY"}},{"type":"Feature","geometry":{"type":"Polygon","coordinates":[[[2.49694830029626,48.90556389980693],[2.49694380036586,48.90561720035374],[2.4969415003855735,48.905664199755726],[2.4969406997411534,48.90568549988865],[2.4969400998588354,48.90570720015313],[2.496937800022866,48.90576350010197],[2.4969894995753497,48.90576429996648],[2.4971255998243347,48.905769299577905],[2.497243700311544,48.90577279989553],[2.497242800281776,48.905760900191154],[2.4972373002805996,48.90565449992466],[2.4972331994470607,48.90557399993969],[2.496994500637544,48.90556539961118],[2.49694830029626,48.90556389980693]]]},"properties":{"idtup":"930100000T0012","idcomtxt":"BONDY","source":"Copropriété immatriculée","nom_usage":"TAHRAOUI"}},{"type":"Feature","geometry":{"type":"Polygon","coordinates":[[[2.495843499885978,48.90505939989144],[2.4956683006351468,48.90505420001828],[2.4956662997473056,48.90506429972177],[2.495658700612701,48.905176299773224],[2.4956540999369876,48.9052423996018],[2.4956531001645397,48.905252800287485],[2.4956430997056485,48.90539129975562],[2.4956380001774727,48.90545199987559],[2.4957985997726304,48.905456499828425],[2.495813499518805,48.90545720014934],[2.4958176997813437,48.905408900274075],[2.495825399546731,48.905309999857046],[2.495826799490384,48.90528490000673],[2.4958269996545814,48.90527860035716],[2.49582910054476,48.905259300341044],[2.4958289993760356,48.9052489004159],[2.4958328998640313,48.90519689955088],[2.495843499885978,48.90505939989144]]]},"properties":{"idtup":"930100000T0019","idcomtxt":"BONDY","source":"Copropriété non immatriculée","nom_usage":null}},{"type":"Feature","geometry":{"type":"Polygon","coordinates":[[[2.4955036004024587,48.904766199933775],[2.495502000582066,48.90480289991958],[2.495501899707402,48.90480810014592],[2.495497599721454,48.90485850038217],[2.4954911000098434,48.90492980007088],[2.4954864002996144,48.90497639997544],[2.49557339986598,48.90497960008163],[2.495619600228033,48.90498089987562],[2.495622499899155,48.904981100039485],[2.495623499424242,48.90496270007922],[2.495627900118449,48.9049170998308],[2.4956314000200037,48.904874500347944],[2.4956350000623924,48.904845499598],[2.495638199963696,48.90480880005473],[2.4956387000398483,48.9047983001365],[2.495640500044524,48.904771200119264],[2.4955938003684883,48.90476949983979],[2.4955036004024587,48.904766199933775]]]},"properties":{"idtup":"930100000T0044","idcomtxt":"BONDY","source":"Copropriété non immatriculée","nom_usage":null}},{"type":"Feature","geometry":{"type":"Polygon","coordinates":[[[2.4953065004940393,48.90408379986797],[2.495304100093507,48.904066300157474],[2.4952966997568624,48.90402209982967],[2.4952931006427623,48.90400020018507],[2.4952912994542156,48.90397760036638],[2.495005700084238,48.90399660027195],[2.494885100010278,48.904004400384835],[2.4948579003992712,48.90402560000066],[2.4948630002832592,48.90409609969217],[2.494935200529221,48.90409389960892],[2.4950873999066348,48.90409020036805],[2.495138899877905,48.90408890033166],[2.4951842993437787,48.90408759974233],[2.4952922994748934,48.90408480030495],[2.4953065004940393,48.90408379986797]]]},"properties":{"idtup":"930100000T0067","idcomtxt":"BONDY","source":"Copropriété immatriculée","nom_usage":"SDC 1 allée Raspail 93140 BONDY"}},{"type":"Feature","geometry":{"type":"Polygon","coordinates":[[[2.4976809997369784,48.903968900181205],[2.4977063999727456,48.90396779984053],[2.4977266994672847,48.903967000054664],[2.4978053004042047,48.903964899724826],[2.4979122993291374,48.903961199824025],[2.497908600243944,48.90390089971363],[2.497902799587879,48.90382470015003],[2.4977785998134863,48.90382860040805],[2.4977140997347513,48.90383090014374],[2.49767190046799,48.90383210000183],[2.4976736998276734,48.90387620025212],[2.497675200110759,48.90388980037028],[2.4976773996004016,48.903913499866825],[2.4976809997369784,48.903968900181205]]]},"properties":{"idtup":"930100000T0086","idcomtxt":"BONDY","source":"Copropriété immatriculée","nom_usage":"37 bis allée Raspail"}},{"type":"Feature","geometry":{"type":"Polygon","coordinates":[[[2.4986234993507024,48.904490300115995],[2.4986169003702146,48.904409199703366],[2.498614200028858,48.90435459999012],[2.4986130000281452,48.90433090020949],[2.498612900449728,48.90432920011557],[2.498567500638722,48.9043301000161],[2.498488099385759,48.90433210037225],[2.498489199981201,48.90435789960368],[2.4984968001063885,48.90452649980812],[2.498498400101329,48.90456219971951],[2.498501700482903,48.904633799603566],[2.498502800557464,48.904667300428876],[2.498522100380691,48.904666499919315],[2.4986210006383627,48.904664600046516],[2.498632599948743,48.90466419984869],[2.4986359996210363,48.90466390022333],[2.498633100434647,48.90463149980614],[2.4986324999615395,48.90462770044896],[2.498630199436294,48.904584699791435],[2.498627700177171,48.90455949994118],[2.498625000399026,48.904529200220594],[2.498624000281968,48.90450500037058],[2.4986234993507024,48.904490300115995]]]},"properties":{"idtup":"930100000T0114","idcomtxt":"BONDY","source":"Copropriété immatriculée","nom_usage":"SDC 21 ALLEE POTTIER A BONDY"}},{"type":"Feature","geometry":{"type":"Polygon","coordinates":[[[2.4995172996555444,48.90471989994877],[2.4994891003244097,48.904643199553895],[2.4994843997172316,48.90463209963967],[2.499476300575157,48.90461039986617],[2.499466099409194,48.90458229998414],[2.499458399807578,48.904559199869624],[2.499325500502487,48.90458040028403],[2.499347000293218,48.90463679980633],[2.4993587001570954,48.904665799865384],[2.4993884999076923,48.90474430018252],[2.4995133002363388,48.90472100016773],[2.4995172996555444,48.90471989994877]]]},"properties":{"idtup":"930100000T0120","idcomtxt":"BONDY","source":"Copropriété immatriculée","nom_usage":"60 ALLEE THERESE"}},{"type":"Feature","geometry":{"type":"Polygon","coordinates":[[[2.499641999377872,48.90430059989056],[2.4996190998502317,48.904301099564776],[2.4995696998004058,48.904302199864944],[2.499551599793991,48.90430279961619],[2.4995334006031906,48.90430349967193],[2.4995042002487167,48.90430440016484],[2.499537099372606,48.90439169958208],[2.4995605995244627,48.904455300033604],[2.49960949966858,48.90458809979449],[2.4996336995376987,48.90465399995408],[2.4996405001560293,48.90467199996823],[2.4997650006054886,48.90462209985043],[2.4997239993731672,48.90451590026602],[2.4996940999134694,48.904437799789484],[2.4996572006610136,48.9043393000164],[2.499641999377872,48.90430059989056]]]},"properties":{"idtup":"930100000T0124","idcomtxt":"BONDY","source":"Copropriété non immatriculée","nom_usage":null}},{"type":"Feature","geometry":{"type":"Polygon","coordinates":[[[2.499633300516314,48.90390659993484],[2.4994023993417382,48.9039168997603],[2.4992230002247937,48.90392380018976],[2.4991655999454876,48.90392630035833],[2.4991308002035586,48.90392760001743],[2.499108100485247,48.903928899907],[2.4990733004900507,48.903929800259],[2.499111999829211,48.90402679965586],[2.4991725996493126,48.90402509977882],[2.499252799776576,48.904021399934834],[2.499283899993388,48.90402010006284],[2.499360700493498,48.90401840036739],[2.499585599482665,48.90400969968132],[2.49967079942483,48.90400639995088],[2.499633300516314,48.90390659993484]]]},"properties":{"idtup":"930100000T0131","idcomtxt":"BONDY","source":"Copropriété immatriculée","nom_usage":"SDC 42 ALLEE THERESE"}},{"type":"Feature","geometry":{"type":"Polygon","coordinates":[[[2.4977311995900147,48.904350299794935],[2.4978341001372977,48.90434800007295],[2.4978317001521217,48.90429939992669],[2.4978301004325814,48.90428790016411],[2.497826300407825,48.90420879977504],[2.497825999587005,48.9041895004305],[2.4976689997367227,48.90419389976111],[2.497669200279701,48.90421269957403],[2.497671200360829,48.904248299566106],[2.4976726997955545,48.90427980024582],[2.497674199559771,48.904291900324075],[2.4976758003251076,48.90435219971496],[2.4977311995900147,48.904350299794935]]]},"properties":{"idtup":"930100000T0155","idcomtxt":"BONDY","source":"Copropriété immatriculée","nom_usage":"allee leon"}},{"type":"Feature","geometry":{"type":"Polygon","coordinates":[[[2.495132999706351,48.904404400393446],[2.495133099726489,48.9043577999748],[2.4950732995547633,48.90435969992611],[2.495066400416253,48.9042713001972],[2.4949555998041024,48.90427320001441],[2.4948739002858837,48.904276000352574],[2.494876399868085,48.90429170008787],[2.494879899929758,48.90436470026377],[2.49488329991444,48.90442509991702],[2.494883900601389,48.90443629963745],[2.4949118004946733,48.90445500043068],[2.4950410998335864,48.90445870034407],[2.4951239993742838,48.904461600217545],[2.495132999706351,48.904404400393446]]]},"properties":{"idtup":"930100000T0182","idcomtxt":"BONDY","source":"Copropriété non immatriculée","nom_usage":null}},{"type":"Feature","geometry":{"type":"Polygon","coordinates":[[[2.498200899657445,48.90304660002362],[2.4981151005994855,48.903059700375735],[2.497872300134327,48.90309679961609],[2.4978680006281784,48.90309719976635],[2.497828900608304,48.90310369966226],[2.497851200075241,48.90316210023906],[2.4978619003953795,48.90319080042779],[2.4979002994589985,48.90318569959325],[2.497989599467339,48.90317199984631],[2.4980463001395603,48.90316359969459],[2.4980791004241527,48.9031591003535],[2.498184399621395,48.90314320036746],[2.498244199374838,48.90313509998321],[2.498240099727605,48.903121700309896],[2.4982143004773976,48.90304480000839],[2.498200899657445,48.90304660002362]]]},"properties":{"idtup":"930100000U0054","idcomtxt":"BONDY","source":"Copropriété immatriculée","nom_usage":"65 Allée Alice"}},{"type":"Feature","geometry":{"type":"Polygon","coordinates":[[[2.497474099723306,48.902676399609284],[2.4974501995803546,48.90265260003834],[2.4974451005071696,48.90264610007522],[2.4974060993595013,48.90260410001815],[2.497385499900067,48.90258289977478],[2.4973545994233355,48.902550600284314],[2.4973038000068524,48.90249519964374],[2.497294299736258,48.9024841001583],[2.497258199347186,48.90249219972721],[2.497207200151613,48.902503399586855],[2.49707779998254,48.90253829958891],[2.4970848001192465,48.90254880045008],[2.4970975999858602,48.90256019978383],[2.497201200577004,48.902652699833915],[2.4972863006661696,48.90272860017],[2.4973164996177295,48.90275600003198],[2.4973945002396736,48.90271599999503],[2.497474099723306,48.902676399609284]]]},"properties":{"idtup":"930100000U0092","idcomtxt":"BONDY","source":"Copropriété non immatriculée","nom_usage":null}},{"type":"Feature","geometry":{"type":"Polygon","coordinates":[[[2.4951518000127404,48.90304910023622],[2.495205999621205,48.90303700015202],[2.4951955003958517,48.90301360014629],[2.4951555993195207,48.90292530043247],[2.4949910998398264,48.90295970040133],[2.494985399402288,48.90296079959377],[2.494956799769619,48.9029671998382],[2.4948408006024962,48.90299130025717],[2.494838799639079,48.90299170010074],[2.494786800120029,48.90300340011738],[2.4947927001516965,48.90309390011867],[2.4947934001808987,48.90310989984359],[2.494794099463669,48.90312190037214],[2.49502369971662,48.90308569957443],[2.495019200209324,48.90307170006556],[2.495032900443043,48.90306899966894],[2.4951518000127404,48.90304910023622]]]},"properties":{"idtup":"930100000U0110","idcomtxt":"BONDY","source":"Copropriété non immatriculée","nom_usage":null}},{"type":"Feature","geometry":{"type":"Polygon","coordinates":[[[2.49908860035714,48.90219269967401],[2.4990562004755743,48.90211979985944],[2.4990188004361755,48.90202869972834],[2.498917700245748,48.902055600295675],[2.4988911002595864,48.902062400143485],[2.4989110999128843,48.902157999566725],[2.498923400173184,48.90222019997445],[2.4989536004790436,48.902369399961266],[2.498957200050906,48.902391400246266],[2.49906049969964,48.90237159984364],[2.4991511001425173,48.90235469955553],[2.499126899737327,48.90229470036815],[2.499096399841862,48.90221769960751],[2.4990861001883062,48.902193100198716],[2.49908860035714,48.90219269967401]]]},"properties":{"idtup":"930100000U0173","idcomtxt":"BONDY","source":"Copropriété non immatriculée","nom_usage":null}},{"type":"Feature","geometry":{"type":"Polygon","coordinates":[[[2.4951169002872486,48.90333529963754],[2.495084100021809,48.903247500192435],[2.495075999628927,48.903225999724874],[2.4950356997431045,48.903224800130026],[2.4949216995366537,48.90322179961608],[2.4949007002415664,48.90322149972678],[2.4948624996114206,48.90322129995623],[2.4947998005311764,48.90322179991985],[2.4948101998924663,48.90336159968301],[2.494842699371553,48.90337830008309],[2.494864299967934,48.90337469955135],[2.4949649994026104,48.90335949973682],[2.4950243995567214,48.90334949994965],[2.4951169002872486,48.90333529963754]]]},"properties":{"idtup":"930100000U0175","idcomtxt":"BONDY","source":"Copropriété non immatriculée","nom_usage":null}},{"type":"Feature","geometry":{"type":"Polygon","coordinates":[[[2.499114199877352,48.90318260029944],[2.4991136996471957,48.90318269982851],[2.4988199003411546,48.90323590012244],[2.4988104001322258,48.90325450018032],[2.498844499955752,48.903343000074436],[2.49890150029406,48.903333800395046],[2.4989572006761853,48.9033235997246],[2.4990567995266395,48.903307099575436],[2.4991348997916383,48.90329270014154],[2.499114199877352,48.90318260029944]]]},"properties":{"idtup":"930100000U0195","idcomtxt":"BONDY","source":"Copropriété non immatriculée","nom_usage":null}},{"type":"Feature","geometry":{"type":"Polygon","coordinates":[[[2.4925712995813876,48.90132249962816],[2.4924845006099914,48.9012114996005],[2.4923078000601864,48.901271799905345],[2.4922680006586657,48.90128490041003],[2.492250599770823,48.90129069999077],[2.4922266999653178,48.90129919960263],[2.4921671005712995,48.90131889974876],[2.4922490005922002,48.901431300127946],[2.4923283994416163,48.90154130038886],[2.4923277006223747,48.90154330017411],[2.492390800286733,48.901521100335366],[2.492439599727016,48.901505099910125],[2.492606300387196,48.90144819958951],[2.4926570994394597,48.901431499794825],[2.4925712995813876,48.90132249962816]]]},"properties":{"idtup":"930100000V0018","idcomtxt":"BONDY","source":"Copropriété immatriculée","nom_usage":"CINQ ORMES - 19/21"}},{"type":"Feature","geometry":{"type":"Polygon","coordinates":[[[2.494457700321577,48.901069900216726],[2.4945019998029387,48.90115519992775],[2.4945794004166153,48.901138199707134],[2.494681100288401,48.90111589984632],[2.4946931997690722,48.90111350029371],[2.494807499427257,48.90108839999459],[2.494821500398993,48.9010852997988],[2.4948849000510775,48.90107179976623],[2.4948433000945283,48.900986300242344],[2.494779299767437,48.901000000062936],[2.4947232998656537,48.901012700301976],[2.4946397993693776,48.90103039971696],[2.4945367996735808,48.90105270035335],[2.494457700321577,48.901069900216726]]]},"properties":{"idtup":"930100000V0044","idcomtxt":"BONDY","source":"Copropriété non immatriculée","nom_usage":null}},{"type":"Feature","geometry":{"type":"Polygon","coordinates":[[[2.494194599945087,48.900558299896765],[2.49423890053651,48.900644800323434],[2.4942896004157253,48.900633399905125],[2.4944272998121617,48.900603799724294],[2.4944772004893703,48.900593500197466],[2.494480899813191,48.90059279996608],[2.4946346000956887,48.900559200431935],[2.49459659953995,48.90048450041417],[2.494591299776439,48.90047329970729],[2.494532500551325,48.900485800093776],[2.494432999718382,48.90050750029049],[2.4944201000707262,48.90051070041715],[2.494194599945087,48.900558299896765]]]},"properties":{"idtup":"930100000V0050","idcomtxt":"BONDY","source":"Copropriété immatriculée","nom_usage":"13 rue du Chalet"}},{"type":"Feature","geometry":{"type":"Polygon","coordinates":[[[2.4939300006159533,48.90004890019504],[2.493948400095977,48.90008329987279],[2.4939746006032495,48.90013440020406],[2.494146399801124,48.90009809980469],[2.4942337993609702,48.90007949989968],[2.4943452999268043,48.90005559956857],[2.4943833005916853,48.90004820045183],[2.4943409995740224,48.89996159965671],[2.4942896999491344,48.899971900417746],[2.4942000996154072,48.89999100007631],[2.494140899831098,48.90000420003958],[2.494059599368224,48.900020800410225],[2.4939404004675803,48.90004620036227],[2.4939300006159533,48.90004890019504]]]},"properties":{"idtup":"930100000V0056","idcomtxt":"BONDY","source":"Copropriété non immatriculée","nom_usage":null}},{"type":"Feature","geometry":{"type":"Polygon","coordinates":[[[2.4943065003452816,48.89989149983631],[2.494258900109235,48.89979270004617],[2.494225200243677,48.89977920037263],[2.494090499544872,48.89977850015789],[2.494117000078357,48.899827500066046],[2.4941297001924916,48.89985310024006],[2.494160799732589,48.89991479974654],[2.494186600388396,48.89991089961613],[2.4942106006835987,48.8999066996033],[2.4943065003452816,48.89989149983631]]]},"properties":{"idtup":"930100000V0060","idcomtxt":"BONDY","source":"Copropriété non immatriculée","nom_usage":null}},{"type":"Feature","geometry":{"type":"Polygon","coordinates":[[[2.4923938006529958,48.90163209960337],[2.4924557000908742,48.9017178999993],[2.492459099403883,48.901719300229594],[2.492462899370163,48.90172130019382],[2.4927308994681683,48.901630400022775],[2.4927974003315554,48.901608700000445],[2.4927271001988034,48.90151970044754],[2.4926655006017544,48.901540699952605],[2.492618299723914,48.90155629985706],[2.4925671998419077,48.901573900360034],[2.492548700208218,48.90157990036879],[2.492513699708883,48.90159270023319],[2.4924394996003603,48.90161749974288],[2.492432799745803,48.90161940035475],[2.4923938006529958,48.90163209960337]]]},"properties":{"idtup":"930100000V0116","idcomtxt":"BONDY","source":"Copropriété non immatriculée","nom_usage":null}},{"type":"Feature","geometry":{"type":"Polygon","coordinates":[[[2.4919181004641002,48.90183169994448],[2.4919558997785303,48.90188269965933],[2.4921275004171934,48.90182890001389],[2.4920814998137453,48.901765199793836],[2.4920843995066884,48.901763700362885],[2.492102200442991,48.9017589996537],[2.492048699891112,48.90168539956384],[2.4920307002001163,48.90169089980176],[2.492025500575906,48.90168359969241],[2.4920345999053817,48.90168030007252],[2.4920372004585998,48.90168009976563],[2.4920478000952424,48.901677099680306],[2.4920166993608377,48.901635800396456],[2.4920077006026475,48.901638300062245],[2.4920051002081474,48.901641000430786],[2.4919954994849016,48.90164410007532],[2.4919157997131514,48.90153410012379],[2.49192500017403,48.90153049967441],[2.4919304996086526,48.90152999960893],[2.4919362003687384,48.90152760017028],[2.4919064997604052,48.9014864003182],[2.4918952995730086,48.90148929981964],[2.4918937000340913,48.90149190011296],[2.491886200436768,48.90149370017699],[2.491824299819425,48.90141010005332],[2.491845999409337,48.901405100267354],[2.4918153006614245,48.901362200067126],[2.491804299838154,48.90136549969675],[2.4918025001670867,48.90136819986186],[2.4917948000632197,48.901369999968864],[2.4917325996666024,48.90128500009885],[2.491740300160201,48.901282600162254],[2.4917452995400375,48.90128190013655],[2.491754600106222,48.901279499794626],[2.491723899712722,48.90123859960855],[2.4917146005164774,48.90124099995398],[2.4917095005407273,48.901243900146135],[2.491704299822351,48.901246500442646],[2.4916409003110713,48.90116140009905],[2.4916470993282958,48.90115909991305],[2.491654300524446,48.901158099876184],[2.491662099818535,48.901154800161315],[2.4916323998119183,48.90111470007573],[2.491624400415645,48.90111670034563],[2.4916184005338216,48.90112039979224],[2.491612800168242,48.901122299630075],[2.491531599561945,48.901012499832746],[2.4915392996488004,48.90100930042626],[2.491542999784313,48.90101020014957],[2.4915523995308684,48.901006300206085],[2.491522699729471,48.90096479987271],[2.491513500521478,48.900968000108136],[2.4915080001170056,48.90097069984632],[2.491501699414568,48.900972100290396],[2.491421100065418,48.90086209971119],[2.491409399655393,48.90084640034856],[2.491291300170698,48.90088320009868],[2.4915321995203406,48.90120859994251],[2.491899699725057,48.90170750013424],[2.4918393002105352,48.90172609956883],[2.49190849938025,48.90181889991019],[2.4919181004641002,48.90183169994448]]]},"properties":{"idtup":"930100000V0132","idcomtxt":"BONDY","source":"Copropriété non immatriculée","nom_usage":null}},{"type":"Feature","geometry":{"type":"Polygon","coordinates":[[[2.4963382999286696,48.90099059996848],[2.496330500495981,48.900972799640876],[2.4962949003724404,48.90097990010643],[2.4962051997741694,48.90099770043784],[2.4960248001220937,48.90103369958544],[2.4959737994870856,48.901043899798296],[2.495988900429722,48.90107919983391],[2.495995299391917,48.901092999585686],[2.4960482993606625,48.90108200020242],[2.4961672995052537,48.90105740041233],[2.496244999962375,48.90104119985836],[2.4962784998448555,48.90103420028976],[2.4963089999456844,48.90102750015434],[2.496303800255781,48.90101549957182],[2.4963455994481123,48.90100720032155],[2.496341999478918,48.900998899904835],[2.4963382999286696,48.90099059996848]]]},"properties":{"idtup":"930100000X0012","idcomtxt":"BONDY","source":"Copropriété non immatriculée","nom_usage":null}},{"type":"Feature","geometry":{"type":"Polygon","coordinates":[[[2.497069699676548,48.90135709968464],[2.4972289998700474,48.90132789996049],[2.497197400485709,48.90125450022238],[2.4971830001117126,48.901222699778515],[2.4971673005706303,48.901225699590974],[2.4970852996970283,48.9012409995679],[2.4970741993637837,48.90124320031463],[2.4970237994489604,48.90125249969593],[2.496952900356065,48.901265300277736],[2.4968258996571606,48.90128850029277],[2.496875799610624,48.901405600376435],[2.497074799664212,48.9013696996455],[2.497069699676548,48.90135709968464]]]},"properties":{"idtup":"930100000X0061","idcomtxt":"BONDY","source":"Copropriété non immatriculée","nom_usage":null}},{"type":"Feature","geometry":{"type":"Polygon","coordinates":[[[2.4980798002337266,48.90122609982712],[2.497972000212379,48.901245699773256],[2.497742000430962,48.90128859987348],[2.497637600344864,48.90130739990735],[2.4976454999173585,48.90132590021975],[2.4976754005596615,48.90139560017121],[2.4977409994375903,48.901383300331],[2.4978535005029383,48.90136199993742],[2.4978715996381067,48.901358699836145],[2.497919200635918,48.901349800246656],[2.497985299388722,48.90133699965795],[2.4981170997372733,48.90131240032852],[2.498113299672079,48.90130360001722],[2.498098499887409,48.90126860009351],[2.4980849005463606,48.90123769972229],[2.4980798002337266,48.90122609982712]]]},"properties":{"idtup":"930100000X0100","idcomtxt":"BONDY","source":"Copropriété immatriculée","nom_usage":"34 allée alice"}},{"type":"Feature","geometry":{"type":"Polygon","coordinates":[[[2.4982471993269413,48.90161439969367],[2.498231300414298,48.90157679980596],[2.498210899573988,48.901529199696576],[2.498097900337485,48.90154979957795],[2.4980908997326545,48.90155079994286],[2.498081299649657,48.90155259968531],[2.4980103006738994,48.90156569993925],[2.497896000633814,48.90158750014261],[2.497840100416575,48.901597800212876],[2.4977673003204233,48.90161080014308],[2.4978052001577153,48.901698900035605],[2.497992099643015,48.90166329957702],[2.498148899554335,48.90163300000032],[2.4981834994875727,48.90162680039398],[2.4982471993269413,48.90161439969367]]]},"properties":{"idtup":"930100000X0102","idcomtxt":"BONDY","source":"Copropriété immatriculée","nom_usage":"SDC 40 ALLEE ALICE"}},{"type":"Feature","geometry":{"type":"Polygon","coordinates":[[[2.4980798002337266,48.90122609982712],[2.4980849005463606,48.90123769972229],[2.498098499887409,48.90126860009351],[2.4981252995141445,48.90126369968242],[2.4982768999232805,48.90123620015646],[2.498542799551486,48.901187000442384],[2.498505099756093,48.90110070018875],[2.498295400373463,48.90113859989576],[2.4982461003830285,48.90114760043412],[2.4980597997935785,48.90118099961639],[2.4980798002337266,48.90122609982712]]]},"properties":{"idtup":"930100000X0111","idcomtxt":"BONDY","source":"Copropriété immatriculée","nom_usage":"SDC 25 ALLEE ANDREA A BONDY"}},{"type":"Feature","geometry":{"type":"Polygon","coordinates":[[[2.49796150013651,48.89984519964619],[2.497905799920857,48.899716300050386],[2.497871000381897,48.899699199579715],[2.497861200439011,48.89970040043116],[2.497715399929336,48.89971180015606],[2.4977678000025647,48.89983420022506],[2.497771000390532,48.89984180017248],[2.497786299560896,48.89987869980996],[2.49781419984717,48.899873599938516],[2.4978433000192606,48.899867700214514],[2.497950500520562,48.899847599643856],[2.49796150013651,48.89984519964619]]]},"properties":{"idtup":"930100000X0123","idcomtxt":"BONDY","source":"Copropriété immatriculée","nom_usage":"SDC 175 AVENUE HENRI BARBUSSE"}},{"type":"Feature","geometry":{"type":"Polygon","coordinates":[[[2.498316699658276,48.899667900145005],[2.498329700008141,48.89969779979905],[2.4983599000793952,48.89976700002551],[2.4983897993401136,48.899836000233634],[2.4984013002237497,48.89986339982563],[2.498436200350863,48.899946399736024],[2.4984887997407044,48.90006869956795],[2.498587800514632,48.90005050029484],[2.4986365005872173,48.90004149979801],[2.4986229005982072,48.90001010033699],[2.498572799384714,48.89989380038029],[2.49854680026301,48.899833799697475],[2.4985263995670706,48.899787499958194],[2.498500600248041,48.899729000134485],[2.4984697006050998,48.899655799606464],[2.498316699658276,48.899667900145005]]]},"properties":{"idtup":"930100000X0129","idcomtxt":"BONDY","source":"Copropriété non immatriculée","nom_usage":null}},{"type":"Feature","geometry":{"type":"Polygon","coordinates":[[[2.499199200314798,48.901339999648705],[2.499162100082782,48.90125520036402],[2.499103599822862,48.901266000056616],[2.499039699619585,48.90127759999639],[2.498900400313799,48.90130259973145],[2.498783299560325,48.90132410038899],[2.4987199996517253,48.901336100162034],[2.49875770061568,48.901422900344265],[2.4988144995583297,48.90141229964214],[2.4989363997325644,48.901389200289266],[2.4990859001054133,48.90136119993801],[2.499142999807628,48.90135079998308],[2.499199200314798,48.901339999648705]]]},"properties":{"idtup":"930100000X0145","idcomtxt":"BONDY","source":"Copropriété non immatriculée","nom_usage":null}},{"type":"Feature","geometry":{"type":"Polygon","coordinates":[[[2.4970237994489604,48.90125249969593],[2.4970741993637837,48.90124320031463],[2.4970852996970283,48.9012409995679],[2.4971673005706303,48.901225699590974],[2.4971830001117126,48.901222699778515],[2.497268099887823,48.90120699996233],[2.4974476995448978,48.90117329960571],[2.497464200334361,48.90117009987599],[2.497417799624745,48.90106089978775],[2.4973386004426095,48.901075399625064],[2.497180600186929,48.901103700257],[2.497037499423735,48.901129900427144],[2.496977400383925,48.90114109975401],[2.4970237994489604,48.90125249969593]]]},"properties":{"idtup":"930100000X0168","idcomtxt":"BONDY","source":"Copropriété non immatriculée","nom_usage":null}},{"type":"Feature","geometry":{"type":"Polygon","coordinates":[[[2.4980740997754998,48.90010660005165],[2.498049499716501,48.900049099802054],[2.4978390004267204,48.900085200367684],[2.497806199488889,48.900014599698125],[2.4977928000674936,48.9000168996882],[2.4977466995800635,48.90002620032006],[2.497664699973273,48.90004130016241],[2.497577900252018,48.900058799838426],[2.4976065997492816,48.900126799665266],[2.4976178000601994,48.90015279964877],[2.4976329001963262,48.90018699965071],[2.4979357005070852,48.90013190012169],[2.4979629993655803,48.90012680039298],[2.4980740997754998,48.90010660005165]]]},"properties":{"idtup":"930100000X0190","idcomtxt":"BONDY","source":"Copropriété immatriculée","nom_usage":"SDC 5 BIS ALLEE ANDREA"}},{"type":"Feature","geometry":{"type":"Polygon","coordinates":[[[2.4922657996287265,48.89973689991272],[2.492317399808338,48.8998462995843],[2.4923286993490468,48.89987079956247],[2.4923715998343043,48.89996159978372],[2.492412299922319,48.90004390032661],[2.492576599713618,48.8999807999059],[2.492591199627085,48.89995289969939],[2.4925601997489006,48.899889700162674],[2.4925312999853393,48.899828800040275],[2.4924667993867407,48.89969549984083],[2.4924138002454717,48.899706899642936],[2.4923919005125112,48.89971179976458],[2.4922911001349353,48.8997317003734],[2.4922657996287265,48.89973689991272]]]},"properties":{"idtup":"930100000Y0003","idcomtxt":"BONDY","source":"Copropriété non immatriculée","nom_usage":null}},{"type":"Feature","geometry":{"type":"Polygon","coordinates":[[[2.492859600002983,48.89987190036866],[2.492832199381547,48.89981529994546],[2.49278660013844,48.8997160997405],[2.4926371004262955,48.899749899974985],[2.4926827002043783,48.899845799790825],[2.492710299828968,48.89990450006603],[2.4927508993239154,48.89991429997363],[2.492859600002983,48.89987190036866]]]},"properties":{"idtup":"930100000Y0018","idcomtxt":"BONDY","source":"Copropriété non immatriculée","nom_usage":null}},{"type":"Feature","geometry":{"type":"Polygon","coordinates":[[[2.4931396993526755,48.899764100319324],[2.4932585998952996,48.89974200034279],[2.4934894004320967,48.89969920032309],[2.4935086999428493,48.899676099677265],[2.493456300456364,48.899567299665115],[2.49340500058533,48.899457099555974],[2.4933540996756114,48.89935259999339],[2.493210100365665,48.89938339985552],[2.4931045003404173,48.89940560014738],[2.492980900442549,48.899431299781114],[2.4930085999576868,48.8994903997234],[2.493051499754373,48.8995815000937],[2.493071300369886,48.89962279992178],[2.493117099391773,48.89971749985262],[2.4931396993526755,48.899764100319324]]]},"properties":{"idtup":"930100000Y0021","idcomtxt":"BONDY","source":"Copropriété immatriculée","nom_usage":"RESIDENCE LE CLOS DE L'ORME A BONDY"}},{"type":"Feature","geometry":{"type":"Polygon","coordinates":[[[2.493978100679193,48.89949380021062],[2.494007000211141,48.899555299831206],[2.494021299592065,48.899586999566814],[2.494052299702654,48.899650900194366],[2.4941441999304708,48.89964899965786],[2.4941941997778088,48.899648200013004],[2.4941788004530046,48.8996156997706],[2.4941537001642162,48.89956339993798],[2.494149399691636,48.899554100054694],[2.494147899566539,48.89955140030226],[2.494145900397427,48.899548399873005],[2.4941263004415144,48.89950700034876],[2.49410699945783,48.89946599957501],[2.493978100679193,48.89949380021062]]]},"properties":{"idtup":"930100000Y0036","idcomtxt":"BONDY","source":"Copropriété immatriculée","nom_usage":"150 avenue Henri Barbusse"}},{"type":"Feature","geometry":{"type":"Polygon","coordinates":[[[2.494255299423445,48.89943419968562],[2.494184099761883,48.89944990032746],[2.49410699945783,48.89946599957501],[2.4941263004415144,48.89950700034876],[2.494145900397427,48.899548399873005],[2.494147899566539,48.89955140030226],[2.494149399691636,48.899554100054694],[2.4941537001642162,48.89956339993798],[2.4941788004530046,48.8996156997706],[2.4941941997778088,48.899648200013004],[2.494358999695157,48.89964419972695],[2.494338499514655,48.89960460044559],[2.4942860001593097,48.899495800374716],[2.4942719004753724,48.89946740016034],[2.494255299423445,48.89943419968562]]]},"properties":{"idtup":"930100000Y0037","idcomtxt":"BONDY","source":"Copropriété non immatriculée","nom_usage":null}},{"type":"Feature","geometry":{"type":"Polygon","coordinates":[[[2.4924645996390997,48.89818859988889],[2.492393700045871,48.89820400038285],[2.49243460046342,48.89828870035284],[2.4925053006233737,48.89827389972638],[2.4926346999031366,48.89824769994119],[2.4927473003829923,48.89822369961289],[2.4927663993471265,48.89821990000118],[2.492808099451428,48.89821109973928],[2.4927671004698606,48.89812540034721],[2.49262450016472,48.89815529985142],[2.492610000237662,48.898158299657744],[2.4925719999011298,48.89816620003376],[2.492545799354066,48.89817159996528],[2.4924645996390997,48.89818859988889]]]},"properties":{"idtup":"930100000Y0105","idcomtxt":"BONDY","source":"Copropriété non immatriculée","nom_usage":null}},{"type":"Feature","geometry":{"type":"Polygon","coordinates":[[[2.4927671004698606,48.89812540034721],[2.492690199968705,48.89796409981253],[2.4926226005454066,48.89782300014528],[2.492583300664529,48.89780779994727],[2.492467999929764,48.89782959977336],[2.4924804000354053,48.89785450014249],[2.4924965004324737,48.897888099886906],[2.4925045003638524,48.897905299735974],[2.4925147997697517,48.897927700120924],[2.4925388002071167,48.89797769979772],[2.492541299407663,48.89798479961434],[2.4925624994411053,48.89802669996173],[2.4925939003861157,48.89809090043792],[2.492612500542571,48.89812890026028],[2.49262450016472,48.89815529985142],[2.4927671004698606,48.89812540034721]]]},"properties":{"idtup":"930100000Y0108","idcomtxt":"BONDY","source":"Copropriété non immatriculée","nom_usage":null}},{"type":"Feature","geometry":{"type":"Polygon","coordinates":[[[2.4934791996004573,48.89845000040481],[2.493391600042559,48.89846809981601],[2.4932041996841567,48.89850779997059],[2.493123599434077,48.898524700352965],[2.4931050003931374,48.89852869998398],[2.4931444998174768,48.89861370041384],[2.4933907996976776,48.89856309993257],[2.4935197000036453,48.898536200124774],[2.4934791996004573,48.89845000040481]]]},"properties":{"idtup":"930100000Y0116","idcomtxt":"BONDY","source":"Copropriété non immatriculée","nom_usage":null}},{"type":"Feature","geometry":{"type":"Polygon","coordinates":[[[2.4958578002801413,48.8996270004183],[2.4958293996826315,48.89957149991825],[2.4957696993632927,48.89945480038221],[2.4957260005849666,48.89936909975169],[2.4957169000942017,48.89935089998236],[2.495656899732793,48.89936350018905],[2.495651700333309,48.89936530028451],[2.495523299557085,48.89939320000454],[2.495599999931785,48.89954080031829],[2.495637500340795,48.899613700263735],[2.495672200633419,48.89962970022182],[2.4958578002801413,48.8996270004183]]]},"properties":{"idtup":"930100000Y0165","idcomtxt":"BONDY","source":"Copropriété immatriculée","nom_usage":"SDC 166 Henri Barbusse"}},{"type":"Feature","geometry":{"type":"Polygon","coordinates":[[[2.4960429001163327,48.89866929979492],[2.4958646000336255,48.89871200020603],[2.4957431000020893,48.89874019990965],[2.4956931006678147,48.898751600306525],[2.495635200256589,48.89876490001495],[2.495622500005437,48.898767000364714],[2.495630999944023,48.898784099571145],[2.4956472996660377,48.898814400143756],[2.4956655000960497,48.89885210010314],[2.4956908997990115,48.898847000085205],[2.495920200094845,48.89879369956294],[2.495933199580209,48.89879070023701],[2.496024100104893,48.89876960019318],[2.4960528995257634,48.898762599784604],[2.4961064997009212,48.898749799781605],[2.4960825005055307,48.898705200302636],[2.4960429001163327,48.89866929979492]]]},"properties":{"idtup":"930100000Y0173","idcomtxt":"BONDY","source":"Copropriété non immatriculée","nom_usage":null}},{"type":"Feature","geometry":{"type":"Polygon","coordinates":[[[2.496894199577352,48.89907829989385],[2.496764699976866,48.89910839962643],[2.496586200539759,48.899149899689384],[2.4965095004470492,48.8991678996976],[2.4964627994397874,48.89917870005344],[2.4964530004119383,48.89918080009826],[2.4964981004184432,48.8992653003976],[2.496661299531038,48.899227800123185],[2.4968067004914163,48.899194400319],[2.4969387004959773,48.899163599695505],[2.496894199577352,48.89907829989385]]]},"properties":{"idtup":"930100000Y0195","idcomtxt":"BONDY","source":"Copropriété non immatriculée","nom_usage":null}},{"type":"Feature","geometry":{"type":"Polygon","coordinates":[[[2.496802699477577,48.899503200102004],[2.4967866999164836,48.899472800248525],[2.4967633996746006,48.89942959959624],[2.4967470995630325,48.89939770023155],[2.4967184004370306,48.89940459960413],[2.4965877999831325,48.89943560011359],[2.4966034995546216,48.89946639982394],[2.496617500208824,48.89949290001184],[2.4966306997761363,48.89949010019875],[2.4966877005836796,48.899597699582],[2.496723599375595,48.89961350012903],[2.496859999483606,48.899612199974584],[2.4968358993433193,48.89956579985526],[2.4968225993295428,48.89953989977676],[2.496802699477577,48.899503200102004]]]},"properties":{"idtup":"930100000Y0197","idcomtxt":"BONDY","source":"Copropriété immatriculée","nom_usage":"176 AVENUE HENRI BARBUSSE"}},{"type":"Feature","geometry":{"type":"Polygon","coordinates":[[[2.493856699493244,48.899653799548666],[2.493806000440686,48.89954470021364],[2.4937864997337127,48.899502099581355],[2.493781199424372,48.8994892998619],[2.4937652993557515,48.89945389988498],[2.493760800205243,48.89944469986878],[2.493561199816962,48.89948590029135],[2.4935674005278523,48.89949839986331],[2.4936025002966664,48.899572400051284],[2.4936394999524247,48.899650500090544],[2.493677599394561,48.89966420019057],[2.4937188994798816,48.899656100284396],[2.493820399862354,48.899654899767974],[2.493856699493244,48.899653799548666]]]},"properties":{"idtup":"930100000Y0202","idcomtxt":"BONDY","source":"Copropriété non immatriculée","nom_usage":null}},{"type":"Feature","geometry":{"type":"Polygon","coordinates":[[[2.4943633995032366,48.89931690029698],[2.494319499662111,48.899229399674226],[2.4942676004220634,48.899240699723244],[2.494151000317497,48.89926569988673],[2.4940289995230627,48.8992913003386],[2.493983900218123,48.89930129981978],[2.493934600646909,48.89931119969925],[2.4938988000421523,48.89931880042474],[2.4938942993521316,48.899319999963424],[2.493936899831201,48.89940849977016],[2.493978299415866,48.899399400167574],[2.494161199333008,48.8993603003353],[2.4942833001651863,48.89933410033628],[2.4943633995032366,48.89931690029698]]]},"properties":{"idtup":"930100000Y0211","idcomtxt":"BONDY","source":"Copropriété immatriculée","nom_usage":"8/10 rue Bernard de Jussieu"}},{"type":"Feature","geometry":{"type":"Polygon","coordinates":[[[2.4964010004585333,48.89930000008711],[2.496378499676928,48.89925880006807],[2.4962281993708526,48.89929409965842],[2.4961229998425876,48.89931820002551],[2.496082699318823,48.8993270999512],[2.4960431005070536,48.89933650013134],[2.495931000477592,48.89936239957878],[2.4960529000991727,48.89960009955946],[2.4960655004304213,48.89962369995687],[2.4962341996289417,48.89962170006086],[2.4964015000510154,48.89961920032771],[2.4965324001063927,48.899616800053046],[2.496556799886787,48.89959579955135],[2.4964771997796085,48.89944379997313],[2.4964010004585333,48.89930000008711]]]},"properties":{"idtup":"930100000Y0214","idcomtxt":"BONDY","source":"Copropriété immatriculée","nom_usage":"LES TERRASSES"}},{"type":"Feature","geometry":{"type":"Polygon","coordinates":[[[2.491161700633762,48.89838549962067],[2.491143400112189,48.89834890017028],[2.4911371996943372,48.898337699954375],[2.4911253005226364,48.898312399593806],[2.491095400030273,48.898249900305316],[2.4910779998319623,48.89821399982892],[2.4910767994137224,48.898210800394246],[2.491064900368545,48.898183400146344],[2.4910247005578734,48.898100799849104],[2.4908859999250677,48.89812599970038],[2.490944899899549,48.89825059976256],[2.4909572003031744,48.89827809975119],[2.4910234003186233,48.89841669969578],[2.491073400570797,48.89840499997854],[2.491076699353233,48.89840410030208],[2.491161700633762,48.89838549962067]]]},"properties":{"idtup":"930100000Z0012","idcomtxt":"BONDY","source":"Copropriété non immatriculée","nom_usage":null}},{"type":"Feature","geometry":{"type":"Polygon","coordinates":[[[2.49196889996417,48.90003260011742],[2.4919898000420444,48.90007760001412],[2.4920108996982155,48.90012269967508],[2.4920140996534657,48.90013039959876],[2.4920393004956036,48.90018730022673],[2.492167500006251,48.9001381996037],[2.4921275003938588,48.90005390010295],[2.492104299691877,48.90000519972963],[2.4920665005817657,48.90001330043681],[2.492002400367093,48.90002609995534],[2.49196889996417,48.90003260011742]]]},"properties":{"idtup":"930100000Z0044","idcomtxt":"BONDY","source":"Copropriété immatriculée","nom_usage":"128 AVENUE HENRI BARBUSSE 93140 BONDY"}},{"type":"Feature","geometry":{"type":"Polygon","coordinates":[[[2.487499399518411,48.899720800123866],[2.4874562006046403,48.89964719962338],[2.487450699834766,48.89963939979462],[2.487417200091694,48.89964760017454],[2.4874139000238364,48.89964820027584],[2.4874045001987692,48.89965030039055],[2.487399500361532,48.89964509989545],[2.4872661999047865,48.89967579991902],[2.487269700579942,48.899681699955735],[2.487167700565453,48.899705899694254],[2.487074900620039,48.89972750018735],[2.4871044998623306,48.899782099630166],[2.487120299340315,48.89981120044005],[2.4872320999479176,48.8997843996475],[2.4872493995838054,48.89978030003992],[2.487279699844769,48.89977330007179],[2.4873295994279516,48.89976109967992],[2.4873643002119583,48.89975270032361],[2.4873762005798428,48.89975029975553],[2.4874193993308706,48.89974010037576],[2.487442000143589,48.89973469965188],[2.4874630998862726,48.89972950023937],[2.487499399518411,48.899720800123866]]]},"properties":{"idtup":"93010000AB0044","idcomtxt":"BONDY","source":"Copropriété non immatriculée","nom_usage":null}},{"type":"Feature","geometry":{"type":"Polygon","coordinates":[[[2.487096099733195,48.899050300129566],[2.487174100385757,48.89903199964477],[2.4872299993929987,48.89901829975635],[2.4872016003461868,48.89896970021312],[2.487153800261544,48.8988907002029],[2.487137299397254,48.898862900361145],[2.4871311998795265,48.89885220038555],[2.4870939001336514,48.898791899600425],[2.487073099654036,48.8987560999972],[2.4870589999920805,48.89873310012584],[2.4870387996555343,48.898699799557036],[2.4870036998047738,48.89864190030967],[2.486989200482427,48.89861779976408],[2.486849499621253,48.8986391002625],[2.486861199433886,48.898657300177206],[2.4869038999029396,48.89872829983765],[2.4869372994519003,48.89878350020466],[2.486953199793161,48.898809800160485],[2.4869634000955054,48.898827499919776],[2.4870042994221775,48.89889790007363],[2.4870111004869018,48.89890799962635],[2.4870598005433755,48.89898950001913],[2.487067199448398,48.899001499662376],[2.487096099733195,48.899050300129566]]]},"properties":{"idtup":"93010000AB0054","idcomtxt":"BONDY","source":"Copropriété immatriculée","nom_usage":"91 rue Louis Auguste Blanqui"}},{"type":"Feature","geometry":{"type":"Polygon","coordinates":[[[2.4872967993278,48.89881169964849],[2.4873158003982714,48.89880710010454],[2.487394000206622,48.89878819959088],[2.4874885993608964,48.89876529984832],[2.48737909969814,48.898573899655915],[2.487345399892654,48.89856189986118],[2.4871708995008692,48.898590099626425],[2.4871778993953826,48.898604799972055],[2.4872008994401376,48.89864439955294],[2.487247799342534,48.89872490024692],[2.4872705005472824,48.898766600207054],[2.4872967993278,48.89881169964849]]]},"properties":{"idtup":"93010000AB0057","idcomtxt":"BONDY","source":"Copropriété immatriculée","nom_usage":"95 RUE LOUIS AUGUSTE BLANQUI - MS12953"}},{"type":"Feature","geometry":{"type":"Polygon","coordinates":[[[2.4878381993902563,48.90031099972491],[2.4878804001665538,48.90038620012881],[2.488064499395821,48.900341100190296],[2.4882968996426897,48.90028419973235],[2.488346300161411,48.9002727000451],[2.488303199792306,48.90019639970482],[2.488233100603502,48.90021419958836],[2.4882246002183463,48.90021610036722],[2.488132300297783,48.90023910042757],[2.4880199995101537,48.90026649974923],[2.4878381993902563,48.90031099972491]]]},"properties":{"idtup":"93010000AB0090","idcomtxt":"BONDY","source":"Copropriété non immatriculée","nom_usage":null}},{"type":"Feature","geometry":{"type":"Polygon","coordinates":[[[2.488006099722774,48.900613099549936],[2.4880487002438962,48.90069070002381],[2.4881364996123723,48.90066950009121],[2.4883308001920827,48.900621199560426],[2.4883325000335716,48.90062090015976],[2.4884678004776837,48.90058730006088],[2.4885184001561997,48.9005747001819],[2.4884754002085776,48.90050090042063],[2.488424900227885,48.90051280015006],[2.4883148995375675,48.900538599813736],[2.4882869995617343,48.900545200212854],[2.4881893000541857,48.90056890028303],[2.48813309954378,48.90058260021655],[2.4880946006439353,48.90059239996115],[2.4880640004641768,48.90059989976205],[2.488006099722774,48.900613099549936]]]},"properties":{"idtup":"93010000AB0094","idcomtxt":"BONDY","source":"Copropriété non immatriculée","nom_usage":null}},{"type":"Feature","geometry":{"type":"Polygon","coordinates":[[[2.4880487002438962,48.90069070002381],[2.4880914998612624,48.90076609983182],[2.488284700358471,48.90071859955334],[2.4883141005103617,48.90071190034606],[2.4883720999401966,48.900698100096974],[2.488432900046989,48.900683300065566],[2.4884491994890694,48.90067869959937],[2.4885117993491233,48.900663700374956],[2.4885624005623117,48.90065220033313],[2.4885184001561997,48.9005747001819],[2.4884678004776837,48.90058730006088],[2.4883325000335716,48.90062090015976],[2.4883308001920827,48.900621199560426],[2.4881364996123723,48.90066950009121],[2.4880487002438962,48.90069070002381]]]},"properties":{"idtup":"93010000AB0095","idcomtxt":"BONDY","source":"Copropriété immatriculée","nom_usage":"47 RUE HENRY ALPY"}},{"type":"Feature","geometry":{"type":"Polygon","coordinates":[[[2.486139700128069,48.899020400276974],[2.486161300370112,48.899016300391],[2.4864981005700866,48.898936300234055],[2.4864633994764604,48.89887189967112],[2.4863825003195594,48.898726500176885],[2.4863521999768676,48.89871600033538],[2.4860276004847672,48.898766600197014],[2.485868200193258,48.89879129981795],[2.4859696994341274,48.89902450002545],[2.485980499826246,48.89904950030447],[2.486075899907612,48.89903180040291],[2.486139700128069,48.899020400276974]]]},"properties":{"idtup":"93010000AB0101","idcomtxt":"BONDY","source":"Copropriété immatriculée","nom_usage":"LES TERRASSES DE LA MAIRIE"}},{"type":"Feature","geometry":{"type":"Polygon","coordinates":[[[2.4866273998913013,48.89890729977462],[2.486690399557879,48.898892400323554],[2.4867693996434683,48.89887330040464],[2.48678489979754,48.89886990000452],[2.4868143000912455,48.89886310043612],[2.4867277998042825,48.89870520021218],[2.486703900254619,48.898662100185945],[2.4865391995802337,48.898687400301995],[2.4865202001512134,48.898710500244505],[2.4866273998913013,48.89890729977462]]]},"properties":{"idtup":"93010000AB0120","idcomtxt":"BONDY","source":"Copropriété immatriculée","nom_usage":"SDC 2 RUE CHARLES FERDINAND"}},{"type":"Feature","geometry":{"type":"Polygon","coordinates":[[[2.4822904006655007,48.90050030043089],[2.4822097993499033,48.90033409956815],[2.4820687994012722,48.900362600391794],[2.4819232003168756,48.9003909003949],[2.481858299735784,48.90040350037798],[2.481937100261021,48.900572500410675],[2.4819645996623456,48.90063050038313],[2.4820170004220192,48.900743999788865],[2.4822685999906655,48.90069330032153],[2.4823180993347473,48.90068260032837],[2.4823743999065626,48.90067190003194],[2.4823434997666305,48.900609200084],[2.4822904006655007,48.90050030043089]]]},"properties":{"idtup":"93010000AC0009","idcomtxt":"BONDY","source":"Plusieurs copropriétés immatriculées","nom_usage":"O' COEUR 41/45  AVENUE CARNOT"}},{"type":"Feature","geometry":{"type":"Polygon","coordinates":[[[2.4822904006655007,48.90050030043089],[2.4822097993499033,48.90033409956815],[2.4820687994012722,48.900362600391794],[2.4819232003168756,48.9003909003949],[2.481858299735784,48.90040350037798],[2.481937100261021,48.900572500410675],[2.4819645996623456,48.90063050038313],[2.4820170004220192,48.900743999788865],[2.4822685999906655,48.90069330032153],[2.4823180993347473,48.90068260032837],[2.4823743999065626,48.90067190003194],[2.4823434997666305,48.900609200084],[2.4822904006655007,48.90050030043089]]]},"properties":{"idtup":"93010000AC0009","idcomtxt":"BONDY","source":"Plusieurs copropriétés immatriculées","nom_usage":"RESIDENCE O'COEUR"}},{"type":"Feature","geometry":{"type":"Polygon","coordinates":[[[2.4830367996057534,48.90205870026644],[2.482943400192213,48.90186359976399],[2.4829349996799777,48.901844000055874],[2.482906999486985,48.90184970036321],[2.4827967997898437,48.901871899577046],[2.4827478993777086,48.901881800168994],[2.482764399754553,48.90191609980684],[2.4827869001453937,48.90196310013021],[2.4828114997862865,48.90201190002443],[2.482853599434452,48.902098199970006],[2.4830367996057534,48.90205870026644]]]},"properties":{"idtup":"93010000AC0027","idcomtxt":"BONDY","source":"Copropriété immatriculée","nom_usage":"Résidence des arts"}},{"type":"Feature","geometry":{"type":"Polygon","coordinates":[[[2.484407700528276,48.89901809960765],[2.4843352005419383,48.8990295998479],[2.4842581996104594,48.89904120026966],[2.48412790042597,48.899061500282315],[2.4839779000291804,48.89908460024169],[2.483937799729965,48.89909870033469],[2.483909500211848,48.89910929990936],[2.483762400242207,48.899164100022546],[2.483786199409693,48.89921380019479],[2.483884899328203,48.89942319983126],[2.4839233003421524,48.89950389988236],[2.483943700577977,48.89954589989933],[2.484032199995305,48.899733699953586],[2.4841718002636703,48.89970810003716],[2.4844330004385697,48.899660899678665],[2.4845063995273415,48.899647399600646],[2.4845834005024385,48.89963339967674],[2.4846564997953537,48.89961999983804],[2.484608999771981,48.89950109977043],[2.4844267999738627,48.8990631003382],[2.484407700528276,48.89901809960765]]]},"properties":{"idtup":"93010000AC0046","idcomtxt":"BONDY","source":"Copropriété immatriculée","nom_usage":"SDC 55 BLANQUI"}},{"type":"Feature","geometry":{"type":"Polygon","coordinates":[[[2.479315399429211,48.900648599625875],[2.4793096995000248,48.90062250041072],[2.479305499615771,48.900603399808915],[2.479300600680914,48.90057700010957],[2.4793000000343017,48.900573500102766],[2.4792845999616553,48.9004982000245],[2.479222900605878,48.90050269987243],[2.4790303001051486,48.90051769990623],[2.4789910001060984,48.900521100091076],[2.478934599998075,48.90052520016977],[2.4788356006400036,48.900533200402776],[2.4786857000177016,48.9005453999895],[2.4786948997662446,48.90070990035528],[2.4787698005545007,48.90070229987442],[2.4788141997117417,48.9006962995797],[2.4788569005113885,48.900688399741874],[2.47886779949649,48.90071509985271],[2.4788708998464393,48.90071430037149],[2.4789924001057053,48.90069660007025],[2.479136499909377,48.90067470015503],[2.479315399429211,48.900648599625875]]]},"properties":{"idtup":"93010000AD0002","idcomtxt":"BONDY","source":"Copropriété immatriculée","nom_usage":"SDC 25 ROGER SALENGRO"}},{"type":"Feature","geometry":{"type":"Polygon","coordinates":[[[2.480072599981432,48.902605799818595],[2.4800276999006408,48.90261809981608],[2.480034599433182,48.90262999966673],[2.479977399525553,48.90264430025577],[2.4799547994976963,48.902650099758645],[2.479786500165039,48.90269060013642],[2.47976110064001,48.90269670040095],[2.4797720996275383,48.90271279982997],[2.4798597997061895,48.902841200054176],[2.479879200463985,48.90289320014565],[2.4798965995001456,48.90289010026237],[2.480207500453158,48.902829299999865],[2.480337900644908,48.902803400258875],[2.480364900438434,48.90279659996354],[2.4803983004065393,48.90275579961281],[2.480307499371819,48.90254000016723],[2.4801874004166686,48.90257339980666],[2.4801785994427363,48.90257609998765],[2.480072599981432,48.902605799818595]]]},"properties":{"idtup":"93010000AD0019","idcomtxt":"BONDY","source":"Copropriété immatriculée","nom_usage":"LES FLORIANES II"}},{"type":"Feature","geometry":{"type":"Polygon","coordinates":[[[2.4808929995778373,48.90098789981031],[2.480420400372142,48.901088599623314],[2.4801748003947437,48.901140799701324],[2.4801651002726595,48.90114299956546],[2.4801469994249885,48.90114650023144],[2.4800301995265417,48.90117140035051],[2.4799762000610865,48.901183099669346],[2.4799583004408334,48.90118679992671],[2.479928700025956,48.90119320034522],[2.4799898002506864,48.9013396996575],[2.4800026995618363,48.9013376000306],[2.4800100002223244,48.90133650040277],[2.4800263993979366,48.90133279991903],[2.4801267001924754,48.901311400226305],[2.480235300405105,48.901287500429554],[2.4803355994012,48.901266400022145],[2.480474299520685,48.90123659987138],[2.4809628005923727,48.901132799620406],[2.4809412005934655,48.90108899983792],[2.4809130995898623,48.90102999971535],[2.4808929995778373,48.90098789981031]]]},"properties":{"idtup":"93010000AD0055","idcomtxt":"BONDY","source":"Copropriété immatriculée","nom_usage":"SDC RESIDENCE ANDRE MALRAUX"}},{"type":"Feature","geometry":{"type":"Polygon","coordinates":[[[2.480856199826066,48.900900600433104],[2.4808425001360885,48.90087299985976],[2.4808135996326963,48.900816499898674],[2.4803082997072496,48.900923599958915],[2.48012120035599,48.90096389966153],[2.480056699940145,48.900977700075494],[2.479953500286907,48.900999999920245],[2.479909599393241,48.90100950019376],[2.479857999459372,48.90101969994853],[2.4798931993597053,48.9011059998507],[2.479928700025956,48.90119320034522],[2.4799583004408334,48.90118679992671],[2.4799762000610865,48.901183099669346],[2.4800301995265417,48.90117140035051],[2.4801469994249885,48.90114650023144],[2.4801651002726595,48.90114299956546],[2.4801748003947437,48.901140799701324],[2.480420400372142,48.901088599623314],[2.4808929995778373,48.90098789981031],[2.4808987004743526,48.90098690021167],[2.480856199826066,48.900900600433104]]]},"properties":{"idtup":"93010000AD0060","idcomtxt":"BONDY","source":"Copropriété immatriculée","nom_usage":"SDC 35/37 COURS REPUBLIQUE"}},{"type":"Feature","geometry":{"type":"Polygon","coordinates":[[[2.480788200305792,48.900728999898284],[2.480769500378835,48.90069220023431],[2.4807462000177414,48.9006454999637],[2.480264400275162,48.900747699799915],[2.480121099783856,48.900778100267125],[2.480049999786463,48.90079289993685],[2.4798731993381833,48.90083129966956],[2.479786600258613,48.900848999577555],[2.4798225998121244,48.90093469955506],[2.479857999459372,48.90101969994853],[2.479909599393241,48.90100950019376],[2.479953500286907,48.900999999920245],[2.480056699940145,48.900977700075494],[2.48012120035599,48.90096389966153],[2.4803082997072496,48.900923599958915],[2.4808135996326963,48.900816499898674],[2.48082980052901,48.90081309971156],[2.48080590023939,48.900763900388945],[2.480788200305792,48.900728999898284]]]},"properties":{"idtup":"93010000AD0061","idcomtxt":"BONDY","source":"Copropriété immatriculée","nom_usage":"SDC LE PRESIDENT"}},{"type":"Feature","geometry":{"type":"Polygon","coordinates":[[[2.4807462000177414,48.9006454999637],[2.4812568994809108,48.900536200149034],[2.481426400165674,48.90050039992932],[2.4815301994780277,48.90047839997726],[2.481607400632678,48.90046190007074],[2.4816218998563535,48.90045910034061],[2.481701600070099,48.90044189983977],[2.4816231999422627,48.90027579981958],[2.481547300008293,48.90029220015203],[2.4815271998034505,48.90029680031609],[2.4813814995746175,48.900327299823445],[2.4813643001167023,48.900330999726734],[2.481126000616501,48.90038160024794],[2.481057100316928,48.90039640015469],[2.481052099351032,48.90039780028646],[2.4810407001545003,48.9004000998775],[2.4809817993770356,48.900412200189756],[2.4808175004712814,48.90044780020428],[2.4806636001446707,48.9004802003929],[2.4806878997729807,48.90053050043945],[2.4807211996211893,48.90059569960763],[2.4807462000177414,48.9006454999637]]]},"properties":{"idtup":"93010000AD0062","idcomtxt":"BONDY","source":"Copropriété immatriculée","nom_usage":"SDC RESIDENCE MARIGNY"}},{"type":"Feature","geometry":{"type":"Polygon","coordinates":[[[2.4816231999422627,48.90027579981958],[2.4815674999986665,48.90015909966957],[2.481492699388872,48.90017579969901],[2.481326200147453,48.90021070022239],[2.4813235993707927,48.90021119976436],[2.481218799805805,48.90023259986845],[2.4810814996449797,48.90026129991682],[2.4809170997665047,48.90029600032834],[2.4808795005588555,48.90030410017613],[2.4807553995112355,48.900330800349934],[2.4807569993825496,48.90033409964039],[2.480815400095343,48.90044489983522],[2.4808175004712814,48.90044780020428],[2.4809817993770356,48.900412200189756],[2.4810407001545003,48.9004000998775],[2.481052099351032,48.90039780028646],[2.481057100316928,48.90039640015469],[2.481126000616501,48.90038160024794],[2.4813643001167023,48.900330999726734],[2.4813814995746175,48.900327299823445],[2.4815271998034505,48.90029680031609],[2.481547300008293,48.90029220015203],[2.4816231999422627,48.90027579981958]]]},"properties":{"idtup":"93010000AD0067","idcomtxt":"BONDY","source":"Copropriété immatriculée","nom_usage":"Les Primeveres"}},{"type":"Feature","geometry":{"type":"Polygon","coordinates":[[[2.4815674999986665,48.90015909966957],[2.481548300436256,48.90011709996514],[2.481523700442888,48.90006690039809],[2.4815123995919905,48.900042900290444],[2.481466599675278,48.90005240011157],[2.4814605997896786,48.900053300418875],[2.4813664000825444,48.90007379957777],[2.481340100533921,48.9000792002261],[2.4812951998314072,48.90008880010135],[2.481277700358502,48.90009249959265],[2.4812670995717707,48.90009489978843],[2.4812573994730367,48.900096300260195],[2.4812017000559,48.900107900145755],[2.4810729996907903,48.90013449979029],[2.48093270046058,48.90016439983769],[2.4808648005062235,48.90017890000619],[2.480866099443987,48.90018159995358],[2.480916000446639,48.90029380036109],[2.4809170997665047,48.90029600032834],[2.4810814996449797,48.90026129991682],[2.481218799805805,48.90023259986845],[2.4813235993707927,48.90021119976436],[2.481326200147453,48.90021070022239],[2.481492699388872,48.90017579969901],[2.4815674999986665,48.90015909966957]]]},"properties":{"idtup":"93010000AD0068","idcomtxt":"BONDY","source":"Copropriété immatriculée","nom_usage":"CARNOT"}},{"type":"Feature","geometry":{"type":"Polygon","coordinates":[[[2.479618600603371,48.90044130030742],[2.479741600541697,48.90041539960654],[2.479763499682145,48.90041030034797],[2.479782500210847,48.9004067002263],[2.4799398998729933,48.90037359961536],[2.4799321994563743,48.90035109974838],[2.4799244002555554,48.90032620010645],[2.479918999390691,48.900311099810054],[2.479895999755129,48.90024040001353],[2.479596700187648,48.90028360020004],[2.479586200678098,48.900284999760984],[2.4795640993350774,48.900309100418745],[2.4795679996910764,48.900317099596236],[2.479618600603371,48.90044130030742]]]},"properties":{"idtup":"93010000AD0071","idcomtxt":"BONDY","source":"Copropriété immatriculée","nom_usage":"SDC 7 RUE L. A. BLANQUI"}},{"type":"Feature","geometry":{"type":"Polygon","coordinates":[[[2.4790303001051486,48.90051769990623],[2.479222900605878,48.90050269987243],[2.4792845999616553,48.9004982000245],[2.479269900059557,48.90042600018842],[2.479262699535841,48.90038860007326],[2.479253800127572,48.900349900268736],[2.479249700400606,48.90033320033992],[2.47920559998104,48.90033909957484],[2.479184599901432,48.90034200024407],[2.4790448996863446,48.90036190041752],[2.4789813994405674,48.90037039960966],[2.4789840002061325,48.90037740032007],[2.4789842003590845,48.9003787996097],[2.479000199378237,48.90042609979264],[2.479002100388521,48.90043310015624],[2.4790303001051486,48.90051769990623]]]},"properties":{"idtup":"93010000AD0092","idcomtxt":"BONDY","source":"Copropriété non immatriculée","nom_usage":null}},{"type":"Feature","geometry":{"type":"Polygon","coordinates":[[[2.4808530994019367,48.90255210031776],[2.4806951999486415,48.902591899727845],[2.4806635997002764,48.90259960013759],[2.480641699926277,48.9026054999309],[2.480543400512679,48.90262870013059],[2.480518900265116,48.90263560033879],[2.4805554998204156,48.902724299923584],[2.4806152002243493,48.90274690019879],[2.480761999356225,48.90271649995125],[2.480900599362803,48.90268779964321],[2.4808729998106536,48.9026114002659],[2.4808530994019367,48.90255210031776]]]},"properties":{"idtup":"93010000AD0106","idcomtxt":"BONDY","source":"Copropriété immatriculée","nom_usage":"S147"}},{"type":"Feature","geometry":{"type":"Polygon","coordinates":[[[2.4815123995919905,48.900042900290444],[2.481447400174435,48.89990509987531],[2.4812813000828613,48.89994260016144],[2.481340100533921,48.9000792002261],[2.4813664000825444,48.90007379957777],[2.4814605997896786,48.900053300418875],[2.481466599675278,48.90005240011157],[2.4815123995919905,48.900042900290444]]]},"properties":{"idtup":"93010000AD0121","idcomtxt":"BONDY","source":"Copropriété immatriculée","nom_usage":"SDC 56 BLD CARNOT"}},{"type":"Feature","geometry":{"type":"Polygon","coordinates":[[[2.479893500516215,48.902333299636936],[2.479859100452526,48.90234379979876],[2.4798573999094153,48.902340199697996],[2.4798435996689463,48.90231080000324],[2.4798318999900495,48.902289200091616],[2.4796561001445467,48.90233410038519],[2.479574700026485,48.902349599635976],[2.4796607001791164,48.90253100028084],[2.47976110064001,48.90269670040095],[2.479786500165039,48.90269060013642],[2.4799547994976963,48.902650099758645],[2.479977399525553,48.90264430025577],[2.480034599433182,48.90262999966673],[2.4800276999006408,48.90261809981608],[2.479969300180476,48.90252310021734],[2.479951999533115,48.90249519976852],[2.4801110995991253,48.902460600019474],[2.480263299522318,48.90242780019856],[2.4801906999629124,48.902244199986335],[2.480057099489644,48.902285399914504],[2.479893500516215,48.902333299636936]]]},"properties":{"idtup":"93010000AD0145","idcomtxt":"BONDY","source":"Copropriété immatriculée","nom_usage":"S143"}},{"type":"Feature","geometry":{"type":"Polygon","coordinates":[[[2.4806636001446707,48.9004802003929],[2.4808175004712814,48.90044780020428],[2.480815400095343,48.90044489983522],[2.4807569993825496,48.90033409964039],[2.4807553995112355,48.900330800349934],[2.4807356004472716,48.900291799799234],[2.4806753999259583,48.900175899880686],[2.4806429996084995,48.900114499640445],[2.480631699512478,48.900090600174444],[2.4805254001488377,48.900114799900955],[2.480534600399813,48.90013260017674],[2.480538499850255,48.900139200001036],[2.480573000227305,48.900206800190546],[2.480588500242357,48.9002373997082],[2.4804863002117465,48.900258799654395],[2.4803559005026066,48.9002868003672],[2.480317999393786,48.90029479980572],[2.4803013003799355,48.90029809973901],[2.480211800008981,48.90031739982256],[2.480156699837468,48.900328500010474],[2.4801034996092635,48.90034029998576],[2.4800606000586702,48.900349300154616],[2.4801139997520556,48.90045480006765],[2.480028300200404,48.90047210027028],[2.4796624005811787,48.90054830011436],[2.4796734005292382,48.90057489987017],[2.4799053997743874,48.90052749978558],[2.480127999578662,48.900481800405075],[2.4801516997975726,48.90052759963944],[2.480179799955816,48.90058219967214],[2.4806636001446707,48.9004802003929]]]},"properties":{"idtup":"93010000AD0156","idcomtxt":"BONDY","source":"Copropriété immatriculée","nom_usage":"SDC COTE JARDIN"}},{"type":"Feature","geometry":{"type":"MultiPolygon","coordinates":[[[[2.4776421000024045,48.903115900193185],[2.477607199410977,48.90303780002571],[2.47758319945246,48.902986499844836],[2.477367900604051,48.90303130002334],[2.4772717996413793,48.90305120039573],[2.4773220993893164,48.90315049967515],[2.4773679996429645,48.90323909961009],[2.477424999326673,48.90335060012052],[2.4774962004500156,48.90347509990714],[2.477577499635503,48.90346309992034],[2.477656799903911,48.903452500367806],[2.4777162998300337,48.90344459956396],[2.477736499358912,48.903442899829734],[2.4777707004728797,48.903401899576735],[2.477767999441385,48.90339659990221],[2.477760199600198,48.90337930018778],[2.4777186995579172,48.903287000090316],[2.4776827993552404,48.903206400034755],[2.4776421000024045,48.903115900193185]]],[[[2.477243600570296,48.9035098996574],[2.4773394999868192,48.903496299844065],[2.477373799444686,48.903491599573044],[2.477347399403612,48.90344090041924],[2.4773515002273347,48.90344019977094],[2.47731290003093,48.903376799581096],[2.4772968999697813,48.90334949977946],[2.477283699741264,48.903325400221014],[2.4772761995051336,48.9033116998899],[2.477238400022414,48.90331950004109],[2.477111999554966,48.90308450011742],[2.477029999642972,48.90310179991853],[2.4768666003670536,48.903135400152046],[2.476924600281526,48.90324199958964],[2.476946099634447,48.903282400217975],[2.4769704997874364,48.903329800188885],[2.477029299325363,48.903440899558554],[2.477077900151061,48.903533999791286],[2.477243600570296,48.9035098996574]]]]},"properties":{"idtup":"93010000AE0012","idcomtxt":"BONDY","source":"Copropriété non immatriculée","nom_usage":null}},{"type":"Feature","geometry":{"type":"Polygon","coordinates":[[[2.4773043006714093,48.902357199954665],[2.477261099652959,48.902366800331066],[2.477253199728856,48.90236860043086],[2.477110300653215,48.90239969958705],[2.4769338993928485,48.90243820012034],[2.476866399400572,48.902452400288425],[2.476930599549322,48.90258360033083],[2.476949500419561,48.90262260021287],[2.477018299971482,48.90260859992321],[2.4771002997607705,48.90259109958055],[2.477188600487839,48.90257249985876],[2.4772369996209602,48.902562700069446],[2.4772701001093633,48.902556300306735],[2.4773316001139833,48.902544199682225],[2.477381999995421,48.9025342997495],[2.477361500490821,48.90248670011667],[2.4773449997905406,48.902449100192996],[2.4773043006714093,48.902357199954665]]]},"properties":{"idtup":"93010000AE0016","idcomtxt":"BONDY","source":"Copropriété immatriculée","nom_usage":"18 RUE JEAN JAURES"}},{"type":"Feature","geometry":{"type":"Polygon","coordinates":[[[2.4772231997562155,48.90217630006334],[2.4771755997806713,48.90218669957555],[2.4771138006412503,48.90220010010834],[2.4770710003332157,48.90220920035521],[2.4769636999391156,48.90223210023029],[2.476862300445744,48.90225420022253],[2.4767350994878843,48.902282600342055],[2.4764212001432755,48.90235200013879],[2.4763631000226702,48.902365000076415],[2.4763894000935354,48.90241029964976],[2.4764223993651693,48.902467400379685],[2.476448900132398,48.902513100103256],[2.4765539995757035,48.90249170010367],[2.476616899401025,48.902478499819736],[2.4766300001701906,48.90247539961302],[2.4767450004298497,48.90245139965658],[2.476854499967614,48.90242839987005],[2.476866399400572,48.902452400288425],[2.4769338993928485,48.90243820012034],[2.477110300653215,48.90239969958705],[2.477253199728856,48.90236860043086],[2.477261099652959,48.902366800331066],[2.4773043006714093,48.902357199954665],[2.477270400282927,48.90228080008133],[2.4772231997562155,48.90217630006334]]]},"properties":{"idtup":"93010000AE0029","idcomtxt":"BONDY","source":"Copropriété immatriculée","nom_usage":"S146"}},{"type":"Feature","geometry":{"type":"Polygon","coordinates":[[[2.4760577003005544,48.90226869986788],[2.4760787995562348,48.90230280022147],[2.476117400614717,48.90236669999853],[2.476136500409683,48.90239819980087],[2.4761445997805382,48.90241209978458],[2.47631009959577,48.902375899927804],[2.4763631000226702,48.902365000076415],[2.4764212001432755,48.90235200013879],[2.4767350994878843,48.902282600342055],[2.476862300445744,48.90225420022253],[2.4769636999391156,48.90223210023029],[2.4770710003332157,48.90220920035521],[2.4771138006412503,48.90220010010834],[2.4771755997806713,48.90218669957555],[2.4772231997562155,48.90217630006334],[2.477186599749415,48.90209110037591],[2.477154399411234,48.9020185002335],[2.4770606996366653,48.90203990017581],[2.477044600207481,48.902043999953186],[2.4768938004136394,48.902077600396076],[2.4767670004585915,48.90210699963103],[2.4766984000142664,48.90212309962445],[2.4766400004703395,48.90213620001078],[2.476584100233141,48.90214900013179],[2.4765123002632627,48.902165700260504],[2.4764140003895534,48.90218829994544],[2.4763449003931144,48.902204000060216],[2.4761019999249685,48.90225920005565],[2.4760577003005544,48.90226869986788]]]},"properties":{"idtup":"93010000AE0030","idcomtxt":"BONDY","source":"Copropriété immatriculée","nom_usage":"RESIDENCE LA TEOCHE"}},{"type":"Feature","geometry":{"type":"Polygon","coordinates":[[[2.4773392000682715,48.90165139987605],[2.477328700005367,48.90162659981774],[2.4773099997170833,48.9015856997066],[2.4772728000291675,48.90150359997986],[2.477267899326831,48.90149350009174],[2.47723629995338,48.90142180005883],[2.4772326994099565,48.901414400158096],[2.4770708002398254,48.90144599999937],[2.4770528004309114,48.90147200032619],[2.477118300085562,48.90162110041136],[2.4771502996753334,48.901692199676035],[2.477269199614256,48.901666399637584],[2.477297499355413,48.90166039978621],[2.477310599590487,48.90165759986896],[2.4773392000682715,48.90165139987605]]]},"properties":{"idtup":"93010000AE0043","idcomtxt":"BONDY","source":"Copropriété non immatriculée","nom_usage":null}},{"type":"Feature","geometry":{"type":"Polygon","coordinates":[[[2.4782597000785014,48.90181069960634],[2.4781710997228985,48.90160380021127],[2.4781577004518156,48.90160649999623],[2.4781037005396396,48.90161870027957],[2.4779153998785155,48.90166029978145],[2.477812099960045,48.90168379970917],[2.477782699521058,48.901690199569295],[2.4776117000350175,48.90172749981374],[2.4775748999870753,48.9017356003072],[2.4775400000461425,48.90174329989473],[2.477411100402737,48.90177190016831],[2.4773159998938503,48.90179319977415],[2.4773167995530248,48.901794800427254],[2.477240499849034,48.90180990038192],[2.477204900382109,48.901817700238446],[2.47728420002248,48.90199479997997],[2.4773180002132045,48.90198810019065],[2.4773749994320813,48.90197639987391],[2.4774377002074353,48.90196460030204],[2.477562300237238,48.90194079971681],[2.477608000672336,48.90193180007435],[2.4777355004610073,48.90190719988522],[2.47777980014505,48.90189940003533],[2.4779050004999412,48.90187609992525],[2.477905599576823,48.90187730040909],[2.4780333004999044,48.90185369990599],[2.4781924004605123,48.90182339956053],[2.4782597000785014,48.90181069960634]]]},"properties":{"idtup":"93010000AE0056","idcomtxt":"BONDY","source":"Copropriété immatriculée","nom_usage":"SDC 21 RUE JEAN JAURES"}},{"type":"Feature","geometry":{"type":"Polygon","coordinates":[[[2.4783230998309738,48.902059199725585],[2.4783264997318435,48.90205860030983],[2.478326399592344,48.90204449969533],[2.478368799472254,48.90202550042176],[2.4784908998118635,48.90200159985465],[2.4787837000115913,48.90194430006965],[2.4788400002342157,48.90193330016969],[2.4789222004950062,48.90191549998048],[2.479015800504701,48.90189469978388],[2.4790600006769363,48.90188510042142],[2.479145399609572,48.90186579956415],[2.4791558003317262,48.90186339958736],[2.4790955998445092,48.90175230041611],[2.4790353996164836,48.90164270034259],[2.4788028999636365,48.90170189990193],[2.478800500330982,48.90170259990957],[2.4787388006773665,48.901717199587765],[2.4786620993704873,48.901732000130195],[2.478636099360969,48.90173679985112],[2.4784311001626342,48.9017770999201],[2.478344900610185,48.90179419978432],[2.4782597000785014,48.90181069960634],[2.4781924004605123,48.90182339956053],[2.4780333004999044,48.90185369990599],[2.477905599576823,48.90187730040909],[2.4779050004999412,48.90187609992525],[2.47777980014505,48.90189940003533],[2.4777355004610073,48.90190719988522],[2.477608000672336,48.90193180007435],[2.477562300237238,48.90194079971681],[2.4774377002074353,48.90196460030204],[2.4773749994320813,48.90197639987391],[2.4773180002132045,48.90198810019065],[2.47728420002248,48.90199479997997],[2.477384200461984,48.90221959998567],[2.47747540066074,48.902203299629285],[2.477639799518676,48.90217470033938],[2.477642199913588,48.9021742000038],[2.477751299372567,48.90215590010841],[2.477890000127194,48.90213199969296],[2.4780853993960066,48.902099300104425],[2.478224299360646,48.90207549999269],[2.4783230998309738,48.902059199725585]]]},"properties":{"idtup":"93010000AE0057","idcomtxt":"BONDY","source":"Copropriété immatriculée","nom_usage":"36 SALENGRO 19 J JAURES - MS10689"}},{"type":"Feature","geometry":{"type":"Polygon","coordinates":[[[2.4783230998309738,48.902059199725585],[2.478224299360646,48.90207549999269],[2.4780853993960066,48.902099300104425],[2.477890000127194,48.90213199969296],[2.477751299372567,48.90215590010841],[2.477642199913588,48.9021742000038],[2.477639799518676,48.90217470033938],[2.47747540066074,48.902203299629285],[2.477384200461984,48.90221959998567],[2.477461200085497,48.902393300029864],[2.477551699816428,48.90237559994291],[2.4777144994002307,48.902345200366106],[2.4777422993510845,48.9023401002337],[2.4778678005293706,48.90231669985768],[2.4779007995263944,48.90238159983369],[2.477925699585128,48.90242830036981],[2.4780001005559824,48.90241529967553],[2.478077300283839,48.902402199617406],[2.4781529993603426,48.9023886999757],[2.478378299633907,48.90234889979013],[2.4783692996730053,48.90230080003282],[2.47835720017943,48.90223829971979],[2.4783477999894368,48.90218739958082],[2.4783230998309738,48.902059199725585]]]},"properties":{"idtup":"93010000AE0059","idcomtxt":"BONDY","source":"Copropriété immatriculée","nom_usage":"SDC RESIDENCE LE FLORIAN"}},{"type":"Feature","geometry":{"type":"Polygon","coordinates":[[[2.4781806998298554,48.90292219993223],[2.47812019976199,48.90280120044336],[2.4778657996870947,48.902852100180624],[2.477826700616862,48.90285990024943],[2.477681700588659,48.90288820038177],[2.4777369997531973,48.903009600080914],[2.477749000303138,48.903036900378815],[2.477772500178252,48.90308829996409],[2.477798000148805,48.90314430010119],[2.4778290003640744,48.90321049981665],[2.4778404001082017,48.90323949986029],[2.4780226996418997,48.90320489970974],[2.4780278006159735,48.90320390033195],[2.4783004003612064,48.903152399660605],[2.4782511995464818,48.903056100265076],[2.4782096002409233,48.90297649983304],[2.4781966004632014,48.902953600012175],[2.4781806998298554,48.90292219993223]]]},"properties":{"idtup":"93010000AE0066","idcomtxt":"BONDY","source":"Copropriété immatriculée","nom_usage":"LE VICTORIA"}},{"type":"Feature","geometry":{"type":"Polygon","coordinates":[[[2.4790353996164836,48.90164270034259],[2.479038300236069,48.90164209963416],[2.4789658998870197,48.901488199799445],[2.478953000122785,48.90149020038931],[2.4788766998323206,48.90135270030485],[2.4788981003921133,48.90134690027828],[2.4788354005835704,48.90124930028929],[2.478766799342513,48.90114399991373],[2.4787530005742777,48.901124899793984],[2.478647399777939,48.90114319965023],[2.4784258997281956,48.90118259963442],[2.4784292006617425,48.90119159985612],[2.4784318996611967,48.90119560002338],[2.4784741994756256,48.90127569997876],[2.4784777001559712,48.90128260029378],[2.478506199569579,48.90133669971483],[2.4785093999045875,48.901342399948575],[2.4785197001215553,48.901361599970976],[2.478561500141065,48.90144109966899],[2.478589600508201,48.90149419999633],[2.47859440037141,48.90150199987035],[2.478596800368068,48.90150780003654],[2.478527099657966,48.901523300052006],[2.478490599646799,48.90153129961278],[2.478491300210947,48.90153339983976],[2.478433899412158,48.90154550003001],[2.4783962997168234,48.90155419982742],[2.478327400608594,48.90156959979755],[2.478292400579492,48.90157710042243],[2.4782398994294073,48.901588800088305],[2.4781710997228985,48.90160380021127],[2.4782597000785014,48.90181069960634],[2.478344900610185,48.90179419978432],[2.4784311001626342,48.9017770999201],[2.478636099360969,48.90173679985112],[2.4786620993704873,48.901732000130195],[2.4787388006773665,48.901717199587765],[2.478800500330982,48.90170259990957],[2.4788028999636365,48.90170189990193],[2.4790353996164836,48.90164270034259]]]},"properties":{"idtup":"93010000AE0121","idcomtxt":"BONDY","source":"Copropriété immatriculée","nom_usage":"SDC RESIDENCE DE LA MAIRIE"}},{"type":"Feature","geometry":{"type":"Polygon","coordinates":[[[2.4784721995886394,48.902332300175104],[2.4785638002365884,48.90231549982406],[2.4786950998049955,48.902292100444036],[2.478846000110935,48.902265299609724],[2.4790578998307016,48.902227799608376],[2.479073999420917,48.90222490013202],[2.47908420016764,48.90224440002336],[2.479148699860955,48.9022343996941],[2.479187000501448,48.90224130022713],[2.479241400026873,48.9022286002862],[2.4792448006682624,48.90222819959369],[2.4792464993468437,48.902231299683024],[2.4792611999910585,48.90222819984965],[2.479345800489289,48.90220939989117],[2.4793032996922015,48.90213050001733],[2.479252300014535,48.902036800206915],[2.4792140995068417,48.9019685001887],[2.479202199921552,48.901945099831885],[2.479194500375001,48.9019472003992],[2.479105900604707,48.90196859983375],[2.4790610000333184,48.90197879959894],[2.4790794001989553,48.90201440031378],[2.4789828995741514,48.902032099732935],[2.478994399667318,48.90205669984151],[2.4789696006614923,48.90206170000711],[2.4788724001083895,48.90208089992742],[2.47860310039047,48.90213490016585],[2.4784335996971074,48.90216969993993],[2.4783477999894368,48.90218739958082],[2.47835720017943,48.90223829971979],[2.4783692996730053,48.90230080003282],[2.478378299633907,48.90234889979013],[2.4784721995886394,48.902332300175104]]]},"properties":{"idtup":"93010000AE0123","idcomtxt":"BONDY","source":"Copropriété immatriculée","nom_usage":"SDC'RESIDENCE DU PARC' A BONDY"}},{"type":"Feature","geometry":{"type":"Polygon","coordinates":[[[2.4768193998164536,48.90260729961059],[2.4768189996183607,48.90260640035801],[2.4767586999970175,48.902619300048066],[2.4767591001851286,48.90262020020008],[2.476735799477588,48.90266310038097],[2.4768353999247736,48.90287710013602],[2.476866199954752,48.90294339997041],[2.4768895003261844,48.902996100157026],[2.4769026004241135,48.903022399923806],[2.4769608999253583,48.90304269998164],[2.476961200529105,48.903041700370416],[2.477027300015236,48.90302779980123],[2.47713549997735,48.90300500003117],[2.477135699647521,48.903005900205535],[2.477506599362477,48.90292780006878],[2.4775399003867533,48.90288879958318],[2.4775391999944234,48.902887499733446],[2.47751559970132,48.902835399995894],[2.4774055001607818,48.90285710006877],[2.4773721996111133,48.902863300249045],[2.477298300620323,48.90269880013537],[2.4772369996209602,48.902562700069446],[2.477188600487839,48.90257249985876],[2.4771002997607705,48.90259109958055],[2.477018299971482,48.90260859992321],[2.476949500419561,48.90262260021287],[2.476930599549322,48.90258360033083],[2.476851299526331,48.90260040010169],[2.4768193998164536,48.90260729961059]]]},"properties":{"idtup":"93010000AE0129","idcomtxt":"BONDY","source":"Plusieurs copropriétés immatriculées","nom_usage":"SDC LES JARDINS JULES GUESDE"}},{"type":"Feature","geometry":{"type":"Polygon","coordinates":[[[2.4768193998164536,48.90260729961059],[2.4768189996183607,48.90260640035801],[2.4767586999970175,48.902619300048066],[2.4767591001851286,48.90262020020008],[2.476735799477588,48.90266310038097],[2.4768353999247736,48.90287710013602],[2.476866199954752,48.90294339997041],[2.4768895003261844,48.902996100157026],[2.4769026004241135,48.903022399923806],[2.4769608999253583,48.90304269998164],[2.476961200529105,48.903041700370416],[2.477027300015236,48.90302779980123],[2.47713549997735,48.90300500003117],[2.477135699647521,48.903005900205535],[2.477506599362477,48.90292780006878],[2.4775399003867533,48.90288879958318],[2.4775391999944234,48.902887499733446],[2.47751559970132,48.902835399995894],[2.4774055001607818,48.90285710006877],[2.4773721996111133,48.902863300249045],[2.477298300620323,48.90269880013537],[2.4772369996209602,48.902562700069446],[2.477188600487839,48.90257249985876],[2.4771002997607705,48.90259109958055],[2.477018299971482,48.90260859992321],[2.476949500419561,48.90262260021287],[2.476930599549322,48.90258360033083],[2.476851299526331,48.90260040010169],[2.4768193998164536,48.90260729961059]]]},"properties":{"idtup":"93010000AE0129","idcomtxt":"BONDY","source":"Plusieurs copropriétés immatriculées","nom_usage":"SDC LE VIVALDI-RUE STE BARBE"}},{"type":"Feature","geometry":{"type":"Polygon","coordinates":[[[2.4784721995886394,48.902332300175104],[2.478551699331988,48.90245969986009],[2.478597500650085,48.90253490022726],[2.478649999793767,48.902629999823915],[2.478803199674135,48.902587800400426],[2.4788839993421123,48.9025652997874],[2.47886670064084,48.90253440001345],[2.4788302995802765,48.90247249997872],[2.47899750019221,48.902435200373716],[2.479110799384106,48.90241040026315],[2.4791468001125625,48.90240149994257],[2.479145600242935,48.90239790021033],[2.4791522994159214,48.90239639962817],[2.4791624001337667,48.90239400014546],[2.479169100392787,48.90239279993434],[2.4793344995085884,48.902355400295626],[2.4793464004849692,48.90235289980767],[2.479415999658604,48.90233699959154],[2.4793689997088757,48.90225019960202],[2.479345800489289,48.90220939989117],[2.4792611999910585,48.90222819984965],[2.4792464993468437,48.902231299683024],[2.4792448006682624,48.90222819959369],[2.479241400026873,48.9022286002862],[2.479187000501448,48.90224130022713],[2.479148699860955,48.9022343996941],[2.47908420016764,48.90224440002336],[2.479073999420917,48.90222490013202],[2.4790578998307016,48.902227799608376],[2.478846000110935,48.902265299609724],[2.4786950998049955,48.902292100444036],[2.4785638002365884,48.90231549982406],[2.4784721995886394,48.902332300175104]]]},"properties":{"idtup":"93010000AE0161","idcomtxt":"BONDY","source":"Copropriété immatriculée","nom_usage":"SDC 26 RUE ROGER SALENGRO"}},{"type":"Feature","geometry":{"type":"Polygon","coordinates":[[[2.4790209998434976,48.90294360025213],[2.4790896996939233,48.90311839972276],[2.479163200649529,48.90310680000673],[2.4791719003589083,48.903105100384444],[2.4793893993922573,48.903071099963725],[2.479375600475448,48.90303079979413],[2.479353000262085,48.90296539959902],[2.479336999399272,48.902908899703846],[2.479207399819721,48.90292260009896],[2.4791031005706965,48.902934400446036],[2.4790209998434976,48.90294360025213]]]},"properties":{"idtup":"93010000AE0163","idcomtxt":"BONDY","source":"Copropriété non immatriculée","nom_usage":null}},{"type":"Feature","geometry":{"type":"Polygon","coordinates":[[[2.479581300116258,48.902637999701724],[2.4794942001261004,48.902659100167995],[2.4794032998157234,48.90268099972042],[2.479350200683531,48.9026942998234],[2.4793516002792026,48.90269729968646],[2.479188199711087,48.90272790030982],[2.479201900298578,48.90275359990507],[2.4793761001169887,48.90271009984221],[2.479431799737197,48.90280819956982],[2.4793761996612673,48.90281389959797],[2.4793532001603222,48.902819799771144],[2.4793646993470064,48.902855300268875],[2.4793687005366896,48.902868100349465],[2.479381000131735,48.90290350000403],[2.479504500511083,48.90288939970589],[2.4796278999552155,48.90287419989415],[2.4797072993946743,48.9028646003388],[2.479654899866256,48.90277009970449],[2.479581300116258,48.902637999701724]]]},"properties":{"idtup":"93010000AE0165","idcomtxt":"BONDY","source":"Copropriété immatriculée","nom_usage":"8-14 RUE ROGER SALENGRO"}},{"type":"Feature","geometry":{"type":"Polygon","coordinates":[[[2.4784721995886394,48.902332300175104],[2.478378299633907,48.90234889979013],[2.4781529993603426,48.9023886999757],[2.478077300283839,48.902402199617406],[2.4780001005559824,48.90241529967553],[2.477925699585128,48.90242830036981],[2.477955200476218,48.90248660037858],[2.4779630994579143,48.90250040043922],[2.477994900065024,48.90256240029771],[2.4778612006467253,48.90258899985794],[2.4776747997962025,48.90262659994861],[2.477574500222194,48.90264629969903],[2.4776204004713294,48.9027488999258],[2.4776738000441236,48.90273819998448],[2.4777201997955904,48.90272850009761],[2.4777832001463787,48.90271669985707],[2.4780006003642208,48.90267480024287],[2.478048100486878,48.902664999806134],[2.4780756005019895,48.902718399743534],[2.4780832003253357,48.90273320031288],[2.47812019976199,48.90280120044336],[2.4781806998298554,48.90292219993223],[2.4781966004632014,48.902953600012175],[2.4782096002409233,48.90297649983304],[2.478264299411955,48.90296489969402],[2.478490399402573,48.90291700007431],[2.47862670023124,48.902886500073855],[2.478704999481909,48.90286949962818],[2.4787589003209165,48.902857500095344],[2.4787735995366798,48.90285469978426],[2.4787499002698907,48.90281100025016],[2.478718300183758,48.902753800163325],[2.478649999793767,48.902629999823915],[2.478597500650085,48.90253490022726],[2.478551699331988,48.90245969986009],[2.4784721995886394,48.902332300175104]]]},"properties":{"idtup":"93010000AE0175","idcomtxt":"BONDY","source":"Copropriété immatriculée","nom_usage":"RESIDENCE VERLAINE"}},{"type":"Feature","geometry":{"type":"Polygon","coordinates":[[[2.478800699575035,48.903314899992125],[2.4789695997421517,48.90330610043499],[2.4789061002835897,48.90316289985842],[2.478885899341062,48.90310329972869],[2.478876499596441,48.90307299999987],[2.4788700004581328,48.903055599895474],[2.478830300494933,48.90295760012141],[2.4787560999216347,48.90297409958742],[2.4784970993941577,48.90303280007396],[2.478514099362393,48.90306559971239],[2.47854180011715,48.90312000041859],[2.4785427001490894,48.90312180024417],[2.4785895000188316,48.90321980043221],[2.4785904001381147,48.903222000447236],[2.478591200315577,48.903224100204554],[2.4785915995401973,48.90322510016819],[2.4786021006497494,48.903247300196796],[2.4785810004078557,48.90326579962133],[2.4785909993708755,48.90330639988863],[2.4786032993951053,48.903331499902805],[2.4786779995514046,48.903321699813496],[2.478800699575035,48.903314899992125]]]},"properties":{"idtup":"93010000AE0186","idcomtxt":"BONDY","source":"Copropriété immatriculée","nom_usage":"RESIDENCE LE CLOS ST PIERRE"}},{"type":"Feature","geometry":{"type":"Polygon","coordinates":[[[2.4787735995366798,48.90285469978426],[2.4787589003209165,48.902857500095344],[2.478704999481909,48.90286949962818],[2.47862670023124,48.902886500073855],[2.478490399402573,48.90291700007431],[2.478264299411955,48.90296489969402],[2.4782096002409233,48.90297649983304],[2.4782511995464818,48.903056100265076],[2.4783004003612064,48.903152399660605],[2.4783120002941983,48.90317369980451],[2.478334700164176,48.90321760009985],[2.4783491999262357,48.9032436998555],[2.478361399366646,48.90326630029704],[2.478366500448267,48.90327549989407],[2.4784081995133884,48.903356900186175],[2.4786032993951053,48.903331499902805],[2.4785909993708755,48.90330639988863],[2.4785810004078557,48.90326579962133],[2.4786021006497494,48.903247300196796],[2.4785915995401973,48.90322510016819],[2.478591200315577,48.903224100204554],[2.4785904001381147,48.903222000447236],[2.4785895000188316,48.90321980043221],[2.4785427001490894,48.90312180024417],[2.47854180011715,48.90312000041859],[2.478514099362393,48.90306559971239],[2.4784970993941577,48.90303280007396],[2.4787560999216347,48.90297409958742],[2.478830300494933,48.90295760012141],[2.4787911004503096,48.90288530007523],[2.4787735995366798,48.90285469978426]]]},"properties":{"idtup":"93010000AE0194","idcomtxt":"BONDY","source":"Copropriété immatriculée","nom_usage":"50 JULES GUESDE"}},{"type":"Feature","geometry":{"type":"Polygon","coordinates":[[[2.4765020997342746,48.90321150014255],[2.4765058005961835,48.90321910013661],[2.4765168006016998,48.903240299810136],[2.4766071995172076,48.90341419999895],[2.476626999481726,48.90345360042318],[2.4766689999739224,48.90353569959512],[2.4766853994526747,48.90356489964943],[2.4766991994630887,48.90359159997424],[2.4770562995237206,48.90353719962869],[2.477052900358385,48.90352400011675],[2.477032400156751,48.90346940029858],[2.477038300573286,48.90346839995703],[2.477029299325363,48.903440899558554],[2.4769704997874364,48.903329800188885],[2.476946099634447,48.903282400217975],[2.476924600281526,48.90324199958964],[2.4768666003670536,48.903135400152046],[2.476780399616504,48.903153700344205],[2.476638999650508,48.9031828000302],[2.4765020997342746,48.90321150014255]]]},"properties":{"idtup":"93010000AE0195","idcomtxt":"BONDY","source":"Copropriété immatriculée","nom_usage":"RESIDENCE SAINTE BARBE"}},{"type":"Feature","geometry":{"type":"Polygon","coordinates":[[[2.4712153995474364,48.90203479974556],[2.4712175994707413,48.90195480017909],[2.4712184002010846,48.901945399691826],[2.4712183998157475,48.901935500151104],[2.4712184993849027,48.90190730021371],[2.4712197003391134,48.901881999998025],[2.4711498998496975,48.90188060006025],[2.471016599752977,48.90187899968449],[2.470995999760176,48.90187879988506],[2.470933600251796,48.90187799997029],[2.470874400580289,48.90187709994764],[2.4708634006679215,48.90202979994663],[2.4710290001731727,48.90203250000447],[2.4712153995474364,48.90203479974556]]]},"properties":{"idtup":"93010000AG0069","idcomtxt":"BONDY","source":"Copropriété immatriculée","nom_usage":"2VGS"}},{"type":"Feature","geometry":{"type":"Polygon","coordinates":[[[2.4708874001753722,48.90170869971373],[2.470993900661478,48.90171339958051],[2.4711012004665185,48.90171729980352],[2.471107699676359,48.90163009958524],[2.470924199787887,48.90162289957782],[2.4708979003592697,48.901637899806595],[2.470892300369585,48.901642500190036],[2.4708874001753722,48.90170869971373]]]},"properties":{"idtup":"93010000AG0072","idcomtxt":"BONDY","source":"Copropriété immatriculée","nom_usage":"226 avenue de Rosny"}},{"type":"Feature","geometry":{"type":"Polygon","coordinates":[[[2.472791900366262,48.901305699627116],[2.4728285003272488,48.90136320037854],[2.4728893006258144,48.90145910000221],[2.472923000636603,48.90151230007025],[2.473144900008404,48.90145220012955],[2.473210799965034,48.901434600135744],[2.4732261994017466,48.90140909974504],[2.4731369995645265,48.90122869992377],[2.47305979967772,48.90124550014473],[2.4729652002930878,48.901266800313195],[2.4729313001550057,48.901274199896626],[2.472836200394198,48.9012956002818],[2.472791900366262,48.901305699627116]]]},"properties":{"idtup":"93010000AG0094","idcomtxt":"BONDY","source":"Copropriété immatriculée","nom_usage":"SDC 4 BIS ALLEE RULHIERE"}},{"type":"Feature","geometry":{"type":"Polygon","coordinates":[[[2.4717590000679075,48.901216899875784],[2.471749699460672,48.90121759988247],[2.4717650000683364,48.901262799865385],[2.471805300138247,48.901382899855314],[2.4718176005513928,48.901424400344325],[2.4718202997983583,48.90142899959972],[2.4718248000232483,48.901442300373034],[2.4718249998534674,48.901502599613686],[2.4718272006505804,48.90156520000177],[2.471908599398803,48.90156810036486],[2.472039699775036,48.90157320003985],[2.4720135002975177,48.90151489955813],[2.471978400356254,48.90143909983412],[2.471888299543431,48.90124479994209],[2.4718687995843274,48.90120060036964],[2.4717944998493797,48.90121089980142],[2.4717590000679075,48.901216899875784]]]},"properties":{"idtup":"93010000AG0105","idcomtxt":"BONDY","source":"Copropriété non immatriculée","nom_usage":null}},{"type":"Feature","geometry":{"type":"Polygon","coordinates":[[[2.4716720993500165,48.9012288999968],[2.471646699727875,48.90123269992682],[2.471552999883423,48.901251600008905],[2.4715922998984325,48.901418300317246],[2.4716060002450964,48.90147909978114],[2.4716121998687157,48.901557600431246],[2.4717454997399346,48.90156210040362],[2.4717301002792484,48.90148940016645],[2.4717272998932414,48.90147809974615],[2.471710900502671,48.90140419991469],[2.4716720993500165,48.9012288999968]]]},"properties":{"idtup":"93010000AG0107","idcomtxt":"BONDY","source":"Copropriété immatriculée","nom_usage":"6 rue Phileas Collardeau"}},{"type":"Feature","geometry":{"type":"Polygon","coordinates":[[[2.471493800172578,48.90077889981354],[2.471473800451921,48.90071720017239],[2.4714600994794784,48.90067879963833],[2.471457900008217,48.900671199797195],[2.4713526997669923,48.9006831998687],[2.471136400197197,48.900707000120434],[2.4710288000918434,48.900719299570845],[2.4709754001406967,48.900724599834845],[2.4709663001914484,48.90082650036131],[2.4710150996598252,48.90082249996228],[2.4711781995451654,48.90080810020035],[2.471493800172578,48.90077889981354]]]},"properties":{"idtup":"93010000AG0113","idcomtxt":"BONDY","source":"Copropriété non immatriculée","nom_usage":null}},{"type":"Feature","geometry":{"type":"Polygon","coordinates":[[[2.4713621994124453,48.900461400300834],[2.471356500104542,48.90044449968158],[2.471352599401616,48.90043329960311],[2.471335599496792,48.90038450020434],[2.4713319003710317,48.90037359958369],[2.4710916993424505,48.90039850021854],[2.4710268000434006,48.900404399920454],[2.4710021997985216,48.900423399706966],[2.4709944994592656,48.90051000026985],[2.4710185999516945,48.90050770017612],[2.4711179998263666,48.9004945002912],[2.4713370995405257,48.90046500004494],[2.4713621994124453,48.900461400300834]]]},"properties":{"idtup":"93010000AG0117","idcomtxt":"BONDY","source":"Copropriété non immatriculée","nom_usage":null}},{"type":"Feature","geometry":{"type":"Polygon","coordinates":[[[2.47170520051858,48.90122430037711],[2.471749699460672,48.90121759988247],[2.4717590000679075,48.901216899875784],[2.4717485002818247,48.9011871000731],[2.471505999744326,48.9005136001881],[2.4714856999818995,48.900455800395775],[2.471477399627817,48.90043349966724],[2.4714525002412975,48.90036160004287],[2.4713909996301378,48.90036810038843],[2.4713319003710317,48.90037359958369],[2.471335599496792,48.90038450020434],[2.471352599401616,48.90043329960311],[2.471356500104542,48.90044449968158],[2.4713621994124453,48.900461400300834],[2.471387099492753,48.90045840040555],[2.471412499407394,48.900534199835086],[2.4714211004481887,48.900559799645265],[2.4714353005421645,48.90060169978862],[2.471457900008217,48.900671199797195],[2.4714600994794784,48.90067879963833],[2.471473800451921,48.90071720017239],[2.471493800172578,48.90077889981354],[2.471539299534429,48.900913200434815],[2.471589500532571,48.90106139983539],[2.471624900523869,48.90116789969107],[2.471646699727875,48.90123269992682],[2.4716720993500165,48.9012288999968],[2.47170520051858,48.90122430037711]]]},"properties":{"idtup":"93010000AG0118","idcomtxt":"BONDY","source":"Copropriété non immatriculée","nom_usage":null}},{"type":"Feature","geometry":{"type":"Polygon","coordinates":[[[2.47269609999792,48.9010405999667],[2.4728412995944877,48.9010095998041],[2.473011700362685,48.90097239993253],[2.472969699441588,48.90088639986369],[2.4728951997359228,48.9009021003229],[2.472799600607293,48.90092250025737],[2.472784700477825,48.90092589969041],[2.472654099504942,48.90095419960181],[2.472686799440218,48.90102109986438],[2.47269609999792,48.9010405999667]]]},"properties":{"idtup":"93010000AG0128","idcomtxt":"BONDY","source":"Copropriété non immatriculée","nom_usage":null}},{"type":"Feature","geometry":{"type":"Polygon","coordinates":[[[2.471544399767008,48.899878799717065],[2.4714915995185605,48.899887999549065],[2.4714616000332943,48.89989310022333],[2.471476900014436,48.89992970023759],[2.47148670046682,48.899952700061874],[2.4714914001759376,48.899964200437644],[2.4715417998194162,48.900089099861475],[2.4715655000862675,48.9001469002788],[2.4715714005875804,48.900163200144874],[2.4715820993797895,48.90019069954765],[2.4716073000172045,48.900254700086954],[2.471683699976717,48.90024700003218],[2.471697800497572,48.90024590032858],[2.4716917002893233,48.9002274997111],[2.471657900539124,48.900146699998906],[2.4716481000752974,48.90012489986672],[2.4716207996540485,48.90005880007859],[2.471569400327346,48.89993789998336],[2.471559299655888,48.899913700066556],[2.4715481996884656,48.89988769982553],[2.471544399767008,48.899878799717065]]]},"properties":{"idtup":"93010000AG0139","idcomtxt":"BONDY","source":"Copropriété immatriculée","nom_usage":"10 RUE MICHELET"}},{"type":"Feature","geometry":{"type":"Polygon","coordinates":[[[2.4708373999254447,48.89998839976549],[2.4704976996720824,48.90005459992995],[2.470519399406857,48.90013529972832],[2.4708286998975137,48.9000755004467],[2.4708373999254447,48.89998839976549]]]},"properties":{"idtup":"93010000AG0197","idcomtxt":"BONDY","source":"Copropriété non immatriculée","nom_usage":null}},{"type":"Feature","geometry":{"type":"Polygon","coordinates":[[[2.4707830998615736,48.90060830018651],[2.4707238994695206,48.90061619978007],[2.470605800304355,48.90063009998077],[2.4705740995870955,48.900634100256056],[2.470534999862715,48.900638799848636],[2.4705065994696325,48.90064219957112],[2.4705009999618706,48.90064219999633],[2.4705031005475333,48.90065240020918],[2.470474799383227,48.900754800367594],[2.4704682001658607,48.9007807997776],[2.4706001998756015,48.90076580015359],[2.4706380001268142,48.90076200039662],[2.470758200599321,48.90074820027974],[2.4707703001898045,48.90074709993708],[2.4707830998615736,48.90060830018651]]]},"properties":{"idtup":"93010000AG0209","idcomtxt":"BONDY","source":"Copropriété immatriculée","nom_usage":"SDC 195 AVENUE DE ROSNY"}},{"type":"Feature","geometry":{"type":"Polygon","coordinates":[[[2.470939699489528,48.90112580012059],[2.4711579997386672,48.9010943002188],[2.471191599867448,48.90109549986223],[2.4713259001256733,48.90107310022566],[2.4712791005030676,48.900933899784064],[2.4712570001989502,48.90093559993089],[2.4712074995117583,48.900939600030476],[2.4711769003649247,48.9009419002463],[2.4709553004082503,48.90095869996008],[2.470947000374535,48.901054899706665],[2.470939699489528,48.90112580012059]]]},"properties":{"idtup":"93010000AG0322","idcomtxt":"BONDY","source":"Copropriété non immatriculée","nom_usage":null}},{"type":"Feature","geometry":{"type":"Polygon","coordinates":[[[2.4740179004843803,48.90162169977829],[2.4741477999781716,48.901596899901286],[2.4741657002113318,48.90159359980498],[2.474149199705033,48.901566499674956],[2.474113500149643,48.90150910042325],[2.4740574003762306,48.90141690023126],[2.4740269003312445,48.90136820026525],[2.4739964001399404,48.90131790042596],[2.473790999435728,48.901373700216155],[2.4738189996536795,48.90142030017681],[2.473941299827403,48.90161669956627],[2.473952499931993,48.90163469976805],[2.4740179004843803,48.90162169977829]]]},"properties":{"idtup":"93010000AH0015","idcomtxt":"BONDY","source":"Copropriété immatriculée","nom_usage":"Michel CRACCO"}},{"type":"Feature","geometry":{"type":"Polygon","coordinates":[[[2.4731559002566557,48.90189710009415],[2.4732533999314654,48.90182249999983],[2.4732931999684062,48.901792599607],[2.4733130002520416,48.90177800014506],[2.473343999476492,48.90175480041764],[2.473325999539897,48.90172479962282],[2.473323599940059,48.90172050028985],[2.4733017006692024,48.901683699791974],[2.4732403996421004,48.90158069999161],[2.4732098993783596,48.90153020031316],[2.47280510000177,48.90163939963042],[2.472796000036171,48.90168479961559],[2.4729877004542558,48.90179880001543],[2.4731559002566557,48.90189710009415]]]},"properties":{"idtup":"93010000AH0019","idcomtxt":"BONDY","source":"Copropriété non immatriculée","nom_usage":null}},{"type":"Feature","geometry":{"type":"Polygon","coordinates":[[[2.473172299601628,48.90033259988644],[2.473161200053676,48.90030930042435],[2.4731388994461065,48.90026020008092],[2.473136400096613,48.90025659995882],[2.4730563999629553,48.90027419994042],[2.472988699466466,48.900288299936456],[2.4728915005270506,48.90030960031001],[2.472810300473138,48.900326600405386],[2.4728764993769214,48.90046349983539],[2.472955599665215,48.90044669999444],[2.4730606997019247,48.900424300309105],[2.473114199363769,48.900412600099315],[2.473124400314666,48.90041079960082],[2.473149899790725,48.90040489991853],[2.4732007000627836,48.900394400059014],[2.4731929993870785,48.900377200250105],[2.473172299601628,48.90033259988644]]]},"properties":{"idtup":"93010000AH0033","idcomtxt":"BONDY","source":"Copropriété non immatriculée","nom_usage":null}},{"type":"Feature","geometry":{"type":"Polygon","coordinates":[[[2.474229400105577,48.900074100315706],[2.4741411002602547,48.89990860017528],[2.4741045005731874,48.899896399569876],[2.4740552002129643,48.899908099779715],[2.473924600167618,48.89993959992228],[2.473965799390879,48.90001389983958],[2.4740272000905827,48.90012359968054],[2.474229400105577,48.900074100315706]]]},"properties":{"idtup":"93010000AH0043","idcomtxt":"BONDY","source":"Copropriété immatriculée","nom_usage":"SDC 35 Rue Michelet chez M Makwala NDUNDU"}},{"type":"Feature","geometry":{"type":"Polygon","coordinates":[[[2.4744457994826363,48.90047669957515],[2.4744081003348075,48.90040690005319],[2.474399100214878,48.90038879981274],[2.4743631993407447,48.90037759968962],[2.474226999802912,48.90041129955912],[2.4742371997778423,48.90042850037866],[2.4742695994641815,48.90048639957048],[2.4742854000814782,48.90051469990986],[2.4743876996917984,48.90049049985202],[2.4744457994826363,48.90047669957515]]]},"properties":{"idtup":"93010000AH0060","idcomtxt":"BONDY","source":"Copropriété immatriculée","nom_usage":"2 VILLA DUBREUIL"}},{"type":"Feature","geometry":{"type":"Polygon","coordinates":[[[2.4738241997748376,48.90085899962751],[2.473856900531521,48.90091259975663],[2.4739130999495518,48.901004299614],[2.4739663003021217,48.90109070015233],[2.47403959950572,48.90120880037444],[2.4743424999058203,48.90112569985392],[2.4743114999972673,48.90107570005752],[2.4742506005297407,48.90097860012476],[2.4741526999256402,48.90082230014702],[2.474144299819458,48.900808000292585],[2.4741368001104354,48.90079450027537],[2.4740928000522957,48.900803599595065],[2.4739874994817415,48.90082569983055],[2.4738241997748376,48.90085899962751]]]},"properties":{"idtup":"93010000AH0066","idcomtxt":"BONDY","source":"Copropriété non immatriculée","nom_usage":null}},{"type":"Feature","geometry":{"type":"Polygon","coordinates":[[[2.475249299497906,48.901259599668364],[2.475240100283713,48.90126080040334],[2.4752283994065367,48.90126240025938],[2.4751035000008,48.9012805000242],[2.4750314999978977,48.901291000393485],[2.4750891994061677,48.90139949983783],[2.4751678006016284,48.901381399563164],[2.4752223993171785,48.901368300321145],[2.47523589998395,48.90136570023133],[2.4752895999205045,48.90135380028973],[2.4752716998551905,48.901311899724924],[2.4752550995480136,48.90127300043291],[2.475249299497906,48.901259599668364]]]},"properties":{"idtup":"93010000AH0071","idcomtxt":"BONDY","source":"Copropriété immatriculée","nom_usage":"LES MARRONNIERS"}},{"type":"Feature","geometry":{"type":"Polygon","coordinates":[[[2.476555800230577,48.901070799909085],[2.4765789994472382,48.90112299979616],[2.476605700139574,48.90118200022822],[2.476626299668692,48.90122930012197],[2.4766605003306994,48.901304299555065],[2.4766899000778015,48.90136920039459],[2.4767135006739793,48.90142180038564],[2.476845500133443,48.901395399704626],[2.476864399954121,48.901371200147466],[2.4768493998975702,48.90133799976922],[2.4768223998191368,48.90127740003017],[2.4767693003694227,48.901157399633114],[2.476719800231257,48.90104670024163],[2.4767080995170714,48.901048700433314],[2.4766426996671576,48.90105769999139],[2.476555800230577,48.901070799909085]]]},"properties":{"idtup":"93010000AH0080","idcomtxt":"BONDY","source":"Copropriété non immatriculée","nom_usage":null}},{"type":"Feature","geometry":{"type":"Polygon","coordinates":[[[2.475746499573143,48.899500700434594],[2.4756060006428604,48.89953390013831],[2.475639600157897,48.8995974995587],[2.4756479002280276,48.899616200086925],[2.475700000027892,48.89960480015341],[2.4757650993858813,48.899590799650724],[2.475792100254535,48.89958460021243],[2.4757818003185506,48.899565100450765],[2.4757710993712534,48.89954559983187],[2.475746499573143,48.899500700434594]]]},"properties":{"idtup":"93010000AH0126","idcomtxt":"BONDY","source":"Copropriété immatriculée","nom_usage":"55 rue Michelet"}},{"type":"Feature","geometry":{"type":"Polygon","coordinates":[[[2.476386300294615,48.899582899927914],[2.47635680045285,48.89953080008006],[2.476331500484291,48.89948629973285],[2.4763029006407784,48.89949200038083],[2.4762118004434797,48.89950909978575],[2.476182100517508,48.89951499973612],[2.47619739982472,48.89955090038247],[2.4762277000536836,48.89961820023545],[2.4763441001726485,48.8995922003992],[2.476386300294615,48.899582899927914]]]},"properties":{"idtup":"93010000AH0128","idcomtxt":"BONDY","source":"Copropriété non immatriculée","nom_usage":null}},{"type":"Feature","geometry":{"type":"Polygon","coordinates":[[[2.4766347003146976,48.89996280009029],[2.476612100139292,48.89989380015388],[2.4766044997226317,48.899872900357686],[2.4766016993531905,48.8998672000134],[2.476572599955411,48.89987209995829],[2.4764660001849284,48.89989320027046],[2.476359799995046,48.89991430043615],[2.4764012001890126,48.90000679962148],[2.4765050004496034,48.899987400308106],[2.4765081993690976,48.89998670024197],[2.476592799819497,48.89997089958528],[2.4766347003146976,48.89996280009029]]]},"properties":{"idtup":"93010000AH0132","idcomtxt":"BONDY","source":"Copropriété non immatriculée","nom_usage":null}},{"type":"Feature","geometry":{"type":"Polygon","coordinates":[[[2.476852399930503,48.90019560017161],[2.476828899902585,48.900142399850644],[2.476813200097819,48.90010529968306],[2.4767443996373006,48.90011889967804],[2.4766781998888954,48.900131600001146],[2.4766582993245048,48.90013530001829],[2.476639800355666,48.90013920040671],[2.4766045005280355,48.900146200120616],[2.4765748002146313,48.90015169997384],[2.4765605002405406,48.90015419959749],[2.4764725998183295,48.90017190042587],[2.4765133003695,48.90026280022416],[2.4765415996429088,48.90032610008897],[2.476551199952351,48.90034780000927],[2.4766456003861275,48.90033009964995],[2.4768179996711064,48.90029700032803],[2.4768228995146737,48.90029590029859],[2.4768907996230363,48.900282600292414],[2.4768803995509443,48.9002574004076],[2.476868000426392,48.900228199774624],[2.476852399930503,48.90019560017161]]]},"properties":{"idtup":"93010000AH0135","idcomtxt":"BONDY","source":"Copropriété immatriculée","nom_usage":"47/49 RUE JEAN JAURES"}},{"type":"Feature","geometry":{"type":"Polygon","coordinates":[[[2.477182399646867,48.90093770044385],[2.4772044997008997,48.900990200279765],[2.4772088005696125,48.900998900038175],[2.4772237995193813,48.90099649961464],[2.4773242005666445,48.90097590038057],[2.477355300017797,48.900969800318286],[2.4774544001570864,48.90095009999845],[2.477491299754736,48.900942900176496],[2.4774667001952033,48.90088199987638],[2.4773835994638853,48.900898299606034],[2.477326900295041,48.900908899594725],[2.477295799948688,48.900915499659206],[2.4772822002071577,48.90091780008055],[2.4772326997920655,48.900927800130724],[2.477182399646867,48.90093770044385]]]},"properties":{"idtup":"93010000AH0148","idcomtxt":"BONDY","source":"Copropriété immatriculée","nom_usage":"SDC 6B RUE YVONNE"}},{"type":"Feature","geometry":{"type":"Polygon","coordinates":[[[2.4770234002463174,48.90057910013628],[2.477202700507594,48.90054740004009],[2.4772060997640453,48.90054739958984],[2.477274300496925,48.90053569964441],[2.477319499650327,48.90052759992043],[2.47728549955033,48.90044249960844],[2.4771841994951527,48.90046089968825],[2.4771674002865987,48.90046409982427],[2.476987099707875,48.90049560035147],[2.476998199584431,48.90052229972017],[2.4770062999246267,48.900541799644735],[2.4770234002463174,48.90057910013628]]]},"properties":{"idtup":"93010000AH0152","idcomtxt":"BONDY","source":"Copropriété immatriculée","nom_usage":"SDC 16 RUE YVONNE BONDY"}},{"type":"Feature","geometry":{"type":"Polygon","coordinates":[[[2.476438300217132,48.89967920007103],[2.476533500014911,48.899662600441545],[2.4765272005880075,48.89961420016241],[2.476523500637329,48.899588900014464],[2.476514799904098,48.89951939961924],[2.4765037005586783,48.89943640004826],[2.4764983998941155,48.89939720042353],[2.476289000056043,48.8994097997112],[2.4763109998817026,48.89944960025791],[2.476331500484291,48.89948629973285],[2.47635680045285,48.89953080008006],[2.476386300294615,48.899582899927914],[2.4764183994259805,48.89964320020547],[2.476438300217132,48.89967920007103]]]},"properties":{"idtup":"93010000AH0162","idcomtxt":"BONDY","source":"Copropriété non immatriculée","nom_usage":null}},{"type":"Feature","geometry":{"type":"Polygon","coordinates":[[[2.477252300110364,48.89954209984488],[2.4772568993918758,48.899522700314876],[2.477269500026583,48.89946309987476],[2.4772706999298486,48.89945349962837],[2.4772756993525133,48.89942590017494],[2.47703629980884,48.89939320040275],[2.477009099747316,48.899414500392965],[2.4770430999363713,48.89949690025393],[2.4770727999550797,48.89957299967381],[2.4770934003129472,48.89956899957636],[2.477142400519133,48.89956059995563],[2.477252300110364,48.89954209984488]]]},"properties":{"idtup":"93010000AH0164","idcomtxt":"BONDY","source":"Copropriété non immatriculée","nom_usage":null}},{"type":"Feature","geometry":{"type":"Polygon","coordinates":[[[2.4785186001933686,48.90008259982257],[2.478479100143159,48.89997119997773],[2.4784492999392755,48.89989330009897],[2.4783462995147243,48.89991070002762],[2.4777521994348244,48.90000800033375],[2.4777630003838205,48.90003570016463],[2.4777869995084756,48.90010069956365],[2.4778119003242915,48.90016909956019],[2.477816099841266,48.900177299747],[2.477822099866838,48.90019719964786],[2.4778317996512342,48.900224400048714],[2.4778529998565877,48.90028069993427],[2.4778718996610296,48.90033039967832],[2.47799949967411,48.90031050029329],[2.478068099668129,48.90029920002767],[2.4781352004922574,48.90028940042546],[2.478203099669895,48.9002781995496],[2.4782228993962736,48.900275300117855],[2.4782837005804237,48.90026540014376],[2.4783687997873347,48.90025099972808],[2.478468900329409,48.90024059993468],[2.47853680048711,48.90023310041303],[2.478533199662169,48.90016729968018],[2.478538299881194,48.9001658002624],[2.478537499728469,48.90013319967127],[2.4785186001933686,48.90008259982257]]]},"properties":{"idtup":"93010000AH0184","idcomtxt":"BONDY","source":"Copropriété immatriculée","nom_usage":"RESIDENCE HAUDRICOURT"}},{"type":"Feature","geometry":{"type":"Polygon","coordinates":[[[2.478494600662904,48.90038070033416],[2.4784767999383517,48.90028399971418],[2.478468900329409,48.90024059993468],[2.4783687997873347,48.90025099972808],[2.4782837005804237,48.90026540014376],[2.4782228993962736,48.900275300117855],[2.478203099669895,48.9002781995496],[2.4781352004922574,48.90028940042546],[2.478068099668129,48.90029920002767],[2.4780916995916784,48.90035739976292],[2.478108600248997,48.90039699965429],[2.47815839948768,48.90051810028948],[2.4785141001725304,48.900484299711245],[2.478494600662904,48.90038070033416]]]},"properties":{"idtup":"93010000AH0226","idcomtxt":"BONDY","source":"Copropriété immatriculée","nom_usage":"SDC RESIDENCE L'ARMORIAL"}},{"type":"Feature","geometry":{"type":"Polygon","coordinates":[[[2.4769581998486196,48.8996386000038],[2.476909900085177,48.8995204001702],[2.4768899997709966,48.89952410022791],[2.476855900599901,48.89953030038353],[2.4767424000414633,48.89955000025986],[2.476733800487045,48.89955210033753],[2.476676100012334,48.899562299956145],[2.4767000999979416,48.89968499995292],[2.476780900533116,48.899670199672805],[2.476866100055987,48.89965539966737],[2.476902900681439,48.8996485997805],[2.4769581998486196,48.8996386000038]]]},"properties":{"idtup":"93010000AH0237","idcomtxt":"BONDY","source":"Copropriété immatriculée","nom_usage":"36 rue Yvonne"}},{"type":"Feature","geometry":{"type":"Polygon","coordinates":[[[2.4737278995395795,48.90108709972415],[2.4738059000684522,48.901212499719996],[2.4738376993299585,48.901262999570456],[2.473981000453156,48.901224399563155],[2.473871999909859,48.90104820028915],[2.4737503003889927,48.90108090032221],[2.4737278995395795,48.90108709972415]]]},"properties":{"idtup":"93010000AH0240","idcomtxt":"BONDY","source":"Copropriété immatriculée","nom_usage":"12 ALLEE RULHIERE"}},{"type":"Feature","geometry":{"type":"Polygon","coordinates":[[[2.4777521994348244,48.90000800033375],[2.4783462995147243,48.89991070002762],[2.4784492999392755,48.89989330009897],[2.4783729995259156,48.89968430020545],[2.4783346000514235,48.899691000051305],[2.4782895998511014,48.89969879976002],[2.478218600258483,48.89970980012454],[2.4781160999134118,48.8997266004003],[2.4780505005057685,48.89973759991516],[2.4778455999933473,48.899772199656276],[2.4778158002885684,48.89977689990188],[2.477672700271242,48.89980089977797],[2.477695100087791,48.89985859976899],[2.4776988998810365,48.89987020029105],[2.477712300428817,48.899905399981684],[2.477714899404976,48.89991120014322],[2.4777391998300415,48.89997429974257],[2.4777521994348244,48.90000800033375]]]},"properties":{"idtup":"93010000AH0241","idcomtxt":"BONDY","source":"Copropriété immatriculée","nom_usage":"62/64 RUE ROGER SALENGRO 93140 BONDY"}},{"type":"Feature","geometry":{"type":"Polygon","coordinates":[[[2.477526299737787,48.899945800275],[2.477478000675317,48.89982519956847],[2.477376200564197,48.89984339978668],[2.477271400269977,48.89986220015015],[2.4771960994811466,48.89987550044433],[2.4772461001479478,48.89999720044527],[2.477300799650011,48.89998650003397],[2.4774710999337035,48.899955799846374],[2.4774770005834683,48.899954599836995],[2.4775000999244043,48.89995019959056],[2.477526299737787,48.899945800275]]]},"properties":{"idtup":"93010000AH0245","idcomtxt":"BONDY","source":"Copropriété immatriculée","nom_usage":"SDC 25 RUE YVONNE BONDY"}},{"type":"Feature","geometry":{"type":"Polygon","coordinates":[[[2.474513499888526,48.89996489986604],[2.4744356999403934,48.89981600041495],[2.474404400476517,48.89982330031851],[2.4742846993426473,48.89985280006555],[2.4742697996744387,48.899877399915404],[2.4742927003137734,48.89991849977583],[2.474311099777363,48.89995310037763],[2.4743374997340375,48.90000280035516],[2.474513499888526,48.89996489986604]]]},"properties":{"idtup":"93010000AH0294","idcomtxt":"BONDY","source":"Copropriété non immatriculée","nom_usage":null}},{"type":"Feature","geometry":{"type":"Polygon","coordinates":[[[2.4733334995778335,48.89957640026508],[2.4733605996089283,48.89957000036519],[2.4735843000676474,48.89951679974223],[2.473350799566238,48.899095999609365],[2.4732787003727457,48.89911360031928],[2.473345200616627,48.899234299969095],[2.473192199836747,48.89927070006274],[2.4731655998382243,48.899276899781384],[2.4731553000630866,48.89925870018112],[2.473009700593739,48.899294399665145],[2.4729765998290163,48.89930299976283],[2.4728634005030914,48.89933030003063],[2.4731545994177715,48.899866799628434],[2.473233399449558,48.90001019967033],[2.4732740001296727,48.90000119992373],[2.4733844998705363,48.89997389999935],[2.473348199879157,48.899906199839315],[2.4732938001274016,48.899808599990955],[2.4732860000320698,48.89979530003],[2.4734363996425355,48.899758499891234],[2.4734037005418448,48.89970040036636],[2.473344600655945,48.8995959001668],[2.4733334995778335,48.89957640026508]]]},"properties":{"idtup":"93010000AI0009","idcomtxt":"BONDY","source":"Copropriété immatriculée","nom_usage":"SDC LES TERRASSES MICHELET"}},{"type":"Feature","geometry":{"type":"Polygon","coordinates":[[[2.4733334995778335,48.89957640026508],[2.473344600655945,48.8995959001668],[2.4734037005418448,48.89970040036636],[2.4734296997071383,48.899692800433655],[2.473443599871309,48.89968869955995],[2.47357590049149,48.89965680002541],[2.473583600680643,48.89965529965514],[2.473591999992286,48.899668700256235],[2.4736096997864476,48.89970000014686],[2.473654900593484,48.89978089979567],[2.473666500109472,48.899800900069025],[2.473701300176675,48.89986170036922],[2.4737194000774085,48.89989269982908],[2.473844099705162,48.89986210027224],[2.473750399582482,48.89969460030552],[2.473558199694493,48.899341799690426],[2.4734155003934912,48.89908000036636],[2.473350799566238,48.899095999609365],[2.4735843000676474,48.89951679974223],[2.4733605996089283,48.89957000036519],[2.4733334995778335,48.89957640026508]]]},"properties":{"idtup":"93010000AI0020","idcomtxt":"BONDY","source":"Copropriété immatriculée","nom_usage":"SDC 44 RUE MICHELET"}},{"type":"Feature","geometry":{"type":"Polygon","coordinates":[[[2.4734303993704976,48.898982799604504],[2.4735022999282017,48.89896579956487],[2.473535800087162,48.89895760036827],[2.4734219999375178,48.89875999998039],[2.4734075999551215,48.89873599982443],[2.4733684004475145,48.898667400124985],[2.473344099403559,48.89862489995172],[2.4732388003713877,48.8986517002374],[2.473264299874772,48.89869330010053],[2.473305899984617,48.89876229978996],[2.4733212995403204,48.89878739970881],[2.4733132997892153,48.89878939965919],[2.4734303993704976,48.898982799604504]]]},"properties":{"idtup":"93010000AI0033","idcomtxt":"BONDY","source":"Copropriété non immatriculée","nom_usage":null}},{"type":"Feature","geometry":{"type":"Polygon","coordinates":[[[2.4737687997708453,48.89890229991156],[2.4738830998087646,48.89887500002167],[2.4736733001270403,48.898502300382454],[2.473672600599778,48.89850120015409],[2.4736407994337073,48.89844500030967],[2.4736198997182637,48.89840780035894],[2.4735009002978545,48.8984390003238],[2.4735217001386056,48.89847419979728],[2.4735361002904175,48.89849979981274],[2.473554699998235,48.898531899589116],[2.4735923997629756,48.89859639989909],[2.47365810064036,48.898710500404434],[2.4736955998982255,48.89877570034883],[2.4737687997708453,48.89890229991156]]]},"properties":{"idtup":"93010000AI0035","idcomtxt":"BONDY","source":"Copropriété immatriculée","nom_usage":"SDC 107 Baudin"}},{"type":"Feature","geometry":{"type":"Polygon","coordinates":[[[2.4739086003079764,48.898459799690485],[2.4740473995598244,48.89843710019024],[2.4742004004020193,48.898411600386225],[2.474141000656332,48.89837849960314],[2.47404540067769,48.89832509984124],[2.4740420998724053,48.8983232003982],[2.473984300295589,48.89831710015512],[2.4739818002723393,48.89831600011413],[2.4739712005680685,48.89831870004115],[2.4739270997589524,48.898329199989014],[2.4738796002793073,48.89834059958527],[2.4738469002183767,48.89834890042019],[2.4738856995001925,48.89841800003631],[2.4739086003079764,48.898459799690485]]]},"properties":{"idtup":"93010000AI0038","idcomtxt":"BONDY","source":"Copropriété immatriculée","nom_usage":"SDC 113 RUE BAUDIN"}},{"type":"Feature","geometry":{"type":"Polygon","coordinates":[[[2.474660500486409,48.899355999867105],[2.474735999584211,48.89933979997079],[2.474700499399798,48.89927029968712],[2.47469810051314,48.89926620002108],[2.4746722002775967,48.89921239964723],[2.474671199504173,48.89921060024268],[2.474656500278004,48.899180499843595],[2.474579600275142,48.899197400399906],[2.47450319946279,48.89921430039919],[2.4745176001422706,48.899243699846565],[2.4745234995478858,48.89925600035843],[2.474544899711741,48.899299799622554],[2.4745636998795226,48.89933740024941],[2.4745812006434718,48.89937360034791],[2.474660500486409,48.899355999867105]]]},"properties":{"idtup":"93010000AI0055","idcomtxt":"BONDY","source":"Copropriété immatriculée","nom_usage":"6 allée de l'Egalité 93140 BONDY"}},{"type":"Feature","geometry":{"type":"Polygon","coordinates":[[[2.4745235003712893,48.89956199998057],[2.4745557004567535,48.899618300199826],[2.4745910993886207,48.899682700097614],[2.4746687005844903,48.89966370003727],[2.4749508005663943,48.89959449986274],[2.475227399390513,48.89952820036016],[2.4755753995174796,48.899445099997926],[2.4758723001474667,48.89937300014367],[2.4758827995099946,48.89934600036804],[2.475774400335541,48.899286199634986],[2.4756983994429613,48.89930310034611],[2.475644399909441,48.89931490024826],[2.475554699669823,48.89933440013656],[2.4754791998980035,48.89935109965971],[2.4754623004774876,48.899355200224264],[2.4751974999419284,48.89941370013484],[2.475127100242838,48.89942930034939],[2.475059400116801,48.89944379991364],[2.474978899336381,48.899461999726],[2.474889099427183,48.899481999591785],[2.4748349004206927,48.89949420024376],[2.474768099740789,48.89950889963588],[2.474704799680458,48.89952259992757],[2.474653099810243,48.89953450029863],[2.4745235003712893,48.89956199998057]]]},"properties":{"idtup":"93010000AI0059","idcomtxt":"BONDY","source":"Copropriété immatriculée","nom_usage":"56-60 Rue MICHELET"}},{"type":"Feature","geometry":{"type":"Polygon","coordinates":[[[2.4760304002286,48.898935100402944],[2.4760016002043805,48.89888320044331],[2.475960200553647,48.89889230014282],[2.4759471003597953,48.898895699754135],[2.4758892003887247,48.898908700362384],[2.4758518005303998,48.89891680041283],[2.475705200247042,48.89894989979771],[2.4756013000689534,48.898973299903496],[2.4755882999260117,48.898975699885135],[2.4754987998764153,48.89899609991785],[2.475473600082991,48.89900199961753],[2.475592000667491,48.899067900362695],[2.4758750003621994,48.899003999744956],[2.475921899965079,48.89899339981884],[2.4759891002583347,48.898978199716225],[2.476046800406211,48.89896500033872],[2.4760304002286,48.898935100402944]]]},"properties":{"idtup":"93010000AI0062","idcomtxt":"BONDY","source":"Copropriété non immatriculée","nom_usage":null}},{"type":"Feature","geometry":{"type":"Polygon","coordinates":[[[2.4760905998355347,48.89827639967566],[2.476251800343053,48.89823929969165],[2.4764903997140575,48.89818279985848],[2.476423499366386,48.898014899995054],[2.476395600622201,48.89794459970979],[2.476385300037406,48.89791880032224],[2.476224200668229,48.897944600243164],[2.4762777003460514,48.89807249981781],[2.4761817997913793,48.89809259989021],[2.47615150021406,48.89809880028075],[2.476029399796103,48.89812499983873],[2.4760905998355347,48.89827639967566]]]},"properties":{"idtup":"93010000AI0079","idcomtxt":"BONDY","source":"Copropriété non immatriculée","nom_usage":null}},{"type":"Feature","geometry":{"type":"Polygon","coordinates":[[[2.4766705002095395,48.89814139960296],[2.4764903997140575,48.89818279985848],[2.476251800343053,48.89823929969165],[2.4760905998355347,48.89827639967566],[2.475792700524527,48.89834660000495],[2.4757185994906927,48.89836419972058],[2.4757790001593967,48.89847449967678],[2.4758405005032,48.89858710033247],[2.475879299874319,48.89866039993586],[2.475916800374922,48.898729000357754],[2.4759274997271317,48.898747699689764],[2.476000599400294,48.89873029961031],[2.4763126994789437,48.8986568999912],[2.47649070031834,48.898614499799486],[2.4765763995248844,48.89859420022075],[2.4766735004351825,48.898468200057806],[2.4767596005037062,48.89835750020747],[2.4768876995370457,48.89819179958412],[2.4769814001495205,48.89806929966984],[2.4766705002095395,48.89814139960296]]]},"properties":{"idtup":"93010000AI0086","idcomtxt":"BONDY","source":"Copropriété immatriculée","nom_usage":"SDC RESIDENCE DES ORMES"}},{"type":"Feature","geometry":{"type":"Polygon","coordinates":[[[2.4765763995248844,48.89859420022075],[2.47649070031834,48.898614499799486],[2.4763126994789437,48.8986568999912],[2.476000599400294,48.89873029961031],[2.4759274997271317,48.898747699689764],[2.4759634003239586,48.898813999859115],[2.4759783998909413,48.89884170027149],[2.4760079993263058,48.89883450043242],[2.4762386003470893,48.898779899632416],[2.476335000178284,48.8987567998204],[2.4764361997669093,48.89873289984687],[2.476457700598628,48.89872790016761],[2.4764772002700792,48.898723999682225],[2.4765763995248844,48.89859420022075]]]},"properties":{"idtup":"93010000AI0087","idcomtxt":"BONDY","source":"Copropriété non immatriculée","nom_usage":null}},{"type":"Feature","geometry":{"type":"Polygon","coordinates":[[[2.4764772002700792,48.898723999682225],[2.476457700598628,48.89872790016761],[2.4764361997669093,48.89873289984687],[2.476335000178284,48.8987567998204],[2.4762386003470893,48.898779899632416],[2.4760079993263058,48.89883450043242],[2.4759783998909413,48.89884170027149],[2.475990999961741,48.89886399974125],[2.475997099337687,48.89887530013055],[2.4760016002043805,48.89888320044331],[2.4760304002286,48.898935100402944],[2.476052600646352,48.89893039972919],[2.4761146004475862,48.89891499964122],[2.4761516001708244,48.89890640044243],[2.476164100617197,48.89890349999841],[2.4763756999862405,48.89885319994243],[2.4764772002700792,48.898723999682225]]]},"properties":{"idtup":"93010000AI0088","idcomtxt":"BONDY","source":"Copropriété non immatriculée","nom_usage":null}},{"type":"Feature","geometry":{"type":"Polygon","coordinates":[[[2.477828199779168,48.898582600289544],[2.4777997006430863,48.89854269971049],[2.477739900372262,48.89845900040528],[2.477712199427839,48.89842140010975],[2.477587099696977,48.89844990028479],[2.4774980995751337,48.89847040022049],[2.4774483996862084,48.89848229973607],[2.4774332004712347,48.89848570024423],[2.477370199883223,48.89850020004116],[2.477294999420114,48.89851769970478],[2.4772182998497025,48.898535199971796],[2.4772322995782097,48.89856689957923],[2.4772527004731746,48.89861220035466],[2.47726570062361,48.898643200429014],[2.4773366006556627,48.89877309989589],[2.477393699793296,48.89887419995802],[2.4774186003510814,48.898918600335925],[2.477460399516743,48.89899659966627],[2.4775409005698177,48.89897930019023],[2.4777739997882464,48.89892970029055],[2.477785300325787,48.8989277000468],[2.4779240996465988,48.89889760017281],[2.4779361993229,48.89889480031814],[2.4779394001671218,48.89889389967657],[2.4780329993970174,48.89887389969221],[2.478009499498712,48.89882769974052],[2.478012699885871,48.89882629998008],[2.4779608002515148,48.89875380013019],[2.4778388996726965,48.89857860006233],[2.477828199779168,48.898582600289544]]]},"properties":{"idtup":"93010000AI0103","idcomtxt":"BONDY","source":"Copropriété non immatriculée","nom_usage":null}},{"type":"Feature","geometry":{"type":"Polygon","coordinates":[[[2.47726570062361,48.898643200429014],[2.477191200667127,48.89866059966354],[2.4771305001718877,48.89867489983549],[2.4770028004213245,48.89870549961756],[2.4769074003760636,48.898728099822385],[2.476868000370341,48.898737499944794],[2.476785800322516,48.898757199891435],[2.476748399779059,48.898765800233164],[2.4765646994787516,48.89880849964401],[2.4763946001891277,48.899029200342774],[2.4763160006063236,48.89913120040678],[2.4765758997095144,48.89906990044103],[2.4766047002316776,48.89906280038437],[2.476695400372572,48.89904090023263],[2.476713899520246,48.89903639999709],[2.4768432998347083,48.89900579986267],[2.47687569951149,48.89899820016016],[2.4769567002845627,48.898978699958896],[2.4769969993457024,48.89896930013755],[2.4773209001949623,48.89889189986423],[2.477393699793296,48.89887419995802],[2.4773366006556627,48.89877309989589],[2.47726570062361,48.898643200429014]]]},"properties":{"idtup":"93010000AI0104","idcomtxt":"BONDY","source":"Copropriété immatriculée","nom_usage":"SDC 3 bis rue de la Fraternité"}},{"type":"Feature","geometry":{"type":"Polygon","coordinates":[[[2.4774179995143686,48.89797739976634],[2.4773556995730335,48.897873800241285],[2.47728739957045,48.897874000375225],[2.477178300125805,48.89801460022106],[2.4771596996676646,48.89803859975823],[2.4771628002581156,48.89803980037922],[2.4772130998862227,48.89802749980819],[2.4772825999572663,48.89801049960709],[2.477321699327344,48.898001500022836],[2.477335600162501,48.897997799788186],[2.4773622006531526,48.897991299674125],[2.4774179995143686,48.89797739976634]]]},"properties":{"idtup":"93010000AI0110","idcomtxt":"BONDY","source":"Copropriété immatriculée","nom_usage":"SDC 94 RUE ROGER SALENGRO"}},{"type":"Feature","geometry":{"type":"Polygon","coordinates":[[[2.4761011998849445,48.89746039955811],[2.4761413006399287,48.897553700045485],[2.476193199781833,48.89767170032615],[2.4762007996694817,48.897690299762566],[2.476206999913404,48.89770580035932],[2.476229399637982,48.89775770021477],[2.4762424995460997,48.89778860014185],[2.4762612998492872,48.89783100015351],[2.476358499883061,48.89781550025642],[2.4763041006094437,48.89768089961329],[2.476267499529087,48.89759410030143],[2.476245400650715,48.897540500271546],[2.476204200204541,48.89744030001942],[2.476155400526422,48.89745010036319],[2.4761011998849445,48.89746039955811]]]},"properties":{"idtup":"93010000AI0117","idcomtxt":"BONDY","source":"Copropriété non immatriculée","nom_usage":null}},{"type":"Feature","geometry":{"type":"Polygon","coordinates":[[[2.475994400254583,48.897481500400616],[2.4760588000326007,48.897630800075376],[2.4760997004849163,48.897726099623014],[2.4761507002708534,48.89784890006719],[2.476231499388948,48.8978356001826],[2.4762612998492872,48.89783100015351],[2.4762424995460997,48.89778860014185],[2.476229399637982,48.89775770021477],[2.476206999913404,48.89770580035932],[2.4762007996694817,48.897690299762566],[2.476193199781833,48.89767170032615],[2.4761413006399287,48.897553700045485],[2.4761011998849445,48.89746039955811],[2.475994400254583,48.897481500400616]]]},"properties":{"idtup":"93010000AI0118","idcomtxt":"BONDY","source":"Copropriété non immatriculée","nom_usage":null}},{"type":"Feature","geometry":{"type":"Polygon","coordinates":[[[2.4757955998493753,48.89752060011533],[2.47582720003923,48.89759260027599],[2.475851599693147,48.897647000043605],[2.4758602994388634,48.89766730040962],[2.4759237997816457,48.89765539988536],[2.4759417005566258,48.89765189987431],[2.4760218994239875,48.897637500348424],[2.476032099472482,48.8976588999242],[2.476069800585299,48.89774559979713],[2.476095600635486,48.89780779992693],[2.4761163002459328,48.89785459958593],[2.4761507002708534,48.89784890006719],[2.4760997004849163,48.897726099623014],[2.4760588000326007,48.897630800075376],[2.475994400254583,48.897481500400616],[2.475911500249735,48.89749799966233],[2.4758243006636094,48.89751520039332],[2.4757955998493753,48.89752060011533]]]},"properties":{"idtup":"93010000AI0119","idcomtxt":"BONDY","source":"Copropriété immatriculée","nom_usage":"138 rue Baudin"}},{"type":"Feature","geometry":{"type":"Polygon","coordinates":[[[2.477474099901692,48.8981566002975],[2.47752029932525,48.89814579973896],[2.4774745995312224,48.89807040033054],[2.4774179995143686,48.89797739976634],[2.4773622006531526,48.897991299674125],[2.477335600162501,48.897997799788186],[2.477321699327344,48.898001500022836],[2.4772825999572663,48.89801049960709],[2.4772130998862227,48.89802749980819],[2.4771628002581156,48.89803980037922],[2.4771596996676646,48.89803859975823],[2.4769790993379566,48.89827320022508],[2.4770476997170747,48.89825700021341],[2.47708970033485,48.89824680020976],[2.4771061006544057,48.89828270019192],[2.4771093997292524,48.89828940004121],[2.477133400475812,48.89834619981198],[2.477239499336295,48.898321799846606],[2.4773751006215,48.89829070009917],[2.477525800233901,48.898255899770454],[2.4775418996161203,48.8982524995798],[2.477510300062478,48.898192799747086],[2.47749460027494,48.8981957996869],[2.477474099901692,48.8981566002975]]]},"properties":{"idtup":"93010000AI0136","idcomtxt":"BONDY","source":"Copropriété immatriculée","nom_usage":"90 RUE ROGER SALENGRO  - MS1580"}},{"type":"Feature","geometry":{"type":"Polygon","coordinates":[[[2.4738957001722572,48.8994058996074],[2.474075399954534,48.89936280002592],[2.474195200421282,48.89933389985312],[2.47424179981787,48.899322700329556],[2.4743724000364073,48.89929019980345],[2.4743486994719923,48.89924809999179],[2.4743440996017343,48.89924029990634],[2.4743154994754355,48.89918779968999],[2.474310999897203,48.899180199689],[2.4742923001160957,48.8991469997615],[2.474264600203884,48.899095999925024],[2.4742315005376954,48.899037399719894],[2.47422060060667,48.899016600377614],[2.474218500285759,48.89901090034716],[2.474173499339548,48.8989318003451],[2.4741404004334657,48.89887220007981],[2.4741124004297914,48.89882150014401],[2.4740021996176003,48.89884690003615],[2.4739445994568334,48.89875229990931],[2.4738008998520313,48.89850859955466],[2.4737659004090204,48.89844789995032],[2.4737602002423964,48.8984398000288],[2.473725900073906,48.89838009991308],[2.4736198997182637,48.89840780035894],[2.4736407994337073,48.89844500030967],[2.473672600599778,48.89850120015409],[2.4736733001270403,48.898502300382454],[2.4738830998087646,48.89887500002167],[2.4737687997708453,48.89890229991156],[2.4736964997284883,48.89891930015449],[2.4736367002790485,48.89893380036488],[2.4738019993478617,48.8992356998884],[2.4738957001722572,48.8994058996074]]]},"properties":{"idtup":"93010000AI0151","idcomtxt":"BONDY","source":"Copropriété immatriculée","nom_usage":"SDC RESIDENCE MICHELET"}},{"type":"Feature","geometry":{"type":"Polygon","coordinates":[[[2.474805300285435,48.89770180019704],[2.474843200019851,48.897808500125684],[2.4748675993255578,48.897876500307206],[2.474902300034775,48.8979687999573],[2.474916200668958,48.898007600352365],[2.4749295000582063,48.8980433998189],[2.475076499419893,48.89802029981076],[2.4750615002949115,48.897974499810445],[2.4750508997616723,48.897945099964424],[2.475036900238591,48.89790460035861],[2.4750222000141178,48.89786189977144],[2.4749566998227417,48.89767280038842],[2.474805300285435,48.89770180019704]]]},"properties":{"idtup":"93010000AI0156","idcomtxt":"BONDY","source":"Copropriété non immatriculée","nom_usage":null}},{"type":"Feature","geometry":{"type":"Polygon","coordinates":[[[2.4748455996089773,48.898987300273994],[2.4748453997010054,48.89898669956019],[2.4748194000292334,48.89893639976769],[2.474794600029496,48.89889550028082],[2.474799199346141,48.898894300091555],[2.47488220033227,48.898876700402056],[2.4749919996320826,48.898852799783945],[2.4749930006472254,48.89885160000093],[2.4749314999553627,48.89881829976481],[2.4748770004818588,48.898787200220056],[2.474765200201834,48.898810699860846],[2.4746549999970604,48.89883310026907],[2.474173499339548,48.8989318003451],[2.474218500285759,48.89901090034716],[2.47422060060667,48.899016600377614],[2.4743821999110445,48.89898400030193],[2.4744033999029846,48.89897870020201],[2.4744681995626627,48.89896570001077],[2.4745794002005015,48.89894260000775],[2.4746371005418077,48.89893090045197],[2.4746965999612014,48.89891879957502],[2.4747085004024285,48.898940900063025],[2.4747216994288834,48.89896800009233],[2.4747303005233228,48.89898670021842],[2.474742399609887,48.89900979980264],[2.4747597996389494,48.89904489959259],[2.4747626995590157,48.899052200287535],[2.474776700224871,48.89907840002076],[2.4748806000409043,48.89905549974334],[2.4748632993784025,48.89902189955081],[2.4748455996089773,48.898987300273994]]]},"properties":{"idtup":"93010000AI0159","idcomtxt":"BONDY","source":"Copropriété non immatriculée","nom_usage":null}},{"type":"Feature","geometry":{"type":"Polygon","coordinates":[[[2.474728399409573,48.898277200199495],[2.4747280002022176,48.89827310030751],[2.474712400668866,48.898228699659036],[2.4746986002681517,48.89819160027669],[2.47446499934581,48.898228099911826],[2.474340200314626,48.89824830012141],[2.4742108004475227,48.898268899978504],[2.4742058001178573,48.89829860011654],[2.4742933006468424,48.89834619964213],[2.474437499479881,48.89832309981763],[2.474516800088126,48.898309999556446],[2.474728399409573,48.898277200199495]]]},"properties":{"idtup":"93010000AI0166","idcomtxt":"BONDY","source":"Copropriété non immatriculée","nom_usage":null}},{"type":"Feature","geometry":{"type":"Polygon","coordinates":[[[2.477393699793296,48.89887419995802],[2.4773209001949623,48.89889189986423],[2.4769969993457024,48.89896930013755],[2.4769567002845627,48.898978699958896],[2.47687569951149,48.89899820016016],[2.4768432998347083,48.89900579986267],[2.4769133006811175,48.89918019956324],[2.477030899912258,48.89915839955409],[2.477097500581969,48.8991467997328],[2.477173899952556,48.89913280013554],[2.4771775997666587,48.89913220026219],[2.477239099986712,48.89912090004804],[2.477253999538578,48.899118699730344],[2.477329199917823,48.89910510038765],[2.4774460997776875,48.899083500161844],[2.4775012994613568,48.89907410043457],[2.4774770005490163,48.899027500305415],[2.477460399516743,48.89899659966627],[2.4774186003510814,48.898918600335925],[2.477393699793296,48.89887419995802]]]},"properties":{"idtup":"93010000AI0168","idcomtxt":"BONDY","source":"Copropriété immatriculée","nom_usage":"37 rue Yvonne"}},{"type":"Feature","geometry":{"type":"Polygon","coordinates":[[[2.475651399638076,48.89792899983937],[2.4758235006345197,48.89790149968794],[2.4759531995983273,48.897880299559205],[2.475934099477272,48.8978359997509],[2.4759080000805214,48.8977750995746],[2.4758951998948677,48.897747100287525],[2.4758602994388634,48.89766730040962],[2.475851599693147,48.897647000043605],[2.47582720003923,48.89759260027599],[2.4757955998493753,48.89752060011533],[2.4754914996603508,48.89757970031327],[2.475311100535351,48.89761510002396],[2.4753328999046933,48.89767179972595],[2.475297199604091,48.89767930002208],[2.4752584996412437,48.89768750031507],[2.4752834006129216,48.89775490007949],[2.4752914005025586,48.89778020026518],[2.4753102997370946,48.8978280003033],[2.4753504993675826,48.89782109976751],[2.4754306996823687,48.897808900349496],[2.475474799528673,48.897801399930614],[2.4755059997938913,48.89779649955612],[2.4755239004078002,48.89779370016725],[2.475540600533743,48.89779850005959],[2.4755948006452817,48.89793820014114],[2.475651399638076,48.89792899983937]]]},"properties":{"idtup":"93010000AI0177","idcomtxt":"BONDY","source":"Copropriété immatriculée","nom_usage":"Hameau de la Gare"}},{"type":"Feature","geometry":{"type":"Polygon","coordinates":[[[2.478090399782278,48.89900849986628],[2.4780802996800353,48.89898600018211],[2.478089199734403,48.898983299681106],[2.4780329993970174,48.89887389969221],[2.4779394001671218,48.89889389967657],[2.4779361993229,48.89889480031814],[2.4779240996465988,48.89889760017281],[2.477785300325787,48.8989277000468],[2.4777739997882464,48.89892970029055],[2.4775409005698177,48.89897930019023],[2.477460399516743,48.89899659966627],[2.4774770005490163,48.899027500305415],[2.4775012994613568,48.89907410043457],[2.4775802006263294,48.89922629962041],[2.4776659000517416,48.89921460023263],[2.477733800249564,48.89920479984108],[2.4777853003537995,48.89919680025732],[2.4778640002948853,48.89918569972174],[2.4779106003697016,48.899179099624696],[2.47801069941436,48.899164299902786],[2.478068100230059,48.89915629983535],[2.478110399830927,48.89914979962762],[2.478125600154103,48.8991478001582],[2.4781475994756192,48.899144100047906],[2.478133999785415,48.89911269998067],[2.478090399782278,48.89900849986628]]]},"properties":{"idtup":"93010000AI0179","idcomtxt":"BONDY","source":"Plusieurs copropriétés immatriculées","nom_usage":"SDC LE SAINT JAMES"}},{"type":"Feature","geometry":{"type":"Polygon","coordinates":[[[2.478090399782278,48.89900849986628],[2.4780802996800353,48.89898600018211],[2.478089199734403,48.898983299681106],[2.4780329993970174,48.89887389969221],[2.4779394001671218,48.89889389967657],[2.4779361993229,48.89889480031814],[2.4779240996465988,48.89889760017281],[2.477785300325787,48.8989277000468],[2.4777739997882464,48.89892970029055],[2.4775409005698177,48.89897930019023],[2.477460399516743,48.89899659966627],[2.4774770005490163,48.899027500305415],[2.4775012994613568,48.89907410043457],[2.4775802006263294,48.89922629962041],[2.4776659000517416,48.89921460023263],[2.477733800249564,48.89920479984108],[2.4777853003537995,48.89919680025732],[2.4778640002948853,48.89918569972174],[2.4779106003697016,48.899179099624696],[2.47801069941436,48.899164299902786],[2.478068100230059,48.89915629983535],[2.478110399830927,48.89914979962762],[2.478125600154103,48.8991478001582],[2.4781475994756192,48.899144100047906],[2.478133999785415,48.89911269998067],[2.478090399782278,48.89900849986628]]]},"properties":{"idtup":"93010000AI0179","idcomtxt":"BONDY","source":"Plusieurs copropriétés immatriculées","nom_usage":"SDC 76/78 RUE R.SALENGRO BONDY"}},{"type":"Feature","geometry":{"type":"Polygon","coordinates":[[[2.4770349993956304,48.89756600005156],[2.4765367999680015,48.897658400057054],[2.4764665997647195,48.897671800439866],[2.476497899632384,48.89775220042321],[2.4765116001112384,48.897790399923124],[2.4766559994123303,48.89776610042602],[2.4770085002135875,48.89770690019202],[2.4770922000279563,48.89769319961211],[2.4770475000753587,48.89759589994584],[2.4770349993956304,48.89756600005156]]]},"properties":{"idtup":"93010000AI0195","idcomtxt":"BONDY","source":"Copropriété immatriculée","nom_usage":"VILLA ENEA - MS12923"}},{"type":"Feature","geometry":{"type":"Polygon","coordinates":[[[2.4771695003284053,48.8972116999429],[2.4771635993900634,48.89718239992364],[2.4770387005146293,48.89720569972803],[2.4769254993602683,48.8972271997197],[2.4765592005587855,48.897295800129704],[2.476336199712023,48.89733819974571],[2.476363700260757,48.8974094003498],[2.47638879938763,48.89747539964147],[2.4766706005818078,48.89742229972876],[2.4767809005712964,48.89740179992485],[2.477192599672142,48.89732629970794],[2.477186399978085,48.8972950999508],[2.4769400998513675,48.89734349987561],[2.4769036995504687,48.89726079975609],[2.4771695003284053,48.8972116999429]]]},"properties":{"idtup":"93010000AI0198","idcomtxt":"BONDY","source":"Copropriété immatriculée","nom_usage":"SDC 104 RUE ROGER SALENGRO"}},{"type":"Feature","geometry":{"type":"Polygon","coordinates":[[[2.477371299611158,48.89663029969488],[2.4773196995230724,48.89663750008676],[2.4772204998149316,48.89665190028088],[2.477198600191461,48.896672799924495],[2.477225000632302,48.896800800348146],[2.4772392996707193,48.89687070031081],[2.477325499865632,48.89686199983735],[2.4773634996430554,48.896858099905685],[2.4774027999234733,48.89685399969553],[2.477445400278256,48.89684969983673],[2.4774325005329603,48.89681239961727],[2.4774286002870736,48.89680009985265],[2.477420200091231,48.89677600041874],[2.477397000579074,48.896709399864115],[2.4773793993420936,48.896656200037505],[2.477371299611158,48.89663029969488]]]},"properties":{"idtup":"93010000AJ0001","idcomtxt":"BONDY","source":"Copropriété immatriculée","nom_usage":"SDC 79 BIS RUE ROGER SALENGRO 93140 BONDY"}},{"type":"Feature","geometry":{"type":"Polygon","coordinates":[[[2.4778067003853432,48.89717160015071],[2.477830300314435,48.89724350016055],[2.4778458004367714,48.897288800205786],[2.4779577001021083,48.89726729996843],[2.4780424997499377,48.89725059983059],[2.4780813996056854,48.89724319989275],[2.478141400016583,48.89723160039528],[2.478174299590506,48.89722530021364],[2.4782249994159486,48.897215699778194],[2.4782050002424185,48.89714240002523],[2.4781939998154976,48.897104699890136],[2.478135400584931,48.89711410041842],[2.4780621004214303,48.89712690008271],[2.47793680051047,48.89714740042988],[2.4778067003853432,48.89717160015071]]]},"properties":{"idtup":"93010000AJ0011","idcomtxt":"BONDY","source":"Copropriété non immatriculée","nom_usage":null}},{"type":"Feature","geometry":{"type":"Polygon","coordinates":[[[2.4775874999656713,48.89733890008911],[2.4776116006643845,48.897334499687304],[2.477705400119478,48.8973163003295],[2.4778334999850555,48.89729179972398],[2.4778458004367714,48.897288800205786],[2.477830300314435,48.89724350016055],[2.4778067003853432,48.89717160015071],[2.4777329003548916,48.89718540016177],[2.47768500067995,48.8970546999444],[2.4776146999122055,48.89706599978165],[2.4774716005610493,48.89708889959455],[2.477413099931278,48.897099200407155],[2.4773664004380014,48.89710610025012],[2.477288299535613,48.897118700428265],[2.4773298004611255,48.897331399603296],[2.4773335997860597,48.897331200350806],[2.4774270004831433,48.897324200343775],[2.4774287004159183,48.89733339958203],[2.477432099740441,48.89733309965721],[2.4774372994389924,48.897332400201826],[2.477498100425441,48.89732260043652],[2.4775539001962295,48.89731369971387],[2.477587600060676,48.89733109993375],[2.4775829000162206,48.897332299791515],[2.4775874999656713,48.89733890008911]]]},"properties":{"idtup":"93010000AJ0012","idcomtxt":"BONDY","source":"Copropriété immatriculée","nom_usage":"SDC 73 RUE ROGER SALENGRO"}},{"type":"Feature","geometry":{"type":"Polygon","coordinates":[[[2.4782249994159486,48.897215699778194],[2.478174299590506,48.89722530021364],[2.478141400016583,48.89723160039528],[2.4780813996056854,48.89724319989275],[2.478113199899715,48.89732030029932],[2.478122399822686,48.89734290041329],[2.478254699778219,48.8973192998814],[2.4782249994159486,48.897215699778194]]]},"properties":{"idtup":"93010000AJ0018","idcomtxt":"BONDY","source":"Copropriété non immatriculée","nom_usage":null}},{"type":"Feature","geometry":{"type":"Polygon","coordinates":[[[2.4779683004502275,48.8978572997536],[2.477950500517529,48.897812799999514],[2.4779332998909536,48.89777070040571],[2.477891500134009,48.89777820006483],[2.477823200659423,48.89779059960511],[2.477676099441195,48.8978166999271],[2.4775590005739563,48.89783790022917],[2.4774851997355865,48.89785100041928],[2.477516900321709,48.89790359979181],[2.477556599441474,48.89797020028099],[2.4775867002592404,48.89801790042103],[2.4776860002475662,48.89799960007439],[2.4777771004007008,48.89798260026033],[2.477889399392464,48.89796210006559],[2.478001600330332,48.897942799912805],[2.4779843996566298,48.89789920028766],[2.4779683004502275,48.8978572997536]]]},"properties":{"idtup":"93010000AJ0026","idcomtxt":"BONDY","source":"Copropriété immatriculée","nom_usage":"SDC VILLA SALENGRO"}},{"type":"Feature","geometry":{"type":"Polygon","coordinates":[[[2.478071299610215,48.89811799996243],[2.4780688994652413,48.898112099943084],[2.4780575998861116,48.89808450043788],[2.4780501995205935,48.898066199669266],[2.4780357004746385,48.89803080001901],[2.477971600297777,48.89804239957509],[2.4778083002842934,48.898072100416925],[2.4777007997862164,48.89809190021763],[2.4776389993651744,48.89810280007217],[2.4776663004114075,48.89814720010893],[2.477689599340058,48.898185499773284],[2.477729100261405,48.898178900259346],[2.477755900181753,48.89817359970417],[2.477908800498406,48.89814629971339],[2.47804409966361,48.89812279972956],[2.478071299610215,48.89811799996243]]]},"properties":{"idtup":"93010000AJ0028","idcomtxt":"BONDY","source":"Copropriété immatriculée","nom_usage":"SDC 59 rue Roger Salengro 93140 BONDY"}},{"type":"Feature","geometry":{"type":"Polygon","coordinates":[[[2.478467099876738,48.89804709980549],[2.4784469001398075,48.897999200197376],[2.4784358005321163,48.89796020018535],[2.4783042004126647,48.89798349999309],[2.4781004997136984,48.89801940042317],[2.4780357004746385,48.89803080001901],[2.4780501995205935,48.898066199669266],[2.4780575998861116,48.89808450043788],[2.4780688994652413,48.898112099943084],[2.478071299610215,48.89811799996243],[2.4780862002794697,48.898152799719455],[2.47810899954387,48.89820410019748],[2.478170400140013,48.898193899818345],[2.478175499983179,48.898193100072966],[2.478271299754347,48.898176599692455],[2.4782879000940152,48.89817369979984],[2.4783804000710874,48.898157899906195],[2.4783891000705722,48.89815649980693],[2.4785057000772226,48.898135300122725],[2.478467099876738,48.89804709980549]]]},"properties":{"idtup":"93010000AJ0037","idcomtxt":"BONDY","source":"Copropriété immatriculée","nom_usage":"République"}},{"type":"Feature","geometry":{"type":"Polygon","coordinates":[[[2.478671399492108,48.90021709959536],[2.478723299843353,48.90020939992335],[2.478731499562309,48.900208000320845],[2.4788890994065382,48.90018229963809],[2.478963800445998,48.90017100022475],[2.479013199673981,48.900163099792906],[2.479081700671896,48.90015169959281],[2.479251099591796,48.900124600072786],[2.4792619004498073,48.90012279986204],[2.4793035997710446,48.900116099678144],[2.4793010000243547,48.90007190012708],[2.4792522005885997,48.899951399614366],[2.4792128004526726,48.89985249988151],[2.4791717999917124,48.899750100265216],[2.479116099393607,48.89975839962882],[2.4790143004618392,48.899774100274676],[2.478918799561089,48.89978799994817],[2.478882300108438,48.89979429995096],[2.4788479996763577,48.89979989995964],[2.4787486003082515,48.8998156998524],[2.4786665999830517,48.89982680008955],[2.478596000438541,48.89983679969298],[2.4785707001335324,48.89984020043324],[2.478629899378982,48.90000150032542],[2.478663799747864,48.90009279965639],[2.478672300560471,48.90014659980928],[2.478671399492108,48.90021709959536]]]},"properties":{"idtup":"93010000AJ0045","idcomtxt":"BONDY","source":"Copropriété immatriculée","nom_usage":"SDC 31-33 RUE ROGER SALENGRO"}},{"type":"Feature","geometry":{"type":"Polygon","coordinates":[[[2.478671399492108,48.90021709959536],[2.4786699996761024,48.9002993996827],[2.4787064005059087,48.90031619975976],[2.4788862006378842,48.900291600230744],[2.479054899806749,48.90026809966046],[2.4793039002350654,48.90023430022372],[2.4793329994813527,48.900230500365566],[2.4793529996176042,48.90021110027374],[2.4793171000792302,48.90011430040676],[2.4793035997710446,48.900116099678144],[2.4792619004498073,48.90012279986204],[2.479251099591796,48.900124600072786],[2.479081700671896,48.90015169959281],[2.479013199673981,48.900163099792906],[2.478963800445998,48.90017100022475],[2.4788890994065382,48.90018229963809],[2.478731499562309,48.900208000320845],[2.478723299843353,48.90020939992335],[2.478671399492108,48.90021709959536]]]},"properties":{"idtup":"93010000AJ0046","idcomtxt":"BONDY","source":"Copropriété immatriculée","nom_usage":"RESIDENCE VILLA ROMANA"}},{"type":"Feature","geometry":{"type":"Polygon","coordinates":[[[2.47997339996872,48.900137899700105],[2.4799635997984435,48.900118999623636],[2.47994310054286,48.90007970001985],[2.4799373994898497,48.900069799997084],[2.4799079001553888,48.900014399717385],[2.4798894002768743,48.89997909989829],[2.479864400373253,48.899983700090104],[2.479793500617792,48.89999739973423],[2.4796873005813866,48.90001709992834],[2.47963509958173,48.90002679966536],[2.479611899543545,48.90003160007579],[2.4795585998152037,48.900041500047024],[2.4795195004744017,48.90004819992772],[2.479464700612729,48.90005820035518],[2.4795164006602626,48.900184700044925],[2.4795510004778927,48.90019869969788],[2.4797994995212447,48.90016300041875],[2.47997339996872,48.900137899700105]]]},"properties":{"idtup":"93010000AJ0047","idcomtxt":"BONDY","source":"Copropriété immatriculée","nom_usage":"SDC 10 BLANQUI/57 REPUBLIQUE"}},{"type":"Feature","geometry":{"type":"Polygon","coordinates":[[[2.4804894995479945,48.899716500267346],[2.480278800586622,48.899755499996616],[2.4803323005832874,48.899860500292],[2.4803343001772236,48.89986419971621],[2.4803799006261142,48.8999559998778],[2.4803821995787194,48.89995950005466],[2.480424600594983,48.900043599950436],[2.480564499987457,48.90001180032824],[2.4806372996025687,48.89999510029231],[2.4805934999082475,48.89991280020809],[2.480589000209663,48.899903200397375],[2.4805750995116176,48.89987609980767],[2.480562799696504,48.89985369963191],[2.4805418995297517,48.8998149001961],[2.4804894995479945,48.899716500267346]]]},"properties":{"idtup":"93010000AJ0053","idcomtxt":"BONDY","source":"Copropriété immatriculée","nom_usage":"SDC DU 18 RUE LOUIS AUGUSTE BLANQUI A BONDY"}},{"type":"Feature","geometry":{"type":"Polygon","coordinates":[[[2.481287699640958,48.89955510022605],[2.4812449996278865,48.89946600006923],[2.4811645006461522,48.89948149982625],[2.4809554003261245,48.899522700179645],[2.481003099362571,48.89961410004014],[2.4810042000857364,48.89961780005519],[2.4808066998131184,48.899655900147735],[2.4805745005099786,48.89969989995569],[2.4804894995479945,48.899716500267346],[2.4805418995297517,48.8998149001961],[2.480562799696504,48.89985369963191],[2.4805750995116176,48.89987609980767],[2.480589000209663,48.899903200397375],[2.4805934999082475,48.89991280020809],[2.4806372996025687,48.89999510029231],[2.4807192004433363,48.899976999885844],[2.4807523001720164,48.899969100010004],[2.4807989005417905,48.899958399761736],[2.4808499000064765,48.899946599828624],[2.48089720045864,48.899935999701604],[2.480941499876883,48.899924999848636],[2.4810942002192338,48.899890600336086],[2.4811393996725064,48.89988030037137],[2.481247200246463,48.8998553997466],[2.48126489942742,48.89985149967994],[2.481300699957205,48.899842899999776],[2.4813845997945734,48.89982400021934],[2.481402500378838,48.899798100406024],[2.4813612005354835,48.8997104002979],[2.481328499468053,48.89964079995158],[2.481301100557766,48.89958420042868],[2.4812960996840374,48.8995741002564],[2.481287699640958,48.89955510022605]]]},"properties":{"idtup":"93010000AJ0054","idcomtxt":"BONDY","source":"Copropriété immatriculée","nom_usage":"LE MOULIN A VENT"}},{"type":"Feature","geometry":{"type":"Polygon","coordinates":[[[2.4807033006527766,48.89830849956055],[2.480683499837903,48.898266200262306],[2.4806671002019502,48.89823189974992],[2.4805855003053856,48.89824799958699],[2.4805427996698635,48.89825570040357],[2.4804733002938266,48.89826969970861],[2.4804538999424626,48.89827339983041],[2.4804166998413937,48.89828060016826],[2.4800748994494914,48.898348300443686],[2.4800115995785994,48.89836090009444],[2.479881199337515,48.898386400245556],[2.47992520009442,48.898465400235395],[2.4799396004113157,48.898492799879136],[2.479968500218166,48.89854859961834],[2.479987800236443,48.89858500010106],[2.480016300173855,48.898638100169045],[2.4801819997887398,48.89860350013069],[2.4803179000649016,48.898575000054166],[2.480399199449149,48.898557499777525],[2.4805554003332864,48.898524599967125],[2.480756400248141,48.89848230039237],[2.4807810995321824,48.89847740013855],[2.480749100174478,48.89840679986457],[2.4807411997852435,48.898389300184476],[2.480727199751114,48.89835919995638],[2.4807033006527766,48.89830849956055]]]},"properties":{"idtup":"93010000AJ0103","idcomtxt":"BONDY","source":"Copropriété immatriculée","nom_usage":"88/92 avenue Carnot"}},{"type":"Feature","geometry":{"type":"Polygon","coordinates":[[[2.479881199337515,48.898386400245556],[2.4800115995785994,48.89836090009444],[2.4800748994494914,48.898348300443686],[2.4804166998413937,48.89828060016826],[2.4804538999424626,48.89827339983041],[2.4804733002938266,48.89826969970861],[2.4805427996698635,48.89825570040357],[2.4805855003053856,48.89824799958699],[2.4806671002019502,48.89823189974992],[2.480615700254368,48.89812500022257],[2.480583699558476,48.89805949984131],[2.4804641999547,48.89808310000785],[2.4804615996349013,48.898083700255974],[2.4803361999136646,48.898108600277375],[2.480115299320641,48.89815249986928],[2.4798350995018015,48.89820870032956],[2.479789600509873,48.898217699912934],[2.4797980004061784,48.898235000385064],[2.4798250995270887,48.89828259967046],[2.479881199337515,48.898386400245556]]]},"properties":{"idtup":"93010000AJ0108","idcomtxt":"BONDY","source":"Copropriété immatriculée","nom_usage":"SDC 94 CARNOT"}},{"type":"Feature","geometry":{"type":"Polygon","coordinates":[[[2.480071299588999,48.89806520023094],[2.4800588001909905,48.89803129966368],[2.4800470000604395,48.89800250029915],[2.4800218006274304,48.897939499680206],[2.4799344997391817,48.89795530003596],[2.4798876000642887,48.897963899678864],[2.4798936996037684,48.89797989965313],[2.4799139996680273,48.89802690014135],[2.4799386998762127,48.89808879965787],[2.479806200139615,48.89811180043408],[2.4797391993215694,48.89812459970092],[2.4797645996805815,48.898171699705046],[2.479789600509873,48.898217699912934],[2.4798350995018015,48.89820870032956],[2.480115299320641,48.89815249986928],[2.4803361999136646,48.898108600277375],[2.4804615996349013,48.898083700255974],[2.4804641999547,48.89808310000785],[2.480583699558476,48.89805949984131],[2.4805471005659654,48.897980499796255],[2.4804306993304053,48.89800090014665],[2.4804272001422283,48.898001500091645],[2.4803935997982123,48.89800719980935],[2.480298799575542,48.89802410011953],[2.480288699652016,48.89802610041503],[2.480201000323618,48.89804149994293],[2.480071299588999,48.89806520023094]]]},"properties":{"idtup":"93010000AJ0109","idcomtxt":"BONDY","source":"Copropriété non immatriculée","nom_usage":null}},{"type":"Feature","geometry":{"type":"Polygon","coordinates":[[[2.47999029939036,48.89775279992039],[2.480009700260229,48.897802700359485],[2.4800343004155825,48.897862600275595],[2.4800420005145094,48.89787950020427],[2.480201799800268,48.89785049967176],[2.4801817996456887,48.89780499967167],[2.4801466000350723,48.89772390027906],[2.480087000431342,48.89773509962696],[2.4800779998350047,48.897736699989395],[2.47999029939036,48.89775279992039]]]},"properties":{"idtup":"93010000AJ0116","idcomtxt":"BONDY","source":"Copropriété non immatriculée","nom_usage":null}},{"type":"Feature","geometry":{"type":"Polygon","coordinates":[[[2.4799617996854977,48.89789389970935],[2.4800420005145094,48.89787950020427],[2.4800343004155825,48.897862600275595],[2.480009700260229,48.897802700359485],[2.47999029939036,48.89775279992039],[2.4799094994970994,48.897768200416586],[2.4798329999479183,48.89778240007615],[2.479853500413541,48.89783089969922],[2.479878400017093,48.89789030003326],[2.4798859004828984,48.897908200033115],[2.4799617996854977,48.89789389970935]]]},"properties":{"idtup":"93010000AJ0117","idcomtxt":"BONDY","source":"Copropriété non immatriculée","nom_usage":null}},{"type":"Feature","geometry":{"type":"Polygon","coordinates":[[[2.479508200243645,48.897791699663706],[2.479404200171176,48.897812400224716],[2.4792431001190236,48.89784500025967],[2.479080200118638,48.89787779998862],[2.478926000395277,48.8979086004205],[2.4787363003068443,48.89794669959861],[2.478630899509473,48.89796760023175],[2.478665500549449,48.8980994003657],[2.478775900031875,48.89807720037715],[2.4787967004546028,48.89807289958736],[2.478862199954452,48.89805980024031],[2.478942899774594,48.89804330016403],[2.4790169994197018,48.898027999774804],[2.4791084998345934,48.898009399925385],[2.479144299824493,48.898002399844216],[2.4793957004057154,48.89795160024605],[2.4795706997077644,48.89791559987593],[2.479554400490928,48.89788279967659],[2.47953190013884,48.897837900230485],[2.479530699998126,48.89783569980693],[2.479508200243645,48.897791699663706]]]},"properties":{"idtup":"93010000AJ0123","idcomtxt":"BONDY","source":"Copropriété immatriculée","nom_usage":"SDC 107 AV. DE LA REPUBLIQUE"}},{"type":"Feature","geometry":{"type":"Polygon","coordinates":[[[2.479392000498647,48.897559800223156],[2.479176300308617,48.89759940043381],[2.4788227004265533,48.897665300295756],[2.4786991003137553,48.89768839973529],[2.4786705994894227,48.8976935995703],[2.478563999779983,48.89771400030955],[2.478588400665908,48.897800299720934],[2.4786961004593544,48.897779300314475],[2.4787248003864764,48.897773700249324],[2.4787568000003675,48.89776739958969],[2.4788228002524235,48.89775519994994],[2.4789507003296247,48.897730000324536],[2.479173700226437,48.89768710033517],[2.4794276996696505,48.89763759977162],[2.4794307006266245,48.89763689966552],[2.479404700211326,48.89758629955173],[2.479392000498647,48.897559800223156]]]},"properties":{"idtup":"93010000AJ0127","idcomtxt":"BONDY","source":"Copropriété non immatriculée","nom_usage":null}},{"type":"Feature","geometry":{"type":"Polygon","coordinates":[[[2.4786762994876907,48.897524300153414],[2.4788261000641283,48.897496700412084],[2.478814499325515,48.89746999985986],[2.478805299336277,48.897448600377885],[2.478798599855225,48.897433300086675],[2.4787874997943162,48.89740850014665],[2.478750600492495,48.89732480020357],[2.478749699684442,48.89731900024746],[2.478606999783198,48.89734339959848],[2.4784780003254254,48.89736649958823],[2.4784757995367843,48.897363300161594],[2.4784622005033135,48.89736590019251],[2.478470000091244,48.89739160038712],[2.4785032004968404,48.89750709999528],[2.478516900523996,48.8975541997087],[2.4786762994876907,48.897524300153414]]]},"properties":{"idtup":"93010000AJ0134","idcomtxt":"BONDY","source":"Copropriété immatriculée","nom_usage":"119 Avenue de la République"}},{"type":"Feature","geometry":{"type":"Polygon","coordinates":[[[2.4784276999042376,48.89724800003928],[2.478478099343853,48.89723870035605],[2.47852109953088,48.897230999776504],[2.478585600408712,48.897219999706586],[2.4786426001862893,48.89720960005978],[2.4786346001672017,48.89718770037219],[2.478608900141919,48.89712600031716],[2.4784327998847515,48.89715799978077],[2.4784222998336958,48.89716209985893],[2.478413500526298,48.89716880004667],[2.4784078005445824,48.897180500391926],[2.4784276999042376,48.89724800003928]]]},"properties":{"idtup":"93010000AJ0137","idcomtxt":"BONDY","source":"Copropriété immatriculée","nom_usage":"SDC 125 REPUBLIQUE"}},{"type":"Feature","geometry":{"type":"Polygon","coordinates":[[[2.4797953997477182,48.89688559961148],[2.479659100630763,48.89690869974435],[2.479693900519608,48.89697479985876],[2.4797366998935035,48.89705690011521],[2.4797702006683258,48.89705060030864],[2.4799100000269365,48.89702449987387],[2.4799295999198394,48.89702139964308],[2.4800318004975384,48.8970021998436],[2.480082300509465,48.89699220026094],[2.480013400233146,48.8968460001688],[2.479919999441371,48.89686309961575],[2.479840100204583,48.89687750035576],[2.4797953997477182,48.89688559961148]]]},"properties":{"idtup":"93010000AJ0150","idcomtxt":"BONDY","source":"Copropriété immatriculée","nom_usage":"SDC 114 avenue Carnot"}},{"type":"Feature","geometry":{"type":"Polygon","coordinates":[[[2.4796835999579407,48.89663960023902],[2.479580600652955,48.896654299735445],[2.4794644994180612,48.89667059962051],[2.479480100374794,48.89672040004659],[2.479498100257808,48.89677759960644],[2.4795725002941382,48.89676630029045],[2.4796726000402574,48.89675159989465],[2.479680099478002,48.89675019988061],[2.479715700488602,48.89674500007347],[2.4796835999579407,48.89663960023902]]]},"properties":{"idtup":"93010000AJ0152","idcomtxt":"BONDY","source":"Copropriété non immatriculée","nom_usage":null}},{"type":"Feature","geometry":{"type":"Polygon","coordinates":[[[2.4796568998584103,48.89654739960919],[2.4796575001972974,48.896549699949155],[2.4797166995612026,48.89654130041346],[2.479860999697057,48.89651960011136],[2.4798043001218053,48.89639590044655],[2.4797670999959935,48.89631859981179],[2.479732900422571,48.89630369989355],[2.4797231995323417,48.896304700047516],[2.47958910047491,48.89632290034181],[2.479601199390349,48.89636350001781],[2.479625999599422,48.8964453000186],[2.4796568998584103,48.89654739960919]]]},"properties":{"idtup":"93010000AJ0155","idcomtxt":"BONDY","source":"Copropriété immatriculée","nom_usage":"VILLA CASTELIA"}},{"type":"Feature","geometry":{"type":"Polygon","coordinates":[[[2.478681500556016,48.89677469969252],[2.4787370998144955,48.89676790012621],[2.478763600262763,48.89676450007474],[2.4787908996285672,48.89676100007403],[2.4788406993691834,48.89675459969246],[2.478833100577801,48.89672600011371],[2.478792399905882,48.89657640029278],[2.478747799394783,48.89658270007919],[2.4787325005500263,48.89658439973053],[2.4785243006500024,48.896613200168495],[2.478473499583731,48.896619900024376],[2.478365200603645,48.89663449985615],[2.4782542003512056,48.89664970025027],[2.4782595999404737,48.89666770003898],[2.4782785996076613,48.89673470030626],[2.478381700642212,48.89672120024946],[2.47848410026787,48.89670800011628],[2.4785351998513234,48.89670160012613],[2.4785514006040317,48.896699599561664],[2.478637600016588,48.896689700263245],[2.4786508998412184,48.896737800083486],[2.478669999662832,48.89673559988689],[2.478681500556016,48.89677469969252]]]},"properties":{"idtup":"93010000AJ0165","idcomtxt":"BONDY","source":"Copropriété non immatriculée","nom_usage":null}},{"type":"Feature","geometry":{"type":"Polygon","coordinates":[[[2.4788923994539793,48.899139400377756],[2.4788230002595584,48.89898299958568],[2.4787848001889725,48.89887419988377],[2.478744799460405,48.89876079956483],[2.478700200136864,48.89863329966587],[2.478660600238112,48.89852049997496],[2.4786289003120947,48.898430499692054],[2.4786113003075174,48.89837890000965],[2.4785793994401626,48.898306800421445],[2.478380800604639,48.89834349963597],[2.4782890006389215,48.89836060027731],[2.4782684001328588,48.89836440003634],[2.478213700128149,48.89837329958409],[2.478244699458803,48.89842180023765],[2.478276299438548,48.89847229995753],[2.478277299839575,48.89847510025907],[2.478040800469409,48.8985173003263],[2.4780073001801064,48.89852330017881],[2.4779424006368913,48.89853429999256],[2.4779848000768303,48.89859369963131],[2.4780575001970555,48.898689799797346],[2.4781076005633054,48.898754699826185],[2.4781274996437537,48.89878170007288],[2.4781734000470736,48.898888000206156],[2.4782233994132814,48.899000300351844],[2.4782695004444375,48.899106899869025],[2.4783298996434797,48.89924220002903],[2.478381900405652,48.899233099821124],[2.4784719000752222,48.89921639956096],[2.478525499340458,48.899206899765325],[2.478622799671617,48.899189199675945],[2.4786449000957615,48.899184800254744],[2.478660499630253,48.89918229974347],[2.4788318997793213,48.899150800220255],[2.478862099878074,48.89914530018194],[2.4788923994539793,48.899139400377756]]]},"properties":{"idtup":"93010000AJ0187","idcomtxt":"BONDY","source":"Copropriété immatriculée","nom_usage":"SDC LE CLOS DES ACACIAS"}},{"type":"Feature","geometry":{"type":"Polygon","coordinates":[[[2.4788923994539793,48.899139400377756],[2.478862099878074,48.89914530018194],[2.4788318997793213,48.899150800220255],[2.478660499630253,48.89918229974347],[2.4786449000957615,48.899184800254744],[2.478622799671617,48.899189199675945],[2.478525499340458,48.899206899765325],[2.4784719000752222,48.89921639956096],[2.478381900405652,48.899233099821124],[2.4783298996434797,48.89924220002903],[2.4783617995387943,48.8993150999989],[2.4784021999052794,48.899410900022374],[2.4784143993892553,48.8994443003023],[2.478420800284638,48.899443400094945],[2.478464800083613,48.89954659995782],[2.4784841995692064,48.89959370012254],[2.4785178998399897,48.89958699955226],[2.4785364006386157,48.899583699617246],[2.47856159997279,48.89957920039243],[2.4787058998166596,48.89955120006904],[2.478732299834741,48.899548299603694],[2.4787134994554765,48.89948779973593],[2.478712899661331,48.899477000063406],[2.4787157004738702,48.899381600431646],[2.478701700426554,48.899344099604185],[2.4787091004141715,48.89934299958777],[2.4787230004845453,48.899340899956165],[2.478830500591038,48.899324899714905],[2.478899499661374,48.8993145998345],[2.4789284994007152,48.8993101998037],[2.4789525004939694,48.89930669980737],[2.4789642996573455,48.8993049003688],[2.478905599774716,48.89917000003492],[2.4788923994539793,48.899139400377756]]]},"properties":{"idtup":"93010000AJ0188","idcomtxt":"BONDY","source":"Copropriété immatriculée","nom_usage":"SDC ATHINAI"}},{"type":"Feature","geometry":{"type":"Polygon","coordinates":[[[2.4785243006500024,48.896613200168495],[2.4784959996558276,48.896516400431324],[2.4784845993664617,48.89647639992925],[2.478424799725685,48.89648479983985],[2.478244700444648,48.89650909973119],[2.478219699778467,48.89653229997124],[2.478225500288345,48.89655329980301],[2.4782468002591345,48.89662390014191],[2.4782542003512056,48.89664970025027],[2.478365200603645,48.89663449985615],[2.478473499583731,48.896619900024376],[2.4785243006500024,48.896613200168495]]]},"properties":{"idtup":"93010000AJ0197","idcomtxt":"BONDY","source":"Copropriété immatriculée","nom_usage":"SDC 9 RUE EDOUARD VAILLANT"}},{"type":"Feature","geometry":{"type":"Polygon","coordinates":[[[2.48019889961742,48.90009449970237],[2.480424600594983,48.900043599950436],[2.4803821995787194,48.89995950005466],[2.4803799006261142,48.8999559998778],[2.4803343001772236,48.89986419971621],[2.4803323005832874,48.899860500292],[2.480278800586622,48.899755499996616],[2.4804894995479945,48.899716500267346],[2.4805745005099786,48.89969989995569],[2.4808066998131184,48.899655900147735],[2.4810042000857364,48.89961780005519],[2.481003099362571,48.89961410004014],[2.4809554003261245,48.899522700179645],[2.480931499877465,48.89947630035886],[2.4808182000519583,48.89949820016575],[2.4805588994166357,48.899547800243596],[2.4805275996892737,48.89955400009454],[2.4802742998532903,48.899600499598534],[2.4801458996560073,48.899624300020996],[2.4798965996920264,48.89967149955979],[2.4797550001525925,48.89969889971684],[2.4796114004982837,48.899726600376916],[2.479350500257904,48.89977619988086],[2.479408399758333,48.899919299896],[2.479557199528585,48.89989189996372],[2.4796329004658273,48.89987740025337],[2.479674500052174,48.89986959965642],[2.479856499444253,48.89983520040232],[2.479934099972992,48.899820599935474],[2.480044600521882,48.899800199646656],[2.4801036997597956,48.89991459960521],[2.4801523002209525,48.90000700011964],[2.48019889961742,48.90009449970237]]]},"properties":{"idtup":"93010000AJ0209","idcomtxt":"BONDY","source":"Copropriété immatriculée","nom_usage":"SDC Les Horizons"}},{"type":"Feature","geometry":{"type":"Polygon","coordinates":[[[2.4796287995855284,48.89802950041903],[2.479524000445101,48.89805299984893],[2.479353399552495,48.89809050042775],[2.4791669998168917,48.89813079994592],[2.479076999516849,48.898150499920526],[2.4788722993785504,48.898194800431625],[2.4787176994665656,48.89822799999808],[2.478727400561774,48.89825289995452],[2.4790184998034936,48.898190199846496],[2.4791016000563886,48.89817210034795],[2.4791370004029765,48.8982495002471],[2.4793551993442793,48.89820349982565],[2.47946570049299,48.89818040033912],[2.479681900486483,48.898134000334835],[2.4796287995855284,48.89802950041903]]]},"properties":{"idtup":"93010000AJ0217","idcomtxt":"BONDY","source":"Copropriété non immatriculée","nom_usage":null}},{"type":"Feature","geometry":{"type":"Polygon","coordinates":[[[2.479013199646221,48.89673080003904],[2.4790190999819766,48.8967300001425],[2.4791888995344475,48.896706600370266],[2.479177300261816,48.896662300387064],[2.479148499756052,48.8965545001061],[2.4791292003395498,48.89648150028272],[2.4791251994265786,48.89646750044138],[2.4791163002363854,48.896435399607554],[2.479103100168574,48.89638969961494],[2.4789294996037246,48.89641480040806],[2.4787554997046373,48.89643890008043],[2.478780299444714,48.89653069965916],[2.478792399905882,48.89657640029278],[2.478833100577801,48.89672600011371],[2.4788406993691834,48.89675459969246],[2.4789010997544683,48.89674630021373],[2.4789518998033997,48.89673929980375],[2.479013199646221,48.89673080003904]]]},"properties":{"idtup":"93010000AJ0219","idcomtxt":"BONDY","source":"Copropriété immatriculée","nom_usage":"COEUR VAILLANT"}},{"type":"Feature","geometry":{"type":"Polygon","coordinates":[[[2.479424499754624,48.89679610041022],[2.4794205997752172,48.89678550040494],[2.479371699494881,48.89663240012059],[2.4793450997679547,48.89663660025888],[2.4792485001794216,48.89665169960624],[2.479177300261816,48.896662300387064],[2.4791888995344475,48.896706600370266],[2.479229899732551,48.89679120027791],[2.47924259989719,48.89681790019104],[2.479256200108843,48.89685730044085],[2.479260400316422,48.896868700341486],[2.4792618001152418,48.89687480013646],[2.479274100218492,48.896910000358375],[2.479279400345489,48.89692830003144],[2.479452200223849,48.8968979001329],[2.4794479995053447,48.89688300013215],[2.479440100383028,48.896854800382556],[2.4794263004015002,48.89680289980874],[2.479424499754624,48.89679610041022]]]},"properties":{"idtup":"93010000AJ0222","idcomtxt":"BONDY","source":"Copropriété non immatriculée","nom_usage":null}},{"type":"Feature","geometry":{"type":"Polygon","coordinates":[[[2.479076999516849,48.898150499920526],[2.4791669998168917,48.89813079994592],[2.4791084998345934,48.898009399925385],[2.4790169994197018,48.898027999774804],[2.478942899774594,48.89804330016403],[2.478862199954452,48.89805980024031],[2.4787967004546028,48.89807289958736],[2.478775900031875,48.89807720037715],[2.478665500549449,48.8980994003657],[2.4787176994665656,48.89822799999808],[2.4788722993785504,48.898194800431625],[2.479076999516849,48.898150499920526]]]},"properties":{"idtup":"93010000AJ0230","idcomtxt":"BONDY","source":"Copropriété non immatriculée","nom_usage":null}},{"type":"Feature","geometry":{"type":"Polygon","coordinates":[[[2.480188099584088,48.8964089000211],[2.4801488999423595,48.89632580018532],[2.4801407993524975,48.89630600003047],[2.480127399702912,48.896274600079245],[2.4801160999760783,48.89625199997782],[2.479950200126375,48.89627380014541],[2.4799302002860277,48.89629430025426],[2.4799480999754997,48.89633330003624],[2.4800014998944238,48.89644639955831],[2.4800417002519293,48.89643829957159],[2.4801425996900055,48.89641870012645],[2.480188099584088,48.8964089000211]]]},"properties":{"idtup":"93010000AK0001","idcomtxt":"BONDY","source":"Plusieurs copropriétés immatriculées","nom_usage":"SDC COEUR DE BONDY"}},{"type":"Feature","geometry":{"type":"Polygon","coordinates":[[[2.480188099584088,48.8964089000211],[2.4801488999423595,48.89632580018532],[2.4801407993524975,48.89630600003047],[2.480127399702912,48.896274600079245],[2.4801160999760783,48.89625199997782],[2.479950200126375,48.89627380014541],[2.4799302002860277,48.89629430025426],[2.4799480999754997,48.89633330003624],[2.4800014998944238,48.89644639955831],[2.4800417002519293,48.89643829957159],[2.4801425996900055,48.89641870012645],[2.480188099584088,48.8964089000211]]]},"properties":{"idtup":"93010000AK0001","idcomtxt":"BONDY","source":"Plusieurs copropriétés immatriculées","nom_usage":"SDC Le Chêne Rond"}},{"type":"Feature","geometry":{"type":"Polygon","coordinates":[[[2.48014459982203,48.89675029977501],[2.480169900647483,48.89674450024841],[2.4802609001746996,48.89672580020892],[2.4804284998307713,48.89669179978653],[2.4805033002714074,48.89667670025644],[2.4804276999560773,48.89652430024971],[2.4802589994675324,48.896556999993855],[2.4802277006713385,48.896562599941454],[2.480189299847686,48.89657009986873],[2.4801116996096884,48.89658530036248],[2.480070000157646,48.89659340015896],[2.48014459982203,48.89675029977501]]]},"properties":{"idtup":"93010000AK0005","idcomtxt":"BONDY","source":"Copropriété immatriculée","nom_usage":"123 CARNOT"}},{"type":"Feature","geometry":{"type":"Polygon","coordinates":[[[2.480659599520826,48.896645399674156],[2.48064079987242,48.8966501995894],[2.480506800670536,48.896677200167396],[2.4805033002714074,48.89667670025644],[2.4804284998307713,48.89669179978653],[2.4802609001746996,48.89672580020892],[2.480169900647483,48.89674450024841],[2.48014459982203,48.89675029977501],[2.4802333999420663,48.89694069990264],[2.480292100110876,48.89706609957465],[2.480346099995585,48.89705569958916],[2.4804328003579745,48.89703949972762],[2.480584700631827,48.89701120003818],[2.480585499553118,48.897011100082864],[2.4805898003220506,48.89701040018914],[2.4807523999094663,48.896980000043676],[2.4808877005018535,48.89695510022285],[2.4809335998439495,48.896945899608525],[2.480944200412771,48.89694510020432],[2.480985499643578,48.89701930028579],[2.4810126002625723,48.897068299581356],[2.481059300502205,48.89715349997789],[2.4810706997216343,48.89717220010472],[2.48113920021208,48.89729849972901],[2.4811886001445203,48.89738739980988],[2.481197200196582,48.8974033997654],[2.4812185995558944,48.89739889970416],[2.481283299751675,48.89738360036037],[2.4813569999371334,48.897366199606985],[2.481328499702585,48.89731580041716],[2.4812628000514443,48.89719349966576],[2.4812054004707043,48.89708789988254],[2.4811470994864573,48.89698079970785],[2.481089400356543,48.89687409959496],[2.481022399806232,48.8967500996246],[2.480987500486629,48.8966852000341],[2.4809414999634964,48.89660319964243],[2.480930899718222,48.8965840002428],[2.4808580995204226,48.89660069958634],[2.480659599520826,48.896645399674156]]]},"properties":{"idtup":"93010000AK0010","idcomtxt":"BONDY","source":"Copropriété immatriculée","nom_usage":"SDC 119/121 AVENUE CARNOT"}},{"type":"Feature","geometry":{"type":"Polygon","coordinates":[[[2.482150100627367,48.89624809991278],[2.4822132999899775,48.89623350042406],[2.482266200182109,48.89622150034268],[2.482202000340176,48.89610259956096],[2.482187800253879,48.896074899729264],[2.482163599482471,48.896033099567696],[2.4821563006455856,48.896018599938515],[2.4821367995335732,48.895983299605916],[2.482010900661858,48.895999600060556],[2.482030400299832,48.89603600026087],[2.4820686996024914,48.89610389998925],[2.4821425001860566,48.89623430044173],[2.482150100627367,48.89624809991278]]]},"properties":{"idtup":"93010000AK0032","idcomtxt":"BONDY","source":"Copropriété non immatriculée","nom_usage":null}},{"type":"Feature","geometry":{"type":"Polygon","coordinates":[[[2.481059300502205,48.89715349997789],[2.4810126002625723,48.897068299581356],[2.4810072002275603,48.897069400314024],[2.480936200142658,48.89708210018808],[2.4806435997231966,48.89713479997539],[2.4805178993334787,48.89715740026502],[2.4803483001263955,48.89718769957243],[2.4803895001181147,48.897274100316],[2.4804046998394287,48.89730640012999],[2.480465200259967,48.897434500007606],[2.480514800016813,48.897540999764836],[2.4805641002246883,48.89764609976886],[2.4805889003297734,48.89764089962135],[2.480706299457795,48.89761909962314],[2.4807186005489683,48.89761630035941],[2.4808254993704884,48.89759630009264],[2.480827799846779,48.89759539996676],[2.480914599631372,48.897579700206805],[2.4809356006466943,48.89757589992927],[2.481000899410226,48.89756380036958],[2.481021700120554,48.8975607995921],[2.481212299480669,48.897524400379545],[2.4812580004853775,48.897515300406276],[2.481197200196582,48.8974033997654],[2.4811886001445203,48.89738739980988],[2.48113920021208,48.89729849972901],[2.4810706997216343,48.89717220010472],[2.481059300502205,48.89715349997789]]]},"properties":{"idtup":"93010000AK0012","idcomtxt":"BONDY","source":"Copropriété immatriculée","nom_usage":"SDC COEUR BONDY"}},{"type":"Feature","geometry":{"type":"Polygon","coordinates":[[[2.4808254993704884,48.89759630009264],[2.4807186005489683,48.89761630035941],[2.480706299457795,48.89761909962314],[2.4805889003297734,48.89764089962135],[2.4805641002246883,48.89764609976886],[2.480613100250165,48.89774999966385],[2.480649799442577,48.89776330038643],[2.480686800057688,48.897755000156614],[2.480879999690903,48.89771290035381],[2.480875299843572,48.897701500153445],[2.480843500492749,48.89763289987925],[2.4808254993704884,48.89759630009264]]]},"properties":{"idtup":"93010000AK0014","idcomtxt":"BONDY","source":"Copropriété immatriculée","nom_usage":"103 avenue Carnot 93140 BONDY"}},{"type":"Feature","geometry":{"type":"Polygon","coordinates":[[[2.481782800162686,48.89727050040283],[2.4817178002201437,48.89728469976633],[2.481712299617671,48.8972858999185],[2.481648899725514,48.89729940021306],[2.4816530000788406,48.897310199752766],[2.481674700039167,48.89735399999499],[2.4816882998326824,48.897380899571516],[2.4816970000436567,48.89739849979117],[2.4816984995688895,48.89740159989691],[2.4817319003061633,48.8974680998082],[2.4817380996706557,48.89748069984607],[2.481746199473104,48.897495999732996],[2.4817603000646042,48.89752220000529],[2.481785300641928,48.897516299917676],[2.4818952003360644,48.89749279988846],[2.4818805996106046,48.89746600032808],[2.4818470004711415,48.89739789973341],[2.481792899833799,48.897291800127036],[2.481782800162686,48.89727050040283]]]},"properties":{"idtup":"93010000AK0021","idcomtxt":"BONDY","source":"Copropriété immatriculée","nom_usage":"sdc 14 Villa Carnot 93140 BONDY"}},{"type":"Feature","geometry":{"type":"Polygon","coordinates":[[[2.4828571998475644,48.89748320018111],[2.4828422996604482,48.897457799667535],[2.4828065996465307,48.897395099605994],[2.4827966005432076,48.897377500154214],[2.4827506993343955,48.897297099921026],[2.4827288997291164,48.897257199739514],[2.4828172001629683,48.89723710027637],[2.48284209991691,48.89723130025469],[2.4829200996005025,48.89721380019655],[2.4828848002279016,48.89714729960334],[2.482863100287096,48.897152699770025],[2.4827304998940516,48.89718139956184],[2.4827099996127546,48.897185900179366],[2.4826886002221187,48.89719069997614],[2.482671499941656,48.897160100028984],[2.4824879998396456,48.89720280041396],[2.482571199537736,48.897350899867064],[2.482586199853014,48.89737760034875],[2.482669600244059,48.897525599852145],[2.48281300051845,48.897493300083255],[2.4828571998475644,48.89748320018111]]]},"properties":{"idtup":"93010000AK0043","idcomtxt":"BONDY","source":"Copropriété immatriculée","nom_usage":"30 et 30 Bis rue Bordier 93140 BONDY"}},{"type":"Feature","geometry":{"type":"Polygon","coordinates":[[[2.4821180995084964,48.89928950029135],[2.481863199863608,48.899341599809354],[2.4815090996871776,48.89941429962191],[2.481402499494187,48.89943670022104],[2.481443299691677,48.89952470034076],[2.4815293996791397,48.89950520025295],[2.481550599993096,48.89950049963],[2.481661700244625,48.89947699964031],[2.481791699745958,48.89944960009841],[2.4818126000292424,48.89944530012035],[2.481850200205951,48.899437299803644],[2.481973100525142,48.8994115996144],[2.4820834003286194,48.89938789972246],[2.4821590993572316,48.89937180034111],[2.4821294005415906,48.899311299758374],[2.4821180995084964,48.89928950029135]]]},"properties":{"idtup":"93010000AK0090","idcomtxt":"BONDY","source":"Copropriété immatriculée","nom_usage":"RCP CARNOT"}},{"type":"Feature","geometry":{"type":"Polygon","coordinates":[[[2.481661700244625,48.89947699964031],[2.481550599993096,48.89950049963],[2.4815293996791397,48.89950520025295],[2.4815527002166906,48.89954929962907],[2.481567300273317,48.89957839959644],[2.4815936994161985,48.899630500002765],[2.4816185998729976,48.89968010014075],[2.4816505002371287,48.89974440003132],[2.481659299932715,48.899761499731675],[2.481694999869508,48.899753400411065],[2.4817912000040847,48.899730700053695],[2.481758200357785,48.89966499972228],[2.481703500619867,48.899558299674375],[2.4816846006546047,48.899522799644565],[2.4816754997269963,48.899503900027966],[2.481661700244625,48.89947699964031]]]},"properties":{"idtup":"93010000AK0092","idcomtxt":"BONDY","source":"Copropriété non immatriculée","nom_usage":null}},{"type":"Feature","geometry":{"type":"Polygon","coordinates":[[[2.4829460005593194,48.8993661000743],[2.4832413006222187,48.899254900266634],[2.4832171000651395,48.89920460021574],[2.4832104004313433,48.89918820035129],[2.4832013997123257,48.89916849999828],[2.483169600485587,48.89910100030194],[2.483152900014208,48.89906259983152],[2.4830794996750014,48.89889920027513],[2.4830319997844055,48.898795000437126],[2.4829814999740027,48.898681799956464],[2.482959200613496,48.898632400143754],[2.4829348005157317,48.89857890031214],[2.4829194998072324,48.89854489984164],[2.4826050993580435,48.89861170040243],[2.482619799997438,48.89864429989884],[2.4826673003873774,48.898749999963066],[2.4827471995408357,48.898928699877686],[2.4828115001235633,48.899071299873874],[2.4828982000545445,48.899261800007004],[2.4829460005593194,48.8993661000743]]]},"properties":{"idtup":"93010000AK0101","idcomtxt":"BONDY","source":"Copropriété immatriculée","nom_usage":"SDC 54 rue Louis Auguste Blanqui"}},{"type":"Feature","geometry":{"type":"Polygon","coordinates":[[[2.4829194998072324,48.89854489984164],[2.4829348005157317,48.89857890031214],[2.482959200613496,48.898632400143754],[2.4829814999740027,48.898681799956464],[2.4830319997844055,48.898795000437126],[2.4830794996750014,48.89889920027513],[2.483152900014208,48.89906259983152],[2.483169600485587,48.89910100030194],[2.4832013997123257,48.89916849999828],[2.4832104004313433,48.89918820035129],[2.4832171000651395,48.89920460021574],[2.4832413006222187,48.899254900266634],[2.4833628001372445,48.899210800014174],[2.483330399511113,48.8991434002907],[2.4832950996001584,48.89906550034474],[2.4832841996631063,48.89904310018047],[2.4831774006625507,48.89880909957783],[2.483125499935418,48.89869340023955],[2.4830782993471465,48.898590799758274],[2.4830573997587027,48.89854370013112],[2.4830450999640843,48.898518200278666],[2.4829194998072324,48.89854489984164]]]},"properties":{"idtup":"93010000AK0102","idcomtxt":"BONDY","source":"Copropriété immatriculée","nom_usage":"Residence Fontenoy"}},{"type":"Feature","geometry":{"type":"Polygon","coordinates":[[[2.4831153997910342,48.89850239983212],[2.4831294001104416,48.89853440000565],[2.4831489997673666,48.8985766998106],[2.4831972004209404,48.89868080012585],[2.483259900103373,48.898818499879084],[2.4833331998422743,48.89897820005724],[2.4833663004624116,48.899051200087705],[2.483373700616779,48.89906779991505],[2.4833963997257387,48.899115599689715],[2.483408400115739,48.89914119982089],[2.483429399339506,48.89918560007362],[2.48359409989426,48.89912350015743],[2.48359170019842,48.899117899727734],[2.483576599528066,48.899084300413925],[2.483574700182123,48.89908120041178],[2.483553800455024,48.89903679971037],[2.483548899881112,48.89902920013065],[2.4835378993996047,48.8990018003161],[2.483512999931032,48.89894919957443],[2.4834941002038438,48.898906699620824],[2.4834841000919767,48.898885299783046],[2.4834427994579054,48.89879520008121],[2.4834070001321384,48.898719799857794],[2.483392300474271,48.89868649990744],[2.483380399886418,48.89866130038514],[2.4833678996621886,48.89863329963452],[2.4833419004030115,48.89857720029038],[2.483329999383363,48.89855039999394],[2.483321700302424,48.89853450043412],[2.483289699707841,48.89846339993886],[2.483168299835895,48.8984909002809],[2.4831628006312285,48.89849249979665],[2.4831153997910342,48.89850239983212]]]},"properties":{"idtup":"93010000AK0104","idcomtxt":"BONDY","source":"Copropriété immatriculée","nom_usage":"LES TERRASSES DE BONDY"}},{"type":"Feature","geometry":{"type":"Polygon","coordinates":[[[2.4827662003888378,48.8977416996247],[2.4829280003698524,48.89770470027091],[2.4829370999502083,48.897702600107564],[2.483008200245508,48.897686299561],[2.483148999620342,48.89765399985684],[2.483129299950883,48.897617000096844],[2.4830948994018427,48.897549900036736],[2.4829787995871313,48.89757269991742],[2.4829452999822736,48.89757930009248],[2.482917800446739,48.89758440004069],[2.482887699470402,48.89759420021806],[2.4828208995857857,48.89760819995296],[2.482729600644472,48.89762539968906],[2.4827268996903173,48.89762570008259],[2.48271459944025,48.89762870010119],[2.4827321996079252,48.89766789955946],[2.4827662003888378,48.8977416996247]]]},"properties":{"idtup":"93010000AK0105","idcomtxt":"BONDY","source":"Copropriété non immatriculée","nom_usage":null}},{"type":"Feature","geometry":{"type":"Polygon","coordinates":[[[2.4828515004196374,48.89792610028682],[2.4829728004373304,48.89789919966301],[2.482936200017827,48.89782259969539],[2.4829862004344347,48.897810600277154],[2.4829868002200355,48.89781050034549],[2.483053500515892,48.89779569970697],[2.4830893001917573,48.89778770021649],[2.483157199371829,48.89777290019817],[2.48320510025586,48.897762299941824],[2.483169100070822,48.897692399763585],[2.483148999620342,48.89765399985684],[2.483008200245508,48.897686299561],[2.4829370999502083,48.897702600107564],[2.4829280003698524,48.89770470027091],[2.4827662003888378,48.8977416996247],[2.4827790993776384,48.897768499812486],[2.482850899910215,48.8979248998175],[2.4828515004196374,48.89792610028682]]]},"properties":{"idtup":"93010000AK0138","idcomtxt":"BONDY","source":"Copropriété non immatriculée","nom_usage":null}},{"type":"Feature","geometry":{"type":"Polygon","coordinates":[[[2.48159329994261,48.896054800221314],[2.481328199333417,48.896090499713154],[2.481158100138997,48.896113199760315],[2.4810760006255217,48.89612490016661],[2.4811231995466096,48.896208299663066],[2.481148600159783,48.896253900309446],[2.4811706995235525,48.896294900175874],[2.4812937005484166,48.896516300298224],[2.481379899788662,48.89667419994852],[2.481507900527984,48.89690569995589],[2.481570500382216,48.89702029990647],[2.4816422004261627,48.897149200413544],[2.4817178002201437,48.89728469976633],[2.481782800162686,48.89727050040283],[2.481928400361677,48.89723930026646],[2.4819708994766043,48.89723050002752],[2.4819894997783205,48.89722710016388],[2.4820579995826644,48.89721179974892],[2.4821870002418125,48.8971843999234],[2.4822257003357326,48.89717589972403],[2.482182800668389,48.89710059961159],[2.482125500195962,48.89699720040217],[2.4819865001168515,48.89675200022407],[2.48191839976115,48.89663099967996],[2.481911899460197,48.89662000000638],[2.481874800605942,48.896553299734855],[2.481762299786924,48.89635529979223],[2.481667699745725,48.89618639965125],[2.481618699577249,48.89609930001562],[2.48159329994261,48.896054800221314]]]},"properties":{"idtup":"93010000AK0144","idcomtxt":"BONDY","source":"Copropriété immatriculée","nom_usage":"LES PARISIENNES DE BONDY"}},{"type":"Feature","geometry":{"type":"Polygon","coordinates":[[[2.4816928998221126,48.89793679988718],[2.4816725993388156,48.89794009971684],[2.4816194994068943,48.89795060041602],[2.481421699973581,48.8979897002854],[2.4813351996974604,48.898006499759674],[2.4812072005455272,48.89803169969536],[2.481030000194704,48.89806650043139],[2.48102480031652,48.89806789970213],[2.4808863997673,48.89809479977522],[2.480783600136584,48.89811479987699],[2.4808589003696375,48.89827670019311],[2.4809174005710766,48.898265000181745],[2.4809605993283848,48.89825590027142],[2.4810997997291584,48.89822830032279],[2.481116199787821,48.89822549989343],[2.4811721997035905,48.89821269986481],[2.481576499561841,48.89813179990718],[2.4817680003116327,48.89809340006904],[2.48173400037964,48.89802209981468],[2.481713300011054,48.89797869963209],[2.4816928998221126,48.89793679988718]]]},"properties":{"idtup":"93010000AK0145","idcomtxt":"BONDY","source":"Copropriété immatriculée","nom_usage":"SDC La Ferme des Moines"}},{"type":"Feature","geometry":{"type":"Polygon","coordinates":[[[2.481649300248384,48.89784659959204],[2.4815989000158525,48.89785679990794],[2.481577799738204,48.897860699694434],[2.481574900361463,48.89786119974843],[2.4813918002646056,48.89789749980746],[2.48117610044604,48.8979405002897],[2.4811583994316395,48.89790139999399],[2.4811454003039812,48.89787460009692],[2.4809987996753393,48.897900300173944],[2.480974999564985,48.89790519987434],[2.4809568993335978,48.897907799565374],[2.480839800159342,48.897928600177885],[2.4808119005812532,48.897933699707046],[2.4807086995464127,48.89795240030664],[2.480718299791073,48.897974099934046],[2.480783600136584,48.89811479987699],[2.4808863997673,48.89809479977522],[2.48102480031652,48.89806789970213],[2.481030000194704,48.89806650043139],[2.4812072005455272,48.89803169969536],[2.4813351996974604,48.898006499759674],[2.481421699973581,48.8979897002854],[2.4816194994068943,48.89795060041602],[2.4816725993388156,48.89794009971684],[2.4816928998221126,48.89793679988718],[2.481650399654944,48.89784919974938],[2.481649300248384,48.89784659959204]]]},"properties":{"idtup":"93010000AK0146","idcomtxt":"BONDY","source":"Copropriété immatriculée","nom_usage":"SDC Le Bonitiacum"}},{"type":"Feature","geometry":{"type":"Polygon","coordinates":[[[2.4817680003116327,48.89809340006904],[2.481576499561841,48.89813179990718],[2.4811721997035905,48.89821269986481],[2.481116199787821,48.89822549989343],[2.4810997997291584,48.89822830032279],[2.4809605993283848,48.89825590027142],[2.4809174005710766,48.898265000181745],[2.4808589003696375,48.89827670019311],[2.480937700531653,48.89844549979377],[2.4809969000652257,48.89843289987217],[2.4811942006507612,48.898391499923896],[2.481539799348587,48.898320300214664],[2.481846100369853,48.89825620038433],[2.4818031002812333,48.89816669972989],[2.4817945996012294,48.89814739980598],[2.4817680003116327,48.89809340006904]]]},"properties":{"idtup":"93010000AK0153","idcomtxt":"BONDY","source":"Copropriété immatriculée","nom_usage":"SDC 85/87 avenue Carnot"}},{"type":"Feature","geometry":{"type":"Polygon","coordinates":[[[2.4833115997983297,48.896352599975806],[2.483346400135264,48.89641069970409],[2.483356200585627,48.896428800082205],[2.483360200054188,48.89643550009125],[2.4834020998639676,48.89650789973922],[2.483482299822134,48.89648750043921],[2.4835030005069587,48.89648270018365],[2.483475099829338,48.8964310998837],[2.483460500457382,48.896402599907184],[2.48351210018151,48.89639009994875],[2.4838209994000877,48.89631320007734],[2.4837770993501187,48.89623670009233],[2.4837229993476075,48.896250200209046],[2.4836135993514055,48.89627730041374],[2.483578300494107,48.89628580044333],[2.483380999509724,48.89633470008455],[2.483326599600858,48.896348300349864],[2.4833115997983297,48.896352599975806]]]},"properties":{"idtup":"93010000AL0036","idcomtxt":"BONDY","source":"Copropriété non immatriculée","nom_usage":null}},{"type":"Feature","geometry":{"type":"Polygon","coordinates":[[[2.484022199889839,48.8970837996059],[2.4840242003346007,48.89708330011616],[2.4841202003200737,48.8970612004311],[2.4841871998910974,48.8970457997086],[2.484228599823031,48.89703610002377],[2.4841357999684948,48.896870699941545],[2.484124199939216,48.89687340005549],[2.484055199531823,48.89689059973195],[2.4836793994380955,48.89698240016866],[2.4835630995359756,48.897010399552464],[2.4836530004787347,48.8971694996107],[2.4837006996956643,48.897158400067504],[2.4837414002147535,48.897149100425644],[2.4837739002642523,48.89714119981685],[2.483823900331715,48.89712970005831],[2.484022199889839,48.8970837996059]]]},"properties":{"idtup":"93010000AL0043","idcomtxt":"BONDY","source":"Copropriété non immatriculée","nom_usage":null}},{"type":"Feature","geometry":{"type":"Polygon","coordinates":[[[2.484427899585894,48.89656780036566],[2.4843674002122067,48.89658180021435],[2.4842332006097068,48.89661300026006],[2.4841234999223567,48.896639700336245],[2.484167800492157,48.89671839979483],[2.484189800311909,48.89671339997503],[2.4843022998428794,48.8966863000088],[2.4843798005863147,48.89666740022397],[2.4844686995065763,48.8966461995653],[2.4844671006397463,48.896643199787576],[2.484427899585894,48.89656780036566]]]},"properties":{"idtup":"93010000AL0053","idcomtxt":"BONDY","source":"Copropriété non immatriculée","nom_usage":null}},{"type":"Feature","geometry":{"type":"Polygon","coordinates":[[[2.4837477995842447,48.895764699693544],[2.4836795998874277,48.895774600234496],[2.4836619000896847,48.89579879984716],[2.4836948994285106,48.89586039993935],[2.483684299869974,48.895863599844375],[2.4837092001333594,48.89590869957916],[2.48374540041157,48.89590279969756],[2.4837716006206243,48.89589810044204],[2.483815900216318,48.89588970030248],[2.4838123006171298,48.8958826998614],[2.483799699915066,48.895860199717454],[2.4837850003438087,48.89583299973337],[2.4837477995842447,48.895764699693544]]]},"properties":{"idtup":"93010000AL0060","idcomtxt":"BONDY","source":"Copropriété immatriculée","nom_usage":"COPROPRIETE DU 73 RUE EDOUARD VAILLANT A BONDY"}},{"type":"Feature","geometry":{"type":"Polygon","coordinates":[[[2.484097300097682,48.89594619963535],[2.4840827002725288,48.895918000089836],[2.4840733000423794,48.8959001002347],[2.4839844998889267,48.89573200027385],[2.4837477995842447,48.895764699693544],[2.4837850003438087,48.89583299973337],[2.483799699915066,48.895860199717454],[2.4838123006171298,48.8958826998614],[2.483815900216318,48.89588970030248],[2.483826900395972,48.89590909992577],[2.4838352002023285,48.89592489966981],[2.4838371996350053,48.895928900315944],[2.4838758001727927,48.8959987001],[2.484097300097682,48.89594619963535]]]},"properties":{"idtup":"93010000AL0061","idcomtxt":"BONDY","source":"Copropriété immatriculée","nom_usage":"SDC 75/77 rue Edouard Vaillant"}},{"type":"Feature","geometry":{"type":"Polygon","coordinates":[[[2.4847493999206507,48.89685199998751],[2.4847527995585184,48.896858000402794],[2.484772699754055,48.896853600274184],[2.484847200274729,48.89683700030013],[2.4848612995269086,48.89683370023693],[2.484960799758911,48.896811900012956],[2.484907799532433,48.89670869958571],[2.484818400592586,48.89672930037846],[2.4847664996582512,48.89674150013073],[2.484721299940731,48.89675190040162],[2.4847007003134256,48.896755999841716],[2.4847234993649048,48.89680019996796],[2.4847493999206507,48.89685199998751]]]},"properties":{"idtup":"93010000AL0072","idcomtxt":"BONDY","source":"Copropriété immatriculée","nom_usage":"SDC 23 rue Rouget de Lisle"}},{"type":"Feature","geometry":{"type":"Polygon","coordinates":[[[2.484686400285918,48.895634599557184],[2.4845499998201763,48.895653200188235],[2.484520600554358,48.89568759988669],[2.4845590001095306,48.89575890044221],[2.484597200536235,48.895830899785025],[2.4846392005922326,48.895913000301626],[2.4846957003061436,48.895899799672335],[2.4847612001064063,48.89588500009839],[2.4848004999287916,48.89587640002134],[2.484759100636866,48.89578870035416],[2.4847364995597574,48.895740800390946],[2.484732099912934,48.895731800070706],[2.4847016994224416,48.8956680998689],[2.484686400285918,48.895634599557184]]]},"properties":{"idtup":"93010000AL0084","idcomtxt":"BONDY","source":"Copropriété non immatriculée","nom_usage":null}},{"type":"Feature","geometry":{"type":"Polygon","coordinates":[[[2.4854192995063595,48.8961732996541],[2.4853757001910717,48.896087400183426],[2.485155400677666,48.89613720034776],[2.4851099997064474,48.89614759990334],[2.485133099657712,48.89619200001652],[2.4851535004886727,48.896231700428665],[2.485154599633096,48.896233099980165],[2.4852661998359666,48.89620809961701],[2.4852675006663874,48.89620799998911],[2.485367899592354,48.89618580039314],[2.4854192995063595,48.8961732996541]]]},"properties":{"idtup":"93010000AL0090","idcomtxt":"BONDY","source":"Copropriété non immatriculée","nom_usage":null}},{"type":"Feature","geometry":{"type":"Polygon","coordinates":[[[2.4850976002728014,48.897225899713085],[2.4851542005082723,48.89721770035548],[2.4852254995353626,48.89720819990424],[2.485164699857558,48.89708699975185],[2.4851614996658506,48.8970811000303],[2.4851433001479206,48.89704400001894],[2.485125300549711,48.8970070996098],[2.4850954003209407,48.89694909974803],[2.485094100148263,48.89694720021719],[2.4849956003457634,48.897102800157604],[2.485034700099445,48.89718360015335],[2.4850579996867537,48.89723129975339],[2.4850976002728014,48.897225899713085]]]},"properties":{"idtup":"93010000AL0104","idcomtxt":"BONDY","source":"Copropriété non immatriculée","nom_usage":null}},{"type":"Feature","geometry":{"type":"Polygon","coordinates":[[[2.486193599552588,48.89824769990517],[2.4863097993584997,48.8982220996097],[2.4863207999255335,48.89821990032674],[2.4864000003724467,48.8982027997608],[2.4864506001927653,48.89819179970243],[2.486407199798667,48.89810710040822],[2.4863826994585527,48.89811319965052],[2.4863578002918776,48.898118799861024],[2.48628950019216,48.89813350014453],[2.4862672005034936,48.89813830031233],[2.486197500570873,48.89815399996279],[2.4861507997485033,48.89816410025076],[2.486193599552588,48.89824769990517]]]},"properties":{"idtup":"93010000AL0178","idcomtxt":"BONDY","source":"Copropriété non immatriculée","nom_usage":null}},{"type":"Feature","geometry":{"type":"Polygon","coordinates":[[[2.4841197994334103,48.89598890037471],[2.484097300097682,48.89594619963535],[2.4838758001727927,48.8959987001],[2.483867699338458,48.89600080014439],[2.483821800507324,48.896011599957774],[2.483773800314145,48.896022899703794],[2.4838052004806217,48.89607840004728],[2.4838343995256214,48.89612920010251],[2.483872700375651,48.89619760015886],[2.4838860005378924,48.896221099735136],[2.483979199419226,48.8961988001252],[2.484149700524431,48.89615759994558],[2.4841586003997467,48.89615580009572],[2.484203000309117,48.89614499999368],[2.484201199729102,48.89614129968061],[2.484164800445298,48.89607270017805],[2.4841197994334103,48.89598890037471]]]},"properties":{"idtup":"93010000AL0201","idcomtxt":"BONDY","source":"Copropriété non immatriculée","nom_usage":null}},{"type":"Feature","geometry":{"type":"Polygon","coordinates":[[[2.4852178998717767,48.89578100044721],[2.4851959000540225,48.8957385997278],[2.485163799895252,48.89567500025669],[2.485050599771807,48.89569969957861],[2.484957399829406,48.8957199001376],[2.4849252000418782,48.8957271998282],[2.4848930006127246,48.89573460023417],[2.484917899805095,48.89578169977525],[2.4849258000129244,48.89579670003926],[2.4849501998929995,48.89584230007538],[2.4851250999043217,48.895802399833926],[2.4851525000388386,48.89579619999378],[2.4852178998717767,48.89578100044721]]]},"properties":{"idtup":"93010000AL0230","idcomtxt":"BONDY","source":"Copropriété immatriculée","nom_usage":"SYNDIC DU 58 RUE DE LA SOLIDARITE"}},{"type":"Feature","geometry":{"type":"Polygon","coordinates":[[[2.4859089997751505,48.89712929986084],[2.485888200431904,48.897088700394875],[2.485840300389975,48.8969951997526],[2.485794200399197,48.8970045003057],[2.485769700219077,48.89700979994356],[2.4857024997422457,48.89702059983228],[2.485675100069908,48.89702489956009],[2.4856539999188554,48.89702830005078],[2.4856116996291466,48.897033900016666],[2.4856335000287464,48.897106100083796],[2.485637200127767,48.897118699977526],[2.4856496006702993,48.897159499933416],[2.485712800321173,48.897152200083525],[2.485786700532742,48.89714350006018],[2.4858009995153796,48.89714179971243],[2.485884700180982,48.89713210030971],[2.4859089997751505,48.89712929986084]]]},"properties":{"idtup":"93010000AL0246","idcomtxt":"BONDY","source":"Copropriété non immatriculée","nom_usage":null}},{"type":"Feature","geometry":{"type":"Polygon","coordinates":[[[2.487049800473305,48.895664599974104],[2.4872095997182084,48.89563700019325],[2.4872765006027033,48.89562579977811],[2.48734369984537,48.89561380021866],[2.4873275997812057,48.89556339972178],[2.4873259001449375,48.89555760000233],[2.487269600096498,48.89538250018867],[2.4872607996621263,48.895354699964756],[2.4872379003034126,48.89528120037547],[2.4869421005950962,48.89532170005341],[2.4870412003902995,48.8956316997238],[2.487049800473305,48.895664599974104]]]},"properties":{"idtup":"93010000AM0037","idcomtxt":"BONDY","source":"Copropriété non immatriculée","nom_usage":null}},{"type":"Feature","geometry":{"type":"Polygon","coordinates":[[[2.487541799988062,48.89558060028228],[2.487531999502236,48.89555779955483],[2.487491700321639,48.89547720017504],[2.487486900435795,48.89546779984941],[2.487416699563214,48.89532310017275],[2.4873853999426223,48.89526119990624],[2.4872379003034126,48.89528120037547],[2.4872607996621263,48.895354699964756],[2.487269600096498,48.89538250018867],[2.4873259001449375,48.89555760000233],[2.4873275997812057,48.89556339972178],[2.48734369984537,48.89561380021866],[2.487472299571075,48.89559179961268],[2.487541799988062,48.89558060028228]]]},"properties":{"idtup":"93010000AM0038","idcomtxt":"BONDY","source":"Copropriété non immatriculée","nom_usage":null}},{"type":"Feature","geometry":{"type":"Polygon","coordinates":[[[2.4890339003487947,48.89613859958647],[2.489067800042664,48.89620530016619],[2.489075699386677,48.89622009959598],[2.489113999886974,48.89621209997783],[2.4892627002748577,48.896181399669906],[2.4893597006556187,48.8961612002864],[2.489414100380505,48.89614979968897],[2.4893732002597315,48.89606880004495],[2.4891577993386296,48.89611310039934],[2.48910870055769,48.89612359990607],[2.4890545999342737,48.896134400004584],[2.4890339003487947,48.89613859958647]]]},"properties":{"idtup":"93010000AM0055","idcomtxt":"BONDY","source":"Copropriété non immatriculée","nom_usage":null}},{"type":"Feature","geometry":{"type":"Polygon","coordinates":[[[2.489892200082391,48.89801599995773],[2.4898270002311205,48.89800160043205],[2.489710299746303,48.89797469962423],[2.489723100374294,48.898009399925385],[2.4897361005971614,48.898046700068335],[2.489746299838131,48.898072800010965],[2.48977530004583,48.8981534995659],[2.4899362999120638,48.89813679998487],[2.489899699463396,48.8980384003347],[2.489892200082391,48.89801599995773]]]},"properties":{"idtup":"93010000AM0065","idcomtxt":"BONDY","source":"Copropriété immatriculée","nom_usage":"134 RUE LOUIS AUGUSTE BLANQUI"}},{"type":"Feature","geometry":{"type":"Polygon","coordinates":[[[2.4879088005431007,48.89535069995569],[2.48786979979566,48.89527629977809],[2.4878323004289147,48.895200000368966],[2.4877518003688515,48.89521080029072],[2.487699100518196,48.89521820009406],[2.4877205993626337,48.895291600077684],[2.487735500248626,48.89528979955213],[2.487748499515245,48.895315200361615],[2.487754099349596,48.895327999887556],[2.487774800181951,48.89536939995382],[2.487777899655859,48.89537709959819],[2.4878104997505432,48.895370499615474],[2.48785560005559,48.895361700315405],[2.4879088005431007,48.89535069995569]]]},"properties":{"idtup":"93010000AM0102","idcomtxt":"BONDY","source":"Copropriété non immatriculée","nom_usage":null}},{"type":"Feature","geometry":{"type":"Polygon","coordinates":[[[2.4927683993643126,48.895275599882034],[2.4927235001701744,48.89520240028416],[2.4926864004850633,48.89519200000895],[2.492616000539499,48.89520749990096],[2.4925915995250114,48.895213000103794],[2.49256440051607,48.89521869978323],[2.492611900053617,48.89531000003649],[2.492642100331526,48.8953034002642],[2.4926689999063494,48.895297499652536],[2.4927683993643126,48.895275599882034]]]},"properties":{"idtup":"93010000AN0034","idcomtxt":"BONDY","source":"Copropriété immatriculée","nom_usage":"pavillon"}},{"type":"Feature","geometry":{"type":"Polygon","coordinates":[[[2.491918099820664,48.89783849955616],[2.49195170052028,48.89783220037191],[2.4919724993325003,48.897828499826005],[2.492034800078073,48.89781629970831],[2.4920079001776525,48.89777819982853],[2.4919749998292384,48.897733700207034],[2.491924900434212,48.89766479958463],[2.4919142003883645,48.8976497996305],[2.491861299591536,48.89757669992139],[2.49183060012898,48.89753550015033],[2.49177010018415,48.897555100102075],[2.4917310998736033,48.897567800064],[2.4917247995781096,48.89756990018428],[2.4917870999222616,48.89765720031561],[2.4918174997096503,48.89769989976321],[2.4918368000615025,48.897726600216295],[2.4918495996364283,48.89774379979395],[2.491882299536536,48.89779009990922],[2.491911899432144,48.89783050000537],[2.491918099820664,48.89783849955616]]]},"properties":{"idtup":"93010000AN0101","idcomtxt":"BONDY","source":"Copropriété immatriculée","nom_usage":"SDC 152 rue Auguste Blanqui a BONDY"}},{"type":"Feature","geometry":{"type":"Polygon","coordinates":[[[2.4913249002628204,48.896136399884206],[2.491226099360804,48.89616800002112],[2.491137500209393,48.896196299800145],[2.491086400447469,48.89621270006197],[2.4911216003386305,48.89626079980245],[2.491159300169038,48.89631059995039],[2.491173400667384,48.89630599965117],[2.4912773993699253,48.89627180015989],[2.4913208995206237,48.89625759961846],[2.4913658002293726,48.89624300032137],[2.49139679980925,48.89623270001411],[2.4913249002628204,48.896136399884206]]]},"properties":{"idtup":"93010000AN0119","idcomtxt":"BONDY","source":"Copropriété non immatriculée","nom_usage":null}},{"type":"Feature","geometry":{"type":"Polygon","coordinates":[[[2.491183499913216,48.89594560017894],[2.491186299373912,48.89594999979427],[2.491212899496417,48.89598539983353],[2.4912526995712216,48.896039399660395],[2.4913249002628204,48.896136399884206],[2.49139679980925,48.89623270001411],[2.491399699478178,48.89623619984214],[2.491425600591016,48.89627099971511],[2.491457900600239,48.89631439984889],[2.491470099590338,48.89633020031694],[2.491519499387445,48.89639750018252],[2.4915412995771127,48.896426400245055],[2.4916176998738053,48.89652909990511],[2.4916317004948114,48.896547999818544],[2.491685800613502,48.896620499560505],[2.491723900292246,48.896670499954936],[2.491830299601195,48.89681449973021],[2.491847399638319,48.89683630043819],[2.4918754998403534,48.8968728002197],[2.4919741997572307,48.89684200041727],[2.4920743005564816,48.896810899811015],[2.4921187999350636,48.89679719964105],[2.4921796994709036,48.89677820013651],[2.4923031998729575,48.896739999607455],[2.492451399367737,48.89669389979922],[2.4926697998080174,48.89662700037769],[2.4927872004379736,48.89659000016144],[2.4928515004245098,48.89657010012054],[2.4928862994971115,48.896559700409725],[2.49316179941396,48.8964745997725],[2.493171000249832,48.89647100011577],[2.4931944996220214,48.89646429990515],[2.4932910000671504,48.89643439980326],[2.493438599609327,48.89638810018055],[2.4933734004757455,48.89629020010834],[2.493320999631019,48.89620209993049],[2.493176900346598,48.89595880043424],[2.493056799751205,48.895757500134145],[2.492967699740404,48.89560870031133],[2.492909199765485,48.895510199655874],[2.4927719994979345,48.895545299556396],[2.4926385997369596,48.89557920043602],[2.492468600515956,48.89562200029262],[2.492219499523661,48.89568410001747],[2.491789600590966,48.89579250007196],[2.4915999996401434,48.8958400996476],[2.4914341002872153,48.89588190011948],[2.4913551004205936,48.89590189975145],[2.4912201998414276,48.89593579986789],[2.491183499913216,48.89594560017894]]]},"properties":{"idtup":"93010000AN0132","idcomtxt":"BONDY","source":"Copropriété immatriculée","nom_usage":"JARDINS DE JORELLE"}},{"type":"Feature","geometry":{"type":"Polygon","coordinates":[[[2.4926348000057237,48.897167300297404],[2.4925396999876606,48.89719790005639],[2.492396799943848,48.897244099760506],[2.4924072997319695,48.89725880025837],[2.492474000257732,48.89734800005213],[2.4925785999481636,48.89731299982393],[2.4927118993609327,48.897269000310516],[2.4927112006218266,48.89726819966609],[2.492707400579241,48.897263300336434],[2.4926835006307213,48.897231699993924],[2.4926770005147865,48.89722310027084],[2.492664700209409,48.89720700004281],[2.4926597004693405,48.897200500259686],[2.4926348000057237,48.897167300297404]]]},"properties":{"idtup":"93010000AN0138","idcomtxt":"BONDY","source":"Copropriété non immatriculée","nom_usage":null}},{"type":"Feature","geometry":{"type":"Polygon","coordinates":[[[2.493438599609327,48.89638810018055],[2.4932910000671504,48.89643439980326],[2.4931944996220214,48.89646429990515],[2.493171000249832,48.89647100011577],[2.49316179941396,48.8964745997725],[2.493227300294838,48.89656040014834],[2.4932612995480348,48.89660539963994],[2.4932852995159682,48.896636399571236],[2.493316500033911,48.89662659963612],[2.4933943996549077,48.89660139967184],[2.4934384004611085,48.89658799996845],[2.493506100124746,48.896565899863795],[2.4935587003951336,48.89654929988002],[2.4935042994319847,48.89647690044013],[2.493438599609327,48.89638810018055]]]},"properties":{"idtup":"93010000AN0165","idcomtxt":"BONDY","source":"Copropriété non immatriculée","nom_usage":null}},{"type":"Feature","geometry":{"type":"Polygon","coordinates":[[[2.4928326005070396,48.89545820016113],[2.4927409005111874,48.89548089970544],[2.4926775996509547,48.89549609965502],[2.4926002003520633,48.89551530021231],[2.4924715001059985,48.89554729989699],[2.4924258998452387,48.89555890015579],[2.492386100584637,48.895568800113914],[2.4923443995915044,48.895579299929295],[2.492341799924339,48.895580000261496],[2.492281900088593,48.89559510020665],[2.4922097999930717,48.895612699727],[2.492164599641023,48.89562439960637],[2.4921232001781433,48.89563460025444],[2.4920820994062125,48.89564480035635],[2.4920789995610626,48.895645600183265],[2.4920547999535954,48.89565139969998],[2.491947599820926,48.89567770026797],[2.491885900136588,48.8956930001191],[2.4917547998397476,48.895724999640635],[2.491657499501559,48.89574900016548],[2.4914043005795694,48.895812400083514],[2.491315300329338,48.895834500269125],[2.4913551004205936,48.89590189975145],[2.4914341002872153,48.89588190011948],[2.4915999996401434,48.8958400996476],[2.491789600590966,48.89579250007196],[2.492219499523661,48.89568410001747],[2.492468600515956,48.89562200029262],[2.4926385997369596,48.89557920043602],[2.4927719994979345,48.895545299556396],[2.492909199765485,48.895510199655874],[2.492872299833029,48.89544790033848],[2.4928326005070396,48.89545820016113]]]},"properties":{"idtup":"93010000AN0222","idcomtxt":"BONDY","source":"Copropriété non immatriculée","nom_usage":null}},{"type":"Feature","geometry":{"type":"MultiPolygon","coordinates":[[[[2.4910163995147174,48.89477209986369],[2.4910263005918805,48.894805400170036],[2.4910683002119285,48.894940400280284],[2.4910830006260514,48.89499089955938],[2.4914345996655927,48.89494120009005],[2.4914371002989917,48.89494910034108],[2.4916330997510725,48.894921400175555],[2.491664899533404,48.894991100254536],[2.4917635004828904,48.89497329966808],[2.491791800121431,48.89496830000548],[2.4918983997780644,48.89494999996219],[2.491944999911754,48.894941000444405],[2.492031199509101,48.89492589980738],[2.492164500249738,48.894902299846635],[2.4923337997818824,48.89486529977342],[2.4925005004183,48.894829599638534],[2.4924475004329003,48.89474240021444],[2.4923669001462496,48.894608799955876],[2.4923051000740215,48.89458949961113],[2.4914107996220096,48.89471469992788],[2.491139000285716,48.89475339996111],[2.4911392005546245,48.89475439994381],[2.4910163995147174,48.89477209986369]]],[[[2.490920899998167,48.894916300026324],[2.490913800665586,48.894893299712685],[2.4908997000353423,48.89489530008465],[2.490907100404822,48.894918200056985],[2.490920899998167,48.894916300026324]]]]},"properties":{"idtup":"93010000AN0245","idcomtxt":"BONDY","source":"Copropriété non immatriculée","nom_usage":null}},{"type":"Feature","geometry":{"type":"Polygon","coordinates":[[[2.4936890994878693,48.894878999976065],[2.49367029984063,48.894843600162396],[2.4936333001326574,48.89477090012146],[2.493593199724558,48.89478239997972],[2.493586200350219,48.89478419957426],[2.493545599576943,48.89479750041368],[2.493473899517069,48.894818300333306],[2.493402100248257,48.89484130039744],[2.493419099801225,48.89486599986481],[2.4934517004921033,48.8949118001393],[2.4934879001588124,48.89492329982475],[2.4936890994878693,48.894878999976065]]]},"properties":{"idtup":"93010000AO0023","idcomtxt":"BONDY","source":"Copropriété immatriculée","nom_usage":"SDC 18 RUE DU LEVANT"}},{"type":"Feature","geometry":{"type":"Polygon","coordinates":[[[2.4959864004409673,48.895002300248244],[2.4959684998103144,48.8949708003918],[2.495949100622612,48.894935599867125],[2.4959082006269693,48.894922099967346],[2.495837599457167,48.89493879968198],[2.495787399422319,48.89495060038875],[2.4957939997126095,48.89496240011939],[2.4958341002342856,48.89503860003712],[2.4959317995069323,48.89501559962527],[2.495945099831144,48.89501199992098],[2.4959864004409673,48.895002300248244]]]},"properties":{"idtup":"93010000AO0071","idcomtxt":"BONDY","source":"Copropriété non immatriculée","nom_usage":null}},{"type":"Feature","geometry":{"type":"Polygon","coordinates":[[[2.4957327005463537,48.8963331999956],[2.495647099458197,48.896355100066465],[2.4955906999656827,48.89636960037176],[2.4956634002905087,48.89649629962344],[2.4957200995052116,48.89659449986019],[2.4957445994902185,48.89663809978428],[2.495782300677747,48.89665049988317],[2.4959208003583893,48.89661990036656],[2.4958926996052746,48.89657669990195],[2.495875300006898,48.89655130038631],[2.4958419002138834,48.89649909982164],[2.4957931995539235,48.89642549967313],[2.495762799571259,48.89637890000196],[2.495756799414321,48.89636989965659],[2.4957327005463537,48.8963331999956]]]},"properties":{"idtup":"93010000AO0093","idcomtxt":"BONDY","source":"Copropriété non immatriculée","nom_usage":null}},{"type":"Feature","geometry":{"type":"Polygon","coordinates":[[[2.4956636005995736,48.895348799796054],[2.495549500254736,48.895377900150336],[2.4954663998811135,48.89539819997866],[2.495345400418922,48.89542829987973],[2.4953133005309387,48.89543629974275],[2.495212800533944,48.89546150013698],[2.4951226997145803,48.89548410032441],[2.495084299462063,48.895494099704194],[2.4951310999752105,48.895574699604936],[2.4952126006519038,48.895554000270565],[2.495325499584615,48.89552550041059],[2.495438700398671,48.89549680027095],[2.4956641003432942,48.89543970031683],[2.4956657995850886,48.89543930008659],[2.495710000442867,48.89542860010489],[2.495689700628929,48.895392599873155],[2.4956636005995736,48.895348799796054]]]},"properties":{"idtup":"93010000AO0103","idcomtxt":"BONDY","source":"Copropriété non immatriculée","nom_usage":null}},{"type":"Feature","geometry":{"type":"Polygon","coordinates":[[[2.494506900262396,48.895815300371346],[2.4945572000475074,48.89588999960225],[2.4946047998286676,48.89587810031071],[2.494630799636738,48.8958716001226],[2.494684199393069,48.89585810022657],[2.494770800452349,48.89583669967345],[2.494823600209997,48.89582360007355],[2.494954299360796,48.89579059997745],[2.4949564997548848,48.89579000042597],[2.495126700099349,48.89574740024266],[2.4950822996949773,48.895669500301395],[2.495008500261942,48.89568830030844],[2.4949334005490127,48.895707000358826],[2.4949280993846847,48.895708499629556],[2.494867499485266,48.895723700432185],[2.4947536996747135,48.895752199654574],[2.4945566002298474,48.89580230021792],[2.4945421998790054,48.89580579979723],[2.494506900262396,48.895815300371346]]]},"properties":{"idtup":"93010000AO0115","idcomtxt":"BONDY","source":"Copropriété immatriculée","nom_usage":"SDC 20 rue du Progrès"}},{"type":"Feature","geometry":{"type":"Polygon","coordinates":[[[2.495213799922852,48.89688839969893],[2.4951769999167404,48.89683440040709],[2.4951308999048347,48.896763300252125],[2.4950729004619703,48.896675500142386],[2.494908700465647,48.89672380015752],[2.494932199742774,48.89675519962938],[2.4949477993341946,48.89677699985771],[2.4949628005191387,48.89679820042045],[2.49498209951195,48.896827000258135],[2.495038199965441,48.896906400065234],[2.495046299545636,48.89691860003356],[2.4950771005951338,48.89696080035062],[2.4951099997350803,48.89694320023468],[2.4951590995112767,48.896917500003475],[2.495213799922852,48.89688839969893]]]},"properties":{"idtup":"93010000AO0128","idcomtxt":"BONDY","source":"Copropriété non immatriculée","nom_usage":null}},{"type":"Feature","geometry":{"type":"Polygon","coordinates":[[[2.4939927993475357,48.89636730031706],[2.494113500535986,48.89632889993274],[2.4942211998646586,48.8962942000217],[2.4942741000693194,48.896277000251345],[2.494222500518245,48.896203700156065],[2.494168499474014,48.89622120011995],[2.4940592001391453,48.89625550022872],[2.493981799954352,48.896279500366674],[2.493944499835134,48.896291299941645],[2.493941200257121,48.89629230041707],[2.493958899880818,48.896318300430295],[2.4939927993475357,48.89636730031706]]]},"properties":{"idtup":"93010000AO0172","idcomtxt":"BONDY","source":"Copropriété immatriculée","nom_usage":"10 ALLEE RACINE"}},{"type":"Feature","geometry":{"type":"Polygon","coordinates":[[[2.493804700141045,48.89610150030169],[2.493783700415475,48.89607110038926],[2.4937672998731313,48.89604730014457],[2.493751699430245,48.89602509954965],[2.4937481002906647,48.89602099968159],[2.4937203001170567,48.89602929967444],[2.493648399650829,48.89604809967487],[2.4936136004656624,48.89605729993359],[2.493599700153173,48.89606069989197],[2.4934779997366125,48.896092900213326],[2.4934169003550575,48.89610859998109],[2.4934649003162415,48.89619160042489],[2.4936216995176927,48.89614999969045],[2.4936405996698365,48.89614510014167],[2.493804700141045,48.89610150030169]]]},"properties":{"idtup":"93010000AO0191","idcomtxt":"BONDY","source":"Copropriété non immatriculée","nom_usage":null}},{"type":"Feature","geometry":{"type":"Polygon","coordinates":[[[2.4954887999748565,48.896857900221235],[2.4955209000460847,48.89691500020977],[2.4955429994601714,48.89695550003358],[2.4955929000305543,48.897044499626126],[2.4956356005944795,48.8971239002498],[2.4957134004302497,48.897105300176776],[2.49581779947599,48.897080599629454],[2.4957138995185866,48.89690930027248],[2.4956361996401126,48.89678019958261],[2.4954887999748565,48.896857900221235]]]},"properties":{"idtup":"93010000AO0224","idcomtxt":"BONDY","source":"Copropriété immatriculée","nom_usage":"183 rue Louis Auguste Blanqui"}},{"type":"Feature","geometry":{"type":"Polygon","coordinates":[[[2.49581779947599,48.897080599629454],[2.4957134004302497,48.897105300176776],[2.495744100595224,48.89716079972638],[2.495758300618923,48.897185899795524],[2.495709100000109,48.897198499649],[2.495680899830719,48.89720609964419],[2.4955113001050586,48.897250599743174],[2.495515799905918,48.89725890040821],[2.495567800470217,48.89735149976045],[2.4956729002499607,48.89732450007069],[2.495758800662199,48.89730270017806],[2.4958272997941298,48.897284800102604],[2.4959262997301326,48.8972598995707],[2.49589109987187,48.89720309962219],[2.4958684006261462,48.89716450028017],[2.49581779947599,48.897080599629454]]]},"properties":{"idtup":"93010000AO0257","idcomtxt":"BONDY","source":"Copropriété non immatriculée","nom_usage":null}},{"type":"Feature","geometry":{"type":"Polygon","coordinates":[[[2.495621799934173,48.89527760002762],[2.4956636005995736,48.895348799796054],[2.495689700628929,48.895392599873155],[2.495710000442867,48.89542860010489],[2.495714999676343,48.895436300343796],[2.4957546994166084,48.89542660030709],[2.49587549936837,48.89539750008292],[2.496207700608924,48.895317999937795],[2.496179599508014,48.895268400012284],[2.4961634006589404,48.89527300016782],[2.496023199879898,48.89530810015809],[2.4960075997321307,48.89531199955344],[2.4959475003900513,48.89532699976787],[2.4959252002390526,48.89532150016636],[2.495866999794907,48.895217299702566],[2.4956935004905794,48.895259399631705],[2.495621799934173,48.89527760002762]]]},"properties":{"idtup":"93010000AO0259","idcomtxt":"BONDY","source":"Copropriété immatriculée","nom_usage":"SYNDIC IDEAL"}},{"type":"Feature","geometry":{"type":"Polygon","coordinates":[[[2.496511399552433,48.894317600005266],[2.4965042995666082,48.89429159992479],[2.496487999981479,48.8942366996559],[2.496442900605603,48.89408249983427],[2.496423599529827,48.89401529966987],[2.496294399840499,48.89403399970629],[2.4962481005323487,48.8940396999214],[2.4962297003976888,48.89405659966731],[2.496347399730129,48.89426420010924],[2.4963875004083382,48.894335899750374],[2.496511399552433,48.894317600005266]]]},"properties":{"idtup":"93010000AP0135","idcomtxt":"BONDY","source":"Copropriété immatriculée","nom_usage":"41 ESPERANCE"}},{"type":"Feature","geometry":{"type":"Polygon","coordinates":[[[2.4971146002668965,48.895560700106195],[2.497274800559196,48.89559620019188],[2.4973289994393917,48.895607900163846],[2.4973501001950873,48.8956447002535],[2.497405700001583,48.89563109956311],[2.497426899759818,48.895626000428436],[2.4974416995009494,48.89562250038008],[2.4975177996375884,48.8956032004214],[2.497530800570349,48.89560010020073],[2.4975914997245483,48.89558540028246],[2.4976111001274384,48.89558010015499],[2.4975800993790234,48.895526099791965],[2.4975627997526697,48.895497500283525],[2.4975475994968934,48.89547170013088],[2.497536999861878,48.89545310024838],[2.4973724004028264,48.8954950996472],[2.497198499398697,48.895538999572906],[2.4971146002668965,48.895560700106195]]]},"properties":{"idtup":"93010000AP0157","idcomtxt":"BONDY","source":"Copropriété immatriculée","nom_usage":"9 11 avenue de l'Espérance BONDY"}},{"type":"Feature","geometry":{"type":"Polygon","coordinates":[[[2.497700099631811,48.89384489982688],[2.497693599755028,48.893828599571385],[2.4976204996503757,48.89383890027459],[2.497492699665668,48.893856100233755],[2.497495300229658,48.89386490009052],[2.4971840996797723,48.89390890010416],[2.4969696997946564,48.89393859957161],[2.497035400663906,48.894149999924515],[2.4970523000035145,48.89420570032648],[2.497062799668706,48.89423869958208],[2.497133900453563,48.89422930002559],[2.4971815004664815,48.894222100387054],[2.4972819993691253,48.894207400446014],[2.4973138002107342,48.894202999626614],[2.4974489003203875,48.89418400040284],[2.4975417005755527,48.894170499988576],[2.4975871004131696,48.894164299981526],[2.4976096997457997,48.894235299868136],[2.497693399687747,48.894223399698625],[2.4977134995930372,48.89428460010558],[2.4977355993322496,48.894350999700805],[2.4977425993371978,48.894372300399034],[2.4978597003707077,48.89435570011906],[2.497828100392324,48.894259800266965],[2.4977854993339577,48.89412120006103],[2.497700099631811,48.89384489982688]]]},"properties":{"idtup":"93010000AP0179","idcomtxt":"BONDY","source":"Copropriété immatriculée","nom_usage":"251 A 255 ED. VAILLANT - BONDY"}},{"type":"Feature","geometry":{"type":"Polygon","coordinates":[[[2.494648300281413,48.89415209995258],[2.4947648993395495,48.89413570022162],[2.494782300554861,48.89411160021717],[2.494718699664644,48.89399309975363],[2.4947039000162414,48.893996899838974],[2.494666600226246,48.89400590010888],[2.494633299677829,48.89401290009461],[2.49457870058404,48.89402579957848],[2.4945950000487693,48.894053100339626],[2.494648300281413,48.89415209995258]]]},"properties":{"idtup":"93010000AQ0079","idcomtxt":"BONDY","source":"Copropriété immatriculée","nom_usage":"SDC 200 RUE EDOUARD VAILLANT"}},{"type":"Feature","geometry":{"type":"Polygon","coordinates":[[[2.495420999520867,48.894044700069024],[2.4955315001663303,48.894028999638415],[2.4955533005461286,48.89400549990577],[2.4954636000353343,48.89384209980932],[2.495430100068668,48.89385069994644],[2.495332000119801,48.893875700138175],[2.495352299738698,48.893916699740984],[2.495394399634772,48.89399290021654],[2.495403500516471,48.89400869985036],[2.495420999520867,48.894044700069024]]]},"properties":{"idtup":"93010000AQ0102","idcomtxt":"BONDY","source":"Copropriété non immatriculée","nom_usage":null}},{"type":"Feature","geometry":{"type":"Polygon","coordinates":[[[2.495464499611541,48.89312759974735],[2.495399799521986,48.893009899791544],[2.495370399959173,48.892957699583484],[2.495342999546464,48.892906800098416],[2.4952924994288743,48.89291190038947],[2.4952616000809686,48.89291510029874],[2.495208400074342,48.89292000031947],[2.4952508998740663,48.89300310030942],[2.495271200139078,48.893041599882444],[2.4953131998196607,48.89312130014102],[2.4953329003934117,48.8931585003674],[2.49534959977522,48.89315370008248],[2.4954006002703117,48.893140900189664],[2.4954017997929046,48.893142800089194],[2.4954595998692617,48.89312880036589],[2.495464499611541,48.89312759974735]]]},"properties":{"idtup":"93010000AQ0114","idcomtxt":"BONDY","source":"Copropriété immatriculée","nom_usage":"20 Avenue des Sciences"}},{"type":"Feature","geometry":{"type":"Polygon","coordinates":[[[2.4955581001360123,48.893301499632386],[2.4955798002530676,48.893296199680854],[2.495641700211692,48.89328150039115],[2.4960533993697207,48.89318169981963],[2.4960051999085846,48.8930954996083],[2.4958669997461245,48.89312909973924],[2.4957558998519715,48.893155200272865],[2.4957421999767884,48.89315870025315],[2.495723800600235,48.893162300050285],[2.495637399605902,48.893183399999025],[2.495586599972597,48.893195600099546],[2.4955301995486834,48.89320899964517],[2.4955108996208972,48.893213199951795],[2.4955101993779705,48.893213400245706],[2.4955205005836576,48.893233400217426],[2.4955415999327015,48.89327110001836],[2.4955581001360123,48.893301499632386]]]},"properties":{"idtup":"93010000AQ0119","idcomtxt":"BONDY","source":"Copropriété immatriculée","nom_usage":"10 avenue des sciences et 15 allée des alouettes"}},{"type":"Feature","geometry":{"type":"Polygon","coordinates":[[[2.4967856002690416,48.8932997996543],[2.4967574005489044,48.89330660043646],[2.496666500478952,48.89332980009044],[2.496517899985151,48.893366000321315],[2.4964565003670955,48.89338130020667],[2.4963472998242215,48.89340869977927],[2.496291500352512,48.89342370028092],[2.49633029964094,48.89349380005015],[2.4963434005665333,48.89351499970716],[2.49640860061605,48.89349809980436],[2.496612999349346,48.89344580012587],[2.4968339006424647,48.89338940024125],[2.4967856002690416,48.8932997996543]]]},"properties":{"idtup":"93010000AQ0133","idcomtxt":"BONDY","source":"Copropriété immatriculée","nom_usage":"SDC DU 5 ALLEE DES ALOUETTES"}},{"type":"Feature","geometry":{"type":"Polygon","coordinates":[[[2.496190999932289,48.89305150032523],[2.49618030025496,48.89302839971176],[2.4961536996056677,48.892956500408815],[2.4961406993270048,48.892921399615],[2.496115200440941,48.8928532001952],[2.4961056003755573,48.89283119955671],[2.4959982998335284,48.89284219981],[2.495977199754484,48.89286500023238],[2.495981299608765,48.89287259956815],[2.4960311005737483,48.89296169962653],[2.49608119964491,48.89305130002744],[2.496095200293549,48.89307519963701],[2.496155500380842,48.893059899804015],[2.496190999932289,48.89305150032523]]]},"properties":{"idtup":"93010000AQ0138","idcomtxt":"BONDY","source":"Copropriété non immatriculée","nom_usage":null}},{"type":"Feature","geometry":{"type":"Polygon","coordinates":[[[2.4966167996349524,48.89299799962628],[2.4966773995644123,48.89298579981144],[2.4967996004662143,48.892962100361736],[2.4967520995960175,48.89284980001291],[2.4967498997378934,48.892840199630854],[2.49673250063971,48.89276940030176],[2.4965531993523964,48.89278689991516],[2.496560400195121,48.89281979995687],[2.4965749999133515,48.89288359990465],[2.4965822994336175,48.89290940030776],[2.496592400521827,48.8929561996741],[2.496610999801391,48.89298890031365],[2.4966167996349524,48.89299799962628]]]},"properties":{"idtup":"93010000AQ0141","idcomtxt":"BONDY","source":"Copropriété immatriculée","nom_usage":"SDC4 AVENUE DES SCIENCES"}},{"type":"Feature","geometry":{"type":"Polygon","coordinates":[[[2.4969901994532147,48.89292410041214],[2.4969501006431907,48.89283840043526],[2.49691770024831,48.892768299830394],[2.496880799578026,48.89275489976803],[2.4967743994543596,48.89276520033967],[2.49673250063971,48.89276940030176],[2.4967498997378934,48.892840199630854],[2.4967520995960175,48.89284980001291],[2.4967996004662143,48.892962100361736],[2.4969374994607825,48.89293499989662],[2.4969901994532147,48.89292410041214]]]},"properties":{"idtup":"93010000AQ0142","idcomtxt":"BONDY","source":"Copropriété immatriculée","nom_usage":"2 AVENUE DES SCIENCES"}},{"type":"Feature","geometry":{"type":"Polygon","coordinates":[[[2.497594200511433,48.89314469963404],[2.4975745997647674,48.8931025000448],[2.4975708996835295,48.89309499956894],[2.4974239002127336,48.89312570027318],[2.497394400455202,48.89313169986084],[2.497290100038825,48.893153299632026],[2.497242800510403,48.89316309958208],[2.4972676999182695,48.893215300204865],[2.497282200315658,48.893248100432714],[2.4973589005808043,48.8932324003039],[2.497420500158279,48.893220500183844],[2.4975738004744144,48.893190700049864],[2.497612099809553,48.89318330023901],[2.4976021996249202,48.89316180028553],[2.497594200511433,48.89314469963404]]]},"properties":{"idtup":"93010000AQ0154","idcomtxt":"BONDY","source":"Copropriété non immatriculée","nom_usage":null}},{"type":"Feature","geometry":{"type":"Polygon","coordinates":[[[2.4979638995286586,48.893019200180866],[2.4979316997742234,48.89295769990627],[2.497782900047608,48.89299270029761],[2.49774859989551,48.89299980037998],[2.4976751006607936,48.89301709966991],[2.497616400591482,48.89303129992919],[2.4975480995624593,48.89304670002383],[2.4975708996835295,48.89309499956894],[2.4975745997647674,48.8931025000448],[2.497594200511433,48.89314469963404],[2.4976021996249202,48.89316180028553],[2.497612099809553,48.89318330023901],[2.4976340002283344,48.893230999749036],[2.4976575998139037,48.893221899714725],[2.4978347997001817,48.89316220034219],[2.4980100000883314,48.893101899679245],[2.49799949938837,48.893087499985484],[2.4979638995286586,48.893019200180866]]]},"properties":{"idtup":"93010000AQ0163","idcomtxt":"BONDY","source":"Copropriété immatriculée","nom_usage":"64 AVENUE ANATOLE FRANCE"}},{"type":"Feature","geometry":{"type":"Polygon","coordinates":[[[2.4979316997742234,48.89295769990627],[2.4978761006648833,48.8928501998486],[2.4977906999196158,48.89287039994062],[2.4977021001165873,48.89289110005876],[2.4974973003555743,48.89293879995805],[2.497531299484201,48.89301080014607],[2.4975420993693147,48.89303219956373],[2.497542699813541,48.893038099754214],[2.4975480995624593,48.89304670002383],[2.497616400591482,48.89303129992919],[2.4976751006607936,48.89301709966991],[2.49774859989551,48.89299980037998],[2.497782900047608,48.89299270029761],[2.4979316997742234,48.89295769990627]]]},"properties":{"idtup":"93010000AQ0165","idcomtxt":"BONDY","source":"Copropriété immatriculée","nom_usage":"66 avenue Anatole France 93140 BONDY"}},{"type":"Feature","geometry":{"type":"Polygon","coordinates":[[[2.4974973003555743,48.89293879995805],[2.4977021001165873,48.89289110005876],[2.4977906999196158,48.89287039994062],[2.4978761006648833,48.8928501998486],[2.4978219995069577,48.89274479962823],[2.497690200137776,48.89277449962333],[2.4976774006386218,48.89277800000474],[2.497560299608562,48.892803300036846],[2.4975098002216636,48.89281500039898],[2.4974449996819685,48.89283020019034],[2.4974884995574773,48.89291970036385],[2.4974973003555743,48.89293879995805]]]},"properties":{"idtup":"93010000AQ0166","idcomtxt":"BONDY","source":"Copropriété non immatriculée","nom_usage":null}},{"type":"Feature","geometry":{"type":"Polygon","coordinates":[[[2.4974449996819685,48.89283020019034],[2.4975098002216636,48.89281500039898],[2.497560299608562,48.892803300036846],[2.4975229005413295,48.89273199962862],[2.497515699583687,48.892719399761596],[2.4974711994702643,48.892633499817094],[2.497167500558183,48.89270180005869],[2.497206900078043,48.892772799618776],[2.497239899724506,48.89283300036141],[2.497259099558233,48.892871200003896],[2.4972665003250856,48.89286959972638],[2.4974449996819685,48.89283020019034]]]},"properties":{"idtup":"93010000AQ0168","idcomtxt":"BONDY","source":"Copropriété non immatriculée","nom_usage":null}},{"type":"Feature","geometry":{"type":"Polygon","coordinates":[[[2.4960395000097786,48.89241039960855],[2.4960656994236996,48.8925254003128],[2.4960791997984866,48.892583500385214],[2.4960979997370596,48.892668700073024],[2.496115899704864,48.89274049984602],[2.4962645003201,48.89272570007542],[2.4962413000747254,48.8926283996808],[2.496220899801177,48.89254140005686],[2.4961863006515235,48.89239349966478],[2.4960395000097786,48.89241039960855]]]},"properties":{"idtup":"93010000AQ0177","idcomtxt":"BONDY","source":"Copropriété immatriculée","nom_usage":"13 et 13 bis avenue des sciences 93140 BONDY"}},{"type":"Feature","geometry":{"type":"Polygon","coordinates":[[[2.4958787995996823,48.89242919955514],[2.495895199730854,48.89250119990572],[2.4959333995073614,48.8926848001409],[2.4959508003012147,48.892756999828705],[2.496115899704864,48.89274049984602],[2.4960979997370596,48.892668700073024],[2.4960791997984866,48.892583500385214],[2.4960656994236996,48.8925254003128],[2.4960395000097786,48.89241039960855],[2.4958787995996823,48.89242919955514]]]},"properties":{"idtup":"93010000AQ0178","idcomtxt":"BONDY","source":"Copropriété immatriculée","nom_usage":"SDC 15 AV DES SCIENCES"}},{"type":"Feature","geometry":{"type":"Polygon","coordinates":[[[2.4950044000739444,48.89353449988828],[2.4950381993850113,48.89352609987789],[2.4950432996565675,48.893524900122394],[2.495074899685986,48.89351840006137],[2.495179999516994,48.89349399974506],[2.495251699771317,48.893477000170236],[2.495265799380664,48.89347350013285],[2.4951994999135803,48.89334830031945],[2.4951283998305076,48.89336319980946],[2.4951224004147914,48.89336500011372],[2.4950684997833754,48.89337670039332],[2.4950390999875722,48.893383600031235],[2.4949879003689404,48.8933951003263],[2.4949648993760563,48.89339980024081],[2.494936100265875,48.89340719970477],[2.494927600133761,48.89339149968485],[2.4948939999870956,48.893399199942884],[2.494836699967372,48.893412500039844],[2.494891000080099,48.89351539962888],[2.4949815003252565,48.893492900197565],[2.4950044000739444,48.89353449988828]]]},"properties":{"idtup":"93010000AQ0220","idcomtxt":"BONDY","source":"Copropriété non immatriculée","nom_usage":null}},{"type":"Feature","geometry":{"type":"Polygon","coordinates":[[[2.493075500149073,48.8937959999195],[2.4933441002971386,48.893734999766885],[2.493461400510277,48.89370689975892],[2.4935171995823335,48.89369429993027],[2.493469300523629,48.8936040998659],[2.493415999572051,48.89361620033236],[2.4933386995867384,48.893633499768],[2.493297199650009,48.893643700407665],[2.493234200450747,48.89365730027349],[2.4930551999289263,48.89369809972533],[2.4930269001345,48.89370459973595],[2.493043799408286,48.89373589978932],[2.4930612006288775,48.89376999971489],[2.493075500149073,48.8937959999195]]]},"properties":{"idtup":"93010000AQ0225","idcomtxt":"BONDY","source":"Copropriété immatriculée","nom_usage":"5 BIS RUE DU BEL AIR"}},{"type":"Feature","geometry":{"type":"Polygon","coordinates":[[[2.4924931998722144,48.89400080002479],[2.4924636002409697,48.8939439003021],[2.4924392001316837,48.89389970016676],[2.4921393006210204,48.89396240014544],[2.4921478999400835,48.89398029958944],[2.4920758005361523,48.89399260031995],[2.4918184999383426,48.89405390008096],[2.491746999403525,48.89407119971553],[2.4915311995925835,48.89410139971963],[2.491069700676794,48.894166599711966],[2.4911310001048417,48.894294099826844],[2.491229299773948,48.89458630000378],[2.4912870003020684,48.89461319973511],[2.4920337002402464,48.89451259995093],[2.4920250996596884,48.89449790024232],[2.492118800644706,48.89447629968009],[2.4922898000280473,48.89443590028844],[2.492647499830924,48.894352800311616],[2.4926738993378805,48.89434679955257],[2.4925610005687187,48.89413049969506],[2.4924931998722144,48.89400080002479]]]},"properties":{"idtup":"93010000AQ0254","idcomtxt":"BONDY","source":"Copropriété non immatriculée","nom_usage":null}},{"type":"Feature","geometry":{"type":"Polygon","coordinates":[[[2.4970517995492596,48.892380399946894],[2.4970552999305933,48.892387100118924],[2.4970811003042663,48.892448900240794],[2.4971278997088184,48.89256099970487],[2.497148600029509,48.892611299594485],[2.497335299940334,48.89256860001075],[2.497337299901228,48.89253040032861],[2.497244699600967,48.892345099981824],[2.4970517995492596,48.892380399946894]]]},"properties":{"idtup":"93010000AQ0263","idcomtxt":"BONDY","source":"Copropriété immatriculée","nom_usage":"SDC AVENUE DES SCIENCES"}},{"type":"Feature","geometry":{"type":"Polygon","coordinates":[[[2.4863572996833945,48.89442880025012],[2.4863271006056773,48.894435800440284],[2.4860197005530265,48.894511699756904],[2.4860708994448046,48.89460559960929],[2.4861211994398893,48.89459339960307],[2.4864097004716514,48.89452300009093],[2.4863810001686626,48.89447069998968],[2.4863782005879798,48.894466499900126],[2.4863572996833945,48.89442880025012]]]},"properties":{"idtup":"93010000AR0010","idcomtxt":"BONDY","source":"Copropriété non immatriculée","nom_usage":null}},{"type":"Feature","geometry":{"type":"Polygon","coordinates":[[[2.491033900274533,48.89430160019961],[2.4909754005514015,48.89418030008034],[2.490913399749668,48.89405469982673],[2.4906863999370707,48.89409569996179],[2.490672400623753,48.89409810003167],[2.490586599812958,48.89411449999656],[2.4905844993505823,48.894111300313],[2.4905680993373767,48.89411470008243],[2.4905600998231447,48.89411639991991],[2.490517300435152,48.89412410028377],[2.490651000084844,48.89443740009627],[2.4906904000629315,48.89443019963292],[2.4907126993458872,48.8944831000798],[2.4906731997698266,48.89449030012672],[2.490714100595247,48.89458789978137],[2.490734200580306,48.894591099565844],[2.490774599626285,48.89458370008022],[2.490780199915959,48.89459679984139],[2.4908705004540908,48.89465870008857],[2.490884000333361,48.89465619984827],[2.49088959967348,48.894669400321824],[2.4910904002490692,48.8946316995568],[2.4910433001876817,48.894532099708556],[2.4910485002196276,48.89453089964817],[2.4910535994972203,48.89453010025104],[2.4909846005830105,48.894317099787166],[2.4910356998723606,48.89430669973477],[2.491033900274533,48.89430160019961]]]},"properties":{"idtup":"93010000AR0052","idcomtxt":"BONDY","source":"Plusieurs copropriétés immatriculées","nom_usage":"RESIDENCE BONDY JORELLE"}},{"type":"Feature","geometry":{"type":"Polygon","coordinates":[[[2.491033900274533,48.89430160019961],[2.4909754005514015,48.89418030008034],[2.490913399749668,48.89405469982673],[2.4906863999370707,48.89409569996179],[2.490672400623753,48.89409810003167],[2.490586599812958,48.89411449999656],[2.4905844993505823,48.894111300313],[2.4905680993373767,48.89411470008243],[2.4905600998231447,48.89411639991991],[2.490517300435152,48.89412410028377],[2.490651000084844,48.89443740009627],[2.4906904000629315,48.89443019963292],[2.4907126993458872,48.8944831000798],[2.4906731997698266,48.89449030012672],[2.490714100595247,48.89458789978137],[2.490734200580306,48.894591099565844],[2.490774599626285,48.89458370008022],[2.490780199915959,48.89459679984139],[2.4908705004540908,48.89465870008857],[2.490884000333361,48.89465619984827],[2.49088959967348,48.894669400321824],[2.4910904002490692,48.8946316995568],[2.4910433001876817,48.894532099708556],[2.4910485002196276,48.89453089964817],[2.4910535994972203,48.89453010025104],[2.4909846005830105,48.894317099787166],[2.4910356998723606,48.89430669973477],[2.491033900274533,48.89430160019961]]]},"properties":{"idtup":"93010000AR0052","idcomtxt":"BONDY","source":"Plusieurs copropriétés immatriculées","nom_usage":"RESIDENCE GABRIELLE"}},{"type":"Feature","geometry":{"type":"Polygon","coordinates":[[[2.489680400389932,48.89411420028581],[2.489768300434064,48.89431839962329],[2.489771400405487,48.894318000048415],[2.490027999519101,48.89426980013234],[2.4901040997636508,48.89425670019746],[2.4901458004070696,48.8942490996234],[2.490138099772535,48.89422710031666],[2.490170399630248,48.89421929963181],[2.4901717994398425,48.894221900097655],[2.490186899473713,48.894219500275746],[2.4902443000775882,48.89420839984462],[2.4903138002097815,48.89419669978408],[2.4903555003789655,48.89418900021089],[2.4902948997516576,48.89404870008816],[2.4901941995812242,48.89406789975586],[2.4900325997427033,48.894096600215214],[2.490016500422565,48.89405439992297],[2.489680400389932,48.89411420028581]]]},"properties":{"idtup":"93010000AR0053","idcomtxt":"BONDY","source":"Copropriété immatriculée","nom_usage":"Copro 8 Bondy Jorelle"}},{"type":"Feature","geometry":{"type":"Polygon","coordinates":[[[2.49048709956633,48.89318030033771],[2.4903847000495936,48.89319869975177],[2.490256799471461,48.89322260042527],[2.490158999844087,48.89326219977034],[2.4904309004717997,48.893922999679134],[2.490468800190521,48.893915899920735],[2.490578899363445,48.893895499856946],[2.4905920002037925,48.89389320029565],[2.490816899384032,48.89385270041265],[2.4906076998641935,48.89342829983513],[2.49048709956633,48.89318030033771]]]},"properties":{"idtup":"93010000AR0058","idcomtxt":"BONDY","source":"Copropriété immatriculée","nom_usage":"RESIDENCE BONDY JORELLE/COPRO2"}},{"type":"Feature","geometry":{"type":"Polygon","coordinates":[[[2.490027999519101,48.89426980013234],[2.4900508999244333,48.894326699801965],[2.490072100229147,48.894378799807946],[2.490095100226892,48.894429300405655],[2.4901689000990666,48.894413800272865],[2.490215399601713,48.89451799968964],[2.490211100114244,48.89451929977354],[2.490213699827417,48.89452499986739],[2.4904664002804218,48.894477900262764],[2.4904758002002305,48.894476100271774],[2.4904224000712976,48.89434989967715],[2.490406000052809,48.894308699999264],[2.4903928006179994,48.89427870044113],[2.4903555003789655,48.89418900021089],[2.4903138002097815,48.89419669978408],[2.4902443000775882,48.89420839984462],[2.490186899473713,48.894219500275746],[2.4901717994398425,48.894221900097655],[2.490170399630248,48.89421929963181],[2.490138099772535,48.89422710031666],[2.4901458004070696,48.8942490996234],[2.4901040997636508,48.89425670019746],[2.490027999519101,48.89426980013234]]]},"properties":{"idtup":"93010000AR0067","idcomtxt":"BONDY","source":"Copropriété non immatriculée","nom_usage":null}},{"type":"Feature","geometry":{"type":"Polygon","coordinates":[[[2.4888570005756083,48.8934769002776],[2.4888971995492972,48.893573600154234],[2.4888919002163132,48.89357450022812],[2.4889252004120515,48.893655400349715],[2.488918199875978,48.89365690019834],[2.4889372001571926,48.89369899972526],[2.488944300172107,48.89371459977076],[2.4889400001145536,48.893716100353394],[2.488948200142684,48.89373259990581],[2.4889625997739397,48.89376820026739],[2.488957199825868,48.89376990030011],[2.488988500407257,48.893861400108634],[2.489000899677481,48.893859300071924],[2.489077300616769,48.89401330003158],[2.4892322997792666,48.89398039991022],[2.489297800377663,48.894113500036305],[2.4894238001062834,48.894087600321136],[2.4894222003639928,48.89408299982941],[2.4895720004283444,48.894055099745216],[2.4896327006604633,48.894043400341005],[2.4896203996536665,48.89401530026101],[2.489636099984031,48.894012599999456],[2.489969899409948,48.89395089961168],[2.4899731005307957,48.89394950043052],[2.489951500150803,48.89389650027152],[2.48995030015969,48.89389229988282],[2.490037200278552,48.89387629984937],[2.4900650994886933,48.89387119996239],[2.4901628000318503,48.8938541001081],[2.4902096001988183,48.89384479994317],[2.4901378996912586,48.8936740000249],[2.490134599659683,48.893666699769504],[2.4901122001354166,48.89361479967624],[2.4900904999708318,48.89356210036993],[2.4900177995904196,48.893386800425795],[2.4899863003656466,48.89331250020534],[2.4898561994785924,48.89333499984729],[2.4898196005454523,48.89334049968806],[2.4898159999662153,48.89333269992335],[2.4898096993799625,48.893333899738835],[2.4897047995345063,48.893352000139664],[2.4897021005461477,48.893346699797995],[2.4896392004340484,48.89335820011137],[2.489642799707079,48.89336780029384],[2.4896241004092348,48.893370500365904],[2.4896200995658884,48.89336109991678],[2.489619299649198,48.89335950023278],[2.4895430993264185,48.893371799952284],[2.4895407993275187,48.8933673997181],[2.4893893002951493,48.893394900429136],[2.4893838002899544,48.893387199570356],[2.4892983996780114,48.89340320013329],[2.4892523006535736,48.893411400381545],[2.4892483998421278,48.893404600251145],[2.4891370993874404,48.8934252997392],[2.489058299523235,48.89343980036252],[2.4889639995342447,48.89345690034261],[2.4888570005756083,48.8934769002776]]]},"properties":{"idtup":"93010000AR0060","idcomtxt":"BONDY","source":"Copropriété immatriculée","nom_usage":"SDC BONDY JORELLE"}},{"type":"Feature","geometry":{"type":"Polygon","coordinates":[[[2.4883495995286995,48.893994000138726],[2.4888188998059353,48.893897199914726],[2.4888880996207288,48.893882600023375],[2.4888908997418677,48.89388189972147],[2.4888847998423853,48.893871400329935],[2.488845700326533,48.89379049974083],[2.488853899899718,48.89378689973114],[2.4888096004495837,48.89368720024501],[2.488825400391057,48.8936831002895],[2.488760199804748,48.89349490042361],[2.4887539002603045,48.893477099573026],[2.4884313006773775,48.89353830035414],[2.4884305004700047,48.89355699987867],[2.48842729982819,48.89360360012184],[2.488373599576761,48.89360250017393],[2.4883659996915855,48.89371440026981],[2.488393200527587,48.89371569997201],[2.488391500185962,48.89374300024108],[2.4883642004771658,48.89374260032496],[2.4883529999345377,48.89394789988401],[2.4883495995286995,48.893994000138726]]]},"properties":{"idtup":"93010000AR0062","idcomtxt":"BONDY","source":"Copropriété non immatriculée","nom_usage":null}},{"type":"Feature","geometry":{"type":"Polygon","coordinates":[[[2.4893176995534207,48.89415549989619],[2.489540999381423,48.8946142999874],[2.489697300396926,48.89458510008456],[2.4898510004390566,48.89455629988175],[2.4898624005789656,48.89458379984391],[2.489879000473578,48.8945809001395],[2.490062500103369,48.894546700348165],[2.4901372994379702,48.89453250039558],[2.490211100114244,48.89451929977354],[2.490215399601713,48.89451799968964],[2.4901689000990666,48.894413800272865],[2.490095100226892,48.894429300405655],[2.490072100229147,48.894378799807946],[2.4900508999244333,48.894326699801965],[2.490027999519101,48.89426980013234],[2.489771400405487,48.894318000048415],[2.489768300434064,48.89431839962329],[2.489680400389932,48.89411420028581],[2.4896645005253917,48.89411679987936],[2.4896529999145995,48.89408830032521],[2.489316900236957,48.89415369966797],[2.4893176995534207,48.89415549989619]]]},"properties":{"idtup":"93010000AR0066","idcomtxt":"BONDY","source":"Copropriété immatriculée","nom_usage":"SDC 4 ALLEE CONDORCET BONDY"}},{"type":"Feature","geometry":{"type":"Polygon","coordinates":[[[2.4897295006225657,48.89466639990149],[2.4897618006472286,48.894661399776396],[2.4897892006624107,48.894660799767586],[2.489807699517881,48.894665099934834],[2.489817900555412,48.89466910035208],[2.4898336995053603,48.89467959963838],[2.4898414005313065,48.89468999967502],[2.4898692003183593,48.8947775003172],[2.4898720998406842,48.894787399666576],[2.4898767003993396,48.89480339997637],[2.489877799695248,48.89480729956427],[2.489991100252747,48.89479209999769],[2.4899868998276156,48.894780499914425],[2.490037999380158,48.89477389986906],[2.4900651000825187,48.89477490019084],[2.490064299936666,48.89476969967968],[2.490163899964345,48.89475629958115],[2.490167700026759,48.89476770010597],[2.490453999724457,48.894729299591866],[2.4904488999079555,48.89471510029324],[2.4904352996399366,48.89467030002391],[2.4904627993702464,48.89466620017626],[2.490523600289933,48.894609000233984],[2.4905065004582605,48.89457169970332],[2.4904700995926663,48.89448649990459],[2.4904664002804218,48.894477900262764],[2.490213699827417,48.89452499986739],[2.490211100114244,48.89451929977354],[2.4901372994379702,48.89453250039558],[2.490062500103369,48.894546700348165],[2.489879000473578,48.8945809001395],[2.4898624005789656,48.89458379984391],[2.4898510004390566,48.89455629988175],[2.489697300396926,48.89458510008456],[2.4897295006225657,48.89466639990149]]]},"properties":{"idtup":"93010000AR0068","idcomtxt":"BONDY","source":"Copropriété immatriculée","nom_usage":"SDC 156 VAILLANT"}},{"type":"Feature","geometry":{"type":"Polygon","coordinates":[[[2.4911800997344993,48.89389490014562],[2.4911057000269783,48.89391019960809],[2.4910530994693345,48.893921300169076],[2.491061099858044,48.89393890037596],[2.491099400369895,48.89401399987387],[2.4911035993429604,48.89402199998505],[2.4912398005056215,48.89399379991207],[2.4912353994938927,48.89398469999144],[2.4912478000840053,48.89398190006573],[2.4912441998421735,48.8939738998051],[2.491203200295896,48.89388969956631],[2.4911918004257907,48.8938924003189],[2.4911800997344993,48.89389490014562]]]},"properties":{"idtup":"93010000AR0128","idcomtxt":"BONDY","source":"Copropriété immatriculée","nom_usage":"SDC 19 ALLEE GABRIELLE"}},{"type":"Feature","geometry":{"type":"Polygon","coordinates":[[[2.4880780003079765,48.89332779996607],[2.4880944999600265,48.89337029993742],[2.4881474003326587,48.89337810004827],[2.488163499486501,48.893418199836816],[2.4881906004211793,48.89347890036707],[2.488194100363775,48.89347859966779],[2.4883027998600347,48.89351859964219],[2.488316199416675,48.89350700004529],[2.4883323999431877,48.893495999663884],[2.488352800119474,48.89348400010428],[2.488372399558036,48.893475900124244],[2.4883942003908492,48.89346890040854],[2.4883906006229664,48.89346090005836],[2.488509399362151,48.893439299807085],[2.488554000171028,48.89343159975708],[2.488552500565991,48.893428200256736],[2.488629999799438,48.893413799630814],[2.488632999768141,48.89342080007815],[2.488848300049052,48.89337829969375],[2.4890061996571875,48.89334999961296],[2.4892227999398986,48.89330949967075],[2.4892189002084293,48.89330120039386],[2.489214500068262,48.89328829991192],[2.48919079961496,48.893217999590846],[2.489184999957326,48.89320220005716],[2.489149299549293,48.89310000037089],[2.489033499515434,48.89312619963601],[2.488946299565117,48.89315450022853],[2.4889366001584046,48.89315640044471],[2.4888625006096787,48.89317019975424],[2.4887043998870384,48.89319999973774],[2.4885506000905306,48.89322929987911],[2.4883852006399763,48.893260099776946],[2.4882301003241176,48.89328930042214],[2.4880880002656403,48.893316700265004],[2.4880780003079765,48.89332779996607]]]},"properties":{"idtup":"93010000AR0148","idcomtxt":"BONDY","source":"Copropriété immatriculée","nom_usage":"copropriété 10 de la Résidence Apollonia"}},{"type":"Feature","geometry":{"type":"Polygon","coordinates":[[[2.4869445002287436,48.893603600243274],[2.486873400615467,48.89342000008338],[2.4868571002129567,48.893422700110634],[2.486754099337649,48.89343979973989],[2.4866144995807615,48.89345930002072],[2.4864830001192733,48.89347779976916],[2.4864463997271478,48.893483400196],[2.4864029006709187,48.89351099961919],[2.48637689953848,48.8934929001058],[2.4863190006131344,48.89352809985536],[2.4863454999868577,48.89354740029783],[2.4863938004975235,48.893572700006814],[2.4864376004441078,48.89359950022815],[2.4864649995436428,48.89361829998834],[2.4864817993226542,48.893630799591335],[2.4865141003730997,48.89365829959799],[2.4865490998522968,48.893690299619564],[2.486564900026198,48.89370859996785],[2.486597600582607,48.893741100025494],[2.486634699962879,48.89381770038842],[2.4866582998872633,48.893870900389096],[2.486685399550414,48.893939599694384],[2.486690799593437,48.893954500117694],[2.487058599835831,48.893891699927515],[2.4870518003385302,48.89387500030286],[2.4870228001234063,48.8938012001471],[2.4869999994870287,48.89374449993013],[2.486979299569012,48.893692200034224],[2.4869445002287436,48.893603600243274]]]},"properties":{"idtup":"93010000AR0172","idcomtxt":"BONDY","source":"Copropriété immatriculée","nom_usage":"COPROPRIETE 18"}},{"type":"Feature","geometry":{"type":"Polygon","coordinates":[[[2.4893077993714696,48.893069500039886],[2.489304900183723,48.89306069961866],[2.489143599465021,48.89308170027705],[2.489149299549293,48.89310000037089],[2.489184999957326,48.89320220005716],[2.48919079961496,48.893217999590846],[2.489214500068262,48.89328829991192],[2.4892189002084293,48.89330120039386],[2.489283700299878,48.893291499828734],[2.4892818000825447,48.89328499960712],[2.4893621004403927,48.89327419959903],[2.4894053996530054,48.89326930042762],[2.4895085993628028,48.893255999851334],[2.4895110994551293,48.89326349996121],[2.4896890002737733,48.89323929966039],[2.4896927999141014,48.89325099968532],[2.489782099384821,48.89323960013372],[2.4899047005193102,48.89322429997543],[2.489970299317059,48.89321630033817],[2.4899682000032985,48.89320770029027],[2.490014899320642,48.89320139986635],[2.490049199376785,48.89319680027765],[2.4900440998470796,48.89317480032849],[2.4901214995123415,48.893163800402505],[2.4901175995726326,48.89314199981451],[2.4902148997147218,48.8931285997668],[2.490209200435491,48.89310600012864],[2.4903264999460513,48.89309109964452],[2.490309000079488,48.89303900008307],[2.4903055002862495,48.89303720005673],[2.4900926994923434,48.892955099920904],[2.4899814004981677,48.89296910034326],[2.4899006994289694,48.89297909957356],[2.4897923005067204,48.892992899936544],[2.489762900198989,48.89299660033501],[2.4897160993505936,48.893002699682384],[2.4896816000900093,48.89300689993281],[2.489684699455993,48.89302199996534],[2.489517299801698,48.893043000316695],[2.489438099752703,48.89305290041484],[2.4893077993714696,48.893069500039886]]]},"properties":{"idtup":"93010000AR0153","idcomtxt":"BONDY","source":"Copropriété immatriculée","nom_usage":"Jorelle Neuf"}},{"type":"Feature","geometry":{"type":"Polygon","coordinates":[[[2.4878565995729156,48.893380499831025],[2.487873600189019,48.893427100128726],[2.487785200317915,48.89344250043762],[2.487800999809216,48.89348600018137],[2.4878893998423997,48.89347169971768],[2.487917000620041,48.89354519962275],[2.487921500504382,48.89354460014004],[2.4879306994114594,48.89356849996035],[2.4879489994523554,48.893618200319715],[2.4879544004934773,48.89361750036911],[2.487962699937617,48.89364049972758],[2.4879809005973965,48.8936888003279],[2.4879584006453626,48.89369240028602],[2.4879688997796077,48.893722500103735],[2.4879746995942194,48.893739500269106],[2.4880502001824496,48.893727300178405],[2.4880537994738794,48.89373590037441],[2.4881418000173166,48.89372190018629],[2.48825520063169,48.89372700009873],[2.4882709996116126,48.89357049961218],[2.488280500454683,48.89355869990035],[2.4882509996941984,48.893547599559156],[2.4881497003750312,48.89351219966275],[2.4881130006235543,48.89349990031292],[2.488075000180851,48.893400999954395],[2.488056999729451,48.893396699844125],[2.488044099797013,48.893392300129875],[2.4880300006073726,48.89338600044131],[2.4880192004247808,48.893379999936734],[2.488004899935431,48.89336989980042],[2.4879925004436503,48.893358299647566],[2.4878565995729156,48.893380499831025]]]},"properties":{"idtup":"93010000AR0157","idcomtxt":"BONDY","source":"Copropriété immatriculée","nom_usage":"GADG 63-71"}},{"type":"Feature","geometry":{"type":"Polygon","coordinates":[[[2.4882499004796914,48.89377959964531],[2.4881338998033136,48.89377439958333],[2.4879963996782424,48.8937981003283],[2.4879811000941157,48.893801099760324],[2.488005099371642,48.89386569994513],[2.488030000334157,48.89393140023408],[2.4880343998295134,48.893950999705616],[2.4880366006026486,48.893959100200554],[2.488056500415447,48.89400370018648],[2.488089700425222,48.893998000198664],[2.488090800454567,48.89400070013099],[2.4881585993314044,48.893988100132276],[2.4881494005297182,48.893963200307816],[2.4881514000877782,48.893940299848104],[2.4882372994659594,48.89394320032396],[2.4882499004796914,48.89377959964531]]]},"properties":{"idtup":"93010000AR0158","idcomtxt":"BONDY","source":"Copropriété non immatriculée","nom_usage":null}},{"type":"Feature","geometry":{"type":"Polygon","coordinates":[[[2.489877799695248,48.89480729956427],[2.4898767003993396,48.89480339997637],[2.4898720998406842,48.894787399666576],[2.4898692003183593,48.8947775003172],[2.4898414005313065,48.89468999967502],[2.4898336995053603,48.89467959963838],[2.489817900555412,48.89466910035208],[2.489807699517881,48.894665099934834],[2.4897892006624107,48.894660799767586],[2.4897618006472286,48.894661399776396],[2.4897295006225657,48.89466639990149],[2.4895770997451963,48.8946897997403],[2.489540999381423,48.8946142999874],[2.4893176995534207,48.89415549989619],[2.489066800206388,48.89419340034465],[2.4890798995086016,48.89423130005742],[2.4892771001602805,48.894796499779275],[2.4892820005504523,48.894813200153955],[2.4892999996614136,48.89482019979059],[2.4894235003967777,48.894843600313976],[2.489565600472333,48.89484979977407],[2.489606799616308,48.89484429983519],[2.4898237002431114,48.89481409989737],[2.489877799695248,48.89480729956427]]]},"properties":{"idtup":"93010000AR0166","idcomtxt":"BONDY","source":"Copropriété immatriculée","nom_usage":"S.D.C. RESIDENCE 13"}},{"type":"Feature","geometry":{"type":"Polygon","coordinates":[[[2.4883495995286995,48.893994000138726],[2.48827720060559,48.894032100288214],[2.4882141997293012,48.894077599605154],[2.4881891005933485,48.894138999691386],[2.488294999644433,48.89441620022128],[2.4883119006178362,48.894413200398105],[2.488432000165327,48.89439199968841],[2.4889090996384398,48.894306900083066],[2.4889849997815086,48.89429310034194],[2.489024199723996,48.89428669995673],[2.4889509002523145,48.89406890005854],[2.4889278005671467,48.89400020037182],[2.4888880996207288,48.893882600023375],[2.4888188998059353,48.893897199914726],[2.4883495995286995,48.893994000138726]]]},"properties":{"idtup":"93010000AR0167","idcomtxt":"BONDY","source":"Copropriété immatriculée","nom_usage":"MARIE LAURENCIN          (A09) - MS12939"}},{"type":"Feature","geometry":{"type":"Polygon","coordinates":[[[2.487380199396994,48.89459529987918],[2.487432399392037,48.894586800018914],[2.4874734997472947,48.8945796996199],[2.4873378000437687,48.8942329000831],[2.4872284006365475,48.893955900382345],[2.4871670996072233,48.89396610044623],[2.486904100367818,48.89401010032821],[2.486690299838218,48.89404600001052],[2.4866913003316355,48.894054500074674],[2.4867160998156486,48.8941165004387],[2.486708300375869,48.894117399592396],[2.4867133004703463,48.89413869958149],[2.4867432997913075,48.894222499894745],[2.4867511002348928,48.89424170030422],[2.486779300303565,48.89431709963643],[2.4868358997973328,48.894430399730524],[2.4868490999033246,48.8944282997512],[2.4868669001891193,48.89447659967308],[2.486869000447358,48.89447620038612],[2.486932600536855,48.89458029990619],[2.486945200175933,48.89457810021846],[2.4869497005003263,48.89459019991548],[2.486963300491545,48.89458780036843],[2.4869832002170837,48.89463760031352],[2.4869907993414753,48.894656899660276],[2.4869955003464645,48.89466219964081],[2.487343500650594,48.89460140017222],[2.487380199396994,48.89459529987918]]]},"properties":{"idtup":"93010000AR0176","idcomtxt":"BONDY","source":"Copropriété immatriculée","nom_usage":"SDC 10-16 ALEXANDRA DAVID NEEL"}},{"type":"Feature","geometry":{"type":"Polygon","coordinates":[[[2.487623300610616,48.89388839959388],[2.4878682004502166,48.89451279972754],[2.488148100110136,48.89446519989826],[2.4881537004680547,48.89445019998014],[2.488083100470901,48.8942709995611],[2.488059999554663,48.894210299963994],[2.488004300156457,48.89406930016367],[2.4879605999736225,48.89396219983084],[2.4879540995312794,48.89394890002852],[2.4879374995973857,48.893913399856075],[2.487904099656369,48.89384069984941],[2.487623300610616,48.89388839959388]]]},"properties":{"idtup":"93010000AR0178","idcomtxt":"BONDY","source":"Copropriété immatriculée","nom_usage":"SDC 73/75 AV. G.ANTH.DE GAULLE"}},{"type":"Feature","geometry":{"type":"Polygon","coordinates":[[[2.488934299325162,48.89485460033768],[2.4890268000954245,48.89484069964932],[2.4891340004121036,48.894825199675495],[2.4891598001210378,48.89482090042268],[2.4891627004089485,48.89482069965833],[2.4891712003036623,48.894812500048154],[2.4890925003128213,48.89458699991131],[2.4890796998830993,48.894589100043945],[2.489052700251465,48.89459310008636],[2.4888609993949378,48.89462180002748],[2.4888224996890953,48.89462769973458],[2.488818999681815,48.89462799955263],[2.488896600306388,48.894849500444984],[2.4889170002009195,48.89485729997832],[2.488934299325162,48.89485460033768]]]},"properties":{"idtup":"93010000AR0189","idcomtxt":"BONDY","source":"Copropriété immatriculée","nom_usage":"Le Maupassant"}},{"type":"Feature","geometry":{"type":"Polygon","coordinates":[[[2.4866427004213456,48.89441030039095],[2.4866303005517563,48.89438919980493],[2.486601000678694,48.8943211997391],[2.4865781999122927,48.8942691003331],[2.4865586005827525,48.894209500018114],[2.4865324998763,48.894126499670904],[2.486518499980913,48.89405910025758],[2.48651319964471,48.89399800003295],[2.486505599998397,48.89395789961322],[2.486494200112668,48.89391660030392],[2.486483399815988,48.89388309967729],[2.4864610998022814,48.8938334997568],[2.486457999520895,48.89382839996675],[2.486447800038064,48.89380700032258],[2.4864141999613154,48.89376489983498],[2.4863897005917126,48.89373999989506],[2.4863653003208217,48.893717499732745],[2.486319499837324,48.89368319965694],[2.486285999521051,48.89366279989955],[2.4862589004527154,48.89364760042371],[2.4862486999672497,48.89365229962228],[2.4861960001263994,48.893608699812205],[2.486189600621244,48.893605399766265],[2.4861781997005883,48.89360099998791],[2.486162299734215,48.89359959988676],[2.486151999512676,48.89360099998109],[2.486141499431907,48.893605099844216],[2.486017299938464,48.893650300335544],[2.4860105003062034,48.893636000004385],[2.4860075998434517,48.89363650016176],[2.485968799645992,48.893645799754076],[2.4859287995835584,48.89365520030157],[2.485983000198525,48.89375330034079],[2.486004999958466,48.89379320001294],[2.486030599507489,48.89384010006721],[2.486079499368572,48.89392670030596],[2.486080400487447,48.89392840027088],[2.4861086996781916,48.89398009981126],[2.4861390001785213,48.89403300041422],[2.486176899756676,48.89410309962958],[2.4862154998622663,48.89417339968159],[2.4862532002475195,48.89424089990387],[2.486313499622873,48.894349000137446],[2.4863572996833945,48.89442880025012],[2.4863782005879798,48.894466499900126],[2.4866427004213456,48.89441030039095]]]},"properties":{"idtup":"93010000AR0200","idcomtxt":"BONDY","source":"Copropriété immatriculée","nom_usage":"SYNDIC COPRO 19"}},{"type":"Feature","geometry":{"type":"Polygon","coordinates":[[[2.4866427004213456,48.89441030039095],[2.4863782005879798,48.894466499900126],[2.4863810001686626,48.89447069998968],[2.4864097004716514,48.89452300009093],[2.48644860044684,48.89459200002418],[2.486464600085827,48.89462079975742],[2.4864874000337083,48.89466220008693],[2.4865249000889187,48.89473099973209],[2.486564699843627,48.89480269959889],[2.4866015993643,48.89487169987942],[2.4866407999789657,48.89494179997009],[2.4866797001936116,48.895010699977014],[2.4867411002764013,48.89512049982629],[2.4867751003076513,48.89518149994694],[2.4868022003256174,48.8952305996145],[2.486995300559941,48.8952045996959],[2.4869918999375513,48.89519550031492],[2.4870296000347967,48.895189700292725],[2.4870548003682886,48.89518549964843],[2.4870665004247536,48.895175499990735],[2.4870195997973097,48.89504130033609],[2.486961500420945,48.89487289962481],[2.4869455006544614,48.89482470007804],[2.4869390002886376,48.894812099893],[2.486911999594401,48.89476940014394],[2.4869006001342786,48.89475790040393],[2.4868654998851936,48.894735199840795],[2.4868483005014,48.89472030013725],[2.486777799834885,48.894631200262936],[2.486724099505128,48.89454990010954],[2.486696800313694,48.89451150041597],[2.4866801998083607,48.89448000020869],[2.4866396003189326,48.89449080044199],[2.486627200264679,48.89449419973222],[2.4865759994455283,48.894508700118706],[2.4865459005414263,48.894461699984085],[2.4865958004501745,48.894447999813735],[2.486656699359675,48.89443660044044],[2.4866427004213456,48.89441030039095]]]},"properties":{"idtup":"93010000AR0201","idcomtxt":"BONDY","source":"Copropriété immatriculée","nom_usage":"SDC 27-47 ADN"}},{"type":"Feature","geometry":{"type":"MultiPolygon","coordinates":[[[[2.487224499333099,48.89363080036368],[2.4870777002901217,48.893655599664235],[2.4871209004336827,48.89376589975858],[2.4871614995190443,48.89386999963866],[2.487579500355942,48.893799599620884],[2.487624999428115,48.89379199998729],[2.487626599459003,48.893795999767434],[2.487628499954982,48.893795800158415],[2.4876309998087947,48.893795399869795],[2.487545300357661,48.89357600001732],[2.487224499333099,48.89363080036368]]],[[[2.487800999809216,48.89348600018137],[2.487731699625444,48.893497099805266],[2.4877495993278784,48.893541999770115],[2.4878171999267544,48.893529400012774],[2.4878108998834616,48.893513900443274],[2.487800999809216,48.89348600018137]]]]},"properties":{"idtup":"93010000AR0267","idcomtxt":"BONDY","source":"Copropriété immatriculée","nom_usage":"THEODORE MONOD 1/7"}},{"type":"Feature","geometry":{"type":"Polygon","coordinates":[[[2.480079600233993,48.89564890026881],[2.4800889994845843,48.89566580041232],[2.480095900207814,48.8956778999907],[2.4801024994991008,48.89569000005852],[2.4801262003596007,48.89573209975574],[2.4801596997461646,48.895723799768376],[2.480179499999201,48.89575700005212],[2.4802155997648887,48.895747400144785],[2.4802509993838076,48.89573879991685],[2.4804134994869877,48.895697900354236],[2.4805649999916963,48.89566020026443],[2.4807038002819,48.89562499984738],[2.4806475003228927,48.89552540009187],[2.480455599502046,48.89557400001066],[2.480380899988651,48.895592400419766],[2.4801832996059376,48.89564160019056],[2.4801232004376668,48.895656900044564],[2.4801132004147055,48.895640199640034],[2.480079600233993,48.89564890026881]]]},"properties":{"idtup":"93010000AS0025","idcomtxt":"BONDY","source":"Copropriété immatriculée","nom_usage":"10 et 10 BIS RUE DU LION 93140 BONDY"}},{"type":"Feature","geometry":{"type":"Polygon","coordinates":[[[2.4802290996167624,48.895841299773146],[2.4802660005598822,48.89590420017255],[2.4803311004351922,48.896014999575065],[2.4803369994232582,48.89602429973836],[2.480371399515635,48.896083199910706],[2.4803765998125336,48.896092399914565],[2.4803932001555964,48.89612139998685],[2.480514799671629,48.89610520039094],[2.4804920002069752,48.89606429987787],[2.480451200473983,48.89599500025419],[2.4804334005670983,48.89596469997833],[2.480402099396127,48.89591139976617],[2.4803696998123526,48.89585610011099],[2.4803436999622166,48.895812000322444],[2.4802676005053605,48.895831099641626],[2.4802290996167624,48.895841299773146]]]},"properties":{"idtup":"93010000AS0027","idcomtxt":"BONDY","source":"Copropriété non immatriculée","nom_usage":null}},{"type":"Feature","geometry":{"type":"Polygon","coordinates":[[[2.4806499995352174,48.896086900413714],[2.480799799591823,48.89606690003953],[2.4807338001274295,48.89595730027551],[2.4805905004937103,48.89598499986089],[2.4806499995352174,48.896086900413714]]]},"properties":{"idtup":"93010000AS0031","idcomtxt":"BONDY","source":"Copropriété non immatriculée","nom_usage":null}},{"type":"Feature","geometry":{"type":"Polygon","coordinates":[[[2.4812708002593746,48.89577510022497],[2.4812392994655696,48.89571889999065],[2.4810871998907085,48.895756799779384],[2.4809936002735644,48.89577929955592],[2.480992699809524,48.895779599619694],[2.4809434999808064,48.895792299554685],[2.480955200549173,48.89581329965552],[2.4809747005918856,48.895847799800684],[2.4810008004526622,48.89589409958987],[2.481050599495592,48.89588150025335],[2.4811117002054073,48.895865199749245],[2.481194999600437,48.89584459956477],[2.4812953002781764,48.89581949997827],[2.4812930995881803,48.895814500184535],[2.4812708002593746,48.89577510022497]]]},"properties":{"idtup":"93010000AS0034","idcomtxt":"BONDY","source":"Copropriété immatriculée","nom_usage":"3 et 3 bis rue du Lion"}},{"type":"Feature","geometry":{"type":"Polygon","coordinates":[[[2.4830106002942056,48.89534200020297],[2.4829991995727223,48.89532039995409],[2.482982399932152,48.895287999979885],[2.482880499742492,48.895311600325094],[2.4827889003956,48.89533239965953],[2.4827361998573956,48.89534499977897],[2.482753599740664,48.89537710021146],[2.4828288005938024,48.8955207999502],[2.4829229999289435,48.89549890026831],[2.4829529003922954,48.895492000371995],[2.483077099388355,48.8954623998094],[2.4830642994803247,48.89543939960156],[2.4830570004666455,48.8954259998737],[2.4830308002045176,48.89537879987847],[2.4830106002942056,48.89534200020297]]]},"properties":{"idtup":"93010000AS0098","idcomtxt":"BONDY","source":"Copropriété non immatriculée","nom_usage":null}},{"type":"Feature","geometry":{"type":"Polygon","coordinates":[[[2.485590199387765,48.89463540002188],[2.485523800410866,48.89465179966333],[2.485269899878646,48.89471419982604],[2.485009000046303,48.89477829962041],[2.48476049945537,48.89483889992314],[2.48449339937731,48.89490409964921],[2.484336499760006,48.894942800381436],[2.484412599887615,48.89507540017355],[2.4844762994473717,48.89518570032157],[2.4845206006553258,48.89526329990553],[2.484602200403969,48.895405199573176],[2.4846383003577728,48.89546849987044],[2.484671699563874,48.89552589986032],[2.484889400159425,48.89549580042834],[2.485126799573305,48.89546309995968],[2.4853583995246735,48.89543119966331],[2.485635800675999,48.89539259975218],[2.4859960003953567,48.89534249992365],[2.485954899879202,48.89527189956818],[2.485928099956308,48.895225499820306],[2.4859224994610156,48.89521530010374],[2.485890999779692,48.89516100042884],[2.4858475004541,48.89508569983128],[2.4858089994509722,48.89501750003115],[2.485790499612668,48.894985700182296],[2.4857693998014887,48.89494799959253],[2.4857294994827877,48.89487939985147],[2.485689800004278,48.89481049968648],[2.4856494995689795,48.894739899926535],[2.4856100997059567,48.89467009990473],[2.485590199387765,48.89463540002188]]]},"properties":{"idtup":"93010000AS0145","idcomtxt":"BONDY","source":"Copropriété immatriculée","nom_usage":"résidence le hameau de la forge"}},{"type":"Feature","geometry":{"type":"Polygon","coordinates":[[[2.4858475004541,48.89508569983128],[2.485890999779692,48.89516100042884],[2.4859224994610156,48.89521530010374],[2.485928099956308,48.895225499820306],[2.485954899879202,48.89527189956818],[2.4859960003953567,48.89534249992365],[2.4862033005888997,48.89531450011387],[2.4861789993923877,48.895270700254294],[2.486119300427896,48.895161800440555],[2.4860742999443954,48.895078399708076],[2.4860703005547937,48.8950706997516],[2.4860526995420726,48.895037499982124],[2.4859920002941873,48.89505180017284],[2.4858475004541,48.89508569983128]]]},"properties":{"idtup":"93010000AS0146","idcomtxt":"BONDY","source":"Copropriété non immatriculée","nom_usage":null}},{"type":"Feature","geometry":{"type":"Polygon","coordinates":[[[2.4852140000444063,48.89398019964582],[2.4852741002506002,48.8940864002413],[2.485274199954925,48.894086799963226],[2.485292799337299,48.89411839980252],[2.4853223998597356,48.894111099627466],[2.4853456001582943,48.8941053996895],[2.4854378993826853,48.894082600433705],[2.4854401997605855,48.894082100409605],[2.485492399543421,48.894069600363174],[2.4855608006066614,48.894052999795115],[2.485633799832045,48.894033999795774],[2.4856203005505213,48.89401020004233],[2.4855559001669207,48.89389549975419],[2.485494699861653,48.89391080028033],[2.4854857995667006,48.89391310024564],[2.4853941004000086,48.89393579959784],[2.4853747998806894,48.8939405000849],[2.4852341004367675,48.89397530027837],[2.4852140000444063,48.89398019964582]]]},"properties":{"idtup":"93010000AS0159","idcomtxt":"BONDY","source":"Copropriété non immatriculée","nom_usage":null}},{"type":"Feature","geometry":{"type":"Polygon","coordinates":[[[2.485239900365314,48.893661399585476],[2.4852602998432265,48.8936987996348],[2.485270900092837,48.893718100319475],[2.4852928994577823,48.893755500043426],[2.485298000310958,48.89376420030605],[2.485276900372346,48.89376840022209],[2.4852869999635963,48.89378730035787],[2.485300800149872,48.89381320043668],[2.4853185001376183,48.893844299995685],[2.4853341003935814,48.893872299599806],[2.4853544001025765,48.89386709979983],[2.4854344997509332,48.89384669963231],[2.4854545996936426,48.893841700402284],[2.485516699578797,48.893825900147384],[2.4854930005546594,48.893783400374595],[2.4854185997666085,48.893652099827484],[2.485383600665445,48.89363890044391],[2.485239900365314,48.893661399585476]]]},"properties":{"idtup":"93010000AS0162","idcomtxt":"BONDY","source":"Copropriété non immatriculée","nom_usage":null}},{"type":"Feature","geometry":{"type":"Polygon","coordinates":[[[2.4802290996167624,48.895841299773146],[2.4802676005053605,48.895831099641626],[2.4803436999622166,48.895812000322444],[2.4803774005026873,48.8958034997025],[2.480434900654282,48.89578910034551],[2.4804707994639084,48.895780500420074],[2.4804899997145307,48.895775300275965],[2.48049710025196,48.895773400262925],[2.480573400515763,48.8957547998855],[2.480673700224609,48.895729400443784],[2.480751399822064,48.895709699871574],[2.4807038002819,48.89562499984738],[2.4805649999916963,48.89566020026443],[2.4804134994869877,48.895697900354236],[2.4802509993838076,48.89573879991685],[2.4802155997648887,48.895747400144785],[2.480179499999201,48.89575700005212],[2.4802290996167624,48.895841299773146]]]},"properties":{"idtup":"93010000AS0166","idcomtxt":"BONDY","source":"Copropriété non immatriculée","nom_usage":null}},{"type":"Feature","geometry":{"type":"Polygon","coordinates":[[[2.4802290996167624,48.895841299773146],[2.480179499999201,48.89575700005212],[2.4801596997461646,48.895723799768376],[2.4801262003596007,48.89573209975574],[2.4800740004177872,48.89574500034647],[2.479844600419004,48.895802100411174],[2.4797339005748666,48.895829499904536],[2.4797210998325374,48.8958331998051],[2.4796629995553805,48.895847300339916],[2.479730800011596,48.89596370011603],[2.4797869001207884,48.89594940020751],[2.4799109003495694,48.89591909970507],[2.480076200193527,48.895878600364014],[2.4801614002704095,48.89585769978651],[2.480228700348379,48.89584139966207],[2.4802290996167624,48.895841299773146]]]},"properties":{"idtup":"93010000AS0167","idcomtxt":"BONDY","source":"Copropriété immatriculée","nom_usage":"139 AVENUE CARNOT"}},{"type":"Feature","geometry":{"type":"Polygon","coordinates":[[[2.4821143000554464,48.89445799984545],[2.482131399343088,48.894489400333924],[2.4821753000204616,48.89457340040386],[2.4822141996393237,48.89464749991578],[2.4822278003950853,48.89467329964842],[2.482237600103029,48.894692500001774],[2.482247500640332,48.89471129969796],[2.4822802000280224,48.894773200223064],[2.4823214004992646,48.89476379979131],[2.482334300218264,48.89476079970151],[2.482349699504756,48.89475729960735],[2.482366699533026,48.89475330011932],[2.4823776002307496,48.894750800393126],[2.482518199640713,48.8947181003197],[2.4825895000920757,48.89470129994408],[2.4826605004318933,48.89468450002809],[2.4826522003029488,48.89466920019683],[2.4826424001715752,48.89465140010022],[2.4826308002691193,48.89462860016166],[2.4826231000309664,48.89461359969126],[2.48259209958496,48.89462129963795],[2.4825220999059847,48.894638700080115],[2.4825174999618604,48.89463109992564],[2.4825120005238173,48.894620000269114],[2.4824779000853843,48.89455879970251],[2.4824254004917647,48.894571700029395],[2.4823756006781563,48.89458439976582],[2.4823481000960763,48.89456149959208],[2.4823162996211403,48.89457009981534],[2.4823328005874177,48.89459529964537],[2.4822970998148945,48.89460330025093],[2.4822287002736267,48.89461229979757],[2.482166000050826,48.8944982004141],[2.4821399001509064,48.89445049969712],[2.4821143000554464,48.89445799984545]]]},"properties":{"idtup":"93010000AS0185","idcomtxt":"BONDY","source":"Copropriété immatriculée","nom_usage":"SDC 47 RUE DE LA LIBERTE 93140 BONDY"}},{"type":"Feature","geometry":{"type":"Polygon","coordinates":[[[2.4815348993585733,48.89544439995357],[2.481340099577273,48.89549029980513],[2.4813825005390306,48.89556419975675],[2.4814443996138262,48.895674199622356],[2.4815102997078706,48.89579169991093],[2.4816046996876273,48.8959592000529],[2.481804200582705,48.89592979994882],[2.4817846994448964,48.89589589977767],[2.481768600362182,48.895865800411805],[2.4817504001796906,48.89583329979039],[2.4817082004153384,48.89575720025364],[2.4816836002570875,48.89571309961992],[2.481643399726098,48.895640200349646],[2.481624500111949,48.89560809956444],[2.481604800156472,48.89557199968314],[2.481571600344958,48.89551080011043],[2.48156870057114,48.89550560034542],[2.4815433001683025,48.8954608001426],[2.4815348993585733,48.89544439995357]]]},"properties":{"idtup":"93010000AS0197","idcomtxt":"BONDY","source":"Copropriété immatriculée","nom_usage":"44 RUE EDOUARD VAILLANT  (A12) - MS13060"}},{"type":"Feature","geometry":{"type":"Polygon","coordinates":[[[2.4815503004295896,48.89596670041109],[2.4816046996876273,48.8959592000529],[2.4815102997078706,48.89579169991093],[2.4814443996138262,48.895674199622356],[2.4813825005390306,48.89556419975675],[2.481340099577273,48.89549029980513],[2.4815348993585733,48.89544439995357],[2.4815162996569176,48.89541000001193],[2.4814656006808375,48.895319099608486],[2.481389899370686,48.895183600297756],[2.4813537993884727,48.895116199936865],[2.48129119973581,48.89500349990252],[2.4811984006030823,48.895025200232695],[2.4810785996937934,48.89505279986731],[2.481042699856225,48.895061700342765],[2.4810513998908497,48.89507829971762],[2.4810665005988586,48.89510449997118],[2.4811013993241327,48.89516689955524],[2.481143800682767,48.89524329969604],[2.4811814998498565,48.8953112996858],[2.4812225001472736,48.89538310004906],[2.481224499992705,48.895386900197686],[2.4812626993503013,48.89545400031235],[2.4813056993223754,48.895530599915254],[2.4813217995941526,48.89555889984292],[2.481348600059154,48.895608000350904],[2.4814201996114056,48.89573510031732],[2.4815503004295896,48.89596670041109]]]},"properties":{"idtup":"93010000AS0198","idcomtxt":"BONDY","source":"Copropriété immatriculée","nom_usage":"42 RUE EDOUARD VAILLANT  (A12) - MS13059"}},{"type":"Feature","geometry":{"type":"Polygon","coordinates":[[[2.4840902005435366,48.89393170016913],[2.4841061997734473,48.893958599998236],[2.4841310993240566,48.89399999996331],[2.4841506997100966,48.89403250001004],[2.4841610994788996,48.89404970003712],[2.4841747995710723,48.89407230024372],[2.48418039971341,48.8940818003903],[2.4842049006213744,48.89412270040033],[2.4842184006424843,48.8941453995619],[2.4842438003120413,48.89418810025256],[2.484244799955992,48.894189899579516],[2.4841257997746364,48.89422060024056],[2.4841155993238164,48.89422320026825],[2.4840657993481066,48.894142400403],[2.484030300423759,48.89408440027171],[2.484022599510795,48.89407149977017],[2.4839572005351283,48.893965700174725],[2.483846400166424,48.89399339982826],[2.483745900409252,48.894018700361165],[2.483610300245394,48.894053400125344],[2.4834427000348938,48.89409539989658],[2.4833166995770672,48.89412669997734],[2.4833498003946204,48.89417930041323],[2.4834127001126487,48.89428410030239],[2.483475999708151,48.89438999992883],[2.483334100486,48.894427800001885],[2.4833498995974383,48.89445560016542],[2.483383499477276,48.894509200062174],[2.4834295999580016,48.89458490043437],[2.483447200521407,48.894613700289376],[2.4834758993394277,48.89466050001902],[2.4835228000901095,48.8947363998448],[2.4835865000814166,48.89483899972946],[2.4836244000200685,48.894900799993025],[2.4836397999267446,48.89492679976592],[2.4836874996709173,48.895003599562685],[2.483725900660583,48.895066199630925],[2.4837797994808275,48.895153199983724],[2.483825500606231,48.895227199638626],[2.4838770000915034,48.89531039990556],[2.483910300612948,48.89536280043888],[2.4839819993450805,48.895478700216486],[2.483982900422331,48.895480400194785],[2.4840263005183294,48.89555129981018],[2.4840312995340015,48.8955593998352],[2.4840626996439306,48.89560939996491],[2.484177799750292,48.895593399773425],[2.484420900053041,48.89556000041575],[2.484671699563874,48.89552589986032],[2.4846383003577728,48.89546849987044],[2.484602200403969,48.895405199573176],[2.4845206006553258,48.89526329990553],[2.4844762994473717,48.89518570032157],[2.484412599887615,48.89507540017355],[2.484336499760006,48.894942800381436],[2.48449339937731,48.89490409964921],[2.48476049945537,48.89483889992314],[2.485009000046303,48.89477829962041],[2.485269899878646,48.89471419982604],[2.485523800410866,48.89465179966333],[2.485590199387765,48.89463540002188],[2.4855700004477432,48.894601799605965],[2.4855506998663466,48.89456880018595],[2.485510999695184,48.89449849971288],[2.485451600119954,48.894393900363205],[2.485413000209135,48.89432560013996],[2.485333300626269,48.89418789983525],[2.485305999383245,48.894141000424824],[2.485292799337299,48.89411839980252],[2.485274199954925,48.894086799963226],[2.4852741002506002,48.8940864002413],[2.4852140000444063,48.89398019964582],[2.4851754994591926,48.89391239976072],[2.4851656005462233,48.89389499962952],[2.4851647997711472,48.89389349973566],[2.4851321005069336,48.89383639957714],[2.485129700295785,48.893832100449764],[2.485122400265865,48.89381960013474],[2.4850608997968537,48.89371189965991],[2.484970399736132,48.8937287997021],[2.484851799832573,48.893750900015554],[2.484690600580199,48.89378039988841],[2.4845488002010185,48.89381550030978],[2.48443229982716,48.89384549978806],[2.484280100342361,48.893883399635726],[2.484092799864626,48.89393090018999],[2.4840902005435366,48.89393170016913]]]},"properties":{"idtup":"93010000AS0201","idcomtxt":"BONDY","source":"Copropriété immatriculée","nom_usage":"SDC VAILLANT LES COTTAGES"}},{"type":"Feature","geometry":{"type":"Polygon","coordinates":[[[2.473714399642867,48.895750000125545],[2.473654300059428,48.89565369968772],[2.4735351003899724,48.89568549959555],[2.4735105999998876,48.89569169963993],[2.473471199385372,48.895701999768455],[2.4734478000298448,48.89570829996758],[2.4734105993226505,48.89564660027616],[2.473393900551294,48.89561909971977],[2.4732157001571236,48.895665400212344],[2.4732573000282128,48.89573309971859],[2.473267500398073,48.89574960013971],[2.47326949959102,48.895752600034534],[2.473267199576803,48.89582179983614],[2.4732644002514004,48.89586579970166],[2.4734469998554203,48.89581829992139],[2.473714399642867,48.895750000125545]]]},"properties":{"idtup":"93010000AT0016","idcomtxt":"BONDY","source":"Copropriété non immatriculée","nom_usage":null}},{"type":"Feature","geometry":{"type":"Polygon","coordinates":[[[2.47597840012735,48.896863900136935],[2.4761181993369523,48.896838500181474],[2.4763812998542734,48.89678990020027],[2.4763786002078216,48.89677000020241],[2.4763527003838983,48.896610200437756],[2.4761108003382284,48.896653699600236],[2.4760727002035288,48.89666080023245],[2.4760328003511267,48.89666809981931],[2.4760220993771163,48.89667019964844],[2.4759213995230427,48.896688600420184],[2.4759068996068145,48.89669100017083],[2.475868000204549,48.89669850013015],[2.47597840012735,48.896863900136935]]]},"properties":{"idtup":"93010000AT0047","idcomtxt":"BONDY","source":"Copropriété immatriculée","nom_usage":"14 RUE JULES LELONG"}},{"type":"Feature","geometry":{"type":"Polygon","coordinates":[[[2.4762854998988386,48.89619509976825],[2.476063300444676,48.89614110013907],[2.476064299510248,48.89615120014658],[2.4760725004014272,48.896230000153366],[2.4760754998949417,48.89625560039744],[2.4760822000635496,48.89632170009385],[2.476091699387314,48.89641420043292],[2.4761524995487005,48.89655269995735],[2.4762964993442584,48.89652630014788],[2.476338200484883,48.89651890043229],[2.476312900321902,48.89636080023806],[2.4763025994639625,48.89630130012453],[2.4762968994686476,48.89626509962217],[2.476289999754302,48.89622220031974],[2.4762854998988386,48.89619509976825]]]},"properties":{"idtup":"93010000AT0051","idcomtxt":"BONDY","source":"Copropriété immatriculée","nom_usage":"COTE TERRASSE"}},{"type":"Feature","geometry":{"type":"Polygon","coordinates":[[[2.476063300444676,48.89614110013907],[2.4759108003362402,48.89610419972075],[2.4758607002312174,48.89609249988777],[2.47587560049697,48.89614800027379],[2.4758970000794758,48.89622679960268],[2.475916099793649,48.896297499578786],[2.4759308000672537,48.89635119955592],[2.4760461004476513,48.89632900012389],[2.4760822000635496,48.89632170009385],[2.4760754998949417,48.89625560039744],[2.4760725004014272,48.896230000153366],[2.476064299510248,48.89615120014658],[2.476063300444676,48.89614110013907]]]},"properties":{"idtup":"93010000AT0052","idcomtxt":"BONDY","source":"Copropriété immatriculée","nom_usage":"SDC 6 RUE SERGENT BOBILLOT"}},{"type":"Feature","geometry":{"type":"Polygon","coordinates":[[[2.4752717005505085,48.8949460004087],[2.4757566002776747,48.89559030011182],[2.4758941005739925,48.89555380006133],[2.476035999656897,48.89580959986941],[2.4760547996284186,48.89580600035206],[2.4760702001685817,48.895844600409745],[2.476082300405125,48.89584060016258],[2.4761087001307276,48.89583199955415],[2.4761937000277525,48.89580390015125],[2.476195500652454,48.89580320027104],[2.4761825997008606,48.89577819971671],[2.476173100602319,48.89575019955747],[2.4761638002004,48.89572359959028],[2.4761556994467546,48.89570139979139],[2.4761504995754313,48.89568599976443],[2.47613010028379,48.89562760024437],[2.4760865000451253,48.895505000075296],[2.476191299465108,48.89547990014773],[2.4762930996343004,48.895455599987606],[2.4763925997610277,48.89543119975355],[2.476321699437466,48.89530309971671],[2.476253600110843,48.89518810041794],[2.476247499813244,48.895177200190574],[2.4761657998283426,48.895040100171094],[2.476107199472009,48.89494109965533],[2.476036300151502,48.89482320025873],[2.4760015993559104,48.89480219973383],[2.475977399477192,48.89480679992935],[2.4759215001604318,48.894817699556086],[2.47572609948834,48.894856500225316],[2.4756677996300165,48.89486780020871],[2.4754361006686256,48.89491350015194],[2.4754051000803896,48.89491960016785],[2.4752717005505085,48.8949460004087]]]},"properties":{"idtup":"93010000AT0066","idcomtxt":"BONDY","source":"Copropriété immatriculée","nom_usage":"220 - 17 Moulin"}},{"type":"Feature","geometry":{"type":"Polygon","coordinates":[[[2.4764316003784987,48.895421399629726],[2.4764650998536197,48.89546630019524],[2.4765748998505814,48.89561559959054],[2.476737999842339,48.89556100035583],[2.4767199997973064,48.89553700008898],[2.476675400531751,48.895477699922104],[2.4766722996031576,48.89547369973468],[2.476635100682184,48.89542339979713],[2.476615099343915,48.89539660020899],[2.4766021006348597,48.895380499725334],[2.4765541993434623,48.89539190044125],[2.4764718998012487,48.8954116995985],[2.4764316003784987,48.895421399629726]]]},"properties":{"idtup":"93010000AT0075","idcomtxt":"BONDY","source":"Copropriété immatriculée","nom_usage":"9 ALLEE DU MOULIN 93140 BONDY"}},{"type":"Feature","geometry":{"type":"Polygon","coordinates":[[[2.476805299650582,48.895843799650876],[2.476715800241211,48.89592660005545],[2.476914999397715,48.8959442001345],[2.4769240005067847,48.895944699895836],[2.4771105994479705,48.89596109979312],[2.477129100657668,48.89586949966216],[2.4770148001575945,48.895860199927455],[2.476805299650582,48.895843799650876]]]},"properties":{"idtup":"93010000AT0087","idcomtxt":"BONDY","source":"Copropriété non immatriculée","nom_usage":null}},{"type":"Feature","geometry":{"type":"Polygon","coordinates":[[[2.4770936993493833,48.89604849993993],[2.4771105994479705,48.89596109979312],[2.4769240005067847,48.895944699895836],[2.476914999397715,48.8959442001345],[2.476715800241211,48.89592660005545],[2.476714600398363,48.895927100224085],[2.476712900282815,48.895927299636334],[2.476666500584991,48.896011800055255],[2.4767089005235587,48.896015300184075],[2.476806599920694,48.89602399978887],[2.4767740005101864,48.896082600194475],[2.4767656004563703,48.896098699785355],[2.4767591003732354,48.89611100000493],[2.4767892004490295,48.896113399568954],[2.4768785002563685,48.89612079978712],[2.4768961002312184,48.8961222004473],[2.4769285995820156,48.89612499985677],[2.4770318999514847,48.89613380018053],[2.4770754006465334,48.89613690029671],[2.4770936993493833,48.89604849993993]]]},"properties":{"idtup":"93010000AT0088","idcomtxt":"BONDY","source":"Copropriété non immatriculée","nom_usage":null}},{"type":"Feature","geometry":{"type":"Polygon","coordinates":[[[2.4770754006465334,48.89613690029671],[2.4770318999514847,48.89613380018053],[2.4769285995820156,48.89612499985677],[2.4768961002312184,48.8961222004473],[2.476884899598482,48.89614350020432],[2.476871999617342,48.89616560011572],[2.476869700150707,48.896170199925855],[2.47683480024421,48.896233499968815],[2.477014300228202,48.89627629966567],[2.477050699840392,48.89626220008505],[2.4770754006465334,48.89613690029671]]]},"properties":{"idtup":"93010000AT0091","idcomtxt":"BONDY","source":"Copropriété immatriculée","nom_usage":"SDC 120 ROGER SALENGRO"}},{"type":"Feature","geometry":{"type":"Polygon","coordinates":[[[2.477651100207212,48.89641129966833],[2.4776486000693865,48.896402599648496],[2.477638400400445,48.89637310012092],[2.4776326001857916,48.896353999596286],[2.477631900489023,48.8963505998574],[2.477604300187279,48.89626529969122],[2.4775969997870106,48.89624169967489],[2.477594900085521,48.89623699972378],[2.477404399801383,48.89621890006064],[2.4772567004932755,48.89620460034804],[2.477229300614548,48.896202100275495],[2.4772015000243153,48.89619929987702],[2.477177099329944,48.896323400416684],[2.4771815002246296,48.89653670044487],[2.477228000503147,48.89655910015792],[2.4774895998692137,48.89652270019323],[2.47767769971508,48.89649590028166],[2.4776666996373375,48.896460799974804],[2.477651100207212,48.89641129966833]]]},"properties":{"idtup":"93010000AT0092","idcomtxt":"BONDY","source":"Copropriété immatriculée","nom_usage":"SDC LE LUTETIA"}},{"type":"Feature","geometry":{"type":"Polygon","coordinates":[[[2.477594900085521,48.89623699972378],[2.4775945996210624,48.89621229981085],[2.4775938999213927,48.89614079994955],[2.477594000170814,48.896079699578145],[2.4774406993436697,48.89606649978966],[2.4773802997829817,48.89606199958084],[2.477287000542414,48.89605450044277],[2.477261899436515,48.89605249963432],[2.4772311995243705,48.89604979989942],[2.4772015000243153,48.89619929987702],[2.477229300614548,48.896202100275495],[2.4772567004932755,48.89620460034804],[2.477404399801383,48.89621890006064],[2.477594900085521,48.89623699972378]]]},"properties":{"idtup":"93010000AT0094","idcomtxt":"BONDY","source":"Copropriété immatriculée","nom_usage":"VILLA FLORENTINE"}},{"type":"Feature","geometry":{"type":"Polygon","coordinates":[[[2.4775932996336256,48.895968999748014],[2.477593999965616,48.89598620027887],[2.4775942004177516,48.896050499907986],[2.4776678996129924,48.896041699689924],[2.4777007996796367,48.896038000436626],[2.4778836995459477,48.89601570014099],[2.4778293995359975,48.8958268001607],[2.4776898000155394,48.895843799853274],[2.47765430026039,48.895848600209305],[2.47758969968308,48.89585650033263],[2.4775932996336256,48.895968999748014]]]},"properties":{"idtup":"93010000AT0100","idcomtxt":"BONDY","source":"Copropriété non immatriculée","nom_usage":null}},{"type":"Feature","geometry":{"type":"Polygon","coordinates":[[[2.478645299550145,48.8960583997351],[2.4786319997831976,48.89601289978432],[2.4786228999141926,48.8959813996625],[2.478613299567227,48.89595030025028],[2.478502700149819,48.89596390005508],[2.4780764002562083,48.8960152001481],[2.4781000995305624,48.89609840042359],[2.4781076996685325,48.89612600004242],[2.478132500344812,48.89621540043688],[2.4786713002178606,48.896147100185985],[2.478645299550145,48.8960583997351]]]},"properties":{"idtup":"93010000AT0111","idcomtxt":"BONDY","source":"Copropriété immatriculée","nom_usage":"4140 - SDC 151/153 AVENUE DE LA REPUBLIQUE"}},{"type":"Feature","geometry":{"type":"Polygon","coordinates":[[[2.4763812998542734,48.89678990020027],[2.476393999975474,48.89687029989206],[2.4766785996645653,48.89683360026771],[2.4766781006053793,48.89683059979461],[2.4766637001410636,48.89674209982971],[2.4766617995113207,48.89672900029876],[2.4766415999065368,48.89660220043174],[2.4766221995148343,48.896484100348644],[2.4766121003141417,48.89641779968361],[2.476610400632183,48.896407100380316],[2.4766064995007975,48.896382700387555],[2.476595099875129,48.896307099680385],[2.4765938999787425,48.89629770026193],[2.476588799749414,48.896268300267074],[2.4762854998988386,48.89619509976825],[2.476289999754302,48.89622220031974],[2.4762968994686476,48.89626509962217],[2.4763025994639625,48.89630130012453],[2.476312900321902,48.89636080023806],[2.476338200484883,48.89651890043229],[2.4763411998859106,48.89653910031674],[2.4763527003838983,48.896610200437756],[2.4763786002078216,48.89677000020241],[2.4763812998542734,48.89678990020027]]]},"properties":{"idtup":"93010000AT0173","idcomtxt":"BONDY","source":"Copropriété immatriculée","nom_usage":"SDC RESIDENCE DEBUSSY"}},{"type":"Feature","geometry":{"type":"Polygon","coordinates":[[[2.4792213998790054,48.896075299779895],[2.4791825003470014,48.89600859978719],[2.479146599404413,48.89594579962979],[2.4791109996060166,48.895884400091376],[2.479099900529777,48.89586470012695],[2.4790753993511703,48.89582210032884],[2.4790514000477186,48.895782099910065],[2.4789510998670576,48.895794100095415],[2.478798400591379,48.89581309990189],[2.4786831993809995,48.89582740019194],[2.4786471005175583,48.895831700017],[2.4786055003986354,48.895837000192515],[2.4785820994854415,48.89583969965423],[2.4786035999676646,48.895917399988754],[2.478613299567227,48.89595030025028],[2.4786228999141926,48.8959813996625],[2.4786319997831976,48.89601289978432],[2.478645299550145,48.8960583997351],[2.4786713002178606,48.896147100185985],[2.4786963004075075,48.89623369998123],[2.478703599661335,48.89625760029253],[2.4787137995672364,48.896293400283774],[2.4787298002628564,48.89635060027664],[2.479331699838139,48.896266900354036],[2.4792611997140686,48.89614500016519],[2.4792332005655005,48.89609700014349],[2.4792213998790054,48.896075299779895]]]},"properties":{"idtup":"93010000AT0195","idcomtxt":"BONDY","source":"Copropriété immatriculée","nom_usage":"SDC 16 20 VAILLANT"}},{"type":"Feature","geometry":{"type":"Polygon","coordinates":[[[2.476107199472009,48.89494109965533],[2.4761657998283426,48.895040100171094],[2.476247499813244,48.895177200190574],[2.476253600110843,48.89518810041794],[2.476321699437466,48.89530309971671],[2.4763925997610277,48.89543119975355],[2.4764316003784987,48.895421399629726],[2.4764718998012487,48.8954116995985],[2.4765541993434623,48.89539190044125],[2.4766021006348597,48.895380499725334],[2.476691900117234,48.89535950029916],[2.4767216993360606,48.89535230024356],[2.4767332994193256,48.8953495999436],[2.4768509005416686,48.89532160024399],[2.476862200542252,48.89531890041925],[2.4768484006466696,48.89529999961034],[2.476923299538176,48.89527460024633],[2.4769897004767225,48.89528850040163],[2.4769910005868376,48.89528820031454],[2.4770050005332496,48.895306199973675],[2.477040699543841,48.89535539969085],[2.4771038002122823,48.89543880015481],[2.4771651001160846,48.89541889989259],[2.4770678006631903,48.89529009959681],[2.4770938996274583,48.89523250039781],[2.477061899649044,48.895225800207456],[2.477070900384655,48.895208400107975],[2.4771137994531496,48.89511420043011],[2.4770317002887015,48.895096600377215],[2.4770267004119506,48.895105399867084],[2.4765714004192896,48.89501279989334],[2.476575299761031,48.89500250005981],[2.476430499822912,48.894973000150664],[2.47635819983741,48.89495929961151],[2.4763397996573557,48.894955999625694],[2.4763404006443404,48.89495510024634],[2.4761100998589276,48.89490849978583],[2.4761050004352736,48.89491009983161],[2.476107199472009,48.89494109965533]]]},"properties":{"idtup":"93010000AT0210","idcomtxt":"BONDY","source":"Copropriété non immatriculée","nom_usage":null}},{"type":"Feature","geometry":{"type":"Polygon","coordinates":[[[2.4771651001160846,48.89541889989259],[2.4771737002977265,48.89543120041615],[2.4771839001579825,48.89543320004345],[2.4771543994777203,48.89549229973554],[2.477136599469854,48.89548870032727],[2.476931200244887,48.89555730015859],[2.476970399722532,48.89560740009406],[2.4770085004430333,48.89565649968084],[2.4770509994864782,48.895664500264715],[2.477199999898948,48.895693999746165],[2.4772854002931237,48.89551819973706],[2.4773129999554087,48.8954595998271],[2.4773895005445143,48.89529760033199],[2.477376399956077,48.89528660036826],[2.477365400107306,48.89527530020865],[2.4773455994302775,48.89525280031345],[2.4773337005308362,48.89523310027697],[2.4773229996251516,48.89520859955968],[2.4773168001111374,48.895184599618005],[2.477315200201563,48.8951558003532],[2.4771137994531496,48.89511420043011],[2.477070900384655,48.895208400107975],[2.477061899649044,48.895225800207456],[2.4770938996274583,48.89523250039781],[2.4770678006631903,48.89529009959681],[2.4771651001160846,48.89541889989259]]]},"properties":{"idtup":"93010000AT0207","idcomtxt":"BONDY","source":"Copropriété immatriculée","nom_usage":"SDC LES BALCONS DU MOULIN"}},{"type":"Feature","geometry":{"type":"Polygon","coordinates":[[[2.47683040029021,48.894892999725855],[2.4768840993584247,48.894885100053564],[2.4768818002082758,48.894876099614045],[2.4770165005039684,48.89485669989033],[2.4770200998477216,48.8948658004329],[2.4770547001012186,48.894860599739836],[2.477057699408857,48.894870099652266],[2.4770884002857314,48.894865300100605],[2.4770858995212297,48.89485600021393],[2.4771222998450737,48.89485109963693],[2.477119399654287,48.8948411001427],[2.47744269989688,48.89479459970984],[2.477427899851728,48.89482369973321],[2.4774062997516673,48.89481959995098],[2.4773849999744457,48.894861400429726],[2.4773762006241045,48.894866499783326],[2.477372999446157,48.894873299880274],[2.477375899371108,48.894881700394606],[2.4773808000518684,48.894885899973026],[2.4773872999413102,48.894888399641026],[2.477384400056099,48.89489630000906],[2.47732539972687,48.89492510009951],[2.477313599655375,48.89492259977779],[2.477313700279042,48.89491379957557],[2.4773077002597486,48.89490770035137],[2.4772978006213693,48.89490420019697],[2.477285800668808,48.894904899642036],[2.4772739994614197,48.89491079976021],[2.477291199898627,48.894875200134265],[2.4771621993175392,48.89489380038419],[2.477166800307908,48.89491099997874],[2.476958100424528,48.89494289994557],[2.477076700395316,48.89498550016517],[2.4773663995009447,48.89504489976496],[2.477381400448095,48.89502990000214],[2.477406700514027,48.89501040007243],[2.4774483002037897,48.89498620042579],[2.477485599478061,48.89497110009797],[2.4775216004084104,48.89496020016355],[2.4775523999143054,48.894953999799704],[2.477614400581771,48.89482149983262],[2.4774463004015885,48.89478809992381],[2.4773328996825055,48.89476630040063],[2.476813999913557,48.894838500070826],[2.47683040029021,48.894892999725855]]]},"properties":{"idtup":"93010000AT0212","idcomtxt":"BONDY","source":"Copropriété non immatriculée","nom_usage":null}},{"type":"Feature","geometry":{"type":"Polygon","coordinates":[[[2.477788599816954,48.8956858004167],[2.477741200263745,48.895519100188196],[2.477706699919822,48.89539670037447],[2.477700800339586,48.89537650044684],[2.4776721003521565,48.895379100178594],[2.477642099861112,48.89537999993283],[2.4776081003676267,48.89537940017429],[2.4775669996807324,48.895374100215385],[2.4775376003617593,48.89536810036969],[2.4775038004771326,48.89535929975439],[2.477494799371415,48.895377699913496],[2.4774604994214937,48.89544929982067],[2.4773424994856073,48.89569610020858],[2.4775463002004394,48.89570999978604],[2.4775777999622552,48.89571139983278],[2.477661199774685,48.8957013001668],[2.477788599816954,48.8956858004167]]]},"properties":{"idtup":"93010000AT0215","idcomtxt":"BONDY","source":"Copropriété immatriculée","nom_usage":"SDC LE DANTON"}},{"type":"Feature","geometry":{"type":"Polygon","coordinates":[[[2.477199999898948,48.895693999746165],[2.4770509994864782,48.895664500264715],[2.4770085004430333,48.89565649968084],[2.476970900480375,48.895692100081945],[2.4769262998965247,48.895734299597144],[2.477066599493864,48.89576370008544],[2.477157399390502,48.89578369967007],[2.477191099916581,48.89571250014222],[2.477199999898948,48.895693999746165]]]},"properties":{"idtup":"93010000AT0218","idcomtxt":"BONDY","source":"Copropriété immatriculée","nom_usage":"SDC 130 SALENGRO"}},{"type":"Feature","geometry":{"type":"Polygon","coordinates":[[[2.4746285998315836,48.893513999858406],[2.4745256998572867,48.89348499975445],[2.474399000343421,48.8934514003493],[2.4741689996154106,48.89338780039715],[2.4738575997402417,48.8933039001667],[2.473724000002844,48.893316300053264],[2.4736737996658125,48.89332089973158],[2.473504199931577,48.89355479968519],[2.4734499005301167,48.89363010034655],[2.4734857998354496,48.89367820044358],[2.473561399857807,48.89378060006971],[2.473603899879563,48.893837000099765],[2.4736455994339956,48.893893800383516],[2.4737087995470857,48.89387760008765],[2.473830199825309,48.89384679978304],[2.47409210018061,48.893779900311245],[2.47422829937584,48.89374520043194],[2.4744255006410616,48.89369539982381],[2.474545799650757,48.893663899691305],[2.47456320050385,48.893659400350124],[2.474597000172121,48.89365089997844],[2.4747092006748437,48.8936225998691],[2.474785099503648,48.893603399748066],[2.474871499899963,48.89357990016118],[2.4747495002925044,48.89354680017473],[2.4746285998315836,48.893513999858406]]]},"properties":{"idtup":"93010000AU0014","idcomtxt":"BONDY","source":"Copropriété immatriculée","nom_usage":"RESIDENCE COEUR ABONDY"}},{"type":"Feature","geometry":{"type":"Polygon","coordinates":[[[2.476205199825481,48.89319549970952],[2.4765094002810693,48.89313370008401],[2.4765940005745466,48.89311640022434],[2.476685899467502,48.89309659974072],[2.476791200461134,48.893075499783684],[2.476560700369674,48.892932299712434],[2.4758976995850817,48.893065700319774],[2.4757478999981677,48.89309580014691],[2.4755408993187573,48.89313810024304],[2.475390400420569,48.89316879999776],[2.475232199788437,48.893201099861194],[2.4751634002613723,48.89321519991582],[2.4751585003339605,48.89321610023431],[2.4751761997168558,48.89325529962841],[2.4751852006529287,48.893273899953066],[2.475227299723994,48.893362500191415],[2.47524169966793,48.893392799920974],[2.4752529993375125,48.893417299897294],[2.475132999728962,48.89344909972706],[2.475027099777277,48.893476300120504],[2.4751699000057843,48.89350520037875],[2.4751514003896893,48.89353549981297],[2.4752919003738882,48.893497099821296],[2.4754574000279908,48.89346059969964],[2.4755612996544962,48.89343819967987],[2.47599980002936,48.893345699712235],[2.476181299709394,48.89330730000908],[2.476254699803889,48.89329140018704],[2.476241500195472,48.89326509966813],[2.476208500676248,48.89320319965812],[2.476205199825481,48.89319549970952]]]},"properties":{"idtup":"93010000AU0027","idcomtxt":"BONDY","source":"Plusieurs copropriétés immatriculées","nom_usage":"SDC LES CEDRES - PRINCIPAL"}},{"type":"Feature","geometry":{"type":"Polygon","coordinates":[[[2.476205199825481,48.89319549970952],[2.4765094002810693,48.89313370008401],[2.4765940005745466,48.89311640022434],[2.476685899467502,48.89309659974072],[2.476791200461134,48.893075499783684],[2.476560700369674,48.892932299712434],[2.4758976995850817,48.893065700319774],[2.4757478999981677,48.89309580014691],[2.4755408993187573,48.89313810024304],[2.475390400420569,48.89316879999776],[2.475232199788437,48.893201099861194],[2.4751634002613723,48.89321519991582],[2.4751585003339605,48.89321610023431],[2.4751761997168558,48.89325529962841],[2.4751852006529287,48.893273899953066],[2.475227299723994,48.893362500191415],[2.47524169966793,48.893392799920974],[2.4752529993375125,48.893417299897294],[2.475132999728962,48.89344909972706],[2.475027099777277,48.893476300120504],[2.4751699000057843,48.89350520037875],[2.4751514003896893,48.89353549981297],[2.4752919003738882,48.893497099821296],[2.4754574000279908,48.89346059969964],[2.4755612996544962,48.89343819967987],[2.47599980002936,48.893345699712235],[2.476181299709394,48.89330730000908],[2.476254699803889,48.89329140018704],[2.476241500195472,48.89326509966813],[2.476208500676248,48.89320319965812],[2.476205199825481,48.89319549970952]]]},"properties":{"idtup":"93010000AU0027","idcomtxt":"BONDY","source":"Plusieurs copropriétés immatriculées","nom_usage":"SDC LES CEDRES-SECONDAIRE"}},{"type":"Feature","geometry":{"type":"Polygon","coordinates":[[[2.4760345002087556,48.8928949001724],[2.4761409996768453,48.892874500295946],[2.4761230995347865,48.89283919956836],[2.4760973996502575,48.89278449984541],[2.476040699931584,48.89266589971274],[2.4760243005211016,48.89263069995714],[2.4759193006468063,48.89265269987497],[2.476017399835872,48.89286050044129],[2.4760345002087556,48.8928949001724]]]},"properties":{"idtup":"93010000AU0042","idcomtxt":"BONDY","source":"Copropriété non immatriculée","nom_usage":null}},{"type":"Feature","geometry":{"type":"Polygon","coordinates":[[[2.476387700086504,48.892823599974356],[2.4763443996445247,48.89279680001587],[2.4762583993537777,48.892743299801886],[2.4761945999481236,48.89268859982841],[2.4761625001016156,48.89261729960801],[2.476144700166736,48.89260579958849],[2.4760243005211016,48.89263069995714],[2.476040699931584,48.89266589971274],[2.4760973996502575,48.89278449984541],[2.4761230995347865,48.89283919956836],[2.4761409996768453,48.892874500295946],[2.4762720006704466,48.89284679985912],[2.4763175999637035,48.892837999872924],[2.4763574000949182,48.89282919969159],[2.476387700086504,48.892823599974356]]]},"properties":{"idtup":"93010000AU0043","idcomtxt":"BONDY","source":"Copropriété immatriculée","nom_usage":"22 et 24 rue de Varsovie et 12 rue David Leder"}},{"type":"Feature","geometry":{"type":"Polygon","coordinates":[[[2.4768780995195647,48.89262549993674],[2.476919200665199,48.89271469960012],[2.476985499876536,48.89270120004597],[2.4770540994593215,48.89268719969206],[2.4774080993722833,48.8926153999598],[2.4774482999984637,48.892510400036436],[2.4773001996891533,48.892539400374005],[2.4772963005811515,48.8925401999292],[2.477098000267045,48.89258009996891],[2.477008000073472,48.89259890003857],[2.4769693000737867,48.892607100005264],[2.4768780995195647,48.89262549993674]]]},"properties":{"idtup":"93010000AU0053","idcomtxt":"BONDY","source":"Copropriété immatriculée","nom_usage":"SDC 14 rue Etienne Dolet"}},{"type":"Feature","geometry":{"type":"Polygon","coordinates":[[[2.4777968998598876,48.893695099892795],[2.477702300163772,48.893704399885785],[2.4776075001712248,48.89371490040903],[2.477622200316879,48.893781900199855],[2.477621600129309,48.893790200014124],[2.4775904995632416,48.893792899869744],[2.477492499448544,48.89380029990874],[2.477478600008288,48.8938017995647],[2.477483300181687,48.8938275997009],[2.477495099709481,48.89389020000954],[2.4775599002195685,48.893919900065114],[2.4777340004302792,48.89389439962237],[2.477852299919553,48.89387729980538],[2.477833600356464,48.893756600084124],[2.4778306996228885,48.89373739975154],[2.4778227999389597,48.89369279998292],[2.4777968998598876,48.893695099892795]]]},"properties":{"idtup":"93010000AU0062","idcomtxt":"BONDY","source":"Copropriété immatriculée","nom_usage":"SDC  6 ROUTE DE VILLEMOMBLE"}},{"type":"Feature","geometry":{"type":"Polygon","coordinates":[[[2.479139299415062,48.89352289982229],[2.4791521003225414,48.89358280010607],[2.4791687999352012,48.89366689979447],[2.4791710996013157,48.893682699885524],[2.479460799389609,48.89364100035522],[2.479489600613245,48.89361630008567],[2.4794535003811506,48.89348529981107],[2.4794254999263883,48.893488299599305],[2.4793080993736614,48.89350279957686],[2.4791959997935713,48.89351570013779],[2.479139299415062,48.89352289982229]]]},"properties":{"idtup":"93010000AU0083","idcomtxt":"BONDY","source":"Copropriété immatriculée","nom_usage":"SDC 20 ROUTE DE VILLEMOMBLE"}},{"type":"Feature","geometry":{"type":"Polygon","coordinates":[[[2.4788592002027774,48.89278629955895],[2.478885999741678,48.892938000438335],[2.479020899372391,48.892922499629606],[2.479290299483464,48.892890199913985],[2.47924970041989,48.892739199932],[2.479203400335192,48.89274489985878],[2.4791089995585116,48.892756600290035],[2.4790914003739526,48.89275850042091],[2.4789900004861116,48.89277139967042],[2.4788592002027774,48.89278629955895]]]},"properties":{"idtup":"93010000AU0090","idcomtxt":"BONDY","source":"Copropriété immatriculée","nom_usage":"14 AVENUE DE NANCY (93140) BONDY"}},{"type":"Feature","geometry":{"type":"Polygon","coordinates":[[[2.4765094002810693,48.89313370008401],[2.476205199825481,48.89319549970952],[2.476208500676248,48.89320319965812],[2.476241500195472,48.89326509966813],[2.476254699803889,48.89329140018704],[2.476280499921093,48.89334160013652],[2.4763044004449046,48.89338919995724],[2.4766285004691304,48.89331929973397],[2.476580299544824,48.89322150035434],[2.476554199934215,48.89322630010684],[2.4765094002810693,48.89313370008401]]]},"properties":{"idtup":"93010000AU0132","idcomtxt":"BONDY","source":"Copropriété non immatriculée","nom_usage":null}},{"type":"Feature","geometry":{"type":"Polygon","coordinates":[[[2.4741830001670166,48.893075399869495],[2.4741518997533865,48.8930167999878],[2.474003900588915,48.89304680032508],[2.4739057996798146,48.893100300172385],[2.473855699644039,48.893158699854794],[2.473898699629791,48.893203800368106],[2.4742811994449236,48.893305099566],[2.474300499874428,48.893298999734036],[2.4742792004424903,48.893256699768095],[2.474241400614198,48.893186199603505],[2.47423760022052,48.89317869975106],[2.474202500630664,48.89311350027244],[2.4741830001670166,48.893075399869495]]]},"properties":{"idtup":"93010000AU0148","idcomtxt":"BONDY","source":"Copropriété non immatriculée","nom_usage":null}},{"type":"Feature","geometry":{"type":"Polygon","coordinates":[[[2.478713600208259,48.89199479975708],[2.478528000152912,48.89201089961823],[2.4785178997049946,48.89201170008657],[2.47850430000167,48.89201260042697],[2.4784157997277183,48.89201960012793],[2.4783807004781058,48.89202239968181],[2.4782591004577568,48.89203299981465],[2.478235399650887,48.8920349002145],[2.47816480020925,48.89204090035072],[2.47796180014785,48.89205819963176],[2.4779690999814843,48.89210969995928],[2.4779816000243002,48.8921973995593],[2.477995899625298,48.89230149964477],[2.478038999605565,48.89258710015721],[2.4780942994057127,48.89297369960305],[2.478100400133044,48.89302429983806],[2.4781025993432024,48.89303579991748],[2.4781097003613137,48.893085800171676],[2.478206499584756,48.893077100288096],[2.478252099554148,48.89307379975549],[2.4782992001267083,48.893070600170695],[2.478389700027668,48.89306239969169],[2.4784279998097594,48.893058900021934],[2.4786154999495427,48.89304369980461],[2.4786529997421014,48.89326909993298],[2.4787025993453877,48.893550300027414],[2.478708400199478,48.893586099845585],[2.4787152001300825,48.893623600110544],[2.4787155004280015,48.89362630024799],[2.4787272000005633,48.8936271003016],[2.4790189998870478,48.89366190001797],[2.4790101997951832,48.89361000030722],[2.478966699754979,48.89337479965606],[2.4789453993839583,48.89326080030254],[2.478924599717823,48.8931516998584],[2.478903799409482,48.89302850000206],[2.478888799822992,48.89295530007604],[2.478885999741678,48.892938000438335],[2.4788592002027774,48.89278629955895],[2.4788395002479895,48.8926790995848],[2.4788326000935164,48.89263689995765],[2.4788230995819234,48.89258919961582],[2.4788107000895776,48.89251760004878],[2.4788013003020866,48.892465700354634],[2.4787780001012076,48.892340100045985],[2.478755600133811,48.89221600009079],[2.4787245005131915,48.89204569968337],[2.4787211001269727,48.8920238001328],[2.478713600208259,48.89199479975708]]]},"properties":{"idtup":"93010000AU0163","idcomtxt":"BONDY","source":"Copropriété immatriculée","nom_usage":"SDC Les Eglantiers"}},{"type":"Feature","geometry":{"type":"Polygon","coordinates":[[[2.4803362994706486,48.89102739965559],[2.480169399560633,48.89106279971548],[2.480100800150621,48.89107639986995],[2.4800809006609783,48.8910972998226],[2.480095099412799,48.891173099750254],[2.480261099775315,48.89116049975162],[2.4803950006357094,48.891151100285875],[2.4803362994706486,48.89102739965559]]]},"properties":{"idtup":"93010000AV0012","idcomtxt":"BONDY","source":"Copropriété immatriculée","nom_usage":"25 avenue de Belfort 93140 BONDY"}},{"type":"Feature","geometry":{"type":"Polygon","coordinates":[[[2.4826342998852864,48.893199799985716],[2.4826116998808896,48.89314619967025],[2.482581900127251,48.89307529967957],[2.4825759994421923,48.89306039958835],[2.482571600176932,48.893049499821984],[2.482533299642556,48.89296129991556],[2.4824835997974746,48.89297000000733],[2.4824631003051825,48.89297389985675],[2.48242900050558,48.89298080037636],[2.4824333004263313,48.892991400248995],[2.482457000246699,48.89304890027384],[2.4824650997548523,48.893067200274665],[2.4824771002435364,48.89309479981616],[2.4824987001606567,48.89314650009198],[2.4825184002972613,48.89319599963307],[2.482555499938797,48.893211000366485],[2.4826342998852864,48.893199799985716]]]},"properties":{"idtup":"93010000AV0068","idcomtxt":"BONDY","source":"Copropriété non immatriculée","nom_usage":null}},{"type":"Feature","geometry":{"type":"Polygon","coordinates":[[[2.48261750054453,48.892569600230146],[2.4826108006461336,48.89257089956496],[2.482610300477558,48.89257099992535],[2.482561199980789,48.89258050032907],[2.482501199371092,48.89259179989335],[2.4824596996577157,48.89259910011318],[2.4824300998650894,48.89260500026414],[2.4823759005882393,48.89261469978478],[2.4823538999849966,48.89261870014558],[2.4822836993311244,48.892631200154526],[2.482314500504867,48.8927067998819],[2.4824085005842584,48.89268949968295],[2.482409999713164,48.89268920039691],[2.4825088999550524,48.89267150042143],[2.4825361006104876,48.892666300339535],[2.4826505998952,48.8926451000868],[2.4826410003236856,48.89262389962841],[2.48261750054453,48.892569600230146]]]},"properties":{"idtup":"93010000AV0072","idcomtxt":"BONDY","source":"Copropriété non immatriculée","nom_usage":null}},{"type":"Feature","geometry":{"type":"Polygon","coordinates":[[[2.4806600005609183,48.893253200351865],[2.4805089998362453,48.893278700038444],[2.480451399345016,48.89328840011942],[2.480474299648319,48.89334339967621],[2.4804788996526255,48.89335559989286],[2.480494600606107,48.89339769997675],[2.480527800626846,48.89348499976203],[2.4807078997421366,48.89345860012716],[2.4807295998539485,48.89343500009706],[2.4806710002944037,48.893282999943416],[2.4806600005609183,48.893253200351865]]]},"properties":{"idtup":"93010000AV0114","idcomtxt":"BONDY","source":"Copropriété non immatriculée","nom_usage":null}},{"type":"Feature","geometry":{"type":"Polygon","coordinates":[[[2.4796343002066523,48.892154400386616],[2.479524400420066,48.892168700253215],[2.4795171995933485,48.89216990011262],[2.4794798004982583,48.892174100112555],[2.4794980996484184,48.89222589995308],[2.479509299906426,48.89225819974104],[2.4795187998174133,48.89229060005383],[2.479529700492438,48.89232040024887],[2.4796874005301355,48.892294799594346],[2.4796343002066523,48.892154400386616]]]},"properties":{"idtup":"93010000AV0150","idcomtxt":"BONDY","source":"Copropriété non immatriculée","nom_usage":null}},{"type":"Feature","geometry":{"type":"Polygon","coordinates":[[[2.4797960995594783,48.893104800128306],[2.4797299996578155,48.89311380014935],[2.4796076000118856,48.893130900192794],[2.479531799648985,48.89314050005734],[2.479502899329675,48.89314539979339],[2.479536099531749,48.89326770015021],[2.479583700364012,48.89326139961314],[2.4796834002084083,48.89324810037713],[2.4797283999210076,48.893242499835374],[2.4797779996807874,48.89323569979522],[2.4798370003162526,48.89322770042034],[2.4798350005290573,48.89322049994727],[2.479802700658742,48.89312760024874],[2.4797960995594783,48.893104800128306]]]},"properties":{"idtup":"93010000AV0163","idcomtxt":"BONDY","source":"Copropriété non immatriculée","nom_usage":null}},{"type":"Feature","geometry":{"type":"Polygon","coordinates":[[[2.4798370003162526,48.89322770042034],[2.4797779996807874,48.89323569979522],[2.4797283999210076,48.893242499835374],[2.4796834002084083,48.89324810037713],[2.479583700364012,48.89326139961314],[2.479536099531749,48.89326770015021],[2.47956770065656,48.89338229993311],[2.479612499540401,48.8933762003443],[2.479728900639461,48.89336149967631],[2.4798591993542867,48.893344500369224],[2.4798776003966863,48.893342900381],[2.479844399760432,48.89324950037297],[2.4798435001107495,48.893245900122345],[2.4798370003162526,48.89322770042034]]]},"properties":{"idtup":"93010000AV0164","idcomtxt":"BONDY","source":"Copropriété non immatriculée","nom_usage":null}},{"type":"Feature","geometry":{"type":"Polygon","coordinates":[[[2.4797449996048737,48.89344260018579],[2.479656900633889,48.8934532996132],[2.47961539935834,48.893458599672506],[2.4795904000077535,48.893462500160005],[2.4796233000890044,48.893581299934915],[2.479677699322079,48.89360769994602],[2.4797921998159813,48.893590800239494],[2.479765300344078,48.893510499978206],[2.4797617993838745,48.89349520009048],[2.4797449996048737,48.89344260018579]]]},"properties":{"idtup":"93010000AV0167","idcomtxt":"BONDY","source":"Copropriété immatriculée","nom_usage":"S144"}},{"type":"Feature","geometry":{"type":"Polygon","coordinates":[[[2.480768899627425,48.89200519961478],[2.4808789006570784,48.89229159999072],[2.4808903995330676,48.89232030009619],[2.4809151996875856,48.89238310038419],[2.480922199657035,48.8924015000571],[2.4809656004935365,48.89251420009275],[2.481007100675292,48.89262179996415],[2.481044900198593,48.89271769992554],[2.4810890002294905,48.89283309994479],[2.481134499469607,48.89294989992901],[2.4812152002651,48.893160199924125],[2.4813010002868463,48.89337839986743],[2.4818095998864007,48.89331110037142],[2.4820439005033545,48.89327979999515],[2.4819668994648043,48.89308550004757],[2.481946500559189,48.89303349999999],[2.4819255000090186,48.89298069965488],[2.4819163001660307,48.89295909978066],[2.4819049004695986,48.89292790013899],[2.481870300398397,48.89284129970154],[2.4818313996254138,48.89274529992631],[2.4817975004832995,48.89265750010669],[2.4817862003372655,48.89263070030428],[2.4817720006166915,48.89259390020473],[2.4817454994535177,48.89252800001901],[2.481719099469954,48.89246029984035],[2.4816943994541822,48.89239829964862],[2.4816589999038556,48.89231070010739],[2.4816250994155507,48.892224599894114],[2.481575900127129,48.89209720000723],[2.4815393004132615,48.892006899972635],[2.4815056996024007,48.89192430021854],[2.4814648004193964,48.891819300267855],[2.481446500622952,48.891775599914304],[2.4814351999418043,48.891746700160596],[2.4814186004373453,48.891705099861056],[2.480704000532358,48.89183679998918],[2.480768899627425,48.89200519961478]]]},"properties":{"idtup":"93010000AV0209","idcomtxt":"BONDY","source":"Copropriété immatriculée","nom_usage":"SDC Les Platanes"}},{"type":"Feature","geometry":{"type":"Polygon","coordinates":[[[2.483136200036263,48.890535800314595],[2.483075600495816,48.890544899672044],[2.4830352995528813,48.89055100019376],[2.4829348995227614,48.89056620035032],[2.4829629006296114,48.89063299988225],[2.482981199774521,48.89067960032555],[2.4829944996208417,48.8907138001444],[2.4829994000972784,48.890719399737094],[2.483034699956186,48.89071399978499],[2.483115800369649,48.89070010028135],[2.4831122006372444,48.890688899994664],[2.483126200501009,48.89068680027697],[2.4831914996468645,48.8906758002463],[2.483136200036263,48.890535800314595]]]},"properties":{"idtup":"93010000AX0017","idcomtxt":"BONDY","source":"Copropriété non immatriculée","nom_usage":null}},{"type":"Feature","geometry":{"type":"Polygon","coordinates":[[[2.4826095994938067,48.89078430032159],[2.4825762993777647,48.890790199814006],[2.482612199677265,48.890879199797475],[2.482615399524883,48.89088740006276],[2.4826671998545824,48.89101670034905],[2.4827994001835916,48.890992099669155],[2.4827864005842786,48.89095609981158],[2.4827537005313953,48.89087659965762],[2.482745599658187,48.890857500144214],[2.4827210996282876,48.89079769975816],[2.4827091996231103,48.89076840001603],[2.4826311001245456,48.89078140030735],[2.4826095994938067,48.89078430032159]]]},"properties":{"idtup":"93010000AX0023","idcomtxt":"BONDY","source":"Copropriété non immatriculée","nom_usage":null}},{"type":"Feature","geometry":{"type":"Polygon","coordinates":[[[2.4829994000972784,48.890719399737094],[2.482981300462757,48.89072330014824],[2.483019000071668,48.89081960030461],[2.483069600630924,48.89094140037319],[2.4832073996550155,48.89091549962421],[2.4832011998513,48.89090229974191],[2.4831931995106697,48.89088019968891],[2.4831705004873244,48.8908280998885],[2.483158099446775,48.89080020005825],[2.483115800369649,48.89070010028135],[2.483034699956186,48.89071399978499],[2.4829994000972784,48.890719399737094]]]},"properties":{"idtup":"93010000AX0026","idcomtxt":"BONDY","source":"Copropriété non immatriculée","nom_usage":null}},{"type":"Feature","geometry":{"type":"Polygon","coordinates":[[[2.4831311002465144,48.89126730044529],[2.4831115001534934,48.89122339956613],[2.4830914003030253,48.89117969976904],[2.483077700266791,48.89114979965813],[2.4830509998304158,48.89109440008538],[2.483027500421468,48.89104269970432],[2.482774500648678,48.89109030042717],[2.4827982002023674,48.891141599728556],[2.4828654006480995,48.89128979980093],[2.482881400468678,48.891322399706084],[2.4828818998325395,48.89132540016841],[2.4828951996194295,48.89132349980009],[2.482989600584775,48.89130469991437],[2.483134899664549,48.8912757002306],[2.4831342995981887,48.89127459958069],[2.4831311002465144,48.89126730044529]]]},"properties":{"idtup":"93010000AX0045","idcomtxt":"BONDY","source":"Copropriété immatriculée","nom_usage":"SDC 57-59 AV DE L'EST - BONDY"}},{"type":"Feature","geometry":{"type":"Polygon","coordinates":[[[2.4826492002683236,48.891113599907435],[2.482596999829388,48.89112310042907],[2.482522899723239,48.891136799607324],[2.4824830000565328,48.891144599577366],[2.4824126998730307,48.89115729978651],[2.4824042005155516,48.891170199652734],[2.4824218006224705,48.89120929957423],[2.4824537000881177,48.89128150021795],[2.482577400468583,48.8912579997787],[2.482611499349756,48.89125189959467],[2.4827031994174473,48.89123369979594],[2.482692299557106,48.89120859967521],[2.482690699886228,48.89120309976682],[2.4826760995749697,48.891173100393324],[2.4826726997056547,48.89116540018461],[2.4826600004269586,48.8911372004505],[2.4826492002683236,48.891113599907435]]]},"properties":{"idtup":"93010000AX0049","idcomtxt":"BONDY","source":"Copropriété non immatriculée","nom_usage":null}},{"type":"Feature","geometry":{"type":"Polygon","coordinates":[[[2.4829818996101625,48.89243350036825],[2.4830092997632063,48.89249390037787],[2.4830623003573686,48.89248319985885],[2.4831495003453825,48.89246609994602],[2.4832508005521152,48.89244589973877],[2.4832850997571145,48.89243809963394],[2.4832761999689934,48.89242029983976],[2.483269200634784,48.89240560007649],[2.4832567994140873,48.89237849978516],[2.483152200056124,48.89239939981166],[2.4829818996101625,48.89243350036825]]]},"properties":{"idtup":"93010000AX0058","idcomtxt":"BONDY","source":"Copropriété immatriculée","nom_usage":"13-15 allée de l'Orme 93140 BONDY"}},{"type":"Feature","geometry":{"type":"Polygon","coordinates":[[[2.483371799945447,48.89293689960174],[2.4833675001999427,48.89292750034343],[2.4833558998875462,48.89290089995074],[2.483342699895145,48.89287360018538],[2.4833318994401674,48.89285009956631],[2.483304300639286,48.892855700102054],[2.4832152993817513,48.89287269972173],[2.4831866001742693,48.89287799960831],[2.483227500419334,48.89296450003826],[2.483242199610999,48.89299520028155],[2.483279599892108,48.89307679962672],[2.483294199330699,48.893108899656085],[2.483325699422366,48.89310379978489],[2.483443399333995,48.8930871001481],[2.4834413996702938,48.89307970009004],[2.483414899959333,48.893026200012116],[2.4834040006090468,48.89300400027875],[2.4833873998576634,48.89296810013295],[2.483371799945447,48.89293689960174]]]},"properties":{"idtup":"93010000AX0064","idcomtxt":"BONDY","source":"Copropriété non immatriculée","nom_usage":null}},{"type":"Feature","geometry":{"type":"Polygon","coordinates":[[[2.482986700171336,48.891525099723275],[2.4830258995911723,48.89160900027591],[2.4830454995203914,48.89165319972408],[2.4830859999435484,48.891645500187146],[2.483162799902429,48.89163150025599],[2.4831554997955325,48.8916173000933],[2.4831002004372764,48.891501499849745],[2.483044400296016,48.89151239964321],[2.483019700191823,48.89151759984702],[2.482986700171336,48.891525099723275]]]},"properties":{"idtup":"93010000AX0080","idcomtxt":"BONDY","source":"Copropriété non immatriculée","nom_usage":null}},{"type":"Feature","geometry":{"type":"Polygon","coordinates":[[[2.483554400252198,48.89047190002786],[2.4835691000554574,48.890521600080966],[2.483574799511882,48.89053740040107],[2.4835784000807046,48.89054880032595],[2.483599899998005,48.89061870037665],[2.4836434999591663,48.89075479967202],[2.4836495002566874,48.890777400083124],[2.483714800533461,48.89077220033712],[2.483776899699568,48.890767299716245],[2.4839059003229154,48.89075760001368],[2.484031299583212,48.89074839996035],[2.484161099666111,48.89073769979542],[2.4842862993251407,48.890727299832214],[2.4844308000173854,48.890716300263556],[2.4845828995275205,48.89070449956598],[2.4847336998658274,48.89069249973286],[2.4849786005813903,48.890673000416335],[2.4851401998316085,48.89066039991179],[2.4851161005460765,48.89061179997647],[2.485026300186885,48.8904264000749],[2.484999399382398,48.89037329958777],[2.4845765996956493,48.89039910013254],[2.484114399594615,48.89043079980574],[2.4838869006116227,48.890444499849714],[2.4837332999046904,48.8904554999975],[2.483552399432759,48.89046600000204],[2.483554400252198,48.89047190002786]]]},"properties":{"idtup":"93010000AX0179","idcomtxt":"BONDY","source":"Copropriété immatriculée","nom_usage":"SDC Bondy Belfort"}},{"type":"Feature","geometry":{"type":"Polygon","coordinates":[[[2.483023499995226,48.890460199622034],[2.483126199407461,48.89044469995247],[2.4831051999991387,48.890384900344884],[2.4830734004831894,48.89029929959001],[2.483072499569465,48.89029210029976],[2.4830083002444243,48.89030130009521],[2.4829694996767335,48.89030630001919],[2.4829067998844487,48.89031459972775],[2.48287350036212,48.89031909997583],[2.482866900559305,48.890320100287475],[2.482774499764953,48.89033240039935],[2.4827353006745176,48.89033769979589],[2.482729699540586,48.89033879974113],[2.482682700115026,48.890344999810175],[2.4827083006107276,48.89041920028148],[2.4827144002486947,48.89043560041685],[2.4827299996081935,48.89047690038791],[2.482739899905477,48.89050280019018],[2.4828379999984307,48.89048819999735],[2.482896000473263,48.89048030001073],[2.4829311003294343,48.89047469957753],[2.4829691001119762,48.89046850012284],[2.483023499995226,48.890460199622034]]]},"properties":{"idtup":"93010000AX0195","idcomtxt":"BONDY","source":"Copropriété immatriculée","nom_usage":"SDC 66 68 avenue de Belfort"}},{"type":"Feature","geometry":{"type":"Polygon","coordinates":[[[2.490663699816306,48.89196380004715],[2.490369299347158,48.8917355002552],[2.490364599742808,48.89173199992057],[2.490330000364265,48.89170500013567],[2.4902556994165175,48.891647399556305],[2.49023660047949,48.891632199934996],[2.4902082998985904,48.89161099960381],[2.4901181996667385,48.891678700136886],[2.4901478003009347,48.89170139977903],[2.4902216998296196,48.89176349976532],[2.4902516994612824,48.89178849971701],[2.4903022006777986,48.89182990042622],[2.49046899996656,48.89196570026096],[2.490663699816306,48.89196380004715]]]},"properties":{"idtup":"93010000AY0054","idcomtxt":"BONDY","source":"Copropriété non immatriculée","nom_usage":null}},{"type":"Feature","geometry":{"type":"Polygon","coordinates":[[[2.490819699602325,48.891520200262974],[2.4909136999498536,48.89150179982906],[2.4909193998156347,48.891500500275036],[2.4911070998203195,48.891465000101505],[2.4912577006052117,48.89143579997749],[2.49122229936392,48.8913587998299],[2.4912037994032286,48.8913422998025],[2.490973199349116,48.891386600095366],[2.490911899681944,48.891399000006565],[2.490819699602325,48.891520200262974]]]},"properties":{"idtup":"93010000AY0063","idcomtxt":"BONDY","source":"Plusieurs copropriétés immatriculées","nom_usage":"5 rue du Chemin de Fer Prolongée, 93140 BONDY"}},{"type":"Feature","geometry":{"type":"Polygon","coordinates":[[[2.490819699602325,48.891520200262974],[2.4909136999498536,48.89150179982906],[2.4909193998156347,48.891500500275036],[2.4911070998203195,48.891465000101505],[2.4912577006052117,48.89143579997749],[2.49122229936392,48.8913587998299],[2.4912037994032286,48.8913422998025],[2.490973199349116,48.891386600095366],[2.490911899681944,48.891399000006565],[2.490819699602325,48.891520200262974]]]},"properties":{"idtup":"93010000AY0063","idcomtxt":"BONDY","source":"Plusieurs copropriétés immatriculées","nom_usage":"Juliette Langlois"}},{"type":"Feature","geometry":{"type":"Polygon","coordinates":[[[2.4935712998249584,48.89189959970776],[2.4935511998211446,48.89182329992046],[2.493522899483372,48.89170209972535],[2.4935000003935595,48.89160680002647],[2.493397999882989,48.89161700019989],[2.493361000393545,48.89162150029593],[2.4933694999902647,48.89165680003406],[2.4933829006335277,48.89171010042642],[2.49339180027058,48.891746900104195],[2.493406099603174,48.89180539960949],[2.4934350994684356,48.89191859981564],[2.4935712998249584,48.89189959970776]]]},"properties":{"idtup":"93010000AZ0012","idcomtxt":"BONDY","source":"Copropriété immatriculée","nom_usage":"SDC DU 137-139 RUE AUGUSTE BLANQUI 93140 BONDY"}},{"type":"Feature","geometry":{"type":"Polygon","coordinates":[[[2.4918446997424235,48.89136560017623],[2.491855299335059,48.891412000150666],[2.491855700273441,48.89141340028092],[2.4918891995526926,48.89155920025081],[2.4919061000744307,48.89163159994868],[2.4919171999093153,48.89167790040633],[2.4920492005097192,48.89166439968035],[2.492020900195009,48.89154649956915],[2.491981399925792,48.89137509956623],[2.4919743996011205,48.891350200315884],[2.4918446997424235,48.89136560017623]]]},"properties":{"idtup":"93010000AZ0082","idcomtxt":"BONDY","source":"Copropriété non immatriculée","nom_usage":null}},{"type":"Feature","geometry":{"type":"Polygon","coordinates":[[[2.491610699876459,48.8912911997682],[2.491548900311103,48.89127199968193],[2.491545699633915,48.89127100044641],[2.4914656005162312,48.89124619994271],[2.4913904000916176,48.891258700243256],[2.49132149994144,48.891269999700214],[2.491294200397229,48.89127459971802],[2.4913407001570533,48.89131380037977],[2.4913509997421843,48.891335299898124],[2.4914087993964986,48.89132530044694],[2.491506600097479,48.891309000291166],[2.4915614000641866,48.891299200265784],[2.491610699876459,48.8912911997682]]]},"properties":{"idtup":"93010000AZ0089","idcomtxt":"BONDY","source":"Copropriété non immatriculée","nom_usage":null}},{"type":"Feature","geometry":{"type":"Polygon","coordinates":[[[2.4928934002153853,48.890060300040915],[2.492961399355668,48.89017689962997],[2.4929891994678175,48.89022250005044],[2.493033900469378,48.890211300424184],[2.493239700337574,48.890163300238996],[2.49321780041563,48.89012240036983],[2.49316050013441,48.89001290041343],[2.49311859982407,48.8900026003956],[2.493054999667554,48.89001870043587],[2.492967100493727,48.89004169959946],[2.4928934002153853,48.890060300040915]]]},"properties":{"idtup":"93010000AZ0130","idcomtxt":"BONDY","source":"Copropriété non immatriculée","nom_usage":null}},{"type":"Feature","geometry":{"type":"Polygon","coordinates":[[[2.494389199395268,48.89046570038068],[2.4943440002884896,48.89047680038159],[2.4943374994924445,48.89047829996121],[2.494264300546629,48.890495399707405],[2.494249600238872,48.89049889979414],[2.4942096993960097,48.89050860030997],[2.4941809993694553,48.89051550000672],[2.494119900095283,48.89053020015032],[2.4940680993282918,48.89054249971746],[2.4940987995491084,48.89059909990329],[2.4941294996332886,48.890655299883804],[2.494284599825642,48.89063309990987],[2.4944175993673583,48.89061470044388],[2.4944325002271803,48.89061259961311],[2.49445420059936,48.89058610038471],[2.494389199395268,48.89046570038068]]]},"properties":{"idtup":"93010000AZ0152","idcomtxt":"BONDY","source":"Copropriété non immatriculée","nom_usage":null}},{"type":"Feature","geometry":{"type":"Polygon","coordinates":[[[2.497045200288932,48.890703899758144],[2.4970378993250146,48.89070479987955],[2.4969700998762487,48.890714599961434],[2.496939500324572,48.89071910016915],[2.496903499872362,48.89072319996712],[2.4968166997006316,48.89073639956666],[2.496907600662631,48.890843900276444],[2.496997000679969,48.89094939992813],[2.497068200295757,48.89103279983218],[2.4971535000271405,48.89102079972745],[2.4970777000185773,48.89079890011401],[2.497045200288932,48.890703899758144]]]},"properties":{"idtup":"93010000AZ0173","idcomtxt":"BONDY","source":"Copropriété immatriculée","nom_usage":"SDC 79 AVENUE ANATOLE FRANCE"}},{"type":"Feature","geometry":{"type":"Polygon","coordinates":[[[2.4962168005175003,48.89003079983721],[2.496246099449226,48.89002340035522],[2.4962814993450118,48.890015500433314],[2.496380599323467,48.88999219971662],[2.4964007993966124,48.88998729978659],[2.4963598005744583,48.88990700044935],[2.496324099677111,48.8898393002566],[2.4962104995665886,48.88986450042408],[2.4960975994550436,48.88988809995598],[2.4962168005175003,48.89003079983721]]]},"properties":{"idtup":"93010000AZ0194","idcomtxt":"BONDY","source":"Copropriété non immatriculée","nom_usage":null}},{"type":"Feature","geometry":{"type":"Polygon","coordinates":[[[2.496335400385372,48.88980810029102],[2.4962969995121504,48.88973769978344],[2.496294699450734,48.88973269982466],[2.4962833000944267,48.889713900312884],[2.496255499694233,48.889665099993536],[2.496218899547138,48.88960270011423],[2.4961846000914796,48.88961050032931],[2.4961353996568008,48.889621999656974],[2.4960627995849207,48.88963799957216],[2.4960786002372535,48.8896707003127],[2.496119999562719,48.88975070018185],[2.4962370000700425,48.88972430033263],[2.496248499515139,48.88974839991659],[2.4962581994161614,48.88976749984647],[2.4962847002041415,48.88981940001823],[2.496335400385372,48.88980810029102]]]},"properties":{"idtup":"93010000AZ0197","idcomtxt":"BONDY","source":"Copropriété immatriculée","nom_usage":"144 RUE DE BONDY 93140 BONDY"}},{"type":"Feature","geometry":{"type":"Polygon","coordinates":[[[2.4963193995815716,48.88957980013109],[2.4963527006474027,48.889644900228795],[2.496378699484661,48.88969229991437],[2.496388699376933,48.88971309989702],[2.4964090993716948,48.88975209983147],[2.496427899926501,48.8897891001589],[2.4964570002887783,48.889844100360186],[2.4964770994628176,48.88988150003609],[2.4965178994469666,48.889960800262],[2.496531300551263,48.88995750037623],[2.4965349001061083,48.88995660001114],[2.496573000280174,48.88994699996563],[2.4966575997393265,48.88992770024742],[2.496651600032758,48.88991419973595],[2.4966439993731497,48.889897300289114],[2.4965039003650396,48.889611999838685],[2.4964322997095056,48.88956740042263],[2.49641720004509,48.889557100048705],[2.4963193995815716,48.88957980013109]]]},"properties":{"idtup":"93010000AZ0199","idcomtxt":"BONDY","source":"Copropriété non immatriculée","nom_usage":null}},{"type":"Feature","geometry":{"type":"Polygon","coordinates":[[[2.4962621994836103,48.88949809979791],[2.496309500534744,48.88948809967539],[2.4962658003320257,48.889467600376534],[2.4961292005506466,48.889425900087886],[2.496048599939595,48.889414799722246],[2.496063300309513,48.88944379966687],[2.496107600187253,48.88953309986305],[2.4962621994836103,48.88949809979791]]]},"properties":{"idtup":"93010000AZ0209","idcomtxt":"BONDY","source":"Copropriété immatriculée","nom_usage":"133 rue de bondy"}},{"type":"Feature","geometry":{"type":"Polygon","coordinates":[[[2.4981112996688326,48.890662700437005],[2.498045300217676,48.89067339988883],[2.4979077999605153,48.89069420005696],[2.497849500162947,48.890703800351766],[2.497896899506171,48.89082949979451],[2.49791650028961,48.89088209995461],[2.4979572002490444,48.89089739971085],[2.49813730019687,48.890868900068476],[2.498152800404199,48.89086630037116],[2.498182600106458,48.8908613000824],[2.4981739004822017,48.89083609999902],[2.4981112996688326,48.890662700437005]]]},"properties":{"idtup":"93010000AZ0223","idcomtxt":"BONDY","source":"Copropriété non immatriculée","nom_usage":null}},{"type":"Feature","geometry":{"type":"Polygon","coordinates":[[[2.495387599499889,48.88960160003872],[2.495355699483543,48.88970980036477],[2.4954191003980397,48.889827999755774],[2.495538399940444,48.89004690035183],[2.495610899616309,48.890180999996126],[2.495676700212636,48.890302900078744],[2.4957262993762064,48.89031789994507],[2.4957772998388585,48.89033409997715],[2.495823399554008,48.89034910035521],[2.4958867998195045,48.89026569981176],[2.4960155005467852,48.890093999959525],[2.4959999004614106,48.890051699912604],[2.4959583003049577,48.889944399662184],[2.4958523999357065,48.88982140008378],[2.4957191997580495,48.88966419969467],[2.4956686003758244,48.88963819970934],[2.4955427003890693,48.88962159956476],[2.495387599499889,48.88960160003872]]]},"properties":{"idtup":"93010000AZ0269","idcomtxt":"BONDY","source":"Copropriété immatriculée","nom_usage":"SDC Simfrance"}},{"type":"Feature","geometry":{"type":"Polygon","coordinates":[[[2.490296099482373,48.8899953002115],[2.4903031002597316,48.889993999928],[2.4903062993569294,48.88999319966744],[2.4903275997825465,48.88998880006502],[2.4904051004762913,48.889972700373335],[2.4904976001771217,48.88995380014247],[2.490591299408386,48.889933699864415],[2.4905878996371875,48.889925599682755],[2.4905499998747582,48.889847000406654],[2.4904704995469404,48.88986259976019],[2.4902593993920514,48.889906200184676],[2.490252900117519,48.88990740007892],[2.4901512999752353,48.88992809956834],[2.4900472004790646,48.88994930003625],[2.4900949999382678,48.89003800043292],[2.490162600593415,48.89002319961518],[2.4901955993433234,48.8900165997646],[2.490258199449233,48.890002999768626],[2.490296099482373,48.8899953002115]]]},"properties":{"idtup":"93010000BC0008","idcomtxt":"BONDY","source":"Copropriété non immatriculée","nom_usage":null}},{"type":"Feature","geometry":{"type":"Polygon","coordinates":[[[2.479185800129781,48.889690300241504],[2.479173699537323,48.88965659979446],[2.479164499521007,48.88962810010151],[2.4790015002920143,48.889652800208296],[2.478914099724192,48.889665200041655],[2.4788594998871214,48.889673600332316],[2.4788796997731986,48.889735099666474],[2.478899600390128,48.88979680003677],[2.478947800650741,48.88978929997255],[2.478970500033425,48.88978569986908],[2.4790549994771385,48.88977389980613],[2.479094800422684,48.88976759969692],[2.479136799771209,48.889761300144094],[2.4791781994184485,48.88975509959057],[2.479205799924309,48.88975030039153],[2.479185800129781,48.889690300241504]]]},"properties":{"idtup":"93010000BF0032","idcomtxt":"BONDY","source":"Copropriété non immatriculée","nom_usage":null}},{"type":"Feature","geometry":{"type":"Polygon","coordinates":[[[2.479199400616373,48.89079859995767],[2.479264399440732,48.8907910001609],[2.4793063003175266,48.89078589980579],[2.47926420047645,48.890661300424796],[2.4792445999572688,48.89060319962244],[2.4792370997619213,48.89057789991325],[2.4791277998183183,48.89058600037016],[2.4790266000314185,48.89059350015496],[2.478916400557364,48.89060139955602],[2.478926700468564,48.890629699884826],[2.4789512003569465,48.89070270028749],[2.478984200172821,48.89080289960301],[2.47899190032158,48.89082320001521],[2.479086099954063,48.89081189988919],[2.479098399805504,48.890810299559384],[2.479199400616373,48.89079859995767]]]},"properties":{"idtup":"93010000BF0084","idcomtxt":"BONDY","source":"Copropriété non immatriculée","nom_usage":null}},{"type":"Feature","geometry":{"type":"Polygon","coordinates":[[[2.4781120999871993,48.891546300065585],[2.4781499999989944,48.89154229962419],[2.4782130997882996,48.89153649973982],[2.478180600288102,48.89139899988521],[2.478127099468253,48.89140409965402],[2.477952999872347,48.89142249972276],[2.4779841002484653,48.89155870032879],[2.477990799503258,48.891557599996894],[2.4780650995761384,48.89155080041714],[2.4781120999871993,48.891546300065585]]]},"properties":{"idtup":"93010000BF0118","idcomtxt":"BONDY","source":"Copropriété non immatriculée","nom_usage":null}},{"type":"Feature","geometry":{"type":"Polygon","coordinates":[[[2.4780141006341623,48.89168369968031],[2.478001199451899,48.891609899859034],[2.477993900652207,48.89157340003949],[2.477990799503258,48.891557599996894],[2.4779841002484653,48.89155870032879],[2.477952999872347,48.89142249972276],[2.477757300615782,48.89144299966116],[2.4777330995235713,48.89146380042222],[2.477761399725881,48.891687400199736],[2.477790799783906,48.891704000213025],[2.4779233006573747,48.891692000189536],[2.4780141006341623,48.89168369968031]]]},"properties":{"idtup":"93010000BF0119","idcomtxt":"BONDY","source":"Copropriété immatriculée","nom_usage":"SDC 27 RUE ETIENNE DOLET"}},{"type":"Feature","geometry":{"type":"Polygon","coordinates":[[[2.479732099751376,48.891391199933665],[2.479642199975135,48.89139929971372],[2.4795923995422307,48.891405200416635],[2.479555499885233,48.89140820023101],[2.4795591004491144,48.891434800443605],[2.479573300624717,48.89152540039621],[2.4795759998390214,48.891542300306526],[2.4797856002483982,48.89152330028705],[2.4799875004251755,48.89150469993057],[2.4800147004874065,48.89148299983883],[2.48000390020884,48.89143030002059],[2.4799928994926774,48.89136640019507],[2.479944899466855,48.89137120001104],[2.479896099326027,48.89137649994733],[2.4798363006491524,48.89138200029811],[2.4797600004242586,48.891389199674514],[2.4797515999088553,48.89139049955585],[2.479732099751376,48.891391199933665]]]},"properties":{"idtup":"93010000BF0129","idcomtxt":"BONDY","source":"Copropriété immatriculée","nom_usage":"S009"}},{"type":"Feature","geometry":{"type":"Polygon","coordinates":[[[2.479714999525733,48.8917569000775],[2.479736099680884,48.89175509960077],[2.4797874999454845,48.89175099991565],[2.479867999874075,48.891744899736395],[2.479885900457682,48.89174309972468],[2.4799098994746696,48.891741499764485],[2.47994609996714,48.89173820003157],[2.479924699544481,48.891601300176305],[2.479692000498121,48.891622399793256],[2.4797047004133206,48.891697200379966],[2.479709899893909,48.891728400313184],[2.479714999525733,48.8917569000775]]]},"properties":{"idtup":"93010000BF0132","idcomtxt":"BONDY","source":"Copropriété non immatriculée","nom_usage":null}},{"type":"Feature","geometry":{"type":"Polygon","coordinates":[[[2.4784157997277183,48.89201960012793],[2.478386100113455,48.89186949974103],[2.478288300378851,48.89187810008347],[2.478230900143882,48.89188289962638],[2.47803869970186,48.8918991003703],[2.4780174003973774,48.89190129987388],[2.4779721005678192,48.891905099843385],[2.477781900201002,48.891920399690406],[2.477783099730994,48.891949700002556],[2.4777875996872045,48.89203339968353],[2.4777885999745832,48.89204149964955],[2.4777751006369604,48.892074000358434],[2.4777897998311436,48.892072399835236],[2.47796180014785,48.89205819963176],[2.47816480020925,48.89204090035072],[2.478235399650887,48.8920349002145],[2.4782591004577568,48.89203299981465],[2.4783807004781058,48.89202239968181],[2.4784157997277183,48.89201960012793]]]},"properties":{"idtup":"93010000BF0193","idcomtxt":"BONDY","source":"Copropriété non immatriculée","nom_usage":null}},{"type":"Feature","geometry":{"type":"Polygon","coordinates":[[[2.4742343001455764,48.89290380002206],[2.474212900170481,48.89285229963222],[2.474206599570161,48.892840099789574],[2.4741735999609507,48.89276469961978],[2.4741619996699447,48.89273869995136],[2.474140499724949,48.892690899767764],[2.4741091000718693,48.89262320020484],[2.474086000261856,48.89265669973229],[2.4740363993335546,48.89273109955379],[2.473970500336311,48.892826399698805],[2.4739226995421033,48.89289389976075],[2.4739516999656415,48.89296349985302],[2.4742343001455764,48.89290380002206]]]},"properties":{"idtup":"93010000BG0019","idcomtxt":"BONDY","source":"Copropriété non immatriculée","nom_usage":null}},{"type":"Feature","geometry":{"type":"Polygon","coordinates":[[[2.4763213998468725,48.892039300201716],[2.4762985993631603,48.892044699780826],[2.4762948001174916,48.892045200269564],[2.476254200585457,48.8920533997944],[2.476139799769098,48.89207619965063],[2.4761769005894885,48.892156299971724],[2.47620119981678,48.892208399968375],[2.4762532996512028,48.89231800033062],[2.476279200174064,48.89237200035746],[2.4763260998265886,48.89247279974823],[2.476424899506489,48.892451300259495],[2.4765088993433646,48.89243420017361],[2.4764888998846115,48.892391599591335],[2.476452699755709,48.89231449983094],[2.47633090036234,48.892059099628746],[2.4763213998468725,48.892039300201716]]]},"properties":{"idtup":"93010000BG0036","idcomtxt":"BONDY","source":"Copropriété immatriculée","nom_usage":"SDC 9 RUE DAVID LEDER A BONDY"}},{"type":"Feature","geometry":{"type":"Polygon","coordinates":[[[2.4767388005068067,48.89195320002293],[2.4766704004977966,48.89196670015722],[2.4765962999544486,48.89198219968715],[2.476676900333847,48.8921532997797],[2.4766984002311276,48.89220049968102],[2.4767831003751777,48.89237749997736],[2.4769275995176807,48.89234799981674],[2.4768466002710903,48.892177800195284],[2.4768370005622233,48.89215739963871],[2.476816200425113,48.89211330004764],[2.476780200136636,48.89203799986458],[2.4767492002910214,48.89197499981946],[2.4767388005068067,48.89195320002293]]]},"properties":{"idtup":"93010000BG0039","idcomtxt":"BONDY","source":"Copropriété immatriculée","nom_usage":"SDC 3 RUE DAVID LEDER 93140 BONDY"}},{"type":"Feature","geometry":{"type":"Polygon","coordinates":[[[2.4775819003453834,48.89171470005212],[2.476867000655376,48.891805600314534],[2.4768896004475476,48.89186739993427],[2.476890900045585,48.8918704003201],[2.4769051994970286,48.89190940029174],[2.4770298001573385,48.8918943000917],[2.4771091999319217,48.89188399987227],[2.4771525004040935,48.89187830024641],[2.4771710993452993,48.89187609989828],[2.4772311999906065,48.8918689996217],[2.4772506000573227,48.89186620021963],[2.4772591995536293,48.891865199953884],[2.4773802995990053,48.89184949955524],[2.4775136005768146,48.891832700251896],[2.4775215004174496,48.891831699612496],[2.4775909997237613,48.89182399985295],[2.4775819003453834,48.89171470005212]]]},"properties":{"idtup":"93010000BG0042","idcomtxt":"BONDY","source":"Copropriété non immatriculée","nom_usage":null}},{"type":"Feature","geometry":{"type":"Polygon","coordinates":[[[2.475610799437085,48.89172499979258],[2.4755339005101766,48.89174169958591],[2.475460300583128,48.89175800009719],[2.4755193993432476,48.891841299634606],[2.4758534998300794,48.89221240034221],[2.4758197006403404,48.8921428003505],[2.4757428003238955,48.891989999775994],[2.475723699888551,48.89195260010469],[2.475610799437085,48.89172499979258]]]},"properties":{"idtup":"93010000BG0046","idcomtxt":"BONDY","source":"Copropriété immatriculée","nom_usage":"35 rue de varsovie 93140 bondy"}},{"type":"Feature","geometry":{"type":"Polygon","coordinates":[[[2.477520000401901,48.89102259985855],[2.4775138994896553,48.89094410012267],[2.4774631000861453,48.890950900291294],[2.4773543003062533,48.89096449971114],[2.4772810995022114,48.89097299975241],[2.4772374998847493,48.890977600059514],[2.476631000428157,48.89105100025351],[2.4763725999206736,48.89108389968005],[2.475946700133529,48.89113659962995],[2.475822999941651,48.89115100028548],[2.475630600418732,48.89117470015919],[2.4753254006760628,48.89121339979198],[2.475178500576002,48.89123289975203],[2.4751564997003377,48.89125100001484],[2.4751863005194807,48.89130770008183],[2.4752686998426934,48.891467000266076],[2.475300700333447,48.89151629959793],[2.475379200220046,48.89150459994796],[2.475929100480716,48.89142300038576],[2.4763162002657064,48.89136529971923],[2.476309900063569,48.89134530023767],[2.476433599733144,48.891327999694916],[2.477533299767476,48.89118290008099],[2.4775272003654054,48.89110179955232],[2.477520000401901,48.89102259985855]]]},"properties":{"idtup":"93010000BG0054","idcomtxt":"BONDY","source":"Copropriété immatriculée","nom_usage":"38/40 RUE ETIENNE DOLET"}},{"type":"Feature","geometry":{"type":"Polygon","coordinates":[[[2.477551000001496,48.891376799798955],[2.4771820993610683,48.891432299657346],[2.476989900305978,48.89146179955264],[2.476796099747135,48.891490499848175],[2.4765298997541114,48.891530899969496],[2.4763854005591646,48.89155219973455],[2.475610799437085,48.89172499979258],[2.475723699888551,48.89195260010469],[2.4757428003238955,48.891989999775994],[2.4758197006403404,48.8921428003505],[2.4759565002039086,48.89211389986794],[2.4759772996093794,48.89211030011325],[2.4760123997614527,48.89210350022915],[2.476139799769098,48.89207619965063],[2.476254200585457,48.8920533997944],[2.4762948001174916,48.892045200269564],[2.4762985993631603,48.892044699780826],[2.4763213998468725,48.892039300201716],[2.4763964996900816,48.89202250031007],[2.4764530001658063,48.89201199967218],[2.4765962999544486,48.89198219968715],[2.4766704004977966,48.89196670015722],[2.4767388005068067,48.89195320002293],[2.4769076993749404,48.89191849965756],[2.4769051994970286,48.89190940029174],[2.476890900045585,48.8918704003201],[2.4768896004475476,48.89186739993427],[2.476867000655376,48.891805600314534],[2.4775819003453834,48.89171470005212],[2.477551000001496,48.891376799798955]]]},"properties":{"idtup":"93010000BG0101","idcomtxt":"BONDY","source":"Copropriété immatriculée","nom_usage":"LES ACACIAS"}},{"type":"Feature","geometry":{"type":"Polygon","coordinates":[[[2.4769051994970286,48.89190940029174],[2.4769076993749404,48.89191849965756],[2.4770576994068194,48.89232089981525],[2.47732610037419,48.89226539970692],[2.477533299798924,48.89222210004336],[2.4775578996699124,48.89220359971536],[2.4776122001100656,48.89206369957426],[2.4776066001090826,48.891993699700556],[2.477542599945065,48.89200149990314],[2.477436100145762,48.892015100435394],[2.4773453994634944,48.89202730035583],[2.4773025000168984,48.89200690017762],[2.4772591995536293,48.891865199953884],[2.4772506000573227,48.89186620021963],[2.4772311999906065,48.8918689996217],[2.4771710993452993,48.89187609989828],[2.4771525004040935,48.89187830024641],[2.4771091999319217,48.89188399987227],[2.4770298001573385,48.8918943000917],[2.4769051994970286,48.89190940029174]]]},"properties":{"idtup":"93010000BG0112","idcomtxt":"BONDY","source":"Copropriété immatriculée","nom_usage":"24 RUE ETIENNE DOLET 93140 BONDY"}},{"type":"Feature","geometry":{"type":"Polygon","coordinates":[[[2.4772591995536293,48.891865199953884],[2.4773025000168984,48.89200690017762],[2.4773453994634944,48.89202730035583],[2.477436100145762,48.892015100435394],[2.477542599945065,48.89200149990314],[2.4776066001090826,48.891993699700556],[2.4775909997237613,48.89182399985295],[2.4775215004174496,48.891831699612496],[2.4775136005768146,48.891832700251896],[2.4773802995990053,48.89184949955524],[2.4772591995536293,48.891865199953884]]]},"properties":{"idtup":"93010000BG0113","idcomtxt":"BONDY","source":"Copropriété non immatriculée","nom_usage":null}},{"type":"Feature","geometry":{"type":"Polygon","coordinates":[[[2.476777100225102,48.89090989985334],[2.4767541999422917,48.89083110003339],[2.4766417004799615,48.89084440025636],[2.4764861006686045,48.890863100280576],[2.4761965001524353,48.89089880007724],[2.475417400025627,48.89099180033903],[2.475324400352802,48.89108570021385],[2.47553299970692,48.89106139999824],[2.475775900678717,48.89103150028477],[2.4762304993750885,48.8909755999158],[2.476777100225102,48.89090989985334]]]},"properties":{"idtup":"93010000BH0070","idcomtxt":"BONDY","source":"Copropriété non immatriculée","nom_usage":null}},{"type":"Feature","geometry":{"type":"Polygon","coordinates":[[[2.476875600376889,48.89046179971235],[2.4768511999773066,48.89035110008421],[2.477066699903604,48.890325099763736],[2.477215900462789,48.89030720021255],[2.4774099000919905,48.89028469996062],[2.477409199990872,48.89024670002442],[2.476730600353523,48.8903247997205],[2.4763731999641787,48.89036610044673],[2.476057900446364,48.89040270015776],[2.4759971999402994,48.89045560014081],[2.4763865003158463,48.8904150003038],[2.476410399417022,48.890510899636396],[2.476875600376889,48.89046179971235]]]},"properties":{"idtup":"93010000BH0132","idcomtxt":"BONDY","source":"Copropriété immatriculée","nom_usage":"SDC DU 62 RUE ETIENNE DOLET A BONDY"}},{"type":"Feature","geometry":{"type":"Polygon","coordinates":[[[2.477415899442182,48.890405500295714],[2.4774099000919905,48.89028469996062],[2.477215900462789,48.89030720021255],[2.477066699903604,48.890325099763736],[2.4768511999773066,48.89035110008421],[2.476875600376889,48.89046179971235],[2.4770916999113406,48.89044009978415],[2.477240499931142,48.89042449979582],[2.477415899442182,48.890405500295714]]]},"properties":{"idtup":"93010000BH0133","idcomtxt":"BONDY","source":"Copropriété non immatriculée","nom_usage":null}},{"type":"Feature","geometry":{"type":"Polygon","coordinates":[[[2.477445200249053,48.890410300097244],[2.4774444995135494,48.8904028003657],[2.477415899442182,48.890405500295714],[2.477240499931142,48.89042449979582],[2.4770916999113406,48.89044009978415],[2.476875600376889,48.89046179971235],[2.476410399417022,48.890510899636396],[2.4763865003158463,48.8904150003038],[2.4759971999402994,48.89045560014081],[2.4759064002976707,48.8905363999463],[2.475837099773281,48.89059630022623],[2.47581149959644,48.89061840029482],[2.4757012995529055,48.89071420008282],[2.4756143004788713,48.8907898002777],[2.475417400025627,48.89099180033903],[2.4761965001524353,48.89089880007724],[2.4764861006686045,48.890863100280576],[2.4766417004799615,48.89084440025636],[2.4767541999422917,48.89083110003339],[2.4773232006370063,48.890762399922295],[2.477412500159373,48.890751800071925],[2.4775164996246515,48.890740300232935],[2.477511400113843,48.890524499551915],[2.4774563006436443,48.8904796999609],[2.4774474996103084,48.890426200093636],[2.477445200249053,48.890410300097244]]]},"properties":{"idtup":"93010000BH0134","idcomtxt":"BONDY","source":"Copropriété immatriculée","nom_usage":"SDC 52 A 58 RUE ETIENNE DOLET"}},{"type":"Feature","geometry":{"type":"Polygon","coordinates":[[[2.477409199990872,48.89024670002442],[2.4775066003294484,48.89023479997642],[2.477499100511023,48.889701399757584],[2.476902000274159,48.88977360040438],[2.4766552999665867,48.88993859956984],[2.476352599530232,48.89016989981949],[2.4761126998944527,48.89035519988113],[2.476057900446364,48.89040270015776],[2.4763731999641787,48.89036610044673],[2.476730600353523,48.8903247997205],[2.477409199990872,48.89024670002442]]]},"properties":{"idtup":"93010000BH0140","idcomtxt":"BONDY","source":"Copropriété immatriculée","nom_usage":"Les Champs"}},{"type":"Feature","geometry":{"type":"Polygon","coordinates":[[[2.4790514000477186,48.895782099910065],[2.4790414005259493,48.89576469975666],[2.479020099947364,48.8957268001629],[2.4790059001901894,48.895701699839215],[2.4789992001214576,48.89569070002526],[2.478983899783869,48.89566300040458],[2.478968899889973,48.89563690015979],[2.4788916000629775,48.89564590044533],[2.478823600006766,48.89565389975421],[2.4787864003868,48.89565889988886],[2.478743899410435,48.89566359995025],[2.4785641996820753,48.8956863003977],[2.4785774999108536,48.895734599919884],[2.4783337004756136,48.89576379990203],[2.4780154997640205,48.89580109984188],[2.4780213004371143,48.89582369956894],[2.4783405993342655,48.89578680009331],[2.478583600331544,48.89575779986464],[2.478592999648935,48.89578990023941],[2.478598800674825,48.8958114000848],[2.4786055003986354,48.895837000192515],[2.4786471005175583,48.895831700017],[2.4786831993809995,48.89582740019194],[2.478798400591379,48.89581309990189],[2.4789510998670576,48.895794100095415],[2.4790514000477186,48.895782099910065]]]},"properties":{"idtup":"uf930100003087","idcomtxt":"BONDY","source":"Copropriété non immatriculée","nom_usage":null}},{"type":"Feature","geometry":{"type":"Polygon","coordinates":[[[2.4877837995022207,48.912994900013246],[2.487721499324523,48.912990399748956],[2.48770030045683,48.91299570036301],[2.4876986005893444,48.912996099574514],[2.4872839004212906,48.91308810020113],[2.4872820003535816,48.91308860017011],[2.487137799965736,48.9131208997766],[2.4871418999648185,48.91315149960708],[2.488371899620042,48.91335840027867],[2.4886632996502205,48.913407600122184],[2.4886951997994085,48.9133252000345],[2.4887163998555852,48.91327019980238],[2.488746899579823,48.91319020022376],[2.4887513993432107,48.913142699859904],[2.488761100462032,48.913043499720665],[2.488500899327907,48.9130326002238],[2.4882316999229848,48.91302199985625],[2.4880386004212456,48.913014500240905],[2.4877837995022207,48.912994900013246]]]},"properties":{"idtup":"uf930100033113","idcomtxt":"BONDY","source":"Copropriété immatriculée","nom_usage":"SDC 4-6 rue François Villon BONDY"}},{"type":"Feature","geometry":{"type":"Polygon","coordinates":[[[2.490913800665586,48.894893299712685],[2.4909156994373918,48.894893000221],[2.4908900006759622,48.894813900217876],[2.4908954996204344,48.89481309982869],[2.4908881999958608,48.894790499751366],[2.490882300449998,48.894791400058956],[2.4907612994199115,48.8948086999831],[2.4907829004610056,48.894875700382784],[2.4908322994807524,48.8950282001966],[2.490840700541027,48.895057000289846],[2.490742700373688,48.89507580000485],[2.4906966996420294,48.89508469998241],[2.490683299600916,48.89508729954964],[2.490781500479256,48.89529229986358],[2.4910248998437288,48.895244600180305],[2.491055699626036,48.89523849977301],[2.4912159993736167,48.89520719972166],[2.4914964005777738,48.89515160027492],[2.491568700126467,48.89513700031841],[2.491687300490493,48.89511389964599],[2.4916933002063173,48.89511280007769],[2.491640600646166,48.89499549994489],[2.491664899533404,48.894991100254536],[2.4916330997510725,48.894921400175555],[2.4914371002989917,48.89494910034108],[2.4914345996655927,48.89494120009005],[2.4910830006260514,48.89499089955938],[2.4909533994557487,48.89500920003077],[2.490923199384111,48.89491589971639],[2.490920899998167,48.894916300026324],[2.490907100404822,48.894918200056985],[2.4908997000353423,48.89489530008465],[2.490913800665586,48.894893299712685]]]},"properties":{"idtup":"uf930100036720","idcomtxt":"BONDY","source":"Copropriété immatriculée","nom_usage":"CHENE ROND"}},{"type":"Feature","geometry":{"type":"Polygon","coordinates":[[[2.476223999473727,48.90687910014819],[2.4762308000285667,48.90707990030156],[2.476235900172339,48.907271000334646],[2.4762361005726223,48.907278200101615],[2.4762374999838235,48.90734290000997],[2.476237800461468,48.90735100041257],[2.4762410997825235,48.9074994000986],[2.4762411002185583,48.90750600005653],[2.4762435001959004,48.90757200021608],[2.476245199502246,48.90762709960286],[2.475935899548927,48.90761500018631],[2.475912900245636,48.907752600219354],[2.475853499476896,48.90809750017591],[2.475836599481547,48.90819769981728],[2.476178999643242,48.90821390023255],[2.4764512998202095,48.90822779956045],[2.4764585997165693,48.908228100355835],[2.476490299396054,48.90822949971476],[2.4766445999356113,48.90823649962587],[2.476999799926566,48.90825340021012],[2.4771685004665738,48.90826229958295],[2.477333300018231,48.90826990019659],[2.4774620997775387,48.908274599790396],[2.4776458994528046,48.908283299961155],[2.477810199779943,48.908292399569234],[2.4779524994688695,48.90829909996916],[2.4780867003723865,48.90830489978878],[2.4781462006116177,48.90830840008771],[2.478155699624645,48.90825849983789],[2.478096999701504,48.908255600164324],[2.477962499632223,48.908248899753325],[2.4778196996637765,48.90824190041506],[2.477671599847697,48.90823459991338],[2.4777180001997237,48.90782709984153],[2.4782326994939634,48.907855599710274],[2.478308800235706,48.907859299940135],[2.478308499602203,48.90786179958034],[2.4783426997730102,48.907863200347386],[2.478307700432247,48.90803940037201],[2.4782913004141665,48.908124899892],[2.4782631993293025,48.90826099961949],[2.478262599993023,48.90826389994399],[2.4782523994057946,48.90831329983385],[2.478331500568721,48.90831729998957],[2.4783607995903028,48.90831879991113],[2.478459499841535,48.908324299925184],[2.478463499732177,48.90830429986038],[2.478486700284502,48.90818940040104],[2.4785042004380133,48.90810300005662],[2.4785503993768008,48.90787249963156],[2.478642700535282,48.9078768996801],[2.4787123005593372,48.90788019994906],[2.4786946996725163,48.907968799585504],[2.4786654005663062,48.908117700217396],[2.4786469005194176,48.908209699759105],[2.4786235998090604,48.90833150002445],[2.478788700539531,48.90834040032958],[2.4788113997477854,48.908221000342714],[2.478826199477189,48.90814700032264],[2.478857699793648,48.907984500149894],[2.4788774002496594,48.907887699929375],[2.4790343999271776,48.90789470041608],[2.4791998005736082,48.90790240000541],[2.4792326000742313,48.90790389964629],[2.4793323993978,48.90790869957367],[2.479529899771621,48.90791789976618],[2.479552299449392,48.90791899980822],[2.4796033004537708,48.90792150020888],[2.479612100293324,48.90792159959067],[2.4796562002334706,48.90792280017887],[2.4800454991725585,48.90794060246556],[2.480010899348443,48.908347499854585],[2.4795653993357316,48.908325300355266],[2.479503200557362,48.90832220001553],[2.4794973998238437,48.90837279990012],[2.4795594005768495,48.90837619974767],[2.4799147997452247,48.90839259972794],[2.4800549995329884,48.908400200398304],[2.480054699892352,48.908319300039516],[2.4800534993476875,48.908069100167786],[2.480054200539835,48.90794099995447],[2.480053399753323,48.90785960007424],[2.47909080026523,48.90781339999714],[2.4791122004789874,48.90776700021732],[2.479073099880303,48.90775919963332],[2.479229400546658,48.907419599878686],[2.4798261998094135,48.90753900022853],[2.479825600057358,48.9074351996535],[2.479388199387688,48.90734969968658],[2.4792491005607715,48.907282799627424],[2.4791887000680917,48.90724639959428],[2.4780172003083107,48.90701199967874],[2.476916300539331,48.90679019985233],[2.4768934995651644,48.90677750019329],[2.4762310993618115,48.90664369992735],[2.476223999473727,48.90687910014819]],[[2.4778792998601484,48.907444299719614],[2.478003700377352,48.907174099800365],[2.47833630055461,48.90724080009116],[2.4782728002566947,48.90737829974856],[2.4786508995907655,48.907453999648304],[2.478714499567369,48.90731640041553],[2.479046799687574,48.90738300028683],[2.4788905003033275,48.90772250000272],[2.478851300176072,48.90771469981202],[2.4788281997588633,48.90776520014741],[2.4782359002858567,48.90773689992916],[2.4777567997419863,48.90771070010263],[2.4778792998601484,48.907444299719614]],[[2.4776365004128396,48.90753610007354],[2.4775461999790984,48.907737199565034],[2.477270999769382,48.90772389977916],[2.477000599493603,48.90771070035506],[2.476928300220046,48.9077071004264],[2.4764530994360414,48.907683899881],[2.476442399489934,48.90724420016979],[2.4767833995164135,48.90724639968204],[2.4767822993467763,48.90720140023568],[2.4769455005377354,48.90720249968411],[2.4771213996551613,48.90723800037649],[2.4773954006095855,48.9072928995697],[2.4773754001571597,48.90733590042949],[2.477701400493401,48.90740149991374],[2.4776984996415425,48.90740780034454],[2.4776365004128396,48.90753610007354]],[[2.4764587995581224,48.90817879988712],[2.4764082994763164,48.90817640016034],[2.4764542996923433,48.907766799800754],[2.4765203001784535,48.90777000017905],[2.476928899957381,48.90779010023411],[2.477269899821819,48.90780680043585],[2.4775284004563747,48.9078192998512],[2.4775278000320715,48.90782380002107],[2.4774827002425575,48.90822880025472],[2.477342799460381,48.90822180040344],[2.47717700033924,48.908213899569986],[2.4770079996024075,48.90820570035016],[2.4764587995581224,48.90817879988712]]]},"properties":{"idtup":"uf930100036723","idcomtxt":"BONDY","source":"Copropriété immatriculée","nom_usage":"LES LUMIERES DE L OURCQ"}}]}