"","epci","commune","numero_d_immatriculation","date_d_immatriculation","date_de_la_derniere_maj","type_de_syndic_benevole_professionnel_non_connu","identification_du_representant_legal_raison_sociale_et_le_numer","raison_sociale_du_representant_legal","siret_du_representant_legal","code_ape","commune_du_representant_legal","mandat_en_cours_dans_la_copropriete","date_de_fin_du_dernier_mandat","nom_d_usage_de_la_copropriete","adresse_de_reference","numero_et_voie_adresse_de_reference","code_postal_adresse_de_reference","commune_adresse_de_reference","adresse_complementaire_1","adresse_complementaire_2","adresse_complementaire_3","nombre_d_adresses_complementaires","long","lat","date_du_reglement_de_copropriete","residence_service","syndicat_cooperatif","syndicat_principal_ou_syndicat_secondaire","si_secondaire_n_d_immatriculation_du_principal","nombre_d_asl_auxquelles_est_rattache_le_syndicat_de_coproprieta","nombre_d_aful_auxquelles_est_rattache_le_syndicat_de_copropriet","nombre_d_unions_de_syndicats_auxquelles_est_rattache_le_syndica","nombre_total_de_lots","nombre_total_de_lots_a_usage_d_habitation_de_bureaux_ou_de_comm","nombre_de_lots_a_usage_d_habitation","nombre_de_lots_de_stationnement","periode_de_construction","reference_cadastrale_1","code_insee_commune_1","prefixe_1","section_1","numero_parcelle_1","reference_cadastrale_2","code_insee_commune_2","prefixe_2","section_2","numero_parcelle_2","reference_cadastrale_3","code_insee_commune_3","prefixe_3","section_3","numero_parcelle_3","nombre_de_parcelles_cadastrales","nom_qp_2015","code_qp_2015","nom_qp_2024","code_qp_2024","copro_dans_acv","copro_dans_pvd","code_de_pdp","copro_dans_pdp","copro_aidee","code_officiel_commune","nom_officiel_commune","code_officiel_arrondissement_commune","nom_officiel_arrondissement_commune","code_officiel_epci","nom_officiel_epci","code_officiel_departement","nom_officiel_departement","code_officiel_region","nom_officiel_region"
"3608",200057875,"93010","AA0652685","2016-12-22","2025-08-23","professionnel","ATM SARL 34863116900045","ATM SARL ","34863116900045","6832A","BONDY","Mandat en cours","2026-11-19","SDC LES PARISIENNES DE BONDY","43 Rue Edouard Vaillant 93140 Bondy","43 Rue Edouard Vaillant",93140,"Bondy","43/49 RUE EDOUARD VAILLANT 93140 BONDY","LES PARISIENNES DE BONDY - 49 RUE EDOUARD VAILLANT 93140 BONDY","LES PARISIENNES DE BONDY - 47 RUE EDOUARD VAILLANT 93140 BONDY",0,2.48111,48.896109,"2000-12-20","non","non","oui","",0,0,0,234,78,78,78,"DE_1994_A_2000","","non connu","non connu","non connu","non connu","","non connu","non connu","non connu","non connu","","non connu","non connu","non connu","non connu",0,"","","","","Non","Non","",0,"Non","93010","BONDY","93010","Bondy",200057875,"T8 -  Est Ensemble","93","Seine-Saint-Denis","11","Ile-de-France"
"6092",200057875,"93010","AA1042167","2017-01-09","2025-09-13","professionnel","CABINET LOISELET PERE FILS ET DAIGREMONT 54206101500484","CABINET LOISELET PERE FILS ET DAIGREMONT ","54206101500484","6832A","BOULOGNE-BILLANCOURT","Mandat en cours","2026-08-31","88/92 avenue Carnot","88 Avenue Carnot 93140 Bondy","88 Avenue Carnot",93140,"Bondy","88/92 avenue Carnot 93140 BONDY","88/92 avenue Carnot 93140 BONDY","88/92 avenue Carnot 93140 BONDY",3,2.480781,48.898453,"2016-12-20","non","non","oui","non connu",0,0,0,145,75,74,70,"A_COMPTER_DE_2011","","non connu","non connu","non connu","non connu","","non connu","non connu","non connu","non connu","","non connu","non connu","non connu","non connu",0,"","","","","Non","Non","",0,"Non","93010","BONDY","93010","Bondy",200057875,"T8 -  Est Ensemble","93","Seine-Saint-Denis","11","Ile-de-France"
"6422",200057875,"93010","AA1093715","2017-01-17","2025-08-23","professionnel","SOCIETE DE GERANCE RICHELIEU 60205776200034","SOCIETE DE GERANCE RICHELIEU ","60205776200034","6832A","LE RAINCY","Mandat en cours","2026-12-06","SDC Les Platanes","40 rte de villemomble 93140 Bondy","40 rte de villemomble",93140,"Bondy","40A rte de villemomble 93140 Bondy","40B rte de villemomble 93140 Bondy","42 rte de villemomble 93140 Bondy",11,2.481351,48.893373,"1965-01-25","non","non","oui","non connu",0,0,0,262,87,87,88,"DE_1961_A_1974","93010000AV0209","93010","000","AV","0209","","non connu","non connu","non connu","non connu","","non connu","non connu","non connu","non connu",1,"","","","","Non","Non","",0,"Non","93010","Bondy","93010","Bondy",200057875,"T8 -  Est Ensemble","93","Seine-Saint-Denis","11","Ile-de-France"
"9495",200057875,"93010","AA1605989","2017-02-09","2025-08-23","non connu","non connu","non connu","non connu","non connu","non connu","Pas de mandat en cours","2024-09-01","LA BRUYERE","211 av gallieni 93140 Bondy","211 av gallieni",93140,"Bondy","chemin du pont, 93140 Bondy","non connu","non connu",1,2.491884,48.907676,"1961-05-10","non","non","oui","non connu",0,0,0,525,175,175,175,"DE_1961_A_1974","930100000L0064","93010","000","0L","0064","","non connu","non connu","non connu","non connu","","non connu","non connu","non connu","non connu",1,"Abreuvoir - Bondy Nord - Bondy Centre - Pont-De-Bondy - La Sablière - Secteur Sud","QP093014","Abreuvoir - Bondy Nord - Bondy Centre - Pont-De-Bondy - La Sablière - Secteur Sud","QN09314M","Non","Non","",0,"Oui","93010","Bondy","93010","Bondy",200057875,"T8 -  Est Ensemble","93","Seine-Saint-Denis","11","Ile-de-France"
"10982",200057875,"93010","AA1825017","2017-02-15","2025-08-23","professionnel","ATM SARL 34863116900045","ATM SARL ","34863116900045","6832A","BONDY","Mandat en cours","2026-02-28","SDC COTE JARDIN","17 r louis auguste blanqui 93140 BONDY","17 r louis auguste blanqui",93140,"BONDY","non connu","non connu","non connu",0,2.480617,48.900108,"2015-07-02","non","non","oui","non connu",0,0,0,78,39,39,0,"A_COMPTER_DE_2011","","non connu","non connu","non connu","non connu","","non connu","non connu","non connu","non connu","","non connu","non connu","non connu","non connu",0,"","","","","Non","Non","",0,"Non","93010","BONDY","93010","Bondy",200057875,"T8 -  Est Ensemble","93","Seine-Saint-Denis","11","Ile-de-France"
"12226",200057875,"93010","AA2013274","2017-04-21","2025-08-23","professionnel","SOCIETE DE GERANCE RICHELIEU 60205776200034","SOCIETE DE GERANCE RICHELIEU ","60205776200034","6832A","LE RAINCY","Mandat en cours","2026-08-11","SDC Les Galiotes","47 rte d'aulnay 93140 Bondy","47 rte d'aulnay",93140,"Bondy","32 r henri mouly 93140 Bondy","34 r henri mouly 93140 Bondy","36 r henri mouly 93140 Bondy",148,2.480118,48.908545,"1975-04-29","non","non","oui","non connu",0,0,0,286,150,150,136,"DE_1975_A_1993","930100000H0171","93010","000","0H","0171","930100000H0220","93010","000","0H","0220","930100000H0231","93010","000","0H","0231",4,"Abreuvoir - Bondy Nord - Bondy Centre - Pont-De-Bondy - La Sablière - Secteur Sud","QP093014","Abreuvoir - Bondy Nord - Bondy Centre - Pont-De-Bondy - La Sablière - Secteur Sud","QN09314M","Non","Non","",0,"Non","93010","Bondy","93010","Bondy",200057875,"T8 -  Est Ensemble","93","Seine-Saint-Denis","11","Ile-de-France"
"14899",200057875,"93010","AA2422301","2017-03-10","2026-01-03","non connu","non connu","non connu","non connu","non connu","non connu","Mandat expiré sans successeur déclaré","2025-12-31","SDC 107 Baudin","107 r baudin 93140 Bondy","107 r baudin",93140,"Bondy","non connu","non connu","non connu",0,2.473553,48.898418,"2012-06-13","non","non","oui","non connu",0,0,0,9,3,3,0,"DE_1949_A_1960","","non connu","non connu","non connu","non connu","","non connu","non connu","non connu","non connu","","non connu","non connu","non connu","non connu",0,"","","","","Non","Non","",0,"Non","93010","Bondy","93010","Bondy",200057875,"T8 -  Est Ensemble","93","Seine-Saint-Denis","11","Ile-de-France"
"21130",200057875,"93010","AA3321221","2017-04-11","2025-12-27","professionnel","CPI GESTION 91918036400052","CPI GESTION ","91918036400052","6832A","PARIS","Mandat en cours","2026-09-16","Residence Saint-PIERRE","41 r auguste polissard 93140 Bondy","41 r auguste polissard",93140,"Bondy","Residence ""Saint-PIERRE"" 93140 BONDY","41B r auguste polissard 93140 Bondy","non connu",2,2.480414,48.90356,"1975-01-01","non","non","oui","non connu",0,0,0,119,33,32,38,"DE_1975_A_1993","","non connu","non connu","non connu","non connu","","non connu","non connu","non connu","non connu","","non connu","non connu","non connu","non connu",0,"Abreuvoir - Bondy Nord - Bondy Centre - Pont-De-Bondy - La Sablière - Secteur Sud","QP093014","Abreuvoir - Bondy Nord - Bondy Centre - Pont-De-Bondy - La Sablière - Secteur Sud","QN09314M","Non","Non","",0,"Non","93010","Bondy","93010","Bondy",200057875,"T8 -  Est Ensemble","93","Seine-Saint-Denis","11","Ile-de-France"
"23330",200057875,"93010","AA3647450","2017-05-04","2025-12-06","non connu","non connu","non connu","non connu","non connu","non connu","Pas de mandat en cours","2025-10-01","SDC 55 BLANQUI","55 Rue Louis Auguste Blanqui 93140 Bondy","55 Rue Louis Auguste Blanqui",93140,"Bondy","non connu","non connu","non connu",0,2.483798,48.89914,"1964-07-16","non","non","oui","",0,0,0,121,40,40,40,"DE_1961_A_1974","","non connu","non connu","non connu","non connu","","non connu","non connu","non connu","non connu","","non connu","non connu","non connu","non connu",0,"Blanqui","QP093012","Blanqui","QN09312I","Non","Non","",0,"Non","93010","BONDY","93010","Bondy",200057875,"T8 -  Est Ensemble","93","Seine-Saint-Denis","11","Ile-de-France"
"26889",200057875,"93010","AA4130969","2017-05-10","2025-08-23","professionnel","ATM SARL 34863116900045","ATM SARL ","34863116900045","6832A","BONDY","Mandat en cours","2028-05-14","SDC 125 REPUBLIQUE","125 av de la republique 93140 Bondy","125 av de la republique",93140,"Bondy","non connu","non connu","non connu",0,2.478423,48.897239,"1967-06-13","non","non","oui","",0,0,0,19,7,7,0,"DE_1961_A_1974","","non connu","non connu","non connu","non connu","","non connu","non connu","non connu","non connu","","non connu","non connu","non connu","non connu",0,"","","","","Non","Non","",0,"Non","93010","BONDY","93010","Bondy",200057875,"T8 -  Est Ensemble","93","Seine-Saint-Denis","11","Ile-de-France"
"28363",200057875,"93010","AA4342416","2017-05-16","2025-08-23","professionnel","ATRIUM GESTION PARIS 17 83495692200019","ATRIUM GESTION PARIS 17 ","83495692200019","6832A","PARIS 17","Mandat en cours","2026-03-30","LES JARDINS DE LA NOUE","ctre commercial noue caillet 93140 BONDY","ctre commercial noue caillet",93140,"BONDY","non connu","non connu","non connu",0,2.479398,48.913086,"1970-01-01","non","non","oui","non connu",0,0,0,731,260,260,260,"DE_1961_A_1974","","non connu","non connu","non connu","non connu","","non connu","non connu","non connu","non connu","","non connu","non connu","non connu","non connu",0,"Abreuvoir - Bondy Nord - Bondy Centre - Pont-De-Bondy - La Sablière - Secteur Sud","QP093014","Abreuvoir - Bondy Nord - Bondy Centre - Pont-De-Bondy - La Sablière - Secteur Sud","QN09314M","Non","Non","",0,"Non","93010","BONDY","93010","Bondy",200057875,"T8 -  Est Ensemble","93","Seine-Saint-Denis","11","Ile-de-France"
"31640",200057875,"93010","AA4777942","2017-05-31","2025-08-23","professionnel","FONCIA MANAGO 30265417300020","FONCIA MANAGO ","30265417300020","6832A","EZANVILLE","Mandat en cours","2026-09-30","18 RUE JEAN JAURES","18 r jean jaures 93140 BONDY","18 r jean jaures",93140,"BONDY","non connu","non connu","non connu",0,2.477356,48.902439,"1952-06-13","non","non","oui","non connu",0,0,0,49,15,13,21,"DE_1949_A_1960","","non connu","non connu","non connu","non connu","","non connu","non connu","non connu","non connu","","non connu","non connu","non connu","non connu",0,"","","","","Non","Non","",0,"Non","93010","BONDY","93010","Bondy",200057875,"T8 -  Est Ensemble","93","Seine-Saint-Denis","11","Ile-de-France"
"35755",200057875,"93010","AA5345947","2017-06-14","2025-08-23","professionnel","FONCIA MANAGO 30265417300020","FONCIA MANAGO ","30265417300020","6832A","EZANVILLE","Mandat en cours","2026-09-30","LE VICTORIA","3-5 r jean jaures 93140 Bondy","3-5 r jean jaures",93140,"Bondy","non connu","non connu","non connu",0,2.477858,48.903314,"1998-12-28","non","non","oui","non connu",0,0,0,93,46,46,32,"DE_1994_A_2000","","non connu","non connu","non connu","non connu","","non connu","non connu","non connu","non connu","","non connu","non connu","non connu","non connu",0,"","","","","Non","Non","",0,"Non","93010","Bondy","93010","Bondy",200057875,"T8 -  Est Ensemble","93","Seine-Saint-Denis","11","Ile-de-France"
"36425",200057875,"93010","AA5432562","2017-06-15","2025-08-23","non connu","non connu","non connu","non connu","non connu","non connu","Pas de mandat en cours","2024-06-26","THEODORE MONOD 1/7","1 r theodore monod 93140 Bondy","1 r theodore monod",93140,"Bondy","7 r theodore monod 93140 Bondy","non connu","non connu",1,2.487794,48.893778,"2004-04-01","non","non","oui","non connu",0,0,0,55,27,27,26,"DE_2001_A_2010","93010000AR0179","93010","000","AR","0179","","non connu","non connu","non connu","non connu","","non connu","non connu","non connu","non connu",1,"","","","","Non","Non","",0,"Non","93010","Bondy","93010","Bondy",200057875,"T8 -  Est Ensemble","93","Seine-Saint-Denis","11","Ile-de-France"
"40001",200057875,"93010","AA5892427","2017-06-27","2025-08-23","professionnel","SOCIETE DE GERANCE RICHELIEU 60205776200034","SOCIETE DE GERANCE RICHELIEU ","60205776200034","6832A","LE RAINCY","Mandat en cours","2027-03-25","SDC Les Eglantiers","3 r de varsovie 93140 Bondy","3 r de varsovie",93140,"Bondy","5 r de varsovie 93140 Bondy","non connu","non connu",1,2.478903,48.893649,"1964-12-14","non","non","oui","non connu",0,0,0,216,72,72,72,"DE_1961_A_1974","93010000AU0163","93010","000","AU","0163","","non connu","non connu","non connu","non connu","","non connu","non connu","non connu","non connu",1,"","","","","Non","Non","",0,"Non","93010","Bondy","93010","Bondy",200057875,"T8 -  Est Ensemble","93","Seine-Saint-Denis","11","Ile-de-France"
"40019",200057875,"93010","AA5895230","2017-06-28","2025-08-23","professionnel","SOCIETE DE GERANCE RICHELIEU 60205776200034","SOCIETE DE GERANCE RICHELIEU ","60205776200034","6832A","LE RAINCY","Mandat en cours","2026-04-24","SDC Simfrance","96 av anatole france 93140 Bondy","96 av anatole france",93140,"Bondy","98 av anatole france 93140 Bondy","79 rte de villemomble 93140 Bondy","non connu",2,2.495685,48.889964,"1961-09-25","non","non","oui","non connu",0,0,0,122,51,47,20,"DE_1961_A_1974","93010000AZ0269","93010","000","AZ","0269","","non connu","non connu","non connu","non connu","","non connu","non connu","non connu","non connu",1,"","","","","Non","Non","",0,"Non","93010","Bondy","93010","Bondy",200057875,"T8 -  Est Ensemble","93","Seine-Saint-Denis","11","Ile-de-France"
"49114",200057875,"93010","AA7025224","2017-07-20","2025-08-23","professionnel","FONCIA CHADEFAUX LECOQ 59202763500032","FONCIA CHADEFAUX LECOQ ","59202763500032","6831Z","AUBERVILLIERS","Mandat en cours","2026-09-30","38/40 RUE ETIENNE DOLET","38-40 r etienne dolet 93140 BONDY","38-40 r etienne dolet",93140,"BONDY","non connu","non connu","non connu",0,2.477554,48.891161,"1972-10-26","non","non","oui","non connu",0,0,0,120,40,40,40,"DE_1961_A_1974","","non connu","non connu","non connu","non connu","","non connu","non connu","non connu","non connu","","non connu","non connu","non connu","non connu",0,"","","","","Non","Non","",0,"Oui","93010","BONDY","93010","Bondy",200057875,"T8 -  Est Ensemble","93","Seine-Saint-Denis","11","Ile-de-France"
"50316",200057875,"93010","AA7170251","2017-07-21","2025-08-23","professionnel","SOCIETE DE GERANCE RICHELIEU 60205776200034","SOCIETE DE GERANCE RICHELIEU ","60205776200034","6832A","LE RAINCY","Mandat en cours","2027-06-24","SDC Bondy Belfort","57 av de belfort 93140 Bondy","57 av de belfort",93140,"Bondy","59 av de belfort 93140 Bondy","30 all de l'etoile 93140 Bondy","73 av de l'est 93140 Bondy",4,2.483625,48.890494,"1971-10-19","non","non","oui","non connu",0,0,0,177,59,59,59,"DE_1961_A_1974","93010000AX0179","93010","000","AX","0179","","non connu","non connu","non connu","non connu","","non connu","non connu","non connu","non connu",1,"","","","","Non","Non","",0,"Non","93010","Bondy","93010","Bondy",200057875,"T8 -  Est Ensemble","93","Seine-Saint-Denis","11","Ile-de-France"
"54303",200057875,"93010","AA7646623","2017-07-27","2025-11-08","professionnel","CABINET MASSON ET CIE 67201845400021","CABINET MASSON ET CIE ","67201845400021","6832A","PARIS","Mandat en cours","2026-06-28","LE REMBRANDT","22 r auguste polissard 93140 Bondy","22 r auguste polissard",93140,"Bondy","5 vla thorel, 93140 Bondy","non connu","non connu",1,2.480301,48.90396,"1996-02-08","non","non","oui","non connu",0,0,0,191,97,93,94,"DE_1994_A_2000","","non connu","non connu","non connu","non connu","","non connu","non connu","non connu","non connu","","non connu","non connu","non connu","non connu",0,"Abreuvoir - Bondy Nord - Bondy Centre - Pont-De-Bondy - La Sablière - Secteur Sud","QP093014","Abreuvoir - Bondy Nord - Bondy Centre - Pont-De-Bondy - La Sablière - Secteur Sud","QN09314M","Non","Non","",0,"Non","93010","Bondy","93010","Bondy",200057875,"T8 -  Est Ensemble","93","Seine-Saint-Denis","11","Ile-de-France"
"55067",200057875,"93010","AA7735806","2017-07-28","2026-01-03","non connu","non connu","non connu","non connu","non connu","non connu","Mandat expiré sans successeur déclaré","2025-12-31","JARDINS DE JORELLE","all joachim du bellay, 93140 Bondy","all joachim du bellay,",93140,"Bondy","ALLEE CHARLES MAGNE 93140 BONDY","all corneille, 93140 Bondy","non connu",2,2.49234,48.896192,"2006-01-24","non","non","oui","non connu",0,0,0,61,61,61,0,"DE_1975_A_1993","93010000AN0132","93010","000","AN","0132","","non connu","non connu","non connu","non connu","","non connu","non connu","non connu","non connu",1,"","","","","Non","Non","",0,"Non","93010","BONDY","93010","Bondy",200057875,"T8 -  Est Ensemble","93","Seine-Saint-Denis","11","Ile-de-France"
"55377",200057875,"93010","AA7771447","2017-07-28","2025-12-06","professionnel","FONCIA LACOMBE VAUCELLES 30497072600044","FONCIA LACOMBE VAUCELLES ","30497072600044","6832A","SAINT GRATIEN","Mandat en cours","2027-09-30","11 AVENUE PASTEUR","11 av pasteur 93140 BONDY","11 av pasteur",93140,"BONDY","11 av pasteur 93140 BONDY","non connu","non connu",1,2.484164,48.90385,"1963-12-13","non","non","oui","non connu",0,0,0,27,17,10,7,"DE_1961_A_1974","","non connu","non connu","non connu","non connu","","non connu","non connu","non connu","non connu","","non connu","non connu","non connu","non connu",0,"Abreuvoir - Bondy Nord - Bondy Centre - Pont-De-Bondy - La Sablière - Secteur Sud","QP093014","Abreuvoir - Bondy Nord - Bondy Centre - Pont-De-Bondy - La Sablière - Secteur Sud","QN09314M","Non","Non","",0,"Non","93010","BONDY","93010","Bondy",200057875,"T8 -  Est Ensemble","93","Seine-Saint-Denis","11","Ile-de-France"
"55394",200057875,"93010","AA7773591","2017-07-28","2025-12-06","non connu","non connu","non connu","non connu","non connu","non connu","Pas de mandat en cours","2025-09-30","LES TERRASSES DE BONDY","60 r louis auguste blanqui 93140 Bondy","60 r louis auguste blanqui",93140,"Bondy","non connu","non connu","non connu",0,2.483386,48.898831,"1990-02-15","non","non","oui","non connu",0,0,0,23,14,12,7,"DE_1975_A_1993","","non connu","non connu","non connu","non connu","","non connu","non connu","non connu","non connu","","non connu","non connu","non connu","non connu",0,"Blanqui","QP093012","Blanqui","QN09312I","Non","Non","",0,"Non","93010","Bondy","93010","Bondy",200057875,"T8 -  Est Ensemble","93","Seine-Saint-Denis","11","Ile-de-France"
"56690",200057875,"93010","AA7926975","2017-08-01","2025-08-23","non connu","non connu","non connu","non connu","non connu","non connu","Pas de mandat en cours","2023-09-30","RESIDENCE HAUDRICOURT","58-60 r roger salengro 93140 Bondy","58-60 r roger salengro",93140,"Bondy","58-60 r roger salengro 93140 Bondy","58-60 r roger salengro 93140 Bondy","non connu",2,2.47855,48.900196,"1969-01-16","non","non","oui","non connu",0,0,0,121,41,38,0,"DE_1961_A_1974","","non connu","non connu","non connu","non connu","","non connu","non connu","non connu","non connu","","non connu","non connu","non connu","non connu",0,"","","","","Non","Non","",0,"Non","93010","BONDY","93010","Bondy",200057875,"T8 -  Est Ensemble","93","Seine-Saint-Denis","11","Ile-de-France"
"57209",200057875,"93010","AA7986862","2017-08-02","2025-08-23","professionnel","ATM SARL 34863116900045","ATM SARL ","34863116900045","6832A","BONDY","Mandat en cours","2026-07-31","SDC 16-20 RUE E. VAILLANT","20 Rue Edouard Vaillant 93140 Bondy","20 Rue Edouard Vaillant",93140,"Bondy","20 r edouard vaillant 93140 Bondy","18 r edouard vaillant 93140 Bondy","non connu",0,2.479515,48.896251,"1976-03-25","non","non","oui","",0,0,0,161,48,48,56,"DE_1975_A_1993","93010000AD0066","93010","000","AD","0066","","non connu","non connu","non connu","non connu","","non connu","non connu","non connu","non connu",0,"","","","","Non","Non","",0,"Non","93010","BONDY","93010","Bondy",200057875,"T8 -  Est Ensemble","93","Seine-Saint-Denis","11","Ile-de-France"
"58756",200057875,"93010","AA8170078","2017-08-03","2025-08-23","professionnel","GCI LE PRE 84463672000014","GCI LE PRE ","84463672000014","6831Z","LE PRE SAINT GERVAIS","Mandat en cours","2026-03-15","SDC LE COEUR VILLE","7 pl arthur rimbaud 93140 Bondy","7 pl arthur rimbaud",93140,"Bondy","6 r arthur rimbaud 93140 Bondy","non connu","non connu",1,2.478878,48.904913,"1991-12-23","non","non","oui","non connu",0,0,0,135,65,65,70,"DE_1975_A_1993","930100000J0236","93010","000","0J","0236","","non connu","non connu","non connu","non connu","","non connu","non connu","non connu","non connu",1,"Abreuvoir - Bondy Nord - Bondy Centre - Pont-De-Bondy - La Sablière - Secteur Sud","QP093014","Abreuvoir - Bondy Nord - Bondy Centre - Pont-De-Bondy - La Sablière - Secteur Sud","QN09314M","Non","Non","",0,"Non","93010","Bondy","93010","Bondy",200057875,"T8 -  Est Ensemble","93","Seine-Saint-Denis","11","Ile-de-France"
"59355",200057875,"93010","AA8239717","2017-08-04","2025-08-23","professionnel","TULIER*FLORENCE/ 44243601000049","TULIER*FLORENCE/ ","44243601000049","6910Z","EVRY","Mandat en cours","2026-01-22","134 RUE LOUIS AUGUSTE BLANQUI","134 r louis auguste blanqui 93140 Bondy","134 r louis auguste blanqui",93140,"Bondy","non connu","non connu","non connu",0,2.489802,48.89806,"1965-05-04","non","non","oui","non connu",0,0,0,15,7,7,0,"AVANT_1949","93010000AM0065","93010","000","AM","0065","","non connu","non connu","non connu","non connu","","non connu","non connu","non connu","non connu",1,"Blanqui","QP093012","Blanqui","QN09312I","Non","Non","",0,"Non","93010","Bondy","93010","Bondy",200057875,"T8 -  Est Ensemble","93","Seine-Saint-Denis","11","Ile-de-France"
"63723",200057875,"93010","AA8752032","2017-08-11","2025-08-23","non connu","non connu","non connu","non connu","non connu","non connu","Pas de mandat en cours","2024-06-30","SDC 23 rue Rouget de Lisle","23 av rouget de lisle 93140 Bondy","23 av rouget de lisle",93140,"Bondy","non connu","non connu","non connu",0,2.484944,48.896755,"1988-09-26","non","oui","oui","non connu",0,0,0,26,8,8,11,"DE_1975_A_1993","93010000AL0072","93010","000","AL","0072","","non connu","non connu","non connu","non connu","","non connu","non connu","non connu","non connu",1,"","","","","Non","Non","",0,"Non","93010","Bondy","93010","Bondy",200057875,"T8 -  Est Ensemble","93","Seine-Saint-Denis","11","Ile-de-France"
"63863",200057875,"93010","AA8770687","2017-08-11","2025-11-29","professionnel","CABINET CADOT-BEAUPLET 32841300000030","CABINET CADOT-BEAUPLET ","32841300000030","6832A","LES LILAS","Mandat en cours","2027-11-14","LES HORTENSIAS","35 av du marechal de lattre de tassigny 93140 Bondy","35 av du marechal de lattre de tassigny",93140,"Bondy","non connu","non connu","non connu",0,2.48342,48.904364,"1970-02-01","non","non","oui","non connu",0,0,0,28,12,10,15,"DE_1961_A_1974","930100000O0058","93010","000","0O","0058","","non connu","non connu","non connu","non connu","","non connu","non connu","non connu","non connu",1,"Abreuvoir - Bondy Nord - Bondy Centre - Pont-De-Bondy - La Sablière - Secteur Sud","QP093014","Abreuvoir - Bondy Nord - Bondy Centre - Pont-De-Bondy - La Sablière - Secteur Sud","QN09314M","Non","Non","",0,"Non","93010","Bondy","93010","Bondy",200057875,"T8 -  Est Ensemble","93","Seine-Saint-Denis","11","Ile-de-France"
"74007",200057875,"93010","AA9996315","2017-08-30","2025-08-23","professionnel","FONCIA CHADEFAUX LECOQ 59202763500032","FONCIA CHADEFAUX LECOQ ","59202763500032","6831Z","AUBERVILLIERS","Mandat en cours","2026-09-30","RESIDENCE VERLAINE","9T r jean jaures 93140 BONDY","9T r jean jaures",93140,"BONDY","non connu","non connu","non connu",0,2.478205,48.90268,"2005-02-18","non","non","oui","non connu",0,0,0,192,58,58,37,"DE_1961_A_1974","","non connu","non connu","non connu","non connu","","non connu","non connu","non connu","non connu","","non connu","non connu","non connu","non connu",0,"","","","","Non","Non","",0,"Non","93010","BONDY","93010","Bondy",200057875,"T8 -  Est Ensemble","93","Seine-Saint-Denis","11","Ile-de-France"
"76006",200057875,"93010","AB0245399","2017-08-31","2025-11-08","professionnel","ANIC DIOT ET COMPAGNIE 57820239200010","ANIC DIOT ET COMPAGNIE ","57820239200010","6832A","GAGNY","Mandat en cours","2026-06-30","SDC 25 ROGER SALENGRO","25 r roger salengro 93140 Bondy","25 r roger salengro",93140,"Bondy","non connu","non connu","non connu",0,2.478688,48.900629,"1964-09-16","non","non","oui","non connu",0,0,0,57,20,20,16,"NON_CONNUE","93010000AD0002","93010","000","AD","0002","","non connu","non connu","non connu","non connu","","non connu","non connu","non connu","non connu",1,"","","","","Non","Non","",0,"Non","93010","Bondy","93010","Bondy",200057875,"T8 -  Est Ensemble","93","Seine-Saint-Denis","11","Ile-de-France"
"83799",200057875,"93010","AB1208651","2017-09-19","2025-09-06","non connu","non connu","non connu","non connu","non connu","non connu","Pas de mandat en cours","2025-06-30","60 ALLEE THERESE","60 all therese 93140 BONDY","60 all therese",93140,"BONDY","non connu","non connu","non connu",0,2.499331,48.904603,"1963-04-09","non","non","oui","non connu",0,0,0,25,14,11,0,"DE_1961_A_1974","","non connu","non connu","non connu","non connu","","non connu","non connu","non connu","non connu","","non connu","non connu","non connu","non connu",0,"","","","","Non","Non","",0,"Non","93010","BONDY","93010","Bondy",200057875,"T8 -  Est Ensemble","93","Seine-Saint-Denis","11","Ile-de-France"
"85686",200057875,"93010","AB1444934","2017-09-22","2025-08-23","professionnel","CABINET LOUIS PORCHERET 56203584000015","CABINET LOUIS PORCHERET ","56203584000015","6832A","MONTREUIL","Mandat en cours","2026-06-30","SDC 52 A 58 RUE ETIENNE DOLET","58 Rue Etienne Dolet 93140 Bondy","58 Rue Etienne Dolet",93140,"Bondy","non connu","non connu","non connu",0,2.475976,48.89077,"1966-01-14","non","non","oui","non connu",0,0,0,191,63,63,56,"NON_CONNUE","93010000BH0134","93010","000","BH","0134","","non connu","non connu","non connu","non connu","","non connu","non connu","non connu","non connu",1,"","","","","Non","Non","",0,"Non","93010","BONDY","93010","Bondy",200057875,"T8 -  Est Ensemble","93","Seine-Saint-Denis","11","Ile-de-France"
"90564",200057875,"93010","AB2077469","2017-10-04","2025-08-23","non connu","non connu","non connu","non connu","non connu","non connu","Pas de mandat en cours","2024-06-28","L'ERMITAGE","38 rte d'aulnay 93140 Bondy","38 rte d'aulnay",93140,"Bondy","8 all des dahlias 93140 Bondy","6 all des dahlias 93140 Bondy","4 all des dahlias 93140 Bondy",4,2.481516,48.908849,"1976-10-18","non","non","oui","non connu",0,0,0,199,79,79,120,"DE_1975_A_1993","930100000G0009","93010","000","0G","0009","","non connu","non connu","non connu","non connu","","non connu","non connu","non connu","non connu",1,"Abreuvoir - Bondy Nord - Bondy Centre - Pont-De-Bondy - La Sablière - Secteur Sud","QP093014","Abreuvoir - Bondy Nord - Bondy Centre - Pont-De-Bondy - La Sablière - Secteur Sud","QN09314M","Non","Non","",0,"Oui","93010","Bondy","93010","Bondy",200057875,"T8 -  Est Ensemble","93","Seine-Saint-Denis","11","Ile-de-France"
"90615",200057875,"93010","AB2084135","2017-11-02","2025-08-23","professionnel","FONCIA CHADEFAUX LECOQ 59202763500032","FONCIA CHADEFAUX LECOQ ","59202763500032","6831Z","AUBERVILLIERS","Mandat en cours","2026-06-30","41 ESPERANCE","41 av de l'esperance 93140 Bondy","41 av de l'esperance",93140,"Bondy","non connu","non connu","non connu",0,2.496302,48.894188,"1958-04-02","non","non","oui","non connu",0,0,0,28,13,13,2,"DE_1949_A_1960","","non connu","non connu","non connu","non connu","","non connu","non connu","non connu","non connu","","non connu","non connu","non connu","non connu",0,"","","","","Non","Non","",0,"Non","93010","Bondy","93010","Bondy",200057875,"T8 -  Est Ensemble","93","Seine-Saint-Denis","11","Ile-de-France"
"91329",200057875,"93010","AB2175479","2017-10-05","2025-08-23","non connu","non connu","non connu","non connu","non connu","non connu","Pas de mandat en cours","2025-01-04","LE POINT DU JOUR","33 av pasteur 93140 Bondy","33 av pasteur",93140,"Bondy","33/41 AVENUE PASTEUR 93140 BONDY","33/41 AVENUE PASTEUR 93140 BONDY","33/41 AVENUE PASTEUR 93140 BONDY",7,2.486231,48.905287,"1960-07-21","non","non","oui","non connu",0,0,0,147,49,49,36,"DE_1961_A_1974","","non connu","non connu","non connu","non connu","","non connu","non connu","non connu","non connu","","non connu","non connu","non connu","non connu",0,"Abreuvoir - Bondy Nord - Bondy Centre - Pont-De-Bondy - La Sablière - Secteur Sud","QP093014","","","Non","Non","",0,"Non","93010","Bondy","93010","Bondy",200057875,"T8 -  Est Ensemble","93","Seine-Saint-Denis","11","Ile-de-France"
"91445",200057875,"93010","AB2190486","2017-10-05","2025-10-18","professionnel","ATM SARL 34863116900045","ATM SARL ","34863116900045","6832A","BONDY","Mandat en cours","2028-05-26","SDC RESIDENCE MICHELET","109 Rue Baudin 93140 BONDY","109 Rue Baudin",93140,"BONDY","non connu","non connu","non connu",0,2.47366,48.898389,"1960-06-02","non","non","oui","non connu",0,0,0,62,32,32,0,"DE_1949_A_1960","","non connu","non connu","non connu","non connu","","non connu","non connu","non connu","non connu","","non connu","non connu","non connu","non connu",0,"","","","","Non","Non","",0,"Non","93010","BONDY","93010","Bondy",200057875,"T8 -  Est Ensemble","93","Seine-Saint-Denis","11","Ile-de-France"
"92680",200057875,"93010","AB2351013","2017-10-09","2025-11-22","professionnel","BERYL IMMOBILIER 39908255100041","BERYL IMMOBILIER ","39908255100041","6832A","PARIS 11","Mandat en cours","2026-06-30","LE VIRGINIA - RIMBAUD-THOREL","14 r auguste polissard 93140 BONDY","14 r auguste polissard",93140,"BONDY","3 Rue Arthur Rimabaud - 4 Villa Thorel 93140 BONDY","3 Rue Arthur Rimabaud - 4 Villa Thorel 93140 BONDY","non connu",2,2.480323,48.904809,"1993-07-12","non","non","oui","non connu",0,0,0,165,91,91,0,"AVANT_1949","","non connu","non connu","non connu","non connu","","non connu","non connu","non connu","non connu","","non connu","non connu","non connu","non connu",0,"Abreuvoir - Bondy Nord - Bondy Centre - Pont-De-Bondy - La Sablière - Secteur Sud","QP093014","Abreuvoir - Bondy Nord - Bondy Centre - Pont-De-Bondy - La Sablière - Secteur Sud","QN09314M","Non","Non","",0,"Non","93010","BONDY","93010","Bondy",200057875,"T8 -  Est Ensemble","93","Seine-Saint-Denis","11","Ile-de-France"
"93028",200057875,"93010","AB2392850","2017-10-10","2025-10-18","professionnel","ATM SARL 34863116900045","ATM SARL ","34863116900045","6832A","BONDY","Mandat en cours","2026-12-18","SDC 21 RUE JEAN JAURES","21 Rue Jean Jaurés 93140 Bondy","21 Rue Jean Jaurés",93140,"Bondy","non connu","non connu","non connu",0,2.477235,48.901888,"1963-01-01","non","non","oui","",0,0,0,57,24,24,9,"DE_1961_A_1974","","non connu","non connu","non connu","non connu","","non connu","non connu","non connu","non connu","","non connu","non connu","non connu","non connu",0,"","","","","Non","Non","",0,"Non","93010","BONDY","93010","Bondy",200057875,"T8 -  Est Ensemble","93","Seine-Saint-Denis","11","Ile-de-France"
"93033",200057875,"93010","AB2393437","2017-10-10","2025-10-18","professionnel","ATM SARL 34863116900045","ATM SARL ","34863116900045","6832A","BONDY","Mandat en cours","2028-03-19","SDC'RESIDENCE DU PARC' A BONDY","32 Rue Roger Salengro 93140 Bondy","32 Rue Roger Salengro",93140,"Bondy","non connu","non connu","non connu",0,2.4794,48.902267,"1986-01-29","non","non","oui","",0,0,0,82,21,20,41,"DE_1975_A_1993","","non connu","non connu","non connu","non connu","","non connu","non connu","non connu","non connu","","non connu","non connu","non connu","non connu",0,"","","","","Non","Non","",0,"Non","93010","BONDY","93010","Bondy",200057875,"T8 -  Est Ensemble","93","Seine-Saint-Denis","11","Ile-de-France"
"93578",200057875,"93010","AB2457612","2017-10-11","2025-09-06","non connu","non connu","non connu","non connu","non connu","non connu","Pas de mandat en cours","2025-06-30","LE MAINGUY","55 r jules guesde 93140 Bondy","55 r jules guesde",93140,"Bondy","57 r jules guesde 93140 Bondy","non connu","non connu",1,2.479488,48.904097,"1969-02-26","non","non","oui","non connu",0,0,0,215,72,72,75,"DE_1961_A_1974","","non connu","non connu","non connu","non connu","","non connu","non connu","non connu","non connu","","non connu","non connu","non connu","non connu",0,"Abreuvoir - Bondy Nord - Bondy Centre - Pont-De-Bondy - La Sablière - Secteur Sud","QP093014","Abreuvoir - Bondy Nord - Bondy Centre - Pont-De-Bondy - La Sablière - Secteur Sud","QN09314M","Non","Non","",0,"Non","93010","Bondy","93010","Bondy",200057875,"T8 -  Est Ensemble","93","Seine-Saint-Denis","11","Ile-de-France"
"93801",200057875,"93010","AB2484350","2017-10-11","2025-10-11","professionnel","ATM SARL 34863116900045","ATM SARL ","34863116900045","6832A","BONDY","Mandat en cours","2027-02-25","SDC RESIDENCE DES PEUPLIERS","31 Avenue Henri Barbusse 93140 Bondy","31 Avenue Henri Barbusse",93140,"Bondy","non connu","non connu","non connu",0,2.484761,48.901975,"1980-02-01","non","non","oui","",0,0,0,172,55,54,54,"DE_1975_A_1993","93010000OQ0025","93010","000","OQ","0025","","non connu","non connu","non connu","non connu","","non connu","non connu","non connu","non connu",1,"","","","","Non","Non","",0,"Non","93010","BONDY","93010","Bondy",200057875,"T8 -  Est Ensemble","93","Seine-Saint-Denis","11","Ile-de-France"
"93806",200057875,"93010","AB2484848","2017-10-11","2025-10-18","professionnel","ATM SARL 34863116900045","ATM SARL ","34863116900045","6832A","BONDY","Mandat en cours","2026-08-05","SDC RESIDENCE LE FLORIAN","17 Rue Jean Jaurés 93140 Bondy","17 Rue Jean Jaurés",93140,"Bondy","non connu","non connu","non connu",0,2.477419,48.902305,"1979-11-08","non","non","oui","",0,0,0,106,31,31,44,"DE_1975_A_1993","","non connu","non connu","non connu","non connu","","non connu","non connu","non connu","non connu","","non connu","non connu","non connu","non connu",0,"","","","","Non","Non","",0,"Non","93010","BONDY","93010","Bondy",200057875,"T8 -  Est Ensemble","93","Seine-Saint-Denis","11","Ile-de-France"
"93807",200057875,"93010","AB2484921","2017-10-11","2025-10-11","professionnel","ATM SARL 34863116900045","ATM SARL ","34863116900045","6832A","BONDY","Mandat en cours","2026-04-02","RESIDENCE 'BONDY CENTRE'","1 Avenue Carnot 93140 BONDY","1 Avenue Carnot",93140,"BONDY","non connu","non connu","non connu",0,2.482791,48.902595,"1959-05-05","non","non","oui","non connu",0,0,0,87,55,34,0,"DE_1949_A_1960","","non connu","non connu","non connu","non connu","","non connu","non connu","non connu","non connu","","non connu","non connu","non connu","non connu",0,"","","","","Non","Non","",0,"Non","93010","BONDY","93010","Bondy",200057875,"T8 -  Est Ensemble","93","Seine-Saint-Denis","11","Ile-de-France"
"93816",200057875,"93010","AB2486173","2017-10-11","2025-10-18","professionnel","ATM SARL 34863116900045","ATM SARL ","34863116900045","6832A","BONDY","Mandat en cours","2028-03-30","SDC RESIDENCE DES ORMES","20 Rue de la Fraternite 93140 BONDY","20 Rue de la Fraternite",93140,"BONDY","non connu","non connu","non connu",0,2.476639,48.898527,"1962-02-12","non","non","oui","non connu",0,0,0,96,80,80,16,"DE_1961_A_1974","","non connu","non connu","non connu","non connu","","non connu","non connu","non connu","non connu","","non connu","non connu","non connu","non connu",0,"","","","","Non","Non","",0,"Non","93010","BONDY","93010","Bondy",200057875,"T8 -  Est Ensemble","93","Seine-Saint-Denis","11","Ile-de-France"
"93820",200057875,"93010","AB2486900","2017-10-11","2025-12-20","non connu","non connu","non connu","non connu","non connu","non connu","Mandat expiré sans successeur déclaré","2025-12-18","SDC 175 AVENUE HENRI BARBUSSE","175 av henri barbusse 93140 BONDY","175 av henri barbusse",93140,"BONDY","non connu","non connu","non connu",0,2.497783,48.899698,"1960-07-08","non","non","oui","non connu",0,0,0,19,8,6,1,"DE_1949_A_1960","","non connu","non connu","non connu","non connu","","non connu","non connu","non connu","non connu","","non connu","non connu","non connu","non connu",0,"","","","","Non","Non","",0,"Non","93010","BONDY","93010","Bondy",200057875,"T8 -  Est Ensemble","93","Seine-Saint-Denis","11","Ile-de-France"
"94501",200057875,"93010","AB2574028","2017-10-12","2025-08-23","professionnel","ADRICIE GESTION SARL 80004494300010","ADRICIE GESTION SARL ","80004494300010","6832A","VINCENNES","Mandat en cours","2026-12-31","SDC 37/41 RUE JULES GUESDE****","37 r jules guesde 93140 BONDY","37 r jules guesde",93140,"BONDY","non connu","non connu","non connu",0,2.477624,48.90381,"1967-02-24","non","non","oui","non connu",0,0,0,102,41,36,28,"DE_1961_A_1974","","non connu","non connu","non connu","non connu","","non connu","non connu","non connu","non connu","","non connu","non connu","non connu","non connu",0,"Abreuvoir - Bondy Nord - Bondy Centre - Pont-De-Bondy - La Sablière - Secteur Sud","QP093014","Abreuvoir - Bondy Nord - Bondy Centre - Pont-De-Bondy - La Sablière - Secteur Sud","QN09314M","Non","Non","",0,"Non","93010","BONDY","93010","Bondy",200057875,"T8 -  Est Ensemble","93","Seine-Saint-Denis","11","Ile-de-France"
"94503",200057875,"93010","AB2574283","2017-10-12","2025-10-18","professionnel","ATM SARL 34863116900045","ATM SARL ","34863116900045","6832A","BONDY","Mandat en cours","2026-11-18","SDC LES PEUPLIERS","27 Avenue Henri Barbusse 93140 Bondy","27 Avenue Henri Barbusse",93140,"Bondy","non connu","non connu","non connu",0,2.484227,48.902035,"1980-02-01","non","non","oui","",0,0,0,154,46,45,63,"DE_1975_A_1993","","non connu","non connu","non connu","non connu","","non connu","non connu","non connu","non connu","","non connu","non connu","non connu","non connu",0,"","","","","Non","Non","",0,"Oui","93010","BONDY","93010","Bondy",200057875,"T8 -  Est Ensemble","93","Seine-Saint-Denis","11","Ile-de-France"
"94504",200057875,"93010","AB2574515","2017-10-12","2025-12-13","non connu","non connu","non connu","non connu","non connu","non connu","Pas de mandat en cours","2025-10-09","SDC ALLEE DE LA DEVINIERE","2 Allee de la Deviniere 93140 Bondy","2 Allee de la Deviniere",93140,"Bondy","non connu","non connu","non connu",0,2.483878,48.917833,"1965-07-19","non","non","oui","",0,0,0,45,10,10,35,"DE_1961_A_1974","","non connu","non connu","non connu","non connu","","non connu","non connu","non connu","non connu","","non connu","non connu","non connu","non connu",0,"","","","","Non","Non","",0,"Non","93010","BONDY","93010","Bondy",200057875,"T8 -  Est Ensemble","93","Seine-Saint-Denis","11","Ile-de-France"
"94506",200057875,"93010","AB2574853","2017-10-12","2025-10-25","professionnel","ATM SARL 34863116900045","ATM SARL ","34863116900045","6832A","BONDY","Mandat en cours","2027-12-18","SDC ATHINAI","52 av de la republique 93140 BONDY","52 av de la republique",93140,"BONDY","non connu","non connu","non connu",0,2.478958,48.89926,"1983-11-29","non","non","oui","non connu",0,0,0,74,23,18,31,"DE_1975_A_1993","","non connu","non connu","non connu","non connu","","non connu","non connu","non connu","non connu","","non connu","non connu","non connu","non connu",0,"","","","","Non","Non","",0,"Non","93010","BONDY","93010","Bondy",200057875,"T8 -  Est Ensemble","93","Seine-Saint-Denis","11","Ile-de-France"
"94507",200057875,"93010","AB2575017","2017-10-12","2025-10-18","professionnel","ATM SARL 34863116900045","ATM SARL ","34863116900045","6832A","BONDY","Mandat en cours","2028-02-04","SDC LE MYKONOS","33 Rue Jules Guesde 93140 Bondy","33 Rue Jules Guesde",93140,"Bondy","non connu","non connu","non connu",0,2.477256,48.90364,"1978-12-06","non","non","oui","",0,0,0,36,13,9,12,"DE_1975_A_1993","93010000OJ0312","93010","000","OJ","0312","","non connu","non connu","non connu","non connu","","non connu","non connu","non connu","non connu",1,"Abreuvoir - Bondy Nord - Bondy Centre - Pont-De-Bondy - La Sablière - Secteur Sud","QP093014","Abreuvoir - Bondy Nord - Bondy Centre - Pont-De-Bondy - La Sablière - Secteur Sud","QN09314M","Non","Non","",0,"Non","93010","BONDY","93010","Bondy",200057875,"T8 -  Est Ensemble","93","Seine-Saint-Denis","11","Ile-de-France"
"94774",200057875,"93010","AB2608511","2017-10-12","2025-10-18","professionnel","ATM SARL 34863116900045","ATM SARL ","34863116900045","6832A","BONDY","Mandat en cours","2026-12-11","SDC VAILLANT LES COTTAGES","68 Rue Edouard Vaillant 93140 Bondy","68 Rue Edouard Vaillant",93140,"Bondy","non connu","non connu","non connu",0,2.484114,48.895604,"1984-06-13","non","non","oui","",0,0,0,97,97,97,0,"DE_1975_A_1993","","non connu","non connu","non connu","non connu","","non connu","non connu","non connu","non connu","","non connu","non connu","non connu","non connu",0,"","","","","Non","Non","",0,"Non","93010","BONDY","93010","Bondy",200057875,"T8 -  Est Ensemble","93","Seine-Saint-Denis","11","Ile-de-France"
"94778",200057875,"93010","AB2609279","2017-10-12","2025-08-23","professionnel","ATM SARL 34863116900045","ATM SARL ","34863116900045","6832A","BONDY","Mandat en cours","2028-03-10","SDC LE CLOS DES ACACIAS","51 Rue Roger Salengro 93140 Bondy","51 Rue Roger Salengro",93140,"Bondy","non connu","non connu","non connu",0,2.47798,48.898593,"1966-12-07","non","non","oui","",0,0,0,235,76,76,82,"DE_1961_A_1974","93010000AJ0187","93010","000","AJ","0187","","non connu","non connu","non connu","non connu","","non connu","non connu","non connu","non connu",1,"","","","","Non","Non","",0,"Non","93010","BONDY","93010","Bondy",200057875,"T8 -  Est Ensemble","93","Seine-Saint-Denis","11","Ile-de-France"
"95146",200057875,"93010","AB2656528","2017-10-16","2025-12-20","non connu","non connu","non connu","non connu","non connu","non connu","Mandat expiré sans successeur déclaré","2025-12-18","SDC LES CEDRES-SECONDAIRE","16 Rue de Varsovie 93140 Bondy","16 Rue de Varsovie",93140,"Bondy","non connu","non connu","non connu",0,2.475204,48.893451,"1964-12-29","non","non","oui","",0,0,0,171,46,45,43,"DE_1961_A_1974","","non connu","non connu","non connu","non connu","","non connu","non connu","non connu","non connu","","non connu","non connu","non connu","non connu",0,"","","","","Non","Non","",0,"Non","93010","BONDY","93010","Bondy",200057875,"T8 -  Est Ensemble","93","Seine-Saint-Denis","11","Ile-de-France"
"95148",200057875,"93010","AB2656783","2017-10-13","2025-10-18","professionnel","ATM SARL 34863116900045","ATM SARL ","34863116900045","6832A","BONDY","Mandat en cours","2028-05-14","SDC LES CEDRES - PRINCIPAL","16 Rue de Varsovie 93140 Bondy","16 Rue de Varsovie",93140,"Bondy","non connu","non connu","non connu",0,2.475204,48.893451,"1964-12-29","non","non","oui","",0,0,0,171,46,45,43,"DE_1961_A_1974","","non connu","non connu","non connu","non connu","","non connu","non connu","non connu","non connu","","non connu","non connu","non connu","non connu",0,"","","","","Non","Non","",0,"Non","93010","BONDY","93010","Bondy",200057875,"T8 -  Est Ensemble","93","Seine-Saint-Denis","11","Ile-de-France"
"95151",200057875,"93010","AB2657021","2017-10-13","2025-11-29","non connu","non connu","non connu","non connu","non connu","non connu","Mandat expiré sans successeur déclaré","2025-11-23","SDC 94 RUE ROGER SALENGRO","94 Rue Roger Salengro 93140 Bondy","94 Rue Roger Salengro",93140,"Bondy","non connu","non connu","non connu",0,2.477398,48.897921,"1997-01-31","non","non","oui","",0,0,0,35,16,15,0,"DE_1994_A_2000","","non connu","non connu","non connu","non connu","","non connu","non connu","non connu","non connu","","non connu","non connu","non connu","non connu",0,"","","","","Non","Non","",0,"Non","93010","BONDY","93010","Bondy",200057875,"T8 -  Est Ensemble","93","Seine-Saint-Denis","11","Ile-de-France"
"95157",200057875,"93010","AB2658359","2017-10-13","2025-08-23","professionnel","MANDA (EX- HELLO SYNDIC) 82849989700050","MANDA (EX- HELLO SYNDIC) ","82849989700050","6832A","NEUILLY-SUR-SEINE","Mandat en cours","2026-08-12","SDC LE PRESIDENT","41 Avenue de la République 93140 Bondy","41 Avenue de la République",93140,"Bondy","non connu","non connu","non connu",0,2.47989,48.900871,"1970-03-14","non","non","oui","",0,0,0,89,28,26,33,"DE_1961_A_1974","","non connu","non connu","non connu","non connu","","non connu","non connu","non connu","non connu","","non connu","non connu","non connu","non connu",0,"","","","","Non","Non","",0,"Non","93010","BONDY","93010","Bondy",200057875,"T8 -  Est Ensemble","93","Seine-Saint-Denis","11","Ile-de-France"
"95257",200057875,"93010","AB2670479","2017-10-13","2025-09-06","non connu","non connu","non connu","non connu","non connu","non connu","Pas de mandat en cours","2025-06-30","RESIDENCE GABRIELLE","160 r edouard vaillant 93140 BONDY","160 r edouard vaillant",93140,"BONDY","164 r edouard vaillant 93140 BONDY","162 r edouard vaillant 93140 BONDY","168 Rue Edouard Vaillant 93140 Bondy",4,2.491221,48.894615,"1992-12-03","non","non","oui","non connu",0,0,0,270,120,120,131,"DE_1994_A_2000","93010000AR0041","93010","000","AR","0041","","non connu","non connu","non connu","non connu","","non connu","non connu","non connu","non connu",1,"Blanqui","QP093012","Blanqui","QN09312I","Non","Non","",0,"Non","93010","BONDY","93010","Bondy",200057875,"T8 -  Est Ensemble","93","Seine-Saint-Denis","11","Ile-de-France"
"95292",200057875,"93010","AB2674687","2017-10-13","2025-08-23","non connu","non connu","non connu","non connu","non connu","non connu","Pas de mandat en cours","2023-06-30","VILLA CHOPIN VOL. 1","43 r auguste polissard 93140 Bondy","43 r auguste polissard",93140,"Bondy","VILLA CHOPIN 1 - 43 RUE AUGUSTE POLISSARD 93140 BONDY","VILLA CHOPIN 1 - 75 JULES GUESDE 93140 BONDY","VILLA CHOPIN 1 - 81 RUE JULES GUESDE 93140 BONDY",3,2.480364,48.903381,"2006-08-07","non","non","oui","non connu",0,0,0,99,57,53,0,"DE_2001_A_2010","","non connu","non connu","non connu","non connu","","non connu","non connu","non connu","non connu","","non connu","non connu","non connu","non connu",0,"Abreuvoir - Bondy Nord - Bondy Centre - Pont-De-Bondy - La Sablière - Secteur Sud","QP093014","Abreuvoir - Bondy Nord - Bondy Centre - Pont-De-Bondy - La Sablière - Secteur Sud","QN09314M","Non","Non","",0,"Oui","93010","Bondy","93010","Bondy",200057875,"T8 -  Est Ensemble","93","Seine-Saint-Denis","11","Ile-de-France"
"96591",200057875,"93010","AB2831766","2017-10-17","2025-10-18","professionnel","ATM SARL 34863116900045","ATM SARL ","34863116900045","6832A","BONDY","Mandat en cours","2027-04-16","SDC LES TERRASSES MICHELET","38 Rue Michelet 93140 BONDY","38 Rue Michelet",93140,"BONDY","non connu","non connu","non connu",0,2.473307,48.899995,"2001-01-29","non","non","oui","non connu",0,0,0,75,26,24,27,"DE_1994_A_2000","","non connu","non connu","non connu","non connu","","non connu","non connu","non connu","non connu","","non connu","non connu","non connu","non connu",0,"","","","","Non","Non","",0,"Non","93010","BONDY","93010","Bondy",200057875,"T8 -  Est Ensemble","93","Seine-Saint-Denis","11","Ile-de-France"
"96594",200057875,"93010","AB2832269","2017-10-17","2025-10-18","professionnel","ATM SARL 34863116900045","ATM SARL ","34863116900045","6832A","BONDY","Mandat en cours","2026-11-12","RESIDENCE LE CLOS ST PIERRE","52 Rue Jules Guesde 93140 Bondy","52 Rue Jules Guesde",93140,"Bondy","56 Rue Jules Guesde 93140 Bondy","56 r jules guesde 93140 Bondy","non connu",1,2.478676,48.903338,"2002-10-14","non","non","oui","",0,0,0,50,27,27,23,"DE_2001_A_2010","","non connu","non connu","non connu","non connu","","non connu","non connu","non connu","non connu","","non connu","non connu","non connu","non connu",0,"","","","","Non","Non","",0,"Non","93010","BONDY","93010","Bondy",200057875,"T8 -  Est Ensemble","93","Seine-Saint-Denis","11","Ile-de-France"
"96645",200057875,"93010","AB2839371","2017-10-17","2025-10-18","professionnel","ATM SARL 34863116900045","ATM SARL ","34863116900045","6832A","BONDY","Mandat en cours","2026-07-28","SDC LE LUTETIA","81 Rue Roger Salengro 93140 Bondy","81 Rue Roger Salengro",93140,"Bondy","2 Rue Edouard Vaillant 93140 Bondy","non connu","non connu",1,2.477166,48.896425,"1998-03-31","non","non","oui","",0,0,0,64,22,22,20,"DE_1994_A_2000","","non connu","non connu","non connu","non connu","","non connu","non connu","non connu","non connu","","non connu","non connu","non connu","non connu",0,"","","","","Non","Non","",0,"Non","93010","BONDY","93010","Bondy",200057875,"T8 -  Est Ensemble","93","Seine-Saint-Denis","11","Ile-de-France"
"105679",200057875,"93010","AB3959053","2017-11-07","2025-08-23","professionnel","ATM SARL 34863116900045","ATM SARL ","34863116900045","6832A","BONDY","Mandat en cours","2027-05-05","SDC 76/78 RUE R.SALENGRO BONDY","80 Rue Roger Salengro 93140 Bondy","80 Rue Roger Salengro",93140,"Bondy","non connu","non connu","non connu",0,2.477801,48.898524,"1986-03-21","non","non","oui","",0,0,0,69,30,30,39,"DE_1975_A_1993","","non connu","non connu","non connu","non connu","","non connu","non connu","non connu","non connu","","non connu","non connu","non connu","non connu",0,"","","","","Non","Non","",0,"Non","93010","BONDY","93010","Bondy",200057875,"T8 -  Est Ensemble","93","Seine-Saint-Denis","11","Ile-de-France"
"107787",200057875,"93010","AB4220489","2017-11-08","2025-08-23","professionnel","ATM SARL 34863116900045","ATM SARL ","34863116900045","6832A","BONDY","Mandat en cours","2027-04-12","SDC LE VIVALDI-RUE STE BARBE","14 Rue Jean Jaurés 93140 Bondy","14 Rue Jean Jaurés",93140,"Bondy","5/7 RUELLE SAINTE BARBE 93140 BONDY","non connu","non connu",1,2.4775,48.902764,"1992-04-30","non","non","oui","",0,0,0,225,75,75,75,"DE_1975_A_1993","","non connu","non connu","non connu","non connu","","non connu","non connu","non connu","non connu","","non connu","non connu","non connu","non connu",0,"","","","","Non","Non","",0,"Non","93010","BONDY","93010","Bondy",200057875,"T8 -  Est Ensemble","93","Seine-Saint-Denis","11","Ile-de-France"
"107811",200057875,"93010","AB4223293","2017-11-08","2025-08-30","professionnel","ATM SARL 34863116900045","ATM SARL ","34863116900045","6832A","BONDY","Mandat en cours","2027-03-06","SDC RESIDENCE DE LA MAIRIE","46 Rue Roger Salengro 93140 Bondy","46 Rue Roger Salengro",93140,"Bondy","non connu","non connu","non connu",0,2.478769,48.901151,"1962-04-25","non","non","oui","",0,0,0,164,62,62,60,"DE_1961_A_1974","","non connu","non connu","non connu","non connu","","non connu","non connu","non connu","non connu","","non connu","non connu","non connu","non connu",0,"","","","","Non","Non","",0,"Non","93010","BONDY","93010","Bondy",200057875,"T8 -  Est Ensemble","93","Seine-Saint-Denis","11","Ile-de-France"
"108249",200057875,"93010","AB4276333","2017-11-10","2025-11-29","professionnel","ATM SARL 34863116900045","ATM SARL ","34863116900045","6832A","BONDY","Mandat en cours","2027-11-21","SDC RESIDENCE ANDRE MALRAUX","31 Cours de la République 93140 Bondy","31 Cours de la République",93140,"Bondy","non connu","non connu","non connu",0,2.479968,48.901298,"1985-07-02","non","non","oui","",0,0,0,82,23,23,36,"DE_1975_A_1993","","non connu","non connu","non connu","non connu","","non connu","non connu","non connu","non connu","","non connu","non connu","non connu","non connu",0,"","","","","Non","Non","",0,"Non","93010","BONDY","93010","Bondy",200057875,"T8 -  Est Ensemble","93","Seine-Saint-Denis","11","Ile-de-France"
"108383",200057875,"93010","AB4291423","2017-11-10","2025-09-06","professionnel","CABINET CHARLES BAUMANN 35308281100046","CABINET CHARLES BAUMANN ","35308281100046","6832A","MONTREUIL","Mandat en cours","2026-05-17","LES CHENES","21 av henri barbusse 93140 BONDY","21 av henri barbusse",93140,"BONDY","1 A 4 RUE DE L'ABBE MAURICE BAURIT     93140 BONDY","non connu","non connu",1,2.483742,48.902052,"1974-12-27","non","non","oui","non connu",0,0,0,243,83,83,77,"DE_1961_A_1974","","non connu","non connu","non connu","non connu","","non connu","non connu","non connu","non connu","","non connu","non connu","non connu","non connu",0,"","","","","Non","Non","",0,"Non","93010","BONDY","93010","Bondy",200057875,"T8 -  Est Ensemble","93","Seine-Saint-Denis","11","Ile-de-France"
"108419",200057875,"93010","AB4295309","2017-11-10","2025-11-01","professionnel","ATM SARL 34863116900045","ATM SARL ","34863116900045","6832A","BONDY","Mandat en cours","2026-10-01","SDC 119/121 AVENUE CARNOT","121 Avenue Carnot 93140 BONDY","121 Avenue Carnot",93140,"BONDY","non connu","non connu","non connu",0,2.480185,48.896875,"1963-02-12","non","non","oui","non connu",0,0,0,196,53,45,45,"DE_1961_A_1974","","non connu","non connu","non connu","non connu","","non connu","non connu","non connu","non connu","","non connu","non connu","non connu","non connu",0,"","","","","Non","Non","",0,"Non","93010","BONDY","93010","Bondy",200057875,"T8 -  Est Ensemble","93","Seine-Saint-Denis","11","Ile-de-France"
"108979",200057875,"93010","AB4360970","2017-11-13","2025-08-23","non connu","non connu","non connu","non connu","non connu","non connu","Pas de mandat en cours","2025-02-06","36 SALENGRO 19 J JAURES - MS10689","36 r roger salengro 93140 BONDY","36 r roger salengro",93140,"BONDY","non connu","non connu","non connu",0,2.479117,48.901764,"1968-07-30","non","non","oui","non connu",0,0,0,117,39,39,39,"NON_CONNUE","","non connu","non connu","non connu","non connu","","non connu","non connu","non connu","non connu","","non connu","non connu","non connu","non connu",0,"","","","","Non","Non","",0,"Non","93010","BONDY","93010","Bondy",200057875,"T8 -  Est Ensemble","93","Seine-Saint-Denis","11","Ile-de-France"
"114921",200057875,"93010","AB5074000","2017-11-22","2025-11-22","non connu","non connu","non connu","non connu","non connu","non connu","Pas de mandat en cours","2025-09-21","SDC 156/162 CHEMIN DE GROSLAY","156 che de groslay 93140 Bondy","156 che de groslay",93140,"Bondy","158 che de groslay 93140 Bondy","160 che de groslay 93140 Bondy","162 che de groslay 93140 Bondy",3,2.475665,48.915661,"1973-04-18","non","non","oui","non connu",0,0,0,148,44,44,60,"DE_1961_A_1974","930100000B0176","93010","000","0B","0176","930100000B0178","93010","000","0B","0178","","non connu","non connu","non connu","non connu",2,"","","","","Non","Non","",0,"Non","93010","Bondy","93010","Bondy",200057875,"T8 -  Est Ensemble","93","Seine-Saint-Denis","11","Ile-de-France"
"115861",200057875,"93010","AB5191739","2017-11-23","2025-09-06","professionnel","LAROZE IMMOBILIER 83159289400024","LAROZE IMMOBILIER ","83159289400024","6832A","PARIS 12","Mandat en cours","2026-03-31","SDC LES JARDINS JULES GUESDE","34 r jules guesde 93140 Bondy","34 r jules guesde",93140,"Bondy","12 r jean jaures 93140 Bondy","10 r jean jaures 93140 Bondy","8 rle sainte-barbe 93140 Bondy",3,2.477131,48.90353,"2009-12-23","non","non","oui","non connu",0,0,0,81,44,44,37,"DE_2001_A_2010","93010000AE0197","93010","000","AE","0197","93010000AE0012","93010","000","AE","0012","93010000AE0150","93010","000","AE","0150",5,"","","","","Non","Non","",0,"Non","93010","Bondy","93010","Bondy",200057875,"T8 -  Est Ensemble","93","Seine-Saint-Denis","11","Ile-de-France"
"123361",200057875,"93010","AB6097018","2017-11-30","2025-08-23","professionnel","CABINET NICOLAS & CIE - ADMINISTRATEUR DE BIENS 39883799700053","CABINET NICOLAS & CIE - ADMINISTRATEUR DE BIENS ","39883799700053","6832A","PARIS","Mandat en cours","2027-06-30","SDC FRANCOIS MARTIN - MS148399","1 r francois martin 93140 BONDY","1 r francois martin",93140,"BONDY","non connu","non connu","non connu",0,2.480095,48.909202,"1962-09-12","non","non","oui","non connu",0,0,0,66,66,66,0,"DE_1961_A_1974","93010000HN0085","93010","000","HN","0085","","non connu","non connu","non connu","non connu","","non connu","non connu","non connu","non connu",1,"Abreuvoir - Bondy Nord - Bondy Centre - Pont-De-Bondy - La Sablière - Secteur Sud","QP093014","Abreuvoir - Bondy Nord - Bondy Centre - Pont-De-Bondy - La Sablière - Secteur Sud","QN09314M","Non","Non","",0,"Non","93010","BONDY","93010","Bondy",200057875,"T8 -  Est Ensemble","93","Seine-Saint-Denis","11","Ile-de-France"
"124971",200057875,"93010","AB6291884","2017-12-04","2025-12-06","non connu","non connu","non connu","non connu","non connu","non connu","Pas de mandat en cours","2025-09-30","RESIDENCE BONDY","2 r arthur rimbaud 93140 Bondy","2 r arthur rimbaud",93140,"Bondy","4 r arthur rimbaud 93140 Bondy","8-12 r auguste polissard 93140 Bondy","non connu",2,2.48037,48.904878,"2009-12-22","non","non","oui","non connu",0,0,0,138,63,60,70,"DE_1961_A_1974","930100000J0236","93010","000","0J","0236","930100000J0253","93010","000","0J","0253","","non connu","non connu","non connu","non connu",2,"Abreuvoir - Bondy Nord - Bondy Centre - Pont-De-Bondy - La Sablière - Secteur Sud","QP093014","Abreuvoir - Bondy Nord - Bondy Centre - Pont-De-Bondy - La Sablière - Secteur Sud","QN09314M","Non","Non","",0,"Non","93010","Bondy","93010","Bondy",200057875,"T8 -  Est Ensemble","93","Seine-Saint-Denis","11","Ile-de-France"
"130785",200057875,"93010","AB7014822","2017-12-12","2025-08-23","non connu","non connu","non connu","non connu","non connu","non connu","Pas de mandat en cours","2025-05-29","SDC RESIDENCE PASTEUR","10 av pasteur 93140 Bondy","10 av pasteur",93140,"Bondy","non connu","non connu","non connu",0,2.483923,48.903549,"2000-09-13","non","non","oui","non connu",0,0,0,72,24,24,24,"DE_1994_A_2000","930100000Q0036","93010","000","0Q","0036","","non connu","non connu","non connu","non connu","","non connu","non connu","non connu","non connu",1,"","","Abreuvoir - Bondy Nord - Bondy Centre - Pont-De-Bondy - La Sablière - Secteur Sud","QN09314M","Non","Non","",0,"Non","93010","Bondy","93010","Bondy",200057875,"T8 -  Est Ensemble","93","Seine-Saint-Denis","11","Ile-de-France"
"137064",200057875,"93010","AB7784317","2017-12-21","2025-08-23","professionnel","NCA 69200672900044","NCA ","69200672900044","6820B","PARIS 9","Mandat en cours","2027-01-31","MOZAIK","15/17 RUE FONTAINE 93140 BONDY","15/17 RUE FONTAINE",93140,"BONDY","non connu","non connu","non connu",0,2.484411,48.909577,"2015-12-29","non","non","oui","non connu",0,0,0,118,66,66,52,"A_COMPTER_DE_2011","930100000F0129","93010","000","0F","0129","930100000F0080","93010","000","0F","0080","930100000F0012","93010","000","0F","0012",3,"","","","","Non","Non","",0,"Non","93010","BONDY","93010","Bondy",200057875,"T8 -  Est Ensemble","93","Seine-Saint-Denis","11","Ile-de-France"
"138805",200057875,"93010","AB8005738","2017-12-27","2025-08-23","professionnel","ATM SARL 34863116900045","ATM SARL ","34863116900045","6832A","BONDY","Mandat en cours","2026-10-15","SDC LES BALCONS DU MOULIN","138 Rue Roger Salengro 93140 Bondy","138 Rue Roger Salengro",93140,"Bondy","non connu","non connu","non connu",0,2.477303,48.895492,"1991-08-19","non","non","oui","",0,0,0,116,62,54,0,"DE_1975_A_1993","","non connu","non connu","non connu","non connu","","non connu","non connu","non connu","non connu","","non connu","non connu","non connu","non connu",0,"","","","","Non","Non","",0,"Non","93010","BONDY","93010","Bondy",200057875,"T8 -  Est Ensemble","93","Seine-Saint-Denis","11","Ile-de-France"
"139070",200057875,"93010","AB8038176","2017-12-27","2025-08-23","professionnel","ATM SARL 34863116900045","ATM SARL ","34863116900045","6832A","BONDY","Mandat en cours","2026-11-26","SDC 10-16 ALEXANDRA DAVID NEEL","16 Rue Alexandra David Neel 93140 Bondy","16 Rue Alexandra David Neel",93140,"Bondy","non connu","non connu","non connu",0,2.48691,48.894581,"2005-03-02","non","non","oui","",0,0,0,163,67,67,82,"DE_2001_A_2010","","non connu","non connu","non connu","non connu","","non connu","non connu","non connu","non connu","","non connu","non connu","non connu","non connu",0,"","","","","Non","Non","",0,"Non","93010","BONDY","93010","Bondy",200057875,"T8 -  Est Ensemble","93","Seine-Saint-Denis","11","Ile-de-France"
"151694",200057875,"93010","AB9644113","2018-01-16","2025-08-23","professionnel","GCI LE PRE 84463672000014","GCI LE PRE ","84463672000014","6831Z","LE PRE SAINT GERVAIS","Mandat en cours","2027-03-31","SDC 160 AVE DU GAL GALLIENI","160 av gallieni 93140 Bondy","160 av gallieni",93140,"Bondy","non connu","non connu","non connu",0,2.48563,48.906465,"2004-10-28","non","non","oui","non connu",0,0,0,128,37,33,55,"DE_1994_A_2000","930100000N0013","93010","000","0N","0013","","non connu","non connu","non connu","non connu","","non connu","non connu","non connu","non connu",1,"Abreuvoir - Bondy Nord - Bondy Centre - Pont-De-Bondy - La Sablière - Secteur Sud","QP093014","","","Non","Non","",0,"Non","93010","Bondy","93010","Bondy",200057875,"T8 -  Est Ensemble","93","Seine-Saint-Denis","11","Ile-de-France"
"153552",200057875,"93010","AB9903907","2018-01-18","2025-08-23","professionnel","CABINET AJOA GESTION 80506069600020","CABINET AJOA GESTION ","80506069600020","6832A","AULNAY SOUS BOIS","Mandat en cours","2028-04-11","SDC LE BAUDELAIRE","65 av du 14 juillet 93140 Bondy","65 av du 14 juillet",93140,"Bondy","non connu","non connu","non connu",0,2.491889,48.915154,"1977-03-03","non","non","oui","non connu",0,0,0,77,23,23,34,"DE_1961_A_1974","930100000D0122","93010","000","0D","0122","","non connu","non connu","non connu","non connu","","non connu","non connu","non connu","non connu",1,"","","","","Non","Non","",0,"Non","93010","Bondy","93010","Bondy",200057875,"T8 -  Est Ensemble","93","Seine-Saint-Denis","11","Ile-de-France"
"157377",200057875,"93010","AC0467712","2018-01-31","2025-08-23","professionnel","DWELLING 89881852100012","DWELLING ","89881852100012","6832A","PARIS 17","Mandat en cours","2026-06-18","SDC 10 BLANQUI/57 REPUBLIQUE","10 r louis auguste blanqui 93140 Bondy","10 r louis auguste blanqui",93140,"Bondy","57 av de la republique 93140 Bondy","non connu","non connu",1,2.47974,48.900172,"1955-09-19","non","non","oui","non connu",0,0,0,94,75,71,0,"AVANT_1949","93010000AJ0047","93010","000","AJ","0047","","non connu","non connu","non connu","non connu","","non connu","non connu","non connu","non connu",1,"","","","","Non","Non","",0,"Non","93010","Bondy","93010","Bondy",200057875,"T8 -  Est Ensemble","93","Seine-Saint-Denis","11","Ile-de-France"
"158800",200057875,"93010","AC0662171","2018-02-02","2025-08-23","professionnel","SOCIETE DE GERANCE RICHELIEU 60205776200034","SOCIETE DE GERANCE RICHELIEU ","60205776200034","6832A","LE RAINCY","Mandat en cours","2027-04-03","SDC 85/87 avenue Carnot","85 av carnot 93140 Bondy","85 av carnot",93140,"Bondy","87 av carnot 93140 Bondy","non connu","non connu",1,2.480913,48.898398,"1993-03-25","non","non","oui","non connu",0,0,0,56,19,19,19,"DE_1975_A_1993","93010000AK0153","93010","000","AK","0153","","non connu","non connu","non connu","non connu","","non connu","non connu","non connu","non connu",1,"","","","","Non","Non","",0,"Non","93010","Bondy","93010","Bondy",200057875,"T8 -  Est Ensemble","93","Seine-Saint-Denis","11","Ile-de-France"
"161293",200057875,"93010","AC1000652","2018-02-08","2025-08-23","non connu","non connu","non connu","non connu","non connu","non connu","Pas de mandat en cours","2024-06-19","SDC LA NOUE CAILLET","49/57 av henri varagnat 93140 Bondy","49/57 av henri varagnat",93140,"Bondy","2-8 Rue Rabelais 93140","non connu","non connu",1,2.48438,48.91648,"1965-02-25","non","non","oui","non connu",0,0,0,126,63,63,0,"DE_1961_A_1974","930100000A0001","93010","000","0A","0001","","non connu","non connu","non connu","non connu","","non connu","non connu","non connu","non connu",1,"Abreuvoir - Bondy Nord - Bondy Centre - Pont-De-Bondy - La Sablière - Secteur Sud","QP093014","Abreuvoir - Bondy Nord - Bondy Centre - Pont-De-Bondy - La Sablière - Secteur Sud","QN09314M","Non","Non","",0,"Non","93010","Bondy","93010","Bondy",200057875,"T8 -  Est Ensemble","93","Seine-Saint-Denis","11","Ile-de-France"
"163547",200057875,"93010","AC1323658","2018-02-15","2025-08-23","non connu","non connu","non connu","non connu","non connu","non connu","Pas de mandat en cours","2021-09-12","COPROPRIETE 18","1-7 r rudyard kipling 93140 Bondy","1-7 r rudyard kipling",93140,"Bondy","9-17 r theodore monod 93140 Bondy","non connu","non connu",1,2.486913,48.893446,"2009-06-15","non","non","oui","non connu",0,0,0,21,12,12,0,"DE_2001_A_2010","","non connu","non connu","non connu","non connu","","non connu","non connu","non connu","non connu","","non connu","non connu","non connu","non connu",0,"","","","","Non","Non","",0,"Non","93010","Bondy","93010","Bondy",200057875,"T8 -  Est Ensemble","93","Seine-Saint-Denis","11","Ile-de-France"
"163714",200057875,"93010","AC1346501","2018-02-15","2025-08-23","non connu","non connu","non connu","non connu","non connu","non connu","Pas de mandat en cours","2023-06-30","14 RUE JULES LELONG","14 r jules lelong 93140 BONDY","14 r jules lelong",93140,"BONDY","non connu","non connu","non connu",0,2.47591,48.896767,"1965-09-05","non","non","oui","non connu",0,0,0,48,24,12,0,"AVANT_1949","","non connu","non connu","non connu","non connu","","non connu","non connu","non connu","non connu","","non connu","non connu","non connu","non connu",0,"","","","","Non","Non","",0,"Non","93010","BONDY","93010","Bondy",200057875,"T8 -  Est Ensemble","93","Seine-Saint-Denis","11","Ile-de-France"
"165557",200057875,"93010","AC1600774","2018-02-21","2025-11-22","professionnel","CABINET CPI 49316608600022","CABINET CPI ","49316608600022","6831Z","SARCELLES","Mandat en cours","2026-12-19","S.D.C. RESIDENCE 13","152 r edouard vaillant 93140 Bondy","152 r edouard vaillant",93140,"Bondy","21 r marguerite duras 93140 Bondy","non connu","non connu",1,2.489711,48.894831,"2003-12-04","non","non","oui","non connu",1,0,0,85,49,49,36,"DE_2001_A_2010","93010000AR0035","93010","000","AR","0035","","non connu","non connu","non connu","non connu","","non connu","non connu","non connu","non connu",1,"","","","","Non","Non","",0,"Non","93010","Bondy","93010","Bondy",200057875,"T8 -  Est Ensemble","93","Seine-Saint-Denis","11","Ile-de-France"
"166130",200057875,"93010","AC1677426","2018-02-22","2025-08-23","professionnel","CABINET IMMOBILIER RIVET-LENOBLE 40926757200017","CABINET IMMOBILIER RIVET-LENOBLE ","40926757200017","6831Z","LIVRY GARGAN","Mandat en cours","2026-06-30","LES FLORIANES II","2 crs de la republique 93140 Bondy","2 crs de la republique",93140,"Bondy","3 RUE ROGER SALENGRO/2 COURS DE LA REPUB - BATIMENT INFRA STRUCTURE 93140 BONDY","2 COURS DE LA REPUBLIQUE - BATIMENT C 93140 BONDY","1 /3  RUE ROGER SALENGRO - BATIMENT B 93140 BONDY",3,2.480373,48.902658,"2001-07-17","non","non","oui","non connu",0,0,0,119,49,49,42,"DE_2001_A_2010","","non connu","non connu","non connu","non connu","","non connu","non connu","non connu","non connu","","non connu","non connu","non connu","non connu",0,"","","","","Non","Non","",0,"Non","93010","Bondy","93010","Bondy",200057875,"T8 -  Est Ensemble","93","Seine-Saint-Denis","11","Ile-de-France"
"167548",200057875,"93010","AC1872787","2018-02-26","2025-08-23","non connu","non connu","non connu","non connu","non connu","non connu","Pas de mandat en cours","2024-03-30","RESIDENCE VILLA ROMANA","36 av de la republique 93140 Bondy","36 av de la republique",93140,"Bondy","36 av de la republique 93140 Bondy","non connu","non connu",1,2.479353,48.900177,"1997-11-14","non","non","oui","non connu",0,0,0,33,22,22,0,"DE_1994_A_2000","","non connu","non connu","non connu","non connu","","non connu","non connu","non connu","non connu","","non connu","non connu","non connu","non connu",0,"","","","","Non","Non","",0,"Non","93010","BONDY","93010","Bondy",200057875,"T8 -  Est Ensemble","93","Seine-Saint-Denis","11","Ile-de-France"
"169462",200057875,"93010","AC2143469","2018-03-06","2025-08-23","non connu","non connu","non connu","non connu","non connu","non connu","Pas de mandat en cours","2021-03-10","SDC 56 BLD CARNOT","56 av carnot 93140 Bondy","56 av carnot",93140,"Bondy","non connu","non connu","non connu",0,2.481402,48.89977,"2014-07-04","non","non","oui","non connu",0,0,0,10,6,6,0,"NON_CONNUE","","non connu","non connu","non connu","non connu","","non connu","non connu","non connu","non connu","","non connu","non connu","non connu","non connu",0,"","","","","Non","Non","",0,"Non","93010","Bondy","93010","Bondy",200057875,"T8 -  Est Ensemble","93","Seine-Saint-Denis","11","Ile-de-France"
"173965",200057875,"93010","AC2766426","2018-03-16","2025-08-23","professionnel","FONCIA MANAGO 30265417300020","FONCIA MANAGO ","30265417300020","6832A","EZANVILLE","Mandat en cours","2027-09-30","COTE TERRASSE","4 r du sergent bobillot 93140 BONDY","4 r du sergent bobillot",93140,"BONDY","non connu","non connu","non connu",0,2.476176,48.896161,"2014-01-01","non","non","oui","non connu",0,0,0,53,25,25,22,"A_COMPTER_DE_2011","","non connu","non connu","non connu","non connu","","non connu","non connu","non connu","non connu","","non connu","non connu","non connu","non connu",0,"","","","","Non","Non","",0,"Non","93010","BONDY","93010","Bondy",200057875,"T8 -  Est Ensemble","93","Seine-Saint-Denis","11","Ile-de-France"
"180411",200057875,"93010","AC3648854","2018-04-06","2025-12-27","professionnel","CABINET ABD GESTION 50778433800026","CABINET ABD GESTION ","50778433800026","6832A","PARIS 19","Mandat en cours","2026-06-30","SDC 3 bis rue de la Fraternité","3B r de la fraternite 93140 Bondy","3B r de la fraternite",93140,"Bondy","non connu","non connu","non connu",0,2.476901,48.898869,"1962-09-17","non","non","oui","non connu",0,0,0,72,31,31,10,"DE_1961_A_1974","93010000AI0104","93010","000","AI","0104","","non connu","non connu","non connu","non connu","","non connu","non connu","non connu","non connu",1,"","","","","Non","Non","",0,"Non","93010","Bondy","93010","Bondy",200057875,"T8 -  Est Ensemble","93","Seine-Saint-Denis","11","Ile-de-France"
"180607",200057875,"93010","AC3677143","2018-04-05","2025-08-23","professionnel","FONCIA CHADEFAUX LECOQ 59202763500032","FONCIA CHADEFAUX LECOQ ","59202763500032","6831Z","AUBERVILLIERS","Mandat en cours","2026-06-30","26 rue du Maréchal de Lattre de Tassigny  BONDY","26 rue du Maréchal de Lattre de Tassigny 93140 BONDY","26 rue du Maréchal de Lattre de Tassigny",93140,"BONDY","non connu","non connu","non connu",0,2.482917,48.904437,"2017-06-28","non","non","oui","non connu",0,0,0,26,13,13,13,"A_COMPTER_DE_2011","930100000P0129","93010","000","0P","0129","930100000P0160","93010","000","0P","0160","","non connu","non connu","non connu","non connu",2,"Abreuvoir - Bondy Nord - Bondy Centre - Pont-De-Bondy - La Sablière - Secteur Sud","QP093014","Abreuvoir - Bondy Nord - Bondy Centre - Pont-De-Bondy - La Sablière - Secteur Sud","QN09314M","Non","Non","",0,"Non","93010","BONDY","93010","Bondy",200057875,"T8 -  Est Ensemble","93","Seine-Saint-Denis","11","Ile-de-France"
"183144",200057875,"93010","AC4000931","2018-04-12","2025-08-23","professionnel","UNITIA 82293322200025","UNITIA ","82293322200025","6832A","MONTREUIL","Mandat en cours","2026-06-11","139 AVENUE CARNOT","139 av carnot 93140 Bondy","139 av carnot",93140,"Bondy","139 av carnot 93140 Bondy","non connu","non connu",1,2.479688,48.895901,"1964-10-08","non","non","oui","non connu",0,0,0,12,10,10,1,"DE_1961_A_1974","93010000AS0167","93010","000","AS","0167","","non connu","non connu","non connu","non connu","","non connu","non connu","non connu","non connu",1,"","","","","Non","Non","",0,"Non","93010","BONDY","93010","Bondy",200057875,"T8 -  Est Ensemble","93","Seine-Saint-Denis","11","Ile-de-France"
"187415",200057875,"93010","AC4570693","2018-04-24","2025-08-23","professionnel","FONCIA MANAGO 30265417300020","FONCIA MANAGO ","30265417300020","6832A","EZANVILLE","Mandat en cours","2026-06-30","RESIDENCE BONDY JORELLE","39 av marie curie 93140 BONDY","39 av marie curie",93140,"BONDY","non connu","non connu","non connu",0,2.491024,48.894459,"2005-02-03","non","non","oui","non connu",0,0,0,45,23,23,22,"DE_2001_A_2010","","non connu","non connu","non connu","non connu","","non connu","non connu","non connu","non connu","","non connu","non connu","non connu","non connu",0,"","","","","Non","Non","",0,"Non","93010","BONDY","93010","Bondy",200057875,"T8 -  Est Ensemble","93","Seine-Saint-Denis","11","Ile-de-France"
"187421",200057875,"93010","AC4571352","2018-04-24","2025-08-23","professionnel","FONCIA MANAGO 30265417300020","FONCIA MANAGO ","30265417300020","6832A","EZANVILLE","Mandat en cours","2026-06-30","RESIDENCE BONDY JORELLE/COPRO2","1 av marie curie 93140 Bondy","1 av marie curie",93140,"Bondy","non connu","non connu","non connu",0,2.490157,48.893274,"2005-06-27","non","non","oui","non connu",1,0,0,31,14,14,17,"DE_2001_A_2010","","non connu","non connu","non connu","non connu","","non connu","non connu","non connu","non connu","","non connu","non connu","non connu","non connu",0,"","","","","Non","Non","",0,"Non","93010","Bondy","93010","Bondy",200057875,"T8 -  Est Ensemble","93","Seine-Saint-Denis","11","Ile-de-France"
"188782",200057875,"93010","AC4755179","2018-04-26","2025-10-11","professionnel","ATM SARL 34863116900045","ATM SARL ","34863116900045","6832A","BONDY","Mandat en cours","2026-12-31","SDC 2 VILLA DU BREUIL","2 Villa du Breuil 93140 Bondy","2 Villa du Breuil",93140,"Bondy","non connu","non connu","non connu",0,2.474289,48.900389,"1971-03-24","non","non","oui","",0,0,0,24,12,12,0,"AVANT_1949","93010000AH0060","93010","000","AH","0060","","non connu","non connu","non connu","non connu","","non connu","non connu","non connu","non connu",0,"","","","","Non","Non","",0,"Non","93010","BONDY","93010","Bondy",200057875,"T8 -  Est Ensemble","93","Seine-Saint-Denis","11","Ile-de-France"
"189056",200057875,"93010","AC4791471","2018-05-04","2025-11-29","professionnel","HOMELAND 81834144800038","HOMELAND ","81834144800038","6832A","MONTREUIL","Mandat en cours","2027-06-24","COEUR VAILLANT","13 r edouard vaillant 93140 Bondy","13 r edouard vaillant",93140,"Bondy","19 r edouard vaillant 93140 Bondy","non connu","non connu",1,2.478619,48.896479,"2016-07-29","non","non","oui","non connu",0,0,0,67,49,49,18,"A_COMPTER_DE_2011","","non connu","non connu","non connu","non connu","","non connu","non connu","non connu","non connu","","non connu","non connu","non connu","non connu",0,"","","","","Non","Non","",0,"Non","93010","Bondy","93010","Bondy",200057875,"T8 -  Est Ensemble","93","Seine-Saint-Denis","11","Ile-de-France"
"191177",200057875,"93010","AC5118815","2018-05-09","2025-08-23","professionnel","LAMY 48753009903368","LAMY ","48753009903368","6831Z","LYON","Mandat en cours","2026-03-30","90 RUE ROGER SALENGRO  - MS1580","90 Rue Roger Salengro 93140 Bondy","90 Rue Roger Salengro",93140,"Bondy","non connu","non connu","non connu",0,2.477512,48.898108,"1987-01-01","non","non","oui","non connu",0,0,0,42,21,19,21,"DE_1975_A_1993","93010000AI0136","93010","000","AI","0136","93010000AI0141","93010","000","AI","0141","","non connu","non connu","non connu","non connu",2,"","","","","Non","Non","",0,"Non","93010","BONDY","93010","Bondy",200057875,"T8 -  Est Ensemble","93","Seine-Saint-Denis","11","Ile-de-France"
"191220",200057875,"93010","AC5124342","2018-05-09","2025-08-23","professionnel","CABINET NICOLAS & CIE - ADMINISTRATEUR DE BIENS 39883799700053","CABINET NICOLAS & CIE - ADMINISTRATEUR DE BIENS ","39883799700053","6832A","PARIS","Mandat en cours","2026-06-30","4140 - SDC 151/153 AVENUE DE LA REPUBLIQUE","151 Avenue de la République 93140 Bondy","151 Avenue de la République",93140,"Bondy","non connu","non connu","non connu",0,2.478115,48.896169,"2016-10-14","non","non","oui","non connu",0,0,0,71,49,49,22,"A_COMPTER_DE_2011","93010000AT0111","93010","000","AT","0111","93010000AT0112","93010","000","AT","0112","","non connu","non connu","non connu","non connu",2,"","","","","Non","Non","",0,"Non","93010","BONDY","93010","Bondy",200057875,"T8 -  Est Ensemble","93","Seine-Saint-Denis","11","Ile-de-France"
"191604",200057875,"93010","AC5181599","2018-05-11","2025-08-23","professionnel","SYNDIC ADMINISTRATION DE BIENS IMMOBILIERS 33930323200054","SYNDIC ADMINISTRATION DE BIENS IMMOBILIERS ","33930323200054","6832A","MONTREUIL","Mandat en cours","2026-09-30","RESIDENCE SAINTE BARBE","28 r jules guesde 93140 BONDY","28 r jules guesde",93140,"BONDY","32 r jules guesde 93140 BONDY","non connu","non connu",1,2.476796,48.903357,"1974-04-26","non","non","oui","non connu",0,0,0,71,20,15,18,"DE_1961_A_1974","","non connu","non connu","non connu","non connu","","non connu","non connu","non connu","non connu","","non connu","non connu","non connu","non connu",0,"","","","","Non","Non","",0,"Non","93010","BONDY","93010","Bondy",200057875,"T8 -  Est Ensemble","93","Seine-Saint-Denis","11","Ile-de-France"
"192791",200057875,"93010","AC5369384","2018-05-15","2025-08-23","professionnel","LAMY 48753009903368","LAMY ","48753009903368","6831Z","LYON","Mandat en cours","2027-03-31","MARIE LAURENCIN          (A09) - MS12939","1 Allée Marie Laurencin 93140 Bondy","1 Allée Marie Laurencin",93140,"Bondy","non connu","non connu","non connu",0,2.488885,48.894081,"2003-12-04","non","non","oui","non connu",0,0,0,32,12,12,20,"DE_2001_A_2010","93010000AR0167","93010","000","AR","0167","","non connu","non connu","non connu","non connu","","non connu","non connu","non connu","non connu",1,"","","","","Non","Non","",0,"Non","93010","BONDY","93010","Bondy",200057875,"T8 -  Est Ensemble","93","Seine-Saint-Denis","11","Ile-de-France"
"194814",200057875,"93010","AC5659941","2018-05-24","2025-11-01","professionnel","ATM SARL 34863116900045","ATM SARL ","34863116900045","6832A","BONDY","Mandat en cours","2027-12-01","SDC 123 AVENUE CARNOT","123 Avenue Carnot 93140 Bondy","123 Avenue Carnot",93140,"Bondy","non connu","non connu","non connu",0,2.480105,48.896665,"1953-02-11","non","non","oui","",0,0,0,6,6,6,0,"DE_1949_A_1960","","non connu","non connu","non connu","non connu","","non connu","non connu","non connu","non connu","","non connu","non connu","non connu","non connu",0,"","","","","Non","Non","",0,"Non","93010","BONDY","93010","Bondy",200057875,"T8 -  Est Ensemble","93","Seine-Saint-Denis","11","Ile-de-France"
"195081",200057875,"93010","AC5701685","2018-05-25","2025-12-06","professionnel","L2J - ASSOCIES 79188783900029","L2J - ASSOCIES ","79188783900029","6831Z","GAGNY","Mandat en cours","2026-12-31","SDC 7 RUE L. A. BLANQUI","7 r louis auguste blanqui 93140 BONDY","7 r louis auguste blanqui",93140,"BONDY","53 crs de la republique 93140 Bondy","non connu","non connu",1,2.479718,48.900255,"1951-09-28","non","non","oui","non connu",0,0,0,19,19,17,0,"AVANT_1949","","non connu","non connu","non connu","non connu","","non connu","non connu","non connu","non connu","","non connu","non connu","non connu","non connu",0,"","","","","Non","Non","",0,"Non","93010","BONDY","93010","Bondy",200057875,"T8 -  Est Ensemble","93","Seine-Saint-Denis","11","Ile-de-France"
"197687",200057875,"93010","AC6062772","2018-06-01","2026-01-03","non connu","non connu","non connu","non connu","non connu","non connu","Mandat expiré sans successeur déclaré","2025-12-31","SDC 37-39  RUE YVONNE","39 Rue Yvonne 93140 Bondy","39 Rue Yvonne",93140,"Bondy","non connu","non connu","non connu",0,2.476833,48.899036,"1971-01-01","non","non","oui","",0,0,0,59,20,19,19,"DE_1961_A_1974","","non connu","non connu","non connu","non connu","","non connu","non connu","non connu","non connu","","non connu","non connu","non connu","non connu",0,"","","","","Non","Non","",0,"Non","93010","BONDY","93010","Bondy",200057875,"T8 -  Est Ensemble","93","Seine-Saint-Denis","11","Ile-de-France"
"205257",200057875,"93010","AC7078108","2018-06-19","2025-08-23","professionnel","URBANIA VAL DE MARNE 30940817700074","URBANIA VAL DE MARNE ","30940817700074","6832A","LE PERREUX SUR MARNE","Mandat en cours","2026-12-18","Les Champs","64 r etienne dolet 93140 Bondy","64 r etienne dolet",93140,"Bondy","72 r etienne dolet 93140 Bondy","70 r etienne dolet 93140 Bondy","68 r etienne dolet 93140 Bondy",4,2.477513,48.890199,"1965-06-30","non","non","oui","non connu",0,0,0,120,40,40,40,"DE_1961_A_1974","93010000BH0140","93010","000","BH","0140","","non connu","non connu","non connu","non connu","","non connu","non connu","non connu","non connu",1,"","","","","Non","Non","",0,"Non","93010","Bondy","93010","Bondy",200057875,"T8 -  Est Ensemble","93","Seine-Saint-Denis","11","Ile-de-France"
"205435",200057875,"93010","AC7102775","2018-06-20","2025-08-23","professionnel","SOCIETE DE GERANCE RICHELIEU 60205776200034","SOCIETE DE GERANCE RICHELIEU ","60205776200034","6832A","LE RAINCY","Mandat en cours","2026-04-11","SDC 114 avenue Carnot","114 av carnot 93140 Bondy","114 av carnot",93140,"Bondy","non connu","non connu","non connu",0,2.480066,48.896935,"1963-12-28","non","non","oui","non connu",0,0,0,28,10,10,8,"DE_1961_A_1974","93010000AJ0150","93010","000","AJ","0150","","non connu","non connu","non connu","non connu","","non connu","non connu","non connu","non connu",1,"","","","","Non","Non","",0,"Non","93010","Bondy","93010","Bondy",200057875,"T8 -  Est Ensemble","93","Seine-Saint-Denis","11","Ile-de-France"
"206437",200057875,"93010","AC7223308","2018-06-19","2026-01-03","non connu","non connu","non connu","non connu","non connu","non connu","Mandat expiré sans successeur déclaré","2025-12-31","VILLA CASTELIA","25 r edouard vaillant 93140 Bondy","25 r edouard vaillant",93140,"Bondy","non connu","non connu","non connu",0,2.479666,48.896304,"2016-12-13","non","non","oui","non connu",0,0,0,24,20,20,4,"A_COMPTER_DE_2011","93010000AJ0155","93010","000","AJ","0155","","non connu","non connu","non connu","non connu","","non connu","non connu","non connu","non connu",1,"","","","","Non","Non","",0,"Non","93010","Bondy","93010","Bondy",200057875,"T8 -  Est Ensemble","93","Seine-Saint-Denis","11","Ile-de-France"
"209460",200057875,"93010","AC7624844","2018-06-29","2025-10-25","professionnel","E3L & MAJ 91857358500018","E3L & MAJ ","91857358500018","6832A","LE RAINCY","Mandat en cours","2026-09-19","SDC 73/75 AV. G.ANTH.DE GAULLE","73 av genevieve anthonioz de gaulle 93140 Bondy","73 av genevieve anthonioz de gaulle",93140,"Bondy","73 AV.GENEVIEVE ANTH. DE GAULL 93140 BONDY","75 AV.GENEVIEVE ANTH. DE GAULL 93140 BONDY","non connu",2,2.487967,48.893955,"2004-03-10","non","non","oui","non connu",1,0,0,110,61,61,0,"DE_2001_A_2010","","non connu","non connu","non connu","non connu","","non connu","non connu","non connu","non connu","","non connu","non connu","non connu","non connu",0,"","","","","Non","Non","",0,"Non","93010","Bondy","93010","Bondy",200057875,"T8 -  Est Ensemble","93","Seine-Saint-Denis","11","Ile-de-France"
"212248",200057875,"93010","AC7991557","2018-07-05","2025-08-23","professionnel","SOCIETE DE GERANCE RICHELIEU 60205776200034","SOCIETE DE GERANCE RICHELIEU ","60205776200034","6832A","LE RAINCY","Mandat en cours","2026-08-26","SDC Les Horizons","16 r louis auguste blanqui 93140 Bondy","16 r louis auguste blanqui",93140,"Bondy","63 av de la republique 93140 Bondy","65 av de la republique 93140 Bondy","non connu",2,2.480292,48.900074,"1970-04-01","non","non","oui","non connu",0,0,0,123,35,33,55,"DE_1961_A_1974","93010000AJ0209","93010","000","AJ","0209","","non connu","non connu","non connu","non connu","","non connu","non connu","non connu","non connu",1,"","","","","Non","Non","",0,"Non","93010","Bondy","93010","Bondy",200057875,"T8 -  Est Ensemble","93","Seine-Saint-Denis","11","Ile-de-France"
"213923",200057875,"93010","AC8206393","2018-07-09","2025-10-11","professionnel","LAMY 48753009903368","LAMY ","48753009903368","6831Z","LYON","Mandat en cours","2027-09-30","95 RUE LOUIS AUGUSTE BLANQUI - MS12953","95 Rue Louis Auguste Blanqui 93140 Bondy","95 Rue Louis Auguste Blanqui",93140,"Bondy","non connu","non connu","non connu",0,2.482895,48.899482,"2006-11-14","non","non","oui","non connu",0,0,0,15,9,9,1,"DE_2001_A_2010","93010000AB0057","93010","000","AB","0057","","non connu","non connu","non connu","non connu","","non connu","non connu","non connu","non connu",1,"Blanqui","QP093012","Blanqui","QN09312I","Non","Non","",0,"Non","93010","BONDY","93010","Bondy",200057875,"T8 -  Est Ensemble","93","Seine-Saint-Denis","11","Ile-de-France"
"220158",200057875,"93010","AC9009283","2018-07-20","2025-08-23","professionnel","EVAM-GID 39072049800034","EVAM-GID ","39072049800034","6832A","AULNAY SOUS BOIS","Mandat en cours","2026-09-06","SDC LES DEMEURES DU VERGER","all des vignes, 93140 Bondy","all des vignes,",93140,"Bondy","non connu","non connu","non connu",0,2.476797,48.91698,"1989-02-08","non","non","oui","non connu",0,0,0,32,32,32,0,"DE_1975_A_1993","930100000B0270","93010","000","0B","0270","930100000B0269","93010","000","0B","0269","930100000B0268","93010","000","0B","0268",8,"","","","","Non","Non","",0,"Non","93010","BONDY","93010","Bondy",200057875,"T8 -  Est Ensemble","93","Seine-Saint-Denis","11","Ile-de-France"
"230007",200057875,"93010","AD0281188","2018-08-02","2025-10-18","professionnel","ATM SARL 34863116900045","ATM SARL ","34863116900045","6832A","BONDY","Mandat en cours","2028-05-21","SDC VILLA FLORENTINE","85 Rue Roger Salengro 93140 Bondy","85 Rue Roger Salengro",93140,"Bondy","non connu","non connu","non connu",0,2.477204,48.896126,"1998-12-23","non","non","oui","",0,0,0,29,11,9,9,"DE_1994_A_2000","93010000at0094","93010","000","at","0094","","non connu","non connu","non connu","non connu","","non connu","non connu","non connu","non connu",0,"","","","","Non","Non","",0,"Non","93010","BONDY","93010","Bondy",200057875,"T8 -  Est Ensemble","93","Seine-Saint-Denis","11","Ile-de-France"
"233898",200057875,"93010","AD0771568","2018-08-13","2025-08-24","professionnel","URBANIA VAL DE MARNE 30940817700074","URBANIA VAL DE MARNE ","30940817700074","6832A","LE PERREUX SUR MARNE","Mandat en cours","2026-06-30","SDC 156 VAILLANT","156 r edouard vaillant 93140 Bondy","156 r edouard vaillant",93140,"Bondy","28 av marie curie 93140 Bondy","non connu","non connu",1,2.49023,48.894763,"2001-07-24","non","non","oui","non connu",1,0,0,70,34,34,27,"DE_2001_A_2010","","non connu","non connu","non connu","non connu","","non connu","non connu","non connu","non connu","","non connu","non connu","non connu","non connu",0,"","","","","Non","Non","",0,"Non","93010","Bondy","93010","Bondy",200057875,"T8 -  Est Ensemble","93","Seine-Saint-Denis","11","Ile-de-France"
"238981",200057875,"93010","AD1428028","2018-08-22","2025-11-08","professionnel","ATM SARL 34863116900045","ATM SARL ","34863116900045","6832A","BONDY","Mandat en cours","2027-10-02","SDC VILLA SALENGRO","63 Rue Roger Salengro 93140 Bondy","63 Rue Roger Salengro",93140,"Bondy","non connu","non connu","non connu",0,2.477546,48.897959,"2015-02-06","non","non","oui","",0,0,0,30,24,24,6,"A_COMPTER_DE_2011","","non connu","non connu","non connu","non connu","","non connu","non connu","non connu","non connu","","non connu","non connu","non connu","non connu",0,"","","","","Non","Non","",0,"Non","93010","BONDY","93010","Bondy",200057875,"T8 -  Est Ensemble","93","Seine-Saint-Denis","11","Ile-de-France"
"244489",200057875,"93010","AD2160778","2018-08-30","2025-08-24","professionnel","SOGIM SARL 42936632100041","SOGIM SARL ","42936632100041","6832A","VILLEMOMBLE","Mandat en cours","2027-09-30","S009","18 av de l'est 93140 Bondy","18 av de l'est",93140,"Bondy","non connu","non connu","non connu",0,2.479788,48.891427,"1977-06-22","non","non","oui","non connu",0,0,0,17,9,9,0,"AVANT_1949","93010000BF0129","93010","000","BF","0129","","non connu","non connu","non connu","non connu","","non connu","non connu","non connu","non connu",1,"","","","","Non","Non","",0,"Non","93010","Bondy","93010","Bondy",200057875,"T8 -  Est Ensemble","93","Seine-Saint-Denis","11","Ile-de-France"
"246178",200057875,"93010","AD2393767","2018-09-04","2025-11-01","professionnel","ATM SARL 34863116900045","ATM SARL ","34863116900045","6832A","BONDY","Mandat en cours","2027-10-31","LES TERRASSES DE LA MAIRIE","83 r louis auguste blanqui 93140 Bondy","83 r louis auguste blanqui",93140,"Bondy","85 r louis auguste blanqui 93140 Bondy","non connu","non connu",1,2.485958,48.898767,"1994-09-30","non","non","oui","non connu",0,0,0,33,11,11,11,"DE_1994_A_2000","93010000AB0102","93010","000","AB","0102","93010000AB0101","93010","000","AB","0101","","non connu","non connu","non connu","non connu",2,"","","","","Non","Non","",0,"Non","93010","Bondy","93010","Bondy",200057875,"T8 -  Est Ensemble","93","Seine-Saint-Denis","11","Ile-de-France"
"248524",200057875,"93010","AD2697795","2018-12-11","2025-08-24","non connu","non connu","non connu","non connu","non connu","non connu","Pas de mandat en cours","2022-01-30","SDC 4 ALLEE CONDORCET BONDY","4 all condorcet 93140 Bondy","4 all condorcet",93140,"Bondy","imp haydn, 93140 Bondy","non connu","non connu",1,2.489674,48.894526,"2001-07-24","non","non","oui","non connu",1,0,0,42,19,19,23,"DE_2001_A_2010","93010000AR0066","93010","000","AR","0066","","non connu","non connu","non connu","non connu","","non connu","non connu","non connu","non connu",1,"","","","","Non","Non","",0,"Non","93010","Bondy","93010","Bondy",200057875,"T8 -  Est Ensemble","93","Seine-Saint-Denis","11","Ile-de-France"
"250697",200057875,"93010","AD3005907","2018-09-13","2025-08-24","bénévole","Identité non partagée en Open Data","Identité non partagée en Open Data","non connu","non connu","BONDY","Mandat en cours","2026-04-23","copropriété 10 de la Résidence Apollonia","51 av genevieve anthonioz de gaulle 93140 Bondy","51 av genevieve anthonioz de gaulle",93140,"Bondy","non connu","non connu","non connu",0,2.488695,48.893391,"2002-03-19","non","non","oui","non connu",0,0,0,21,11,11,10,"DE_2001_A_2010","93010000AR0148","93010","000","AR","0148","","non connu","non connu","non connu","non connu","","non connu","non connu","non connu","non connu",1,"","","","","Non","Non","",0,"Non","93010","Bondy","93010","Bondy",200057875,"T8 -  Est Ensemble","93","Seine-Saint-Denis","11","Ile-de-France"
"254986",200057875,"93010","AD3572021","2018-10-03","2025-12-20","non connu","non connu","non connu","non connu","non connu","non connu","Mandat expiré sans successeur déclaré","2025-12-13","Syndic Copro 19 Bondy","23 Rue Alexandra David Neel 93140 Bondy","23 Rue Alexandra David Neel",93140,"Bondy","1-13 r alexandra david neel 93140 Bondy","15-25 rue alexandra David Neel 93140 Bondy","non connu",2,2.48659,48.894261,"2005-10-25","non","non","oui","non connu",0,0,0,26,13,13,13,"DE_2001_A_2010","93010000AR0200","93010","000","AR","0200","","non connu","non connu","non connu","non connu","","non connu","non connu","non connu","non connu",1,"","","","","Non","Non","",0,"Non","93010","Bondy","93010","Bondy",200057875,"T8 -  Est Ensemble","93","Seine-Saint-Denis","11","Ile-de-France"
"261142",200057875,"93010","AD4401238","2018-10-08","2025-08-24","professionnel","LAMY 48753009903368","LAMY ","48753009903368","6831Z","LYON","Mandat en cours","2025-09-30","VILLA ENEA - MS12923","150 Rue Baudin 93140 Bondy","150 Rue Baudin",93140,"Bondy","non connu","non connu","non connu",0,2.476609,48.897776,"2000-05-25","non","non","oui","non connu",0,0,0,42,14,14,14,"DE_1994_A_2000","93010000AI0181","93010","000","AI","0181","","non connu","non connu","non connu","non connu","","non connu","non connu","non connu","non connu",1,"","","","","Non","Non","",0,"Oui","93010","BONDY","93010","Bondy",200057875,"T8 -  Est Ensemble","93","Seine-Saint-Denis","11","Ile-de-France"
"265852",200057875,"93010","AD5042098","2018-10-18","2025-09-27","professionnel","ATM SARL 34863116900045","ATM SARL ","34863116900045","6832A","BONDY","Mandat en cours","2026-06-04","SDC 26 RUE ROGER SALENGRO","26 Rue Roger Salengro 93140 Bondy","26 Rue Roger Salengro",93140,"Bondy","non connu","non connu","non connu",0,2.479393,48.902267,"1979-03-06","non","non","oui","",0,0,0,81,26,24,32,"DE_1975_A_1993","","non connu","non connu","non connu","non connu","","non connu","non connu","non connu","non connu","","non connu","non connu","non connu","non connu",0,"","","","","Non","Non","",0,"Non","93010","BONDY","93010","Bondy",200057875,"T8 -  Est Ensemble","93","Seine-Saint-Denis","11","Ile-de-France"
"266053",200057875,"93010","AD5070040","2018-10-15","2025-11-15","professionnel","ATM SARL 34863116900045","ATM SARL ","34863116900045","6832A","BONDY","Mandat en cours","2027-12-31","SDC 35/37 COURS REPUBLIQUE","37 Cours de la République 93140 Bondy","37 Cours de la République",93140,"Bondy","37 Cours de la République 93140 Bondy","non connu","non connu",1,2.479847,48.901061,"2018-02-08","non","non","oui","",0,0,0,36,21,21,13,"A_COMPTER_DE_2011","","non connu","non connu","non connu","non connu","","non connu","non connu","non connu","non connu","","non connu","non connu","non connu","non connu",0,"","","","","Non","Non","",0,"Non","93010","BONDY","93010","Bondy",200057875,"T8 -  Est Ensemble","93","Seine-Saint-Denis","11","Ile-de-France"
"271129",200057875,"93010","AD5758784","2018-10-24","2025-08-24","professionnel","ATM SARL 34863116900045","ATM SARL ","34863116900045","6832A","BONDY","Mandat en cours","2027-03-06","SDC 16 RUE YVONNE BONDY","16 Rue Yvonne 93140 Bondy","16 Rue Yvonne",93140,"Bondy","non connu","non connu","non connu",0,2.477315,48.90048,"1977-01-06","non","non","oui","",0,0,0,9,5,5,0,"DE_1975_A_1993","","non connu","non connu","non connu","non connu","","non connu","non connu","non connu","non connu","","non connu","non connu","non connu","non connu",0,"","","","","Non","Non","",0,"Non","93010","BONDY","93010","Bondy",200057875,"T8 -  Est Ensemble","93","Seine-Saint-Denis","11","Ile-de-France"
"271280",200057875,"93010","AD5780887","2018-10-24","2025-08-24","non connu","non connu","non connu","non connu","non connu","non connu","Pas de mandat en cours","2023-11-16","SDC 6 RUE SERGENT BOBILLOT","6 r du sergent bobillot 93140 BONDY","6 r du sergent bobillot",93140,"BONDY","non connu","non connu","non connu",0,2.475977,48.896109,"1952-08-19","non","non","oui","",0,0,0,7,6,6,0,"DE_1949_A_1960","","non connu","non connu","non connu","non connu","","non connu","non connu","non connu","non connu","","non connu","non connu","non connu","non connu",0,"","","","","Non","Non","",0,"Non","93010","BONDY","93010","Bondy",200057875,"T8 -  Est Ensemble","93","Seine-Saint-Denis","11","Ile-de-France"
"271315",200057875,"93010","AD5785183","2018-10-25","2025-08-24","professionnel","CABINET ABD GESTION 50778433800026","CABINET ABD GESTION ","50778433800026","6832A","PARIS 19","Mandat en cours","2026-09-11","SDC LE DANTON","120 av de la republique 93140 BONDY","120 av de la republique",93140,"BONDY","non connu","non connu","non connu",0,2.477778,48.895532,"1993-05-07","non","non","oui","non connu",0,0,0,88,46,40,42,"DE_1975_A_1993","","non connu","non connu","non connu","non connu","","non connu","non connu","non connu","non connu","","non connu","non connu","non connu","non connu",0,"","","","","Non","Non","",0,"Non","93010","BONDY","93010","Bondy",200057875,"T8 -  Est Ensemble","93","Seine-Saint-Denis","11","Ile-de-France"
"275661",200057875,"93010","AD6405088","2019-02-06","2025-10-04","non connu","non connu","non connu","non connu","non connu","non connu","Pas de mandat en cours","2025-08-01","SDC 44 RUE MICHELET","44 r michelet 93140 Bondy","44 r michelet",93140,"Bondy","3B pas michelet 93140 Bondy","3 pas michelet 93140 Bondy","non connu",2,2.473782,48.899879,"1954-10-01","non","non","oui","non connu",0,0,0,14,14,14,0,"AVANT_1949","","non connu","non connu","non connu","non connu","","non connu","non connu","non connu","non connu","","non connu","non connu","non connu","non connu",0,"","","","","Non","Non","",0,"Non","93010","Bondy","93010","Bondy",200057875,"T8 -  Est Ensemble","93","Seine-Saint-Denis","11","Ile-de-France"
"275839",200057875,"93010","AD6430722","2018-11-02","2025-11-29","professionnel","CABINET AJOA GESTION 80506069600020","CABINET AJOA GESTION ","80506069600020","6832A","AULNAY SOUS BOIS","Mandat en cours","2028-11-26","SDC 7/9 RUE AUGUSTE POLISSARD","7 r auguste polissard 93140 Bondy","7 r auguste polissard",93140,"Bondy","non connu","non connu","non connu",0,2.480417,48.905234,"1977-08-02","non","non","oui","non connu",0,0,0,38,10,9,12,"DE_1949_A_1960","","non connu","non connu","non connu","non connu","","non connu","non connu","non connu","non connu","","non connu","non connu","non connu","non connu",0,"Abreuvoir - Bondy Nord - Bondy Centre - Pont-De-Bondy - La Sablière - Secteur Sud","QP093014","Abreuvoir - Bondy Nord - Bondy Centre - Pont-De-Bondy - La Sablière - Secteur Sud","QN09314M","Non","Non","",0,"Non","93010","Bondy","93010","Bondy",200057875,"T8 -  Est Ensemble","93","Seine-Saint-Denis","11","Ile-de-France"
"277462",200057875,"93010","AD6672950","2018-11-13","2025-08-30","professionnel","IMMO 3.60 98122536000016","IMMO 3.60 ","98122536000016","6831Z","PEROY-LES-GOMBRIES","Mandat en cours","2027-01-07","42 RUE EDOUARD VAILLANT  (A12) - MS13059","42 Rue Edouard Vaillant 93140 BONDY","42 Rue Edouard Vaillant",93140,"BONDY","non connu","non connu","non connu",0,2.481317,48.895413,"1999-05-26","non","non","oui","non connu",0,0,0,24,10,10,6,"DE_1994_A_2000","93010000AS0198","93010","000","AS","0198","","non connu","non connu","non connu","non connu","","non connu","non connu","non connu","non connu",1,"","","","","Non","Non","",0,"Non","93010","BONDY","93010","Bondy",200057875,"T8 -  Est Ensemble","93","Seine-Saint-Denis","11","Ile-de-France"
"278640",200057875,"93010","AD6826580","2018-11-07","2025-08-24","professionnel","SOCIETE DE GERANCE RICHELIEU 60205776200034","SOCIETE DE GERANCE RICHELIEU ","60205776200034","6832A","LE RAINCY","Mandat en cours","2026-11-20","SDC Le Bonitiacum","95 av carnot 93140 Bondy","95 av carnot",93140,"Bondy","97 av carnot 93140 Bondy","non connu","non connu",1,2.480773,48.898096,"1971-12-01","non","non","oui","non connu",0,0,0,78,24,24,30,"DE_1961_A_1974","93010000AK0146","93010","000","AK","0146","","non connu","non connu","non connu","non connu","","non connu","non connu","non connu","non connu",1,"","","","","Non","Non","",0,"Non","93010","Bondy","93010","Bondy",200057875,"T8 -  Est Ensemble","93","Seine-Saint-Denis","11","Ile-de-France"
"278735",200057875,"93010","AD6838478","2018-11-07","2025-10-11","professionnel","SOCIETE DE GERANCE RICHELIEU 60205776200034","SOCIETE DE GERANCE RICHELIEU ","60205776200034","6832A","LE RAINCY","Mandat en cours","2026-10-02","SDC La Ferme des Moines","89 av carnot 93140 Bondy","89 av carnot",93140,"Bondy","93 av carnot 93140 Bondy","91 av carnot 93140 Bondy","non connu",2,2.480825,48.89821,"1973-06-01","non","non","oui","non connu",0,0,0,86,26,26,34,"DE_1961_A_1974","93010000AK0145","93010","000","AK","0145","","non connu","non connu","non connu","non connu","","non connu","non connu","non connu","non connu",1,"","","","","Non","Non","",0,"Non","93010","Bondy","93010","Bondy",200057875,"T8 -  Est Ensemble","93","Seine-Saint-Denis","11","Ile-de-France"
"281614",200057875,"93010","AD7225790","2018-11-13","2025-08-24","non connu","non connu","non connu","non connu","non connu","non connu","Pas de mandat en cours","2022-06-30","LE CARRE DE TASSIGNY","56-58 av du marechal de lattre de tassigny 93140 BONDY","56-58 av du marechal de lattre de tassigny",93140,"BONDY","non connu","non connu","non connu",0,2.483184,48.903729,"2016-03-16","non","non","oui","non connu",0,0,0,106,48,48,47,"A_COMPTER_DE_2011","","non connu","non connu","non connu","non connu","","non connu","non connu","non connu","non connu","","non connu","non connu","non connu","non connu",0,"Abreuvoir - Bondy Nord - Bondy Centre - Pont-De-Bondy - La Sablière - Secteur Sud","QP093014","Abreuvoir - Bondy Nord - Bondy Centre - Pont-De-Bondy - La Sablière - Secteur Sud","QN09314M","Non","Non","",0,"Non","93010","BONDY","93010","Bondy",200057875,"T8 -  Est Ensemble","93","Seine-Saint-Denis","11","Ile-de-France"
"282334",200057875,"93010","AD7328420","2018-11-13","2025-12-06","professionnel","ATM SARL 34863116900045","ATM SARL ","34863116900045","6832A","BONDY","Mandat en cours","2026-11-07","SDC 9 RUE EDOUARD VAILLANT","9 Rue Edouard Vaillant 93140 Bondy","9 Rue Edouard Vaillant",93140,"Bondy","non connu","non connu","non connu",0,2.478423,48.896477,"1925-04-08","non","non","oui","",0,0,0,31,17,14,0,"AVANT_1949","","non connu","non connu","non connu","non connu","","non connu","non connu","non connu","non connu","","non connu","non connu","non connu","non connu",0,"","","","","Non","Non","",0,"Non","93010","BONDY","93010","Bondy",200057875,"T8 -  Est Ensemble","93","Seine-Saint-Denis","11","Ile-de-France"
"282378",200057875,"93010","AD7333602","2018-11-13","2025-08-24","professionnel","ATM SARL 34863116900045","ATM SARL ","34863116900045","6832A","BONDY","Mandat en cours","2028-04-02","SDC 31-33 RUE ROGER SALENGRO","31 Rue Roger Salengro 93140 Bondy","31 Rue Roger Salengro",93140,"Bondy","non connu","non connu","non connu",0,2.478667,48.900199,"1994-02-15","non","non","oui","",0,0,0,130,46,44,40,"DE_1994_A_2000","","non connu","non connu","non connu","non connu","","non connu","non connu","non connu","non connu","","non connu","non connu","non connu","non connu",0,"","","","","Non","Non","",0,"Non","93010","BONDY","93010","Bondy",200057875,"T8 -  Est Ensemble","93","Seine-Saint-Denis","11","Ile-de-France"
"282470",200057875,"93010","AD7347156","2018-11-13","2025-08-24","professionnel","ATM SARL 34863116900045","ATM SARL ","34863116900045","6832A","BONDY","Mandat en cours","2028-06-09","SDC RESIDENCE L'ARMORIAL","56 Rue Roger Salengro 93140 Bondy","56 Rue Roger Salengro",93140,"Bondy","non connu","non connu","non connu",0,2.478547,48.900323,"1979-01-03","non","non","oui","",0,0,0,66,31,31,30,"DE_1975_A_1993","","non connu","non connu","non connu","non connu","","non connu","non connu","non connu","non connu","","non connu","non connu","non connu","non connu",0,"","","","","Non","Non","",0,"Non","93010","BONDY","93010","Bondy",200057875,"T8 -  Est Ensemble","93","Seine-Saint-Denis","11","Ile-de-France"
"282645",200057875,"93010","AD7371149","2018-11-13","2025-08-24","professionnel","ATM SARL 34863116900045","ATM SARL ","34863116900045","6832A","BONDY","Mandat en cours","2026-11-21","SDC 27 RUE ETIENNE DOLET","27 Rue Etienne Dolet 93140 Bondy","27 Rue Etienne Dolet",93140,"Bondy","non connu","non connu","non connu",0,2.477744,48.891583,"1995-03-13","non","non","oui","",0,0,0,27,13,7,1,"AVANT_1949","","non connu","non connu","non connu","non connu","","non connu","non connu","non connu","non connu","","non connu","non connu","non connu","non connu",0,"","","","","Non","Non","",0,"Non","93010","BONDY","93010","Bondy",200057875,"T8 -  Est Ensemble","93","Seine-Saint-Denis","11","Ile-de-France"
"282971",200057875,"93010","AD7416860","2018-11-13","2025-08-24","non connu","non connu","non connu","non connu","non connu","non connu","Pas de mandat en cours","2025-04-10","SDC 4 BIS ALLEE RULHIERE","4bis Allee Rulhiere 93140 Bondy","4bis Allee Rulhiere",93140,"Bondy","non connu","non connu","non connu",0,2.47299,48.901365,"1996-11-19","non","non","oui","",0,0,0,27,11,8,0,"DE_1949_A_1960","","non connu","non connu","non connu","non connu","","non connu","non connu","non connu","non connu","","non connu","non connu","non connu","non connu",0,"","","","","Non","Non","",0,"Non","93010","BONDY","93010","Bondy",200057875,"T8 -  Est Ensemble","93","Seine-Saint-Denis","11","Ile-de-France"
"283330",200057875,"93010","AD7462062","2018-11-15","2025-08-24","professionnel","AULNAY GESTIMMO 88132356200028","AULNAY GESTIMMO ","88132356200028","6831Z","AULNAY-SOUS-BOIS","Mandat en cours","2026-05-27","62/64 RUE ROGER SALENGRO 93140 BONDY","64 r roger salengro 93140 Bondy","64 r roger salengro",93140,"Bondy","non connu","non connu","non connu",0,2.478404,48.89971,"1975-12-26","non","non","oui","non connu",0,0,0,78,23,20,32,"DE_1975_A_1993","93010000AH0241","93010","000","AH","0241","","non connu","non connu","non connu","non connu","","non connu","non connu","non connu","non connu",1,"","","","","Non","Non","",0,"Non","93010","Bondy","93010","Bondy",200057875,"T8 -  Est Ensemble","93","Seine-Saint-Denis","11","Ile-de-France"
"283830",200057875,"93010","AD7525439","2018-11-14","2025-08-24","professionnel","CABINET AJOA GESTION 80506069600020","CABINET AJOA GESTION ","80506069600020","6832A","AULNAY SOUS BOIS","Mandat en cours","2026-10-10","SDC 94 CARNOT","94 av carnot 93140 Bondy","94 av carnot",93140,"Bondy","non connu","non connu","non connu",0,2.48028,48.898222,"2000-02-18","non","non","oui","non connu",0,0,0,61,19,19,20,"DE_1994_A_2000","","non connu","non connu","non connu","non connu","","non connu","non connu","non connu","non connu","","non connu","non connu","non connu","non connu",0,"","","","","Non","Non","",0,"Non","93010","Bondy","93010","Bondy",200057875,"T8 -  Est Ensemble","93","Seine-Saint-Denis","11","Ile-de-France"
"284513",200057875,"93010","AD7615776","2018-11-22","2025-08-24","non connu","non connu","non connu","non connu","non connu","non connu","Pas de mandat en cours","2024-12-31","S147","1 crs de la republique 93140 BONDY","1 crs de la republique",93140,"BONDY","9-11 pl de la division leclerc 93140 BONDY","non connu","non connu",1,2.480535,48.902679,"2001-07-12","non","non","oui","non connu",0,0,0,23,10,10,0,"AVANT_1949","93010000AD0106","93010","000","AD","0106","","non connu","non connu","non connu","non connu","","non connu","non connu","non connu","non connu",1,"","","","","Non","Non","",0,"Non","93010","BONDY","93010","Bondy",200057875,"T8 -  Est Ensemble","93","Seine-Saint-Denis","11","Ile-de-France"
"286242",200057875,"93010","AD7845878","2018-11-16","2025-09-27","bénévole","Identité non partagée en Open Data","Identité non partagée en Open Data","non connu","non connu","BONDY","Mandat en cours","2027-03-03","CINQ ORMES - 19/21","19-21 r des 5 ormes 93140 BONDY","19-21 r des 5 ormes",93140,"BONDY","non connu","non connu","non connu",0,2.492528,48.901253,"1972-02-09","non","oui","oui","non connu",0,0,0,36,9,9,18,"DE_1961_A_1974","","non connu","non connu","non connu","non connu","","non connu","non connu","non connu","non connu","","non connu","non connu","non connu","non connu",0,"","","","","Non","Non","",0,"Non","93010","BONDY","93010","Bondy",200057875,"T8 -  Est Ensemble","93","Seine-Saint-Denis","11","Ile-de-France"
"287188",200057875,"93010","AD7989593","2018-11-20","2025-08-24","professionnel","CABINET ABD GESTION 50778433800026","CABINET ABD GESTION ","50778433800026","6832A","PARIS 19","Mandat en cours","2026-06-17","SDC4 AVENUE DES SCIENCES","4 av des sciences 93140 Bondy","4 av des sciences",93140,"Bondy","non connu","non connu","non connu",0,2.496653,48.892766,"1992-03-03","non","non","oui","non connu",0,0,0,58,19,19,0,"DE_1975_A_1993","","non connu","non connu","non connu","non connu","","non connu","non connu","non connu","non connu","","non connu","non connu","non connu","non connu",0,"","","","","Non","Non","",0,"Non","93010","Bondy","93010","Bondy",200057875,"T8 -  Est Ensemble","93","Seine-Saint-Denis","11","Ile-de-France"
"288033",200057875,"93010","AD8101438","2018-11-21","2025-08-24","professionnel","UNITIA 82293322200025","UNITIA ","82293322200025","6832A","MONTREUIL","Mandat en cours","2026-10-17","SDC 18 RUE DU LEVANT","18 r du levant 93140 Bondy","18 r du levant",93140,"Bondy","non connu","non connu","non connu",0,2.49356,48.894909,"1973-08-29","non","non","oui","non connu",0,0,0,31,15,15,1,"DE_1961_A_1974","93010000AO0023","93010","000","AO","0023","","non connu","non connu","non connu","non connu","","non connu","non connu","non connu","non connu",1,"","","","","Non","Non","",0,"Non","93010","Bondy","93010","Bondy",200057875,"T8 -  Est Ensemble","93","Seine-Saint-Denis","11","Ile-de-France"
"288881",200057875,"93010","AD8215386","2018-11-21","2025-08-24","professionnel","LOGIM IDF 83517005100022","LOGIM IDF ","83517005100022","6832A","VILLEMOMBLE","Mandat en cours","2026-08-05","SDC 19 AVENUE PASTEUR","19 av pasteur 93140 Bondy","19 av pasteur",93140,"Bondy","non connu","non connu","non connu",0,2.484667,48.904199,"1991-07-01","non","non","oui","non connu",0,0,0,16,9,9,0,"DE_1975_A_1993","","non connu","non connu","non connu","non connu","","non connu","non connu","non connu","non connu","","non connu","non connu","non connu","non connu",0,"Abreuvoir - Bondy Nord - Bondy Centre - Pont-De-Bondy - La Sablière - Secteur Sud","QP093014","Abreuvoir - Bondy Nord - Bondy Centre - Pont-De-Bondy - La Sablière - Secteur Sud","QN09314M","Non","Non","",0,"Non","93010","Bondy","93010","Bondy",200057875,"T8 -  Est Ensemble","93","Seine-Saint-Denis","11","Ile-de-France"
"290118",200057875,"93010","AD8384331","2019-01-14","2025-08-24","professionnel","ATM SARL 34863116900045","ATM SARL ","34863116900045","6832A","BONDY","Mandat en cours","2026-06-13","SDC 57-59 AV DE L'EST - BONDY","57-59 av de l'est 93140 Bondy","57-59 av de l'est",93140,"Bondy","non connu","non connu","non connu",0,2.482869,48.891095,"1967-05-30","non","non","oui","",0,0,0,24,9,8,5,"DE_1961_A_1974","","non connu","non connu","non connu","non connu","","non connu","non connu","non connu","non connu","","non connu","non connu","non connu","non connu",0,"","","","","Non","Non","",0,"Non","93010","BONDY","93010","Bondy",200057875,"T8 -  Est Ensemble","93","Seine-Saint-Denis","11","Ile-de-France"
"293106",200057875,"93010","AD8799082","2018-11-28","2025-11-08","professionnel","SOGIM SARL 42936632100041","SOGIM SARL ","42936632100041","6832A","VILLEMOMBLE","Mandat en cours","2026-09-30","S143","3-7 r roger salengro 93140 bondy","3-7 r roger salengro",93140,"bondy","non connu","non connu","non connu",0,2.479813,48.902796,"1996-11-08","non","non","oui","non connu",0,0,0,117,49,46,11,"DE_1994_A_2000","93010000AD0145","93010","000","AD","0145","","non connu","non connu","non connu","non connu","","non connu","non connu","non connu","non connu",1,"","","","","Non","Non","",0,"Non","93010","bondy","93010","Bondy",200057875,"T8 -  Est Ensemble","93","Seine-Saint-Denis","11","Ile-de-France"
"295062",200057875,"93010","AD9059270","2018-12-10","2025-10-04","professionnel","CABINET WARREN - BUTTES CHAUMONT 59201451800043","CABINET WARREN - BUTTES CHAUMONT ","59201451800043","6832A","PARIS 19","Mandat en cours","2026-12-30","SDC  6 ROUTE DE VILLEMOMBLE","6 rte de villemomble 93140 Bondy","6 rte de villemomble",93140,"Bondy","non connu","non connu","non connu",0,2.477711,48.893898,"1959-04-10","non","non","oui","non connu",0,0,0,33,22,22,11,"AVANT_1949","93010000AU0062","93010","000","AU","0062","","non connu","non connu","non connu","non connu","","non connu","non connu","non connu","non connu",1,"","","","","Non","Non","",0,"Non","93010","Bondy","93010","Bondy",200057875,"T8 -  Est Ensemble","93","Seine-Saint-Denis","11","Ile-de-France"
"296237",200057875,"93010","AD9218660","2018-12-03","2025-12-06","non connu","non connu","non connu","non connu","non connu","non connu","Pas de mandat en cours","2025-09-30","12 ALLEE RULHIERE","12 all rulhiere 93140 BONDY","12 all rulhiere",93140,"BONDY","non connu","non connu","non connu",0,2.473864,48.901258,"1974-07-24","non","non","oui","non connu",0,0,0,3,3,3,0,"AVANT_1949","","non connu","non connu","non connu","non connu","","non connu","non connu","non connu","non connu","","non connu","non connu","non connu","non connu",0,"","","","","Non","Non","",0,"Non","93010","BONDY","93010","Bondy",200057875,"T8 -  Est Ensemble","93","Seine-Saint-Denis","11","Ile-de-France"
"301456",200057875,"93010","AD9938572","2018-12-20","2025-08-30","professionnel","IMMO 3.60 98122536000016","IMMO 3.60 ","98122536000016","6831Z","PEROY-LES-GOMBRIES","Mandat en cours","2026-12-18","44 RUE EDOUARD VAILLANT  (A12) - MS13060","44 Rue Edouard Vaillant 93140 BONDY","44 Rue Edouard Vaillant",93140,"BONDY","non connu","non connu","non connu",0,2.481606,48.895711,"1999-05-26","non","non","oui","non connu",0,0,0,30,8,8,14,"DE_1994_A_2000","93010000AS0197","93010","000","AS","0197","","non connu","non connu","non connu","non connu","","non connu","non connu","non connu","non connu",1,"","","","","Non","Non","",0,"Non","93010","BONDY","93010","Bondy",200057875,"T8 -  Est Ensemble","93","Seine-Saint-Denis","11","Ile-de-France"
"302674",200057875,"93010","AE0110809","2018-12-07","2025-12-06","professionnel","BERYL IMMOBILIER 39908255100041","BERYL IMMOBILIER ","39908255100041","6832A","PARIS 11","Mandat en cours","2027-05-05","Copro 8 Bondy Jorelle","14B av marie curie 93140 Bondy","14B av marie curie",93140,"Bondy","14T av marie curie 93140 Bondy","16 av marie curie 93140 Bondy","non connu",2,2.490106,48.894184,"2001-12-07","non","non","oui","non connu",0,0,0,12,8,8,4,"NON_CONNUE","","non connu","non connu","non connu","non connu","","non connu","non connu","non connu","non connu","","non connu","non connu","non connu","non connu",0,"","","","","Non","Non","",0,"Non","93010","Bondy","93010","Bondy",200057875,"T8 -  Est Ensemble","93","Seine-Saint-Denis","11","Ile-de-France"
"307362",200057875,"93010","AE0795740","2018-12-13","2025-08-24","non connu","non connu","non connu","non connu","non connu","non connu","Pas de mandat en cours","2025-01-17","SDC Le Chêne Rond","129 av carnot 93140 Bondy","129 av carnot",93140,"Bondy","27 r edouard vaillant 93140 Bondy","non connu","non connu",1,2.479958,48.89636,"1975-07-01","non","non","oui","non connu",0,0,0,15,5,5,5,"DE_1975_A_1993","93010000AK0001","93010","000","AK","0001","","non connu","non connu","non connu","non connu","","non connu","non connu","non connu","non connu",1,"","","","","Non","Non","",0,"Non","93010","Bondy","93010","Bondy",200057875,"T8 -  Est Ensemble","93","Seine-Saint-Denis","11","Ile-de-France"
"312087",200057875,"93010","AE1454172","2018-12-21","2025-12-06","non connu","non connu","non connu","non connu","non connu","non connu","Pas de mandat en cours","2025-09-30","RESIDENCE O'COEUR","41 av carnot 93140 Bondy","41 av carnot",93140,"Bondy","45 av carnot 93140 Bondy","non connu","non connu",1,2.481862,48.900493,"2014-05-19","non","non","oui","non connu",0,0,0,86,49,49,26,"A_COMPTER_DE_2011","93010000AC0010","93010","000","AC","0010","93010000AC0009","93010","000","AC","0009","","non connu","non connu","non connu","non connu",2,"","","","","Non","Non","",0,"Non","93010","Bondy","93010","Bondy",200057875,"T8 -  Est Ensemble","93","Seine-Saint-Denis","11","Ile-de-France"
"313138",200057875,"93010","AE1610260","2018-12-26","2025-10-18","professionnel","PLAN B IMMOBILIER 92129335300014","PLAN B IMMOBILIER ","92129335300014","6831Z","CHAMPIGNY-SUR-MARNE","Mandat en cours","2026-06-30","RESIDENCE LA TEOCHE","22 r jean jaures 93140 Bondy","22 r jean jaures",93140,"Bondy","non connu","non connu","non connu",0,2.477202,48.902092,"1973-11-14","non","non","oui","non connu",0,0,0,53,15,15,38,"DE_1961_A_1974","93010000AE0030","93010","000","AE","0030","","non connu","non connu","non connu","non connu","","non connu","non connu","non connu","non connu",1,"","","","","Non","Non","",0,"Non","93010","Bondy","93010","Bondy",200057875,"T8 -  Est Ensemble","93","Seine-Saint-Denis","11","Ile-de-France"
"313775",200057875,"93010","AE1700277","2018-12-28","2025-08-24","non connu","non connu","non connu","non connu","non connu","non connu","Pas de mandat en cours","2022-09-30","43 RUE DE MEAUX","43 r de meaux 93140 Bondy","43 r de meaux",93140,"Bondy","non connu","non connu","non connu",0,2.48109,48.915737,"1973-10-23","non","non","oui","non connu",0,0,0,11,3,3,3,"DE_1961_A_1974","","non connu","non connu","non connu","non connu","","non connu","non connu","non connu","non connu","","non connu","non connu","non connu","non connu",0,"","","Abreuvoir - Bondy Nord - Bondy Centre - Pont-De-Bondy - La Sablière - Secteur Sud","QN09314M","Non","Non","",0,"Non","93010","BONDY","93010","Bondy",200057875,"T8 -  Est Ensemble","93","Seine-Saint-Denis","11","Ile-de-France"
"313971",200057875,"93010","AE1727676","2018-12-31","2025-08-24","non connu","non connu","non connu","non connu","non connu","non connu","Pas de mandat en cours","2022-09-30","47 RUE HENRY ALPY","47 r henri alpy 93140 BONDY","47 r henri alpy",93140,"BONDY","non connu","non connu","non connu",0,2.488551,48.900612,"2011-10-13","non","non","oui","non connu",0,0,0,23,8,8,7,"DE_2001_A_2010","","non connu","non connu","non connu","non connu","","non connu","non connu","non connu","non connu","","non connu","non connu","non connu","non connu",0,"","","","","Non","Non","",0,"Non","93010","BONDY","93010","Bondy",200057875,"T8 -  Est Ensemble","93","Seine-Saint-Denis","11","Ile-de-France"
"319080",200057875,"93010","AE2491025","2019-01-16","2025-08-24","non connu","non connu","non connu","non connu","non connu","non connu","Pas de mandat en cours","2021-09-30","RCP CARNOT","63 av carnot 93140 Bondy","63 av carnot",93140,"Bondy","non connu","non connu","non connu",0,2.481421,48.899481,"1963-04-30","non","non","oui","non connu",0,0,0,16,7,7,0,"DE_1949_A_1960","93010000AK0090","93010","000","AK","0090","","non connu","non connu","non connu","non connu","","non connu","non connu","non connu","non connu",1,"","","","","Non","Non","",0,"Non","93010","BONDY","93010","Bondy",200057875,"T8 -  Est Ensemble","93","Seine-Saint-Denis","11","Ile-de-France"
"319415",200057875,"93010","AE2537405","2019-01-16","2026-01-03","professionnel","ATM SARL 34863116900045","ATM SARL ","34863116900045","6832A","BONDY","Mandat en cours","2027-11-27","SDC RESIDENCE MARIGNY","44 av carnot 93140 BONDY","44 av carnot",93140,"BONDY","non connu","non connu","non connu",0,2.481667,48.900347,"1967-05-22","non","non","oui","non connu",0,0,0,87,29,22,30,"DE_1961_A_1974","","non connu","non connu","non connu","non connu","","non connu","non connu","non connu","non connu","","non connu","non connu","non connu","non connu",0,"","","","","Non","Non","",0,"Non","93010","BONDY","93010","Bondy",200057875,"T8 -  Est Ensemble","93","Seine-Saint-Denis","11","Ile-de-France"
"319516",200057875,"93010","AE2551331","2019-01-16","2025-08-24","non connu","non connu","non connu","non connu","non connu","non connu","Pas de mandat en cours","2024-09-30","S144","22 rte de villemomble 93140 Bondy","22 rte de villemomble",93140,"Bondy","non connu","non connu","non connu",0,2.479739,48.8936,"1997-01-01","non","non","oui","non connu",0,0,0,27,10,10,0,"NON_CONNUE","93010000AV0167","93010","000","AV","0167","","non connu","non connu","non connu","non connu","","non connu","non connu","non connu","non connu",1,"","","","","Non","Non","",0,"Non","93010","Bondy","93010","Bondy",200057875,"T8 -  Est Ensemble","93","Seine-Saint-Denis","11","Ile-de-France"
"321466",200057875,"93010","AE2839942","2019-02-21","2025-11-29","non connu","non connu","non connu","non connu","non connu","non connu","Mandat expiré sans successeur déclaré","2025-11-27","10 avenue des sciences et 15 allée des alouettes","10 all des alouettes 93140 Bondy","10 all des alouettes",93140,"Bondy","non connu","non connu","non connu",0,2.496143,48.893313,"1964-01-28","non","non","oui","non connu",0,0,0,20,5,5,1,"AVANT_1949","","non connu","non connu","non connu","non connu","","non connu","non connu","non connu","non connu","","non connu","non connu","non connu","non connu",0,"","","","","Non","Non","",0,"Non","93010","Bondy","93010","Bondy",200057875,"T8 -  Est Ensemble","93","Seine-Saint-Denis","11","Ile-de-France"
"321554",200057875,"93010","AE2854867","2019-01-18","2025-11-15","professionnel","SOGIM SARL 42936632100041","SOGIM SARL ","42936632100041","6832A","VILLEMOMBLE","Mandat en cours","2026-09-30","S146","20 r jean jaures 93140 BONDY","20 r jean jaures",93140,"BONDY","non connu","non connu","non connu",0,2.477279,48.902267,"1961-06-02","non","non","oui","non connu",0,0,0,31,15,14,1,"DE_1949_A_1960","93010000AE0029","93010","000","AE","0029","","non connu","non connu","non connu","non connu","","non connu","non connu","non connu","non connu",1,"","","","","Non","Non","",0,"Non","93010","BONDY","93010","Bondy",200057875,"T8 -  Est Ensemble","93","Seine-Saint-Denis","11","Ile-de-France"
"321813",200057875,"93010","AE2895951","2019-01-21","2025-12-06","non connu","non connu","non connu","non connu","non connu","non connu","Pas de mandat en cours","2025-09-30","8-14 RUE ROGER SALENGRO","8A r roger salengro 93140 Bondy","8A r roger salengro",93140,"Bondy","8 r roger salengro 93140 BONDY","non connu","non connu",1,2.47968,48.902754,"1985-03-25","non","non","oui","non connu",0,0,0,24,19,13,1,"AVANT_1949","","non connu","non connu","non connu","non connu","","non connu","non connu","non connu","non connu","","non connu","non connu","non connu","non connu",0,"","","","","Non","Non","",0,"Non","93010","Bondy","93010","Bondy",200057875,"T8 -  Est Ensemble","93","Seine-Saint-Denis","11","Ile-de-France"
"322272",200057875,"93010","AE2970853","2019-02-01","2025-11-29","professionnel","ATM SARL 34863116900045","ATM SARL ","34863116900045","6832A","BONDY","Mandat en cours","2027-04-27","SDC LE SAINT JAMES","74 Rue Roger Salengro 93140 BONDY","74 Rue Roger Salengro",93140,"BONDY","non connu","non connu","non connu",0,2.478127,48.899092,"1996-03-01","non","non","oui","non connu",0,0,0,70,24,24,26,"DE_1994_A_2000","","non connu","non connu","non connu","non connu","","non connu","non connu","non connu","non connu","","non connu","non connu","non connu","non connu",0,"","","","","Non","Non","",0,"Non","93010","BONDY","93010","Bondy",200057875,"T8 -  Est Ensemble","93","Seine-Saint-Denis","11","Ile-de-France"
"325999",200057875,"93010","AE3498458","2019-01-29","2025-08-24","professionnel","FONCIA CHADEFAUX LECOQ 59202763500032","FONCIA CHADEFAUX LECOQ ","59202763500032","6831Z","AUBERVILLIERS","Mandat en cours","2026-06-30","VILLA DES CERISES","1 vla des cerises 93140 BONDY","1 vla des cerises",93140,"BONDY","non connu","non connu","non connu",0,2.492171,48.906904,"2016-07-07","non","non","oui","non connu",0,0,0,25,23,23,2,"DE_1961_A_1974","","non connu","non connu","non connu","non connu","","non connu","non connu","non connu","non connu","","non connu","non connu","non connu","non connu",0,"","","","","Non","Non","",0,"Non","93010","BONDY","93010","Bondy",200057875,"T8 -  Est Ensemble","93","Seine-Saint-Denis","11","Ile-de-France"
"326142",200057875,"93010","AE3517836","2019-01-29","2026-01-03","non connu","non connu","non connu","non connu","non connu","non connu","Mandat expiré sans successeur déclaré","2025-12-31","251 A 255 ED. VAILLANT - BONDY","251 r edouard vaillant 93140 BONDY","251 r edouard vaillant",93140,"BONDY","255 r edouard vaillant 93140 BONDY","251 r edouard vaillant 93140 BONDY","253 r edouard vaillant 93140 BONDY",3,2.497079,48.893913,"1964-11-30","non","non","oui","non connu",0,0,0,60,24,24,12,"DE_1961_A_1974","","non connu","non connu","non connu","non connu","","non connu","non connu","non connu","non connu","","non connu","non connu","non connu","non connu",0,"","","","","Non","Non","",0,"Non","93010","BONDY","93010","Bondy",200057875,"T8 -  Est Ensemble","93","Seine-Saint-Denis","11","Ile-de-France"
"327356",200057875,"93010","AE3718640","2019-01-31","2026-01-03","professionnel","ATM SARL 34863116900045","ATM SARL ","34863116900045","6832A","BONDY","Mandat en cours","2026-01-17","SDC 20 ROUTE DE VILLEMOMBLE","20 rte de villemomble 93140 BONDY","20 rte de villemomble",93140,"BONDY","non connu","non connu","non connu",0,2.479323,48.893662,"1955-03-07","non","non","oui","",0,0,0,27,27,25,0,"DE_1949_A_1960","","non connu","non connu","non connu","non connu","","non connu","non connu","non connu","non connu","","non connu","non connu","non connu","non connu",0,"","","","","Non","Non","",0,"Non","93010","BONDY","93010","Bondy",200057875,"T8 -  Est Ensemble","93","Seine-Saint-Denis","11","Ile-de-France"
"327402",200057875,"93010","AE3726312","2019-02-01","2025-08-24","non connu","non connu","non connu","non connu","non connu","non connu","Pas de mandat en cours","2019-11-12","SDC RESIDENCE DEBUSSY","2 r du sergent bobillot 93140 BONDY","2 r du sergent bobillot",93140,"BONDY","non connu","non connu","non connu",0,2.476569,48.896252,"1988-11-10","non","non","oui","",0,0,0,62,19,19,24,"DE_1975_A_1993","","non connu","non connu","non connu","non connu","","non connu","non connu","non connu","non connu","","non connu","non connu","non connu","non connu",0,"","","","","Non","Non","",0,"Non","93010","BONDY","93010","Bondy",200057875,"T8 -  Est Ensemble","93","Seine-Saint-Denis","11","Ile-de-France"
"327702",200057875,"93010","AE3771359","2019-03-21","2025-08-24","professionnel","AJASSOCIES 42371917800265","AJASSOCIES ","42371917800265","6910Z","PARIS 16","Mandat en cours","2026-04-21","16 VILLA FLEURY","16 vla fleury 93140 Bondy","16 vla fleury",93140,"Bondy","non connu","non connu","non connu",0,2.478386,48.904734,"2005-10-27","non","non","oui","non connu",0,0,0,12,6,6,6,"NON_CONNUE","930100000J0279","93010","000","0J","0279","","non connu","non connu","non connu","non connu","","non connu","non connu","non connu","non connu",1,"Abreuvoir - Bondy Nord - Bondy Centre - Pont-De-Bondy - La Sablière - Secteur Sud","QP093014","Abreuvoir - Bondy Nord - Bondy Centre - Pont-De-Bondy - La Sablière - Secteur Sud","QN09314M","Non","Non","",0,"Non","93010","Bondy","93010","Bondy",200057875,"T8 -  Est Ensemble","93","Seine-Saint-Denis","11","Ile-de-France"
"327899",200057875,"93010","AE3802121","2019-02-01","2025-08-24","non connu","non connu","non connu","non connu","non connu","non connu","Pas de mandat en cours","2019-04-09","Residence Fontenoy","56 r louis auguste blanqui 93140 Bondy","56 r louis auguste blanqui",93140,"Bondy","non connu","non connu","non connu",0,2.483304,48.899233,"1972-04-27","non","non","oui","non connu",0,0,0,42,13,13,13,"NON_CONNUE","93010000AK0102","93010","000","AK","0102","","non connu","non connu","non connu","non connu","","non connu","non connu","non connu","non connu",1,"Blanqui","QP093012","Blanqui","QN09312I","Non","Non","",0,"Non","93010","Bondy","93010","Bondy",200057875,"T8 -  Est Ensemble","93","Seine-Saint-Denis","11","Ile-de-France"
"327924",200057875,"93010","AE3806007","2019-02-01","2025-12-13","non connu","non connu","non connu","non connu","non connu","non connu","Pas de mandat en cours","2025-10-08","SDC 166 Henri Barbusse","166 av henri barbusse 93140 Bondy","166 av henri barbusse",93140,"Bondy","non connu","non connu","non connu",0,2.495746,48.89963,"2005-04-01","non","non","oui","non connu",0,0,0,26,7,7,3,"NON_CONNUE","930100000Y0165","93010","000","0Y","0165","","non connu","non connu","non connu","non connu","","non connu","non connu","non connu","non connu",1,"","","","","Non","Non","",0,"Non","93010","Bondy","93010","Bondy",200057875,"T8 -  Est Ensemble","93","Seine-Saint-Denis","11","Ile-de-France"
"328171",200057875,"93010","AE3857406","2019-01-31","2025-08-24","professionnel","BS IMMO 91161758700025","BS IMMO ","91161758700025","6832A","PARIS","Mandat en cours","2026-10-30","Les Primeveres","46 av carnot 93140 Bondy","46 av carnot",93140,"Bondy","non connu","non connu","non connu",0,2.481611,48.900219,"1967-12-07","non","non","oui","non connu",0,0,0,57,21,19,17,"NON_CONNUE","93010000AD0067","93010","000","AD","0067","","non connu","non connu","non connu","non connu","","non connu","non connu","non connu","non connu",1,"","","","","Non","Non","",0,"Non","93010","Bondy","93010","Bondy",200057875,"T8 -  Est Ensemble","93","Seine-Saint-Denis","11","Ile-de-France"
"328173",200057875,"93010","AE3858156","2019-01-31","2025-08-24","professionnel","ATM SARL 34863116900045","ATM SARL ","34863116900045","6832A","BONDY","Mandat en cours","2026-09-30","SDC 54 RUE L.A. BLANQUI","54 Rue Louis Auguste Blanqui 93140 Bondy","54 Rue Louis Auguste Blanqui",93140,"Bondy","non connu","non connu","non connu",0,2.483092,48.899312,"1971-01-01","non","non","oui","",0,0,0,122,39,39,44,"DE_1961_A_1974","93010000AK0102","93010","000","AK","0102","93010000AK0142","93010","000","AK","0142","","non connu","non connu","non connu","non connu",0,"Blanqui","QP093012","Blanqui","QN09312I","Non","Non","",0,"Non","93010","BONDY","93010","Bondy",200057875,"T8 -  Est Ensemble","93","Seine-Saint-Denis","11","Ile-de-France"
"331505",200057875,"93010","AE4434577","2019-01-09","2025-08-24","non connu","non connu","non connu","non connu","non connu","non connu","Pas de mandat en cours","","64 AVENUE ANATOLE FRANCE","64 av anatole france 93140 Bondy","64 av anatole france",93140,"Bondy","non connu","non connu","non connu",0,2.497992,48.893042,"1987-09-11","non","non connu","oui","non connu",0,0,0,2,2,2,0,"AVANT_1949","93010000AQ0163","93010","000","AQ","0163","","non connu","non connu","non connu","non connu","","non connu","non connu","non connu","non connu",1,"","","","","Non","Non","",0,"Non","93010","Bondy","93010","Bondy",200057875,"T8 -  Est Ensemble","93","Seine-Saint-Denis","11","Ile-de-France"
"335156",200057875,"93010","AE5030119","2019-02-07","2025-11-01","non connu","non connu","non connu","non connu","non connu","non connu","Pas de mandat en cours","2025-08-26","Villa Fleury II","14 vla fleury 93140 Bondy","14 vla fleury",93140,"Bondy","non connu","non connu","non connu",0,2.478391,48.904807,"2007-06-30","non","non","oui","non connu",0,0,0,15,7,7,8,"NON_CONNUE","930100000J0027","93010","000","0J","0027","","non connu","non connu","non connu","non connu","","non connu","non connu","non connu","non connu",1,"Abreuvoir - Bondy Nord - Bondy Centre - Pont-De-Bondy - La Sablière - Secteur Sud","QP093014","Abreuvoir - Bondy Nord - Bondy Centre - Pont-De-Bondy - La Sablière - Secteur Sud","QN09314M","Non","Non","",0,"Non","93010","Bondy","93010","Bondy",200057875,"T8 -  Est Ensemble","93","Seine-Saint-Denis","11","Ile-de-France"
"335557",200057875,"93010","AE5094552","2019-02-21","2025-08-24","non connu","non connu","non connu","non connu","non connu","non connu","Pas de mandat en cours","2024-09-25","50 JULES GUESDE","50 r jules guesde 93140 BONDY","50 r jules guesde",93140,"BONDY","50 r jules guesde 93140 BONDY","50 r jules guesde 93140 BONDY","non connu",2,2.478219,48.90268,"1970-06-16","non","non","oui","non connu",0,0,0,84,28,28,28,"DE_1961_A_1974","93010000AE0175","93010","000","AE","0175","","non connu","non connu","non connu","non connu","","non connu","non connu","non connu","non connu",1,"","","","","Non","Non","",0,"Non","93010","BONDY","93010","Bondy",200057875,"T8 -  Est Ensemble","93","Seine-Saint-Denis","11","Ile-de-France"
"336322",200057875,"93010","AE5214010","2019-02-21","2025-12-13","professionnel","AJASSOCIES 42371917800265","AJASSOCIES ","42371917800265","6910Z","PARIS","Pas de mandat en cours","2019-06-30","176 AVENUE HENRI BARBUSSE","176 av henri barbusse 93140 BONDY","176 av henri barbusse",93140,"BONDY","176 av henri barbusse 93140 BONDY","non connu","non connu",1,2.496783,48.899613,"1957-01-30","non","non","oui","non connu",0,0,0,15,8,6,0,"AVANT_1949","93010000OY0197","93010","000","OY","0197","","non connu","non connu","non connu","non connu","","non connu","non connu","non connu","non connu",1,"","","","","Non","Non","",0,"Non","93010","BONDY","93010","Bondy",200057875,"T8 -  Est Ensemble","93","Seine-Saint-Denis","11","Ile-de-France"
"338152",200057875,"93010","AE5526793","2019-02-25","2025-08-24","non connu","non connu","non connu","non connu","non connu","non connu","Pas de mandat en cours","2023-05-20","République","78 av de la republique 93140 Bondy","78 av de la republique",93140,"Bondy","76 av de la republique 93140 Bondy","non connu","non connu",1,2.478459,48.898012,"1985-08-21","non","non","oui","non connu",0,0,0,8,5,5,0,"AVANT_1949","93010000AJ0038","93010","000","AJ","0038","93010000AJ0037","93010","000","AJ","0037","","non connu","non connu","non connu","non connu",2,"","","","","Non","Non","",0,"Non","93010","Bondy","93010","Bondy",200057875,"T8 -  Est Ensemble","93","Seine-Saint-Denis","11","Ile-de-France"
"339637",200057875,"93010","AE5752589","2019-02-25","2025-08-24","non connu","non connu","non connu","non connu","non connu","non connu","Pas de mandat en cours","2024-04-29","SDC 35 Rue Michelet chez M Makwala NDUNDU","35 r michelet 93140 Bondy","35 r michelet",93140,"Bondy","non connu","non connu","non connu",0,2.474004,48.899912,"2007-01-01","oui","non","oui","non connu",1,0,0,13,4,4,5,"AVANT_1949","","non connu","non connu","non connu","non connu","","non connu","non connu","non connu","non connu","","non connu","non connu","non connu","non connu",0,"","","","","Non","Non","",0,"Non","93010","Bondy","93010","Bondy",200057875,"T8 -  Est Ensemble","93","Seine-Saint-Denis","11","Ile-de-France"
"342193",200057875,"93010","AE6173165","2019-02-15","2025-11-01","professionnel","BILLOT ET GIRARDOT 55210655100013","BILLOT ET GIRARDOT ","55210655100013","6832A","LES LILAS","Mandat en cours","2026-09-18","48 VILLAGEOISE","48 Avenue de la Villageoise 93140 Bondy","48 Avenue de la Villageoise",93140,"Bondy","non connu","non connu","non connu",0,2.490482,48.910103,"1963-08-23","non","non","oui","",0,0,0,27,14,14,2,"DE_1961_A_1974","","non connu","non connu","non connu","non connu","","non connu","non connu","non connu","non connu","","non connu","non connu","non connu","non connu",0,"","","Abreuvoir - Bondy Nord - Bondy Centre - Pont-De-Bondy - La Sablière - Secteur Sud","QN09314M","Non","Non","",0,"Non","93010","BONDY","93010","Bondy",200057875,"T8 -  Est Ensemble","93","Seine-Saint-Denis","11","Ile-de-France"
"342608",200057875,"93010","AE6235535","2019-02-13","2025-08-24","non connu","non connu","non connu","non connu","non connu","non connu","Pas de mandat en cours","2019-06-28","6 rue Phileas Collardeau","6 r phileas collardeau 93140 Bondy","6 r phileas collardeau",93140,"Bondy","non connu","non connu","non connu",0,2.471685,48.901562,"1900-01-01","non","non","oui","non connu",0,0,0,11,3,3,0,"NON_CONNUE","","non connu","non connu","non connu","non connu","","non connu","non connu","non connu","non connu","","non connu","non connu","non connu","non connu",0,"","","","","Non","Non","",0,"Non","93010","Bondy","93010","Bondy",200057875,"T8 -  Est Ensemble","93","Seine-Saint-Denis","11","Ile-de-France"
"344655",200057875,"93010","AE6530711","2019-02-15","2025-08-24","non connu","non connu","non connu","non connu","non connu","non connu","Pas de mandat en cours","2025-02-05","133 rue de bondy","133 r de bondy 93140 Bondy","133 r de bondy",93140,"Bondy","non connu","non connu","non connu",0,2.496178,48.889519,"1960-06-16","non","non","oui","non connu",0,0,0,20,10,10,0,"AVANT_1949","","non connu","non connu","non connu","non connu","","non connu","non connu","non connu","non connu","","non connu","non connu","non connu","non connu",0,"","","","","Non","Non","",0,"Non","93010","Bondy","93010","Bondy",200057875,"T8 -  Est Ensemble","93","Seine-Saint-Denis","11","Ile-de-France"
"345614",200057875,"93010","AE6676753","2019-02-15","2026-01-03","non connu","non connu","non connu","non connu","non connu","non connu","Mandat expiré sans successeur déclaré","2025-12-31","10 ALLEE RACINE","10 all racine 93140 Bondy","10 all racine",93140,"Bondy","non connu","non connu","non connu",0,2.494255,48.896233,"1990-01-01","non","non","oui","non connu",0,0,0,8,4,4,1,"DE_1949_A_1960","93010000AO0172","93010","000","AO","0172","","non connu","non connu","non connu","non connu","","non connu","non connu","non connu","non connu",1,"","","","","Non","Non","",0,"Non","93010","Bondy","93010","Bondy",200057875,"T8 -  Est Ensemble","93","Seine-Saint-Denis","11","Ile-de-France"
"349719",200057875,"93010","AE7394174","2019-02-19","2025-08-24","professionnel","IMMO DEVAUX GESTION 51261054400045","IMMO DEVAUX GESTION ","51261054400045","6832A","PANTIN","Mandat en cours","2026-06-11","SDC 120 ROGER SALENGRO","120 r roger salengro, 93140 Bondy","120 r roger salengro,",93140,"Bondy","non connu","non connu","non connu",0,2.476958,48.896199,"1991-02-18","non","non","oui","non connu",0,0,0,15,15,12,0,"DE_1949_A_1960","93010000at0091","93010","000","at","0091","","non connu","non connu","non connu","non connu","","non connu","non connu","non connu","non connu",1,"","","","","Non","Non","",0,"Non","93010","BONDY","93010","Bondy",200057875,"T8 -  Est Ensemble","93","Seine-Saint-Denis","11","Ile-de-France"
"350904",200057875,"93010","AE7585573","2019-02-15","2025-08-24","non connu","non connu","non connu","non connu","non connu","non connu","Pas de mandat en cours","","13 et 13 bis avenue des sciences 93140 BONDY","13 av des sciences 93140 Bondy","13 av des sciences",93140,"Bondy","13B av des sciences 93140 Bondy","non connu","non connu",1,2.496251,48.892712,"1952-09-30","non","non connu","oui","non connu",0,0,0,2,2,2,0,"AVANT_1949","93010000AQ0177","93010","000","AQ","0177","","non connu","non connu","non connu","non connu","","non connu","non connu","non connu","non connu",1,"","","","","Non","Non","",0,"Non","93010","Bondy","93010","Bondy",200057875,"T8 -  Est Ensemble","93","Seine-Saint-Denis","11","Ile-de-France"
"352642",200057875,"93010","AE7893134","2019-02-25","2025-08-24","non connu","non connu","non connu","non connu","non connu","non connu","Pas de mandat en cours","2020-01-09","SYNDIC BENEVOLE 30 RUE FONTAINE","30 r fontaine 93140 Bondy","30 r fontaine",93140,"Bondy","non connu","non connu","non connu",0,2.485185,48.909305,"1988-02-01","non","non","oui","non connu",0,0,0,8,8,8,0,"AVANT_1949","930100000F0023","93010","000","0F","0023","","non connu","non connu","non connu","non connu","","non connu","non connu","non connu","non connu",1,"","","","","Non","Non","",0,"Non","93010","Bondy","93010","Bondy",200057875,"T8 -  Est Ensemble","93","Seine-Saint-Denis","11","Ile-de-France"
"353148",200057875,"93010","AE7978455","2019-02-26","2025-08-24","non connu","non connu","non connu","non connu","non connu","non connu","Pas de mandat en cours","2023-06-30","VILLA CHOPIN VOL. 2","85A r jules guesde 93140 Bondy","85A r jules guesde",93140,"Bondy","VILLA CHOPIN 2 - 87 RUE JULES GUESDE 93140 BONDY","VILLA CHOPIN 2 - 91 BIS RUE JULES GUESDE 93140 BONDY","non connu",2,2.480991,48.903134,"2006-12-12","non","non","oui","non connu",0,0,0,89,38,34,1,"DE_2001_A_2010","","non connu","non connu","non connu","non connu","","non connu","non connu","non connu","non connu","","non connu","non connu","non connu","non connu",0,"Abreuvoir - Bondy Nord - Bondy Centre - Pont-De-Bondy - La Sablière - Secteur Sud","QP093014","Abreuvoir - Bondy Nord - Bondy Centre - Pont-De-Bondy - La Sablière - Secteur Sud","QN09314M","Non","Non","",0,"Non","93010","Bondy","93010","Bondy",200057875,"T8 -  Est Ensemble","93","Seine-Saint-Denis","11","Ile-de-France"
"353591",200057875,"93010","AE8062739","2019-02-27","2025-08-24","professionnel","EDGESTION 82126420700019","EDGESTION ","82126420700019","6831Z","SAINT MAUR DES FOSSES","Mandat en cours","2027-02-21","220 - 17 Moulin","17 all du moulin 93140 Bondy","17 all du moulin",93140,"Bondy","non connu","non connu","non connu",0,2.475937,48.895312,"1962-08-01","non","non","oui","non connu",0,0,0,20,20,20,0,"NON_CONNUE","","non connu","non connu","non connu","non connu","","non connu","non connu","non connu","non connu","","non connu","non connu","non connu","non connu",0,"","","","","Non","Non","",0,"Non","93010","Bondy","93010","Bondy",200057875,"T8 -  Est Ensemble","93","Seine-Saint-Denis","11","Ile-de-France"
"355543",200057875,"93010","AE8393738","2019-03-04","2025-08-24","professionnel","ARCURE INVESTISSEMENT ET PATRIMOINE 82430010700029","ARCURE INVESTISSEMENT ET PATRIMOINE ","82430010700029","6831Z","CHESSY","Mandat en cours","2026-06-30","Hameau de la Gare","130 r baudin 93140 Bondy","130 r baudin",93140,"Bondy","non connu","non connu","non connu",0,2.475612,48.897938,"1993-04-13","non","non","oui","non connu",0,0,0,12,9,9,3,"DE_1975_A_1993","93010000AI0178","93010","000","AI","0178","93010000AI0177","93010","000","AI","0177","","non connu","non connu","non connu","non connu",2,"","","","","Non","Non","",0,"Non","93010","Bondy","93010","Bondy",200057875,"T8 -  Est Ensemble","93","Seine-Saint-Denis","11","Ile-de-France"
"356226",200057875,"93010","AE8523680","2019-03-19","2026-01-03","non connu","non connu","non connu","non connu","non connu","non connu","Mandat expiré sans successeur déclaré","2025-12-31","LES MARRONNIERS","43 r du breuil 93140 Bondy","43 r du breuil",93140,"Bondy","non connu","non connu","non connu",0,2.475055,48.901341,"2011-07-13","non","oui","oui","non connu",0,0,0,4,2,2,0,"AVANT_1949","","non connu","non connu","non connu","non connu","","non connu","non connu","non connu","non connu","","non connu","non connu","non connu","non connu",0,"","","","","Non","Non","",0,"Non","93010","Bondy","93010","Bondy",200057875,"T8 -  Est Ensemble","93","Seine-Saint-Denis","11","Ile-de-France"
"360240",200057875,"93010","AE9235326","2019-03-19","2025-11-29","professionnel","BERYL IMMOBILIER 39908255100041","BERYL IMMOBILIER ","39908255100041","6832A","PARIS 11","Mandat en cours","2026-07-01","183 rue Louis Auguste Blanqui","183 r louis auguste blanqui 93140 Bondy","183 r louis auguste blanqui",93140,"Bondy","non connu","non connu","non connu",0,2.4955,48.89701,"2018-10-02","non","non","oui","non connu",0,0,0,21,17,17,4,"A_COMPTER_DE_2011","93010000AO0224","93010","000","AO","0224","","non connu","non connu","non connu","non connu","","non connu","non connu","non connu","non connu",1,"","","","","Non","Non","",0,"Non","93010","Bondy","93010","Bondy",200057875,"T8 -  Est Ensemble","93","Seine-Saint-Denis","11","Ile-de-France"
"361154",200057875,"93010","AE9386541","2019-03-22","2025-10-04","professionnel","2 BE IMMO 90998153200015","2 BE IMMO ","90998153200015","6832A","ASNIERES-SUR-OISE","Mandat en cours","2027-06-30","SDC 107 AV. DE LA REPUBLIQUE","107 av de la republique 93140 BONDY","107 av de la republique",93140,"BONDY","107 AVENUE DE LA REPUBLIQUE - BATIMENT A 93140 BONDY","non connu","non connu",1,2.47865,48.898048,"1961-12-21","non","non","oui","non connu",0,0,0,63,44,44,0,"DE_1961_A_1974","","non connu","non connu","non connu","non connu","","non connu","non connu","non connu","non connu","","non connu","non connu","non connu","non connu",0,"","","","","Non","Non","",0,"Non","93010","BONDY","93010","Bondy",200057875,"T8 -  Est Ensemble","93","Seine-Saint-Denis","11","Ile-de-France"
"364390",200057875,"93010","AE9942285","2019-04-03","2025-08-24","professionnel","BLUE SYNDIC 83461882900016","BLUE SYNDIC ","83461882900016","6832A","PARIS 8","Mandat en cours","2026-03-09","SDC 104 RUE ROGER SALENGRO","104 r roger salengro 93140 Bondy","104 r roger salengro",93140,"Bondy","non connu","non connu","non connu",0,2.47719,48.897246,"2016-10-19","non","non","oui","non connu",0,0,0,19,15,15,4,"A_COMPTER_DE_2011","93010000AJ0114","93010","000","AJ","0114","","non connu","non connu","non connu","non connu","","non connu","non connu","non connu","non connu",1,"","","","","Non","Non","",0,"Non","93010","Bondy","93010","Bondy",200057875,"T8 -  Est Ensemble","93","Seine-Saint-Denis","11","Ile-de-France"
"364407",200057875,"93010","AE9944919","2019-04-03","2025-10-04","professionnel","CABINET AJOA GESTION 80506069600020","CABINET AJOA GESTION ","80506069600020","6832A","AULNAY SOUS BOIS","Mandat en cours","2027-09-15","SDC 42 ALLEE THERESE","42 all therese 93140 Bondy","42 all therese",93140,"Bondy","non connu","non connu","non connu",0,2.49909,48.903976,"1996-10-26","non","non","oui","non connu",0,0,0,10,3,3,3,"DE_1994_A_2000","930100000Y0131","93010","000","0Y","0131","","non connu","non connu","non connu","non connu","","non connu","non connu","non connu","non connu",1,"","","","","Non","Non","",0,"Non","93010","Bondy","93010","Bondy",200057875,"T8 -  Est Ensemble","93","Seine-Saint-Denis","11","Ile-de-France"
"365855",200057875,"93010","AF0210716","2019-06-06","2025-08-24","non connu","non connu","non connu","non connu","non connu","non connu","Pas de mandat en cours","2021-03-10","10 RUE MICHELET","10 r michelet 93140 Bondy","10 r michelet",93140,"Bondy","non connu","non connu","non connu",0,2.471651,48.900251,"1984-07-11","oui","non","oui","non connu",0,0,0,12,4,4,0,"AVANT_1949","93010000AG0139","93010","000","AG","0139","","non connu","non connu","non connu","non connu","","non connu","non connu","non connu","non connu",1,"","","","","Non","Non","",0,"Non","93010","Bondy","93010","Bondy",200057875,"T8 -  Est Ensemble","93","Seine-Saint-Denis","11","Ile-de-France"
"369262",200057875,"93010","AF0819680","2019-04-20","2026-01-03","non connu","non connu","non connu","non connu","non connu","non connu","Mandat expiré sans successeur déclaré","2025-12-31","SDC 103 AVENUE CARNOT","103 Avenue Carnot 93140 Bondy","103 Avenue Carnot",93140,"Bondy","non connu","non connu","non connu",0,2.480581,48.897714,"2017-07-03","non","non","oui","",0,0,0,46,28,28,18,"A_COMPTER_DE_2011","93010000AK0012","93010","000","AK","0012","93010000AK0013","93010","000","AK","0013","93010000AK0125","93010","000","AK","0125",0,"","","","","Non","Non","",0,"Non","93010","BONDY","93010","Bondy",200057875,"T8 -  Est Ensemble","93","Seine-Saint-Denis","11","Ile-de-France"
"370019",200057875,"93010","AF0968008","2019-04-29","2025-08-24","non connu","non connu","non connu","non connu","non connu","non connu","Pas de mandat en cours","2025-03-02","Le Maupassant","60 av genevieve anthonioz de gaulle 93140 Bondy","60 av genevieve anthonioz de gaulle",93140,"Bondy","non connu","non connu","non connu",0,2.489043,48.894742,"2004-10-15","non","non","oui","non connu",0,0,0,22,22,22,0,"DE_2001_A_2010","","non connu","non connu","non connu","non connu","","non connu","non connu","non connu","non connu","","non connu","non connu","non connu","non connu",0,"","","","","Non","Non","",0,"Non","93010","Bondy","93010","Bondy",200057875,"T8 -  Est Ensemble","93","Seine-Saint-Denis","11","Ile-de-France"
"370439",200057875,"93010","AF1040591","2019-05-06","2025-11-15","professionnel","SARL ADVISORING IMMOBILIER 52804856400033","SARL ADVISORING IMMOBILIER ","52804856400033","6832A","PARIS 11","Mandat en cours","2026-07-23","LES ACACIAS","28 r etienne dolet 93140 Bondy","28 r etienne dolet",93140,"Bondy","32 r etienne dolet 93140 Bondy","non connu","non connu",1,2.477585,48.891637,"1967-05-11","non","non","oui","non connu",0,0,0,454,71,70,154,"DE_1961_A_1974","","non connu","non connu","non connu","non connu","","non connu","non connu","non connu","non connu","","non connu","non connu","non connu","non connu",0,"","","","","Non","Non","",0,"Non","93010","Bondy","93010","Bondy",200057875,"T8 -  Est Ensemble","93","Seine-Saint-Denis","11","Ile-de-France"
"372147",200057875,"93010","AF1435528","2019-05-09","2025-08-24","non connu","non connu","non connu","non connu","non connu","non connu","Pas de mandat en cours","2023-09-29","O' COEUR 41/45  AVENUE CARNOT","0' COEUR 41/45 AVENUE CARNOT 93140 BONDY","0' COEUR 41/45 AVENUE CARNOT",93140,"BONDY","non connu","non connu","non connu",0,2.482155,48.900622,"2014-06-19","non","non","oui","non connu",0,0,0,86,49,49,28,"A_COMPTER_DE_2011","93010000AC0010","93010","000","AC","0010","","non connu","non connu","non connu","non connu","","non connu","non connu","non connu","non connu",1,"","","","","Non","Non","",0,"Non","93010","BONDY","93010","Bondy",200057875,"T8 -  Est Ensemble","93","Seine-Saint-Denis","11","Ile-de-France"
"376702",200057875,"93010","AF2208890","2019-05-27","2025-08-24","non connu","non connu","non connu","non connu","non connu","non connu","Pas de mandat en cours","","20 Avenue des Sciences","20 av des sciences 93140 Bondy","20 av des sciences",93140,"Bondy","non connu","non connu","non connu",0,2.495272,48.892904,"1955-08-24","non","non connu","oui","non connu",NA,NA,NA,2,2,2,0,"non renseigné","93010000AQ0114","93010","000","AQ","0114","","non connu","non connu","non connu","non connu","","non connu","non connu","non connu","non connu",1,"","","","","Non","Non","",0,"Non","93010","Bondy","93010","Bondy",200057875,"T8 -  Est Ensemble","93","Seine-Saint-Denis","11","Ile-de-France"
"376822",200057875,"93010","AF2225548","2019-06-03","2025-08-24","non connu","non connu","non connu","non connu","non connu","non connu","Pas de mandat en cours","2021-03-10","SDC 130 SALENGRO","130 r roger salengro 93140 Bondy","130 r roger salengro",93140,"Bondy","non connu","non connu","non connu",0,2.477175,48.895751,"2006-07-07","non","non","oui","",0,0,0,4,2,2,0,"DE_2001_A_2010","","non connu","non connu","non connu","non connu","","non connu","non connu","non connu","non connu","","non connu","non connu","non connu","non connu",0,"","","","","Non","Non","",0,"Non","93010","BONDY","93010","Bondy",200057875,"T8 -  Est Ensemble","93","Seine-Saint-Denis","11","Ile-de-France"
"378888",200057875,"93010","AF2561074","2020-08-11","2025-08-24","bénévole","Identité non partagée en Open Data","Identité non partagée en Open Data","non connu","non connu","BONDY","Mandat en cours","2028-03-30","Michel CRACCO","7 all rulhiere 93140 Bondy","7 all rulhiere",93140,"Bondy","non connu","non connu","non connu",0,2.473892,48.901337,"1957-07-08","non","oui","oui","non connu",0,0,0,9,5,5,0,"AVANT_1949","93010000AH0015","93010","000","AH","0015","","non connu","non connu","non connu","non connu","","non connu","non connu","non connu","non connu",1,"","","","","Non","Non","",0,"Non","93010","Bondy","93010","Bondy",200057875,"T8 -  Est Ensemble","93","Seine-Saint-Denis","11","Ile-de-France"
"379861",200057875,"93010","AF2720399","2020-05-12","2025-10-04","professionnel","BERYL IMMOBILIER 39908255100041","BERYL IMMOBILIER ","39908255100041","6832A","PARIS 11","Mandat en cours","2027-03-20","SDC BONDY JORELLE","30 av genevieve anthonioz de gaulle 93140 Bondy","30 av genevieve anthonioz de gaulle",93140,"Bondy","r marguerite duras, 93140 Bondy","non connu","non connu",1,2.489495,48.89339,"2002-04-15","non","non","oui","non connu",1,0,0,85,43,43,42,"NON_CONNUE","","non connu","non connu","non connu","non connu","","non connu","non connu","non connu","non connu","","non connu","non connu","non connu","non connu",0,"","","","","Non","Non","",0,"Non","93010","Bondy","93010","Bondy",200057875,"T8 -  Est Ensemble","93","Seine-Saint-Denis","11","Ile-de-France"
"380766",200057875,"93010","AF2875409","2019-06-18","2025-08-24","non connu","non connu","non connu","non connu","non connu","non connu","Pas de mandat en cours","","6 allée de l'Egalité 93140 BONDY","6 all de l'egalite 93140 Bondy","6 all de l'egalite",93140,"Bondy","non connu","non connu","non connu",0,2.474613,48.899182,"1963-01-09","non","non connu","oui","non connu",NA,NA,NA,6,2,2,0,"non renseigné","93010000AI0055","93010","000","AI","0055","93010000AI0056","93010","000","AI","0056","","non connu","non connu","non connu","non connu",2,"","","","","Non","Non","",0,"Non","93010","Bondy","93010","Bondy",200057875,"T8 -  Est Ensemble","93","Seine-Saint-Denis","11","Ile-de-France"
"383921",200057875,"93010","AF3362977","2019-07-03","2025-08-24","non connu","non connu","non connu","non connu","non connu","non connu","Pas de mandat en cours","","43 bis Rue Paul Renaud","43B r paul renaud 93140 Bondy","43B r paul renaud",93140,"Bondy","non connu","non connu","non connu",0,2.476769,48.910122,"1970-02-12","non","non connu","oui","non connu",NA,NA,NA,2,1,1,0,"non renseigné","930100000H0059","93010","000","0H","0059","","non connu","non connu","non connu","non connu","","non connu","non connu","non connu","non connu",1,"Abreuvoir - Bondy Nord - Bondy Centre - Pont-De-Bondy - La Sablière - Secteur Sud","QP093014","Abreuvoir - Bondy Nord - Bondy Centre - Pont-De-Bondy - La Sablière - Secteur Sud","QN09314M","Non","Non","",0,"Non","93010","Bondy","93010","Bondy",200057875,"T8 -  Est Ensemble","93","Seine-Saint-Denis","11","Ile-de-France"
"384042",200057875,"93010","AF3381373","2019-07-10","2025-08-24","bénévole","Identité non partagée en Open Data","Identité non partagée en Open Data","non connu","non connu","PLUMELIAU","Mandat en cours","2026-01-31","pavillon","38 all corneille 93140 Bondy","38 all corneille",93140,"Bondy","non connu","non connu","non connu",0,2.492755,48.895231,"1965-08-13","non","non","oui","non connu",0,0,0,12,4,4,0,"AVANT_1949","93010000AN0034","93010","000","AN","0034","","non connu","non connu","non connu","non connu","","non connu","non connu","non connu","non connu",1,"","","","","Non","Non","",0,"Non","93010","Bondy","93010","Bondy",200057875,"T8 -  Est Ensemble","93","Seine-Saint-Denis","11","Ile-de-France"
"384103",200057875,"93010","AF3389707","2019-07-04","2025-08-24","non connu","non connu","non connu","non connu","non connu","non connu","Pas de mandat en cours","","55 rue Michelet","55 r michelet 93140 Bondy","55 r michelet",93140,"Bondy","non connu","non connu","non connu",0,2.475664,48.899512,"1961-04-18","non","non connu","oui","non connu",NA,NA,NA,14,4,4,0,"AVANT_1949","93010000AH0126","93010","000","AH","0126","","non connu","non connu","non connu","non connu","","non connu","non connu","non connu","non connu",1,"","","","","Non","Non","",0,"Non","93010","Bondy","93010","Bondy",200057875,"T8 -  Est Ensemble","93","Seine-Saint-Denis","11","Ile-de-France"
"387547",200057875,"93010","AF3931813","2019-07-19","2025-08-24","non connu","non connu","non connu","non connu","non connu","non connu","Pas de mandat en cours","","SDC DU 137-139 RUE AUGUSTE BLANQUI 93140 BONDY","137/139 r louis auguste blanqui 93140 Bondy","137/139 r louis auguste blanqui",93140,"Bondy","non connu","non connu","non connu",0,2.490805,48.898171,"1976-06-09","non","non connu","oui","non connu",NA,NA,NA,3,3,2,0,"non renseigné","93010000az0012","93010","000","az","0012","93010000az0013","93010","000","az","0013","","non connu","non connu","non connu","non connu",2,"","","","","Non","Non","",0,"Non","93010","Bondy","93010","Bondy",200057875,"T8 -  Est Ensemble","93","Seine-Saint-Denis","11","Ile-de-France"
"389767",200057875,"93010","AF4283917","2019-08-05","2025-08-30","professionnel","CABINET LOISELET PERE FILS ET DAIGREMONT 54206101500484","CABINET LOISELET PERE FILS ET DAIGREMONT ","54206101500484","6832A","BOULOGNE-BILLANCOURT","Mandat en cours","2028-07-27","2VGS","2 Villa Gabriel Seailles 93140 Bondy","2 Villa Gabriel Seailles",93140,"Bondy","2/4 Villa Gabriel Seailles 93140 BONDY","non connu","non connu",1,2.470918,48.902032,"2001-07-16","non","non","oui","non connu",0,0,0,104,50,48,0,"NON_CONNUE","","non connu","non connu","non connu","non connu","","non connu","non connu","non connu","non connu","","non connu","non connu","non connu","non connu",0,"","","","","Non","Non","",0,"Non","93010","BONDY","93010","Bondy",200057875,"T8 -  Est Ensemble","93","Seine-Saint-Denis","11","Ile-de-France"
"397785",200057875,"93010","AF5548169","2019-09-17","2025-08-24","non connu","non connu","non connu","non connu","non connu","non connu","Pas de mandat en cours","","SDC 200 RUE EDOUARD VAILLANT","200 r edouard vaillant 93140 Bondy","200 r edouard vaillant",93140,"Bondy","non connu","non connu","non connu",0,2.494698,48.894146,"1998-08-26","non","non connu","oui","non connu",NA,NA,NA,25,9,9,0,"non renseigné","93010000AQ0079","93010","000","AQ","0079","","non connu","non connu","non connu","non connu","","non connu","non connu","non connu","non connu",1,"","","","","Non","Non","",0,"Non","93010","Bondy","93010","Bondy",200057875,"T8 -  Est Ensemble","93","Seine-Saint-Denis","11","Ile-de-France"
"401658",200057875,"93010","AF6170435","2019-10-09","2025-08-24","non connu","non connu","non connu","non connu","non connu","non connu","Pas de mandat en cours","2024-09-30","résidence le hameau de la forge","78 r edouard vaillant 93140 Bondy","78 r edouard vaillant",93140,"Bondy","non connu","non connu","non connu",0,2.485285,48.89546,"2019-10-03","non","non","oui","non connu",0,0,0,97,37,37,60,"DE_1975_A_1993","93010000AS0145","93010","000","AS","0145","","non connu","non connu","non connu","non connu","","non connu","non connu","non connu","non connu",1,"","","","","Non","Non","",0,"Non","93010","Bondy","93010","Bondy",200057875,"T8 -  Est Ensemble","93","Seine-Saint-Denis","11","Ile-de-France"
"404571",200057875,"93010","AF6629737","2019-10-31","2025-08-24","non connu","non connu","non connu","non connu","non connu","non connu","Pas de mandat en cours","2023-06-30","SDC COEUR BONDY","111 av carnot 93140 Bondy","111 av carnot",93140,"Bondy","103 av carnot 93140 Bondy","non connu","non connu",1,2.480405,48.897367,"2016-06-24","oui","non","oui","non connu",0,0,0,69,28,28,41,"A_COMPTER_DE_2011","","non connu","non connu","non connu","non connu","","non connu","non connu","non connu","non connu","","non connu","non connu","non connu","non connu",0,"","","","","Non","Non","",0,"Non","93010","Bondy","93010","Bondy",200057875,"T8 -  Est Ensemble","93","Seine-Saint-Denis","11","Ile-de-France"
"411451",200057875,"93010","AF7722283","2019-12-13","2025-08-24","professionnel","EVAM-GID 39072049800034","EVAM-GID ","39072049800034","6832A","AULNAY SOUS BOIS","Mandat en cours","2026-01-04","CARNOT","48 av carnot 93140 Bondy","48 av carnot",93140,"Bondy","non connu","non connu","non connu",0,2.481559,48.900108,"1964-05-25","non","non","oui","non connu",0,0,0,27,9,8,9,"DE_1961_A_1974","","non connu","non connu","non connu","non connu","","non connu","non connu","non connu","non connu","","non connu","non connu","non connu","non connu",0,"","","","","Non","Non","",0,"Non","93010","Bondy","93010","Bondy",200057875,"T8 -  Est Ensemble","93","Seine-Saint-Denis","11","Ile-de-France"
"411695",200057875,"93010","AF7777303","2019-12-05","2025-08-24","non connu","non connu","non connu","non connu","non connu","non connu","Pas de mandat en cours","","24 RUE ETIENNE DOLET 93140 BONDY","24 r etienne dolet 93140 Bondy","24 r etienne dolet",93140,"Bondy","non connu","non connu","non connu",0,2.477631,48.891932,"1988-11-30","non","non connu","oui","non connu",0,0,0,8,8,8,0,"DE_1975_A_1993","93010000BG0112","93010","000","BG","0112","","non connu","non connu","non connu","non connu","","non connu","non connu","non connu","non connu",1,"","","","","Non","Non","",0,"Non","93010","Bondy","93010","Bondy",200057875,"T8 -  Est Ensemble","93","Seine-Saint-Denis","11","Ile-de-France"
"412619",200057875,"93010","AF7929789","2019-12-10","2025-08-24","non connu","non connu","non connu","non connu","non connu","non connu","Pas de mandat en cours","","SDC 40 ALLEE ALICE","40 all alice 93140 Bondy","40 all alice",93140,"Bondy","non connu","non connu","non connu",0,2.497762,48.901617,"1977-01-24","non","non connu","oui","non connu",NA,NA,NA,2,2,2,0,"non renseigné","930100000X0102","93010","000","0X","0102","","non connu","non connu","non connu","non connu","","non connu","non connu","non connu","non connu",1,"","","","","Non","Non","",0,"Non","93010","Bondy","93010","Bondy",200057875,"T8 -  Est Ensemble","93","Seine-Saint-Denis","11","Ile-de-France"
"416858",200057875,"93010","AF8612459","2020-01-09","2025-08-24","non connu","non connu","non connu","non connu","non connu","non connu","Pas de mandat en cours","","SDC DU 5 ALLEE DES ALOUETTES","5 all des alouettes 93140 Bondy","5 all des alouettes",93140,"Bondy","non connu","non connu","non connu",0,2.496312,48.893465,"1980-02-28","non","non connu","oui","non connu",NA,NA,NA,2,2,2,0,"DE_1949_A_1960","93010000AQ0133","93010","000","AQ","0133","","non connu","non connu","non connu","non connu","","non connu","non connu","non connu","non connu",1,"","","","","Non","Non","",0,"Non","93010","Bondy","93010","Bondy",200057875,"T8 -  Est Ensemble","93","Seine-Saint-Denis","11","Ile-de-France"
"417060",200057875,"93010","AF8641243","2020-01-10","2025-08-24","non connu","non connu","non connu","non connu","non connu","non connu","Pas de mandat en cours","","COPROPRIETE DU 73 RUE EDOUARD VAILLANT A BONDY","73 r edouard vaillant 93140 Bondy","73 r edouard vaillant",93140,"Bondy","non connu","non connu","non connu",0,2.483702,48.895762,"1992-02-27","non","non connu","oui","non connu",NA,NA,NA,3,2,1,1,"NON_CONNUE","93010000AL0060","93010","000","AL","0060","","non connu","non connu","non connu","non connu","","non connu","non connu","non connu","non connu",1,"","","","","Non","Non","",0,"Non","93010","Bondy","93010","Bondy",200057875,"T8 -  Est Ensemble","93","Seine-Saint-Denis","11","Ile-de-France"
"418903",200057875,"93010","AF8945768","2020-01-21","2025-10-11","professionnel","HOMELAND 81834144800038","HOMELAND ","81834144800038","6832A","MONTREUIL","Mandat en cours","2026-09-30","LES DOCKS DE L'OURCQ","rte d'aulnay, 93140 Bondy","rte d'aulnay,",93140,"Bondy","non connu","non connu","non connu",0,2.47967423617735,48.9076212860397,"2019-02-25","non","non","oui","non connu",0,0,0,247,102,96,96,"A_COMPTER_DE_2011","930100000H0383","93010","000","0H","0383","930100000H0374","93010","000","0H","0374","","non connu","non connu","non connu","non connu",2,"","","","","Non","Non","",0,"Non","93010","BONDY","93010","Bondy",200057875,"T8 -  Est Ensemble","93","Seine-Saint-Denis","11","Ile-de-France"
"418905",200057875,"93010","AF8946261","2020-01-21","2025-08-24","professionnel","PICHET IMMOBILIER SERVICES 43229623400029","PICHET IMMOBILIER SERVICES ","43229623400029","6832A","PESSAC","Mandat en cours","2026-09-30","LES LUMIERES DE L OURCQ","39 Route d'Aulnay 93140 Bondy","39 Route d'Aulnay",93140,"Bondy","2 RUE NADIA MURAD - HALL C 93140 BONDY","2 Rue Nadia Murad 93140 Bondy","non connu",2,2.480135,48.908218,"2018-12-28","non","non","oui","non connu",0,0,0,76,22,22,54,"A_COMPTER_DE_2011","930100000H0001","93010","000","0H","0001","","non connu","non connu","non connu","non connu","","non connu","non connu","non connu","non connu",1,"","","","","Non","Non","",0,"Non","93010","BONDY","93010","Bondy",200057875,"T8 -  Est Ensemble","93","Seine-Saint-Denis","11","Ile-de-France"
"419193",200057875,"93010","AF8990541","2020-01-30","2025-08-24","non connu","non connu","non connu","non connu","non connu","non connu","Pas de mandat en cours","2021-01-15","LES JARDINS DE BONDY","152 CHEMIN DE GROSLAY","",NA,"","non connu","non connu","non connu",0,2.476201,48.915459,"1989-06-28","non","non","oui","non connu",0,0,0,21,10,10,11,"DE_1975_A_1993","930100000B0151","93010","000","0B","0151","","non connu","non connu","non connu","non connu","","non connu","non connu","non connu","non connu",1,"","","","","Non","Non","",0,"Non","93010","BONDY","93010","Bondy",200057875,"T8 -  Est Ensemble","93","Seine-Saint-Denis","11","Ile-de-France"
"422362",200057875,"93010","AF9494790","2020-03-16","2025-08-24","non connu","non connu","non connu","non connu","non connu","non connu","Pas de mandat en cours","2021-03-10","10 et 10 BIS RUE DU LION 93140 BONDY","10B r du lion 93140 Bondy","10B r du lion",93140,"Bondy","non connu","non connu","non connu",0,2.480265,48.89567,"1991-03-28","non","oui","oui","non connu",0,0,0,3,3,3,0,"AVANT_1949","93010000AS0025","93010","000","AS","0025","","non connu","non connu","non connu","non connu","","non connu","non connu","non connu","non connu",1,"","","","","Non","Non","",0,"Non","93010","Bondy","93010","Bondy",200057875,"T8 -  Est Ensemble","93","Seine-Saint-Denis","11","Ile-de-France"
"426175",200057875,"93010","AG0115105","2020-03-04","2025-08-24","non connu","non connu","non connu","non connu","non connu","non connu","Pas de mandat en cours","","25 avenue de Belfort 93140 BONDY","25 av de belfort 93140 Bondy","25 av de belfort",93140,"Bondy","non connu","non connu","non connu",0,2.480222,48.891044,"1953-10-03","non","non connu","oui","non connu",0,0,0,4,4,4,0,"AVANT_1949","93010000AV0012","93010","000","AV","0012","","non connu","non connu","non connu","non connu","","non connu","non connu","non connu","non connu",1,"","","","","Non","Non","",0,"Non","93010","Bondy","93010","Bondy",200057875,"T8 -  Est Ensemble","93","Seine-Saint-Denis","11","Ile-de-France"
"427160",200057875,"93010","AG0279125","2020-03-19","2025-12-06","non connu","non connu","non connu","non connu","non connu","non connu","Pas de mandat en cours","2025-09-30","LES JARDINS EN VILLE","202 A 208 AVENUE GALLIENI 93140 BONDY","202 A 208 AVENUE GALLIENI",93140,"BONDY","non connu","non connu","non connu",0,2.490246,48.906778,"2016-05-17","non","non","oui","non connu",0,0,0,190,125,124,65,"A_COMPTER_DE_2011","930100000M0002","93010","000","0M","0002","930100000M0003","93010","000","0M","0003","930100000M0004","93010","000","0M","0004",3,"","","Abreuvoir - Bondy Nord - Bondy Centre - Pont-De-Bondy - La Sablière - Secteur Sud","QN09314M","Non","Non","",0,"Non","93010","BONDY","93010","Bondy",200057875,"T8 -  Est Ensemble","93","Seine-Saint-Denis","11","Ile-de-France"
"429549",200057875,"93010","AG0719443","2020-04-17","2025-08-24","non connu","non connu","non connu","non connu","non connu","non connu","Pas de mandat en cours","2021-01-24","allee leon","16 all leon 93140 Bondy","16 all leon",93140,"Bondy","non connu","non connu","non connu",0,2.497751,48.904181,"1999-05-11","non","non","oui","non connu",0,0,0,6,6,6,0,"DE_1949_A_1960","","non connu","non connu","non connu","non connu","","non connu","non connu","non connu","non connu","","non connu","non connu","non connu","non connu",0,"","","","","Non","Non","",0,"Non","93010","Bondy","93010","Bondy",200057875,"T8 -  Est Ensemble","93","Seine-Saint-Denis","11","Ile-de-France"
"433007",200057875,"93010","AG1241801","2020-05-29","2025-12-06","non connu","non connu","non connu","non connu","non connu","non connu","Pas de mandat en cours","2025-09-30","1-18 Passage du Vercors, 93140 BONDY","1-18 Passage du Vercors, avenue Suzanne Buisson, 93140 BONDY","1-18 Passage du Vercors, avenue Suzanne Buisson,",93140,"BONDY","non connu","non connu","non connu",0,2.48040210422699,48.9148865694912,"2018-02-12","non","non","oui","non connu",0,0,0,36,18,18,18,"A_COMPTER_DE_2011","930100000A0359","93010","000","0A","0359","930100000A0255","93010","000","0A","0255","","non connu","non connu","non connu","non connu",2,"Abreuvoir - Bondy Nord - Bondy Centre - Pont-De-Bondy - La Sablière - Secteur Sud","QP093014","Abreuvoir - Bondy Nord - Bondy Centre - Pont-De-Bondy - La Sablière - Secteur Sud","QN09314M","Non","Non","",0,"Non","93010","BONDY","93010","Bondy",200057875,"T8 -  Est Ensemble","93","Seine-Saint-Denis","11","Ile-de-France"
"433134",200057875,"93010","AG1259894","2020-06-01","2025-08-24","non connu","non connu","non connu","non connu","non connu","non connu","Pas de mandat en cours","","22 et 24 rue de Varsovie et 12 rue David Leder","12 r david leder 93140 Bondy","12 r david leder",93140,"Bondy","non connu","non connu","non connu",0,2.47608,48.892612,"1957-07-06","non","non connu","oui","non connu",0,0,0,2,2,2,0,"AVANT_1949","93010000AU0043","93010","000","AU","0043","","non connu","non connu","non connu","non connu","","non connu","non connu","non connu","non connu",1,"","","","","Non","Non","",0,"Non","93010","Bondy","93010","Bondy",200057875,"T8 -  Est Ensemble","93","Seine-Saint-Denis","11","Ile-de-France"
"435209",200057875,"93010","AG1554815","2020-06-18","2025-08-24","non connu","non connu","non connu","non connu","non connu","non connu","Pas de mandat en cours","","150 avenue Henri Barbusse","150 av henri barbusse 93140 Bondy","150 av henri barbusse",93140,"Bondy","non connu","non connu","non connu",0,2.494117,48.899651,"1956-07-28","non","non connu","oui","non connu",NA,NA,NA,2,2,2,0,"DE_1949_A_1960","930100000Y0036","93010","000","0Y","0036","","non connu","non connu","non connu","non connu","","non connu","non connu","non connu","non connu",1,"","","","","Non","Non","",0,"Non","93010","Bondy","93010","Bondy",200057875,"T8 -  Est Ensemble","93","Seine-Saint-Denis","11","Ile-de-France"
"437529",200057875,"93010","AG1890508","2020-07-07","2025-08-24","non connu","non connu","non connu","non connu","non connu","non connu","Pas de mandat en cours","","119 Avenue de la République","119 av de la republique 93140 Bondy","119 av de la republique",93140,"Bondy","non connu","non connu","non connu",0,2.478754,48.897431,"1961-09-05","non","non connu","oui","non connu",0,0,0,6,5,5,0,"non renseigné","93010000AJ0134","93010","000","AJ","0134","93010000AJ0135","93010","000","AJ","0135","","non connu","non connu","non connu","non connu",2,"","","","","Non","Non","",0,"Non","93010","Bondy","93010","Bondy",200057875,"T8 -  Est Ensemble","93","Seine-Saint-Denis","11","Ile-de-France"
"437606",200057875,"93010","AG1901578","2020-07-08","2025-08-24","non connu","non connu","non connu","non connu","non connu","non connu","Pas de mandat en cours","","36 rue Yvonne","36 r yvonne 93140 Bondy","36 r yvonne",93140,"Bondy","non connu","non connu","non connu",0,2.476938,48.899556,"1981-06-19","non","non connu","oui","non connu",NA,NA,NA,14,6,6,0,"AVANT_1949","93010000AH0237","93010","000","AH","0237","","non connu","non connu","non connu","non connu","","non connu","non connu","non connu","non connu",1,"","","","","Non","Non","",0,"Non","93010","Bondy","93010","Bondy",200057875,"T8 -  Est Ensemble","93","Seine-Saint-Denis","11","Ile-de-France"
"437935",200057875,"93010","AG1946474","2020-07-10","2025-08-24","non connu","non connu","non connu","non connu","non connu","non connu","Pas de mandat en cours","","SDC 21 ALLEE POTTIER A BONDY","21 all pottier 93140 Bondy","21 all pottier",93140,"Bondy","non connu","non connu","non connu",0,2.498584,48.904518,"1962-01-27","non","non connu","oui","non connu",0,0,0,2,2,2,0,"AVANT_1949","930100000T0114","93010","000","0T","0114","","non connu","non connu","non connu","non connu","","non connu","non connu","non connu","non connu",1,"","","","","Non","Non","",0,"Non","93010","Bondy","93010","Bondy",200057875,"T8 -  Est Ensemble","93","Seine-Saint-Denis","11","Ile-de-France"
"439100",200057875,"93010","AG2170181","2020-07-21","2025-11-08","bénévole","Identité non partagée en Open Data","Identité non partagée en Open Data","non connu","non connu","ST DENIS","Mandat en cours","2026-07-10","47/49 RUE JEAN JAURES","47 r jean jaures 93140 Bondy","47 r jean jaures",93140,"Bondy","49 r jean jaures 93140 Bondy","non connu","non connu",1,2.476684,48.900166,"1959-07-22","non","oui","oui","non connu",0,0,0,14,7,6,0,"NON_CONNUE","93010000AH0135","93010","000","AH","0135","93010000AH0136","93010","000","AH","0136","","non connu","non connu","non connu","non connu",2,"","","","","Non","Non","",0,"Non","93010","Bondy","93010","Bondy",200057875,"T8 -  Est Ensemble","93","Seine-Saint-Denis","11","Ile-de-France"
"439264",200057875,"93010","AG2204915","2020-07-22","2025-08-24","non connu","non connu","non connu","non connu","non connu","non connu","Pas de mandat en cours","","152 Chemin de Groslay","152 che de groslay 93140 Bondy","152 che de groslay",93140,"Bondy","non connu","non connu","non connu",0,2.475691,48.915404,"1989-06-28","non","non connu","oui","non connu",NA,NA,NA,21,10,10,11,"DE_1975_A_1993","930100000B0151","93010","000","0B","0151","","non connu","non connu","non connu","non connu","","non connu","non connu","non connu","non connu",1,"","","","","Non","Non","",0,"Non","93010","Bondy","93010","Bondy",200057875,"T8 -  Est Ensemble","93","Seine-Saint-Denis","11","Ile-de-France"
"440216",200057875,"93010","AG2367373","2020-09-24","2025-08-24","non connu","non connu","non connu","non connu","non connu","non connu","Pas de mandat en cours","2023-06-24","SYNDIC DU 58 RUE DE LA SOLIDARITE","58 r de la solidarite 93140 Bondy","58 r de la solidarite",93140,"Bondy","non connu","non connu","non connu",0,2.485188,48.895698,"2008-01-06","oui","non","oui","non connu",0,0,0,10,4,4,0,"AVANT_1949","93010000AL0230","93010","000","AL","0230","","non connu","non connu","non connu","non connu","","non connu","non connu","non connu","non connu",1,"","","","","Non","Non","",0,"Non","93010","Bondy","93010","Bondy",200057875,"T8 -  Est Ensemble","93","Seine-Saint-Denis","11","Ile-de-France"
"442760",200057875,"93010","AG2785319","2020-10-19","2025-08-24","non connu","non connu","non connu","non connu","non connu","non connu","Pas de mandat en cours","2023-12-31","5 BIS RUE DU BEL AIR","5B r du bel air 93140 Bondy","5B r du bel air",93140,"Bondy","non connu","non connu","non connu",0,2.493257,48.893699,"1984-09-25","non","non","oui","non connu",0,0,0,11,11,11,0,"DE_1961_A_1974","","non connu","non connu","non connu","non connu","","non connu","non connu","non connu","non connu","","non connu","non connu","non connu","non connu",0,"","","","","Non","Non","",0,"Non","93010","Bondy","93010","Bondy",200057875,"T8 -  Est Ensemble","93","Seine-Saint-Denis","11","Ile-de-France"
"445857",200057875,"93010","AG3286176","2020-09-18","2025-08-24","non connu","non connu","non connu","non connu","non connu","non connu","Pas de mandat en cours","","144 RUE DE BONDY 93140 BONDY","144 r de bondy 93140 Bondy","144 r de bondy",93140,"Bondy","non connu","non connu","non connu",0,2.496113,48.889617,"1972-08-02","non","non connu","oui","non connu",NA,NA,NA,9,5,5,0,"AVANT_1949","93010000AZ0197","93010","000","AZ","0197","","non connu","non connu","non connu","non connu","","non connu","non connu","non connu","non connu",1,"","","","","Non","Non","",0,"Non","93010","Bondy","93010","Bondy",200057875,"T8 -  Est Ensemble","93","Seine-Saint-Denis","11","Ile-de-France"
"448385",200057875,"93010","AG3715836","2020-10-06","2025-11-15","professionnel","MATERA 82518857600052","MATERA ","82518857600052","6201Z","PARIS","Mandat en cours","2026-10-15","RESIDENCE LE CLOS DE L'ORME A BONDY","142 av henri barbusse 93140 Bondy","142 av henri barbusse",93140,"Bondy","8 Rue Guy de Maupassant 93140 Bondy","non connu","non connu",1,2.493204,48.899753,"2020-10-05","non","non","oui","non connu",0,0,0,94,48,47,46,"A_COMPTER_DE_2011","930100000Y0021","93010","000","0Y","0021","","non connu","non connu","non connu","non connu","","non connu","non connu","non connu","non connu",1,"","","","","Non","Non","",0,"Non","93010","Bondy","93010","Bondy",200057875,"T8 -  Est Ensemble","93","Seine-Saint-Denis","11","Ile-de-France"
"450712",200057875,"93010","AG4114054","2020-10-21","2026-01-03","non connu","non connu","non connu","non connu","non connu","non connu","Mandat expiré sans successeur déclaré","2025-12-28","LES TERRASSES","170-174 avenue Henri Barbusse","",NA,"","non connu","non connu","non connu",0,2.496238,48.899466,"2019-07-31","non","non","oui","non connu",0,0,0,74,38,37,36,"A_COMPTER_DE_2011","930100000Y0222","93010","000","0Y","0222","930100000Y0221","93010","000","0Y","0221","930100000Y0216","93010","000","0Y","0216",4,"","","","","Non","Non","",0,"Non","93010","BONDY","93010","Bondy",200057875,"T8 -  Est Ensemble","93","Seine-Saint-Denis","11","Ile-de-France"
"454021",200057875,"93010","AG4664413","2020-11-16","2025-08-24","non connu","non connu","non connu","non connu","non connu","non connu","Pas de mandat en cours","","SDC 19 ALLEE GABRIELLE","19 all gabrielle 93140 Bondy","19 all gabrielle",93140,"Bondy","non connu","non connu","non connu",0,2.49117,48.894008,"2001-10-25","non","non connu","oui","non connu",0,0,0,7,1,1,6,"DE_2001_A_2010","93010000AR0128","93010","000","AR","0128","","non connu","non connu","non connu","non connu","","non connu","non connu","non connu","non connu",1,"","","","","Non","Non","",0,"Non","93010","Bondy","93010","Bondy",200057875,"T8 -  Est Ensemble","93","Seine-Saint-Denis","11","Ile-de-France"
"455443",200057875,"93010","AG4901443","2020-11-25","2025-08-24","non connu","non connu","non connu","non connu","non connu","non connu","Pas de mandat en cours","","36 Allée de la Jardinière 93140 BONDY","36 all de la jardiniere 93140 Bondy","36 all de la jardiniere",93140,"Bondy","non connu","non connu","non connu",0,2.490602,48.911447,"1954-12-14","non","non connu","oui","non connu",NA,NA,NA,5,4,4,0,"non renseigné","930100000E0003","93010","000","0E","0003","930100000E0004","93010","000","0E","0004","","non connu","non connu","non connu","non connu",2,"","","Abreuvoir - Bondy Nord - Bondy Centre - Pont-De-Bondy - La Sablière - Secteur Sud","QN09314M","Non","Non","",0,"Non","93010","Bondy","93010","Bondy",200057875,"T8 -  Est Ensemble","93","Seine-Saint-Denis","11","Ile-de-France"
"456524",200057875,"93010","AG5079967","2020-12-03","2025-08-24","non connu","non connu","non connu","non connu","non connu","non connu","Pas de mandat en cours","","138 rue Baudin","138 r baudin 93140 Bondy","138 r baudin",93140,"Bondy","non connu","non connu","non connu",0,2.476124,48.897854,"1967-05-16","non","non connu","oui","non connu",NA,NA,NA,3,3,3,0,"DE_1961_A_1974","93010000AI0119","93010","000","AI","0119","","non connu","non connu","non connu","non connu","","non connu","non connu","non connu","non connu",1,"","","","","Non","Non","",0,"Non","93010","Bondy","93010","Bondy",200057875,"T8 -  Est Ensemble","93","Seine-Saint-Denis","11","Ile-de-France"
"460868",200057875,"93010","AG5819917","2021-01-15","2025-12-20","non connu","non connu","non connu","non connu","non connu","non connu","Pas de mandat en cours","2025-10-14","SDC 15 AV DES SCIENCES","15 av des sciences 93140 Bondy","15 av des sciences",93140,"Bondy","non connu","non connu","non connu",0,2.496034,48.892749,"1959-03-26","non","non","oui","non connu",0,0,0,13,13,13,0,"AVANT_1949","","non connu","non connu","non connu","non connu","","non connu","non connu","non connu","non connu","","non connu","non connu","non connu","non connu",0,"","","","","Non","Non","",0,"Oui","93010","Bondy","93010","Bondy",200057875,"T8 -  Est Ensemble","93","Seine-Saint-Denis","11","Ile-de-France"
"461358",200057875,"93010","AG5912142","2021-03-15","2025-08-24","non connu","non connu","non connu","non connu","non connu","non connu","Pas de mandat en cours","2022-02-08","Juliette Langlois","5 r du chemin de fer prolongee 93140 Bondy","5 r du chemin de fer prolongee",93140,"Bondy","non connu","non connu","non connu",0,2.491247,48.891389,"1960-09-26","non","oui","oui","non connu",0,0,0,4,4,4,0,"DE_1949_A_1960","93010000AY0063","93010","000","AY","0063","","non connu","non connu","non connu","non connu","","non connu","non connu","non connu","non connu",1,"","","","","Non","Non","",0,"Non","93010","Bondy","93010","Bondy",200057875,"T8 -  Est Ensemble","93","Seine-Saint-Denis","11","Ile-de-France"
"461760",200057875,"93010","AG5987300","2021-01-19","2025-08-24","non connu","non connu","non connu","non connu","non connu","non connu","Pas de mandat en cours","","SDC 14 rue Etienne Dolet","14 r etienne dolet 93140 Bondy","14 r etienne dolet",93140,"Bondy","non connu","non connu","non connu",0,2.477431,48.892564,"1957-06-01","non","non connu","oui","non connu",0,0,0,2,2,2,0,"DE_1961_A_1974","93010000AU0053","93010","000","AU","0053","","non connu","non connu","non connu","non connu","","non connu","non connu","non connu","non connu",1,"","","","","Non","Non","",0,"Non","93010","Bondy","93010","Bondy",200057875,"T8 -  Est Ensemble","93","Seine-Saint-Denis","11","Ile-de-France"
"462147",200057875,"93010","AG6054852","2021-01-21","2025-08-24","non connu","non connu","non connu","non connu","non connu","non connu","Pas de mandat en cours","","3 et 3bis allée de la Jardinière 93140 BONDY","3 all de la jardiniere 93140 Bondy","3 all de la jardiniere",93140,"Bondy","non connu","non connu","non connu",0,2.488316,48.911312,"1958-02-19","non","non connu","oui","non connu",NA,NA,NA,2,2,2,0,"AVANT_1949","930100000D0083","93010","000","0D","0083","","non connu","non connu","non connu","non connu","","non connu","non connu","non connu","non connu",1,"","","Abreuvoir - Bondy Nord - Bondy Centre - Pont-De-Bondy - La Sablière - Secteur Sud","QN09314M","Non","Non","",0,"Non","93010","Bondy","93010","Bondy",200057875,"T8 -  Est Ensemble","93","Seine-Saint-Denis","11","Ile-de-France"
"465076",200057875,"93010","AG6563894","2021-02-12","2025-08-24","non connu","non connu","non connu","non connu","non connu","non connu","Pas de mandat en cours","","13-15 allée de l'Orme 93140 BONDY","13 all de l'orme 93140 Bondy","13 all de l'orme",93140,"Bondy","15 all de l'orme 93140 Bondy","non connu","non connu",1,2.482984,48.892447,"1967-10-30","non","non connu","oui","non connu",0,0,0,2,2,2,0,"NON_CONNUE","93010000AX0058","93010","000","AX","0058","","non connu","non connu","non connu","non connu","","non connu","non connu","non connu","non connu",1,"","","","","Non","Non","",0,"Non","93010","Bondy","93010","Bondy",200057875,"T8 -  Est Ensemble","93","Seine-Saint-Denis","11","Ile-de-France"
"467225",200057875,"93010","AG6928303","2021-03-03","2025-08-24","professionnel","FDM IMMO 80226357400013","FDM IMMO ","80226357400013","6831Z","LIVRY-GARGAN","Mandat en cours","2026-12-15","SDC 195 AVENUE DE ROSNY","195 av de rosny 93140 Bondy","195 av de rosny",93140,"Bondy","non connu","non connu","non connu",0,2.470781,48.900708,"1991-04-08","non","non","oui","non connu",0,0,0,16,7,7,0,"AVANT_1949","","non connu","non connu","non connu","non connu","","non connu","non connu","non connu","non connu","","non connu","non connu","non connu","non connu",0,"","","","","Non","Non","",0,"Non","93010","Bondy","93010","Bondy",200057875,"T8 -  Est Ensemble","93","Seine-Saint-Denis","11","Ile-de-France"
"467305",200057875,"93010","AG6940266","2021-03-01","2025-08-24","professionnel","LOGIM IDF 83517005100022","LOGIM IDF ","83517005100022","6832A","VILLEMOMBLE","Mandat en cours","2026-06-03","SDC 2 RUE CHARLES FERDINAND","87 r louis auguste blanqui 93140 Bondy","87 r louis auguste blanqui",93140,"Bondy","2 r charles ferdinand 93140 Bondy","non connu","non connu",1,2.486578,48.898671,"1997-12-15","non","non","oui","non connu",0,0,0,7,5,4,1,"DE_1961_A_1974","","non connu","non connu","non connu","non connu","","non connu","non connu","non connu","non connu","","non connu","non connu","non connu","non connu",0,"","","","","Non","Non","",0,"Non","93010","Bondy","93010","Bondy",200057875,"T8 -  Est Ensemble","93","Seine-Saint-Denis","11","Ile-de-France"
"467575",200057875,"93010","AG6981260","2021-03-04","2025-08-24","non connu","non connu","non connu","non connu","non connu","non connu","Pas de mandat en cours","2022-03-03","Résidence des arts","14 av henri barbusse 93140 Bondy","14 av henri barbusse",93140,"Bondy","non connu","non connu","non connu",0,2.482938,48.902082,"2014-10-07","non","oui","oui","non connu",0,0,0,7,7,7,0,"AVANT_1949","93010000AC0027","93010","000","AC","0027","","non connu","non connu","non connu","non connu","","non connu","non connu","non connu","non connu",1,"","","","","Non","Non","",0,"Non","93010","Bondy","93010","Bondy",200057875,"T8 -  Est Ensemble","93","Seine-Saint-Denis","11","Ile-de-France"
"472541",200057875,"93010","AG7814353","2021-04-07","2025-08-24","non connu","non connu","non connu","non connu","non connu","non connu","Pas de mandat en cours","","5 rue du Chemin de Fer Prolongée, 93140 BONDY","5 rue du Chemin de Fer Prolongée","",NA,"","non connu","non connu","non connu",0,2.491074,48.891417,"1960-09-26","non","non connu","oui","non connu",0,0,0,4,2,2,0,"AVANT_1949","93010000AY0063","93010","000","AY","0063","","non connu","non connu","non connu","non connu","","non connu","non connu","non connu","non connu",1,"","","","","Non","Non","",0,"Non","93010","BONDY","93010","Bondy",200057875,"T8 -  Est Ensemble","93","Seine-Saint-Denis","11","Ile-de-France"
"474599",200057875,"93010","AG8158032","2021-04-21","2025-08-24","non connu","non connu","non connu","non connu","non connu","non connu","Pas de mandat en cours","","13 rue du Chalet","13 r du chalet 93140 Bondy","13 r du chalet",93140,"Bondy","non connu","non connu","non connu",0,2.494632,48.900525,"1988-06-15","non","non connu","oui","non connu",0,0,0,10,4,4,0,"NON_CONNUE","930100000V0050","93010","000","0V","0050","","non connu","non connu","non connu","non connu","","non connu","non connu","non connu","non connu",1,"","","","","Non","Non","",0,"Non","93010","Bondy","93010","Bondy",200057875,"T8 -  Est Ensemble","93","Seine-Saint-Denis","11","Ile-de-France"
"476870",200057875,"93010","AG8521940","2021-05-07","2025-08-24","non connu","non connu","non connu","non connu","non connu","non connu","Pas de mandat en cours","","SDC 5 AVENUE DE LA PARISIENNE","5 av de la parisienne 93140 Bondy","5 av de la parisienne",93140,"Bondy","non connu","non connu","non connu",0,2.485398,48.911434,"1973-01-03","non","non connu","oui","non connu",0,0,0,9,9,9,0,"NON_CONNUE","930100000F0143","93010","000","0F","0143","","non connu","non connu","non connu","non connu","","non connu","non connu","non connu","non connu",1,"","","Abreuvoir - Bondy Nord - Bondy Centre - Pont-De-Bondy - La Sablière - Secteur Sud","QN09314M","Non","Non","",0,"Non","93010","Bondy","93010","Bondy",200057875,"T8 -  Est Ensemble","93","Seine-Saint-Denis","11","Ile-de-France"
"477254",200057875,"93010","AG8589855","2021-05-11","2025-08-24","non connu","non connu","non connu","non connu","non connu","non connu","Pas de mandat en cours","","SDC 6B RUE YVONNE","6B r yvonne 93140 Bondy","6B r yvonne",93140,"Bondy","non connu","non connu","non connu",0,2.477328,48.900944,"1952-07-21","non","non connu","oui","non connu",0,0,0,2,2,2,0,"AVANT_1949","93010000AH0148","93010","000","AH","0148","","non connu","non connu","non connu","non connu","","non connu","non connu","non connu","non connu",1,"","","","","Non","Non","",0,"Non","93010","Bondy","93010","Bondy",200057875,"T8 -  Est Ensemble","93","Seine-Saint-Denis","11","Ile-de-France"
"478263",200057875,"93010","AG8758567","2021-05-20","2025-08-24","non connu","non connu","non connu","non connu","non connu","non connu","Pas de mandat en cours","","226 avenue de Rosny","226 av de rosny 93140 Bondy","226 av de rosny",93140,"Bondy","non connu","non connu","non connu",0,2.470885,48.90167,"1950-04-12","non","non connu","oui","non connu",NA,NA,NA,7,2,2,2,"NON_CONNUE","93010000AG0072","93010","000","AG","0072","","non connu","non connu","non connu","non connu","","non connu","non connu","non connu","non connu",1,"","","","","Non","Non","",0,"Non","93010","Bondy","93010","Bondy",200057875,"T8 -  Est Ensemble","93","Seine-Saint-Denis","11","Ile-de-France"
"479147",200057875,"93010","AG8907727","2021-05-28","2025-08-24","non connu","non connu","non connu","non connu","non connu","non connu","Pas de mandat en cours","","14 AVENUE DE NANCY (93140) BONDY","14 av de nancy 93140 Bondy","14 av de nancy",93140,"Bondy","non connu","non connu","non connu",0,2.479281,48.892806,"1983-03-31","non","non connu","oui","non connu",NA,NA,NA,2,2,2,0,"non renseigné","93010000AU0090","93010","000","AU","0090","","non connu","non connu","non connu","non connu","","non connu","non connu","non connu","non connu",1,"","","","","Non","Non","",0,"Non","93010","Bondy","93010","Bondy",200057875,"T8 -  Est Ensemble","93","Seine-Saint-Denis","11","Ile-de-France"
"480739",200057875,"93010","AG9178724","2021-06-11","2025-08-24","non connu","non connu","non connu","non connu","non connu","non connu","Pas de mandat en cours","2024-05-29","SDC 1 A 12 RUE DES FLORALIES","1 r des floralies 93140 Bondy","1 r des floralies",93140,"Bondy","12 r des floralies 93140 Bondy","non connu","non connu",1,2.478983,48.9103,"1970-06-22","non","non","oui","non connu",0,0,0,12,12,12,0,"DE_1949_A_1960","930100000B0245","93010","000","0B","0245","","non connu","non connu","non connu","non connu","","non connu","non connu","non connu","non connu",1,"Abreuvoir - Bondy Nord - Bondy Centre - Pont-De-Bondy - La Sablière - Secteur Sud","QP093014","Abreuvoir - Bondy Nord - Bondy Centre - Pont-De-Bondy - La Sablière - Secteur Sud","QN09314M","Non","Non","",0,"Non","93010","Bondy","93010","Bondy",200057875,"T8 -  Est Ensemble","93","Seine-Saint-Denis","11","Ile-de-France"
"484184",200057875,"93010","AG9752684","2021-07-05","2025-08-24","non connu","non connu","non connu","non connu","non connu","non connu","Pas de mandat en cours","","128 AVENUE HENRI BARBUSSE 93140 BONDY","128 av henri barbusse 93140 Bondy","128 av henri barbusse",93140,"Bondy","non connu","non connu","non connu",0,2.492134,48.900168,"1987-07-15","non","non connu","oui","non connu",NA,NA,NA,7,2,1,1,"non renseigné","930100000Z0044","93010","000","0Z","0044","","non connu","non connu","non connu","non connu","","non connu","non connu","non connu","non connu",1,"","","","","Non","Non","",0,"Non","93010","Bondy","93010","Bondy",200057875,"T8 -  Est Ensemble","93","Seine-Saint-Denis","11","Ile-de-France"
"485150",200057875,"93010","AG9909862","2021-07-12","2025-08-24","non connu","non connu","non connu","non connu","non connu","non connu","Pas de mandat en cours","","3 et 3 bis rue du Lion","3B r du lion 93140 Bondy","3B r du lion",93140,"Bondy","3 r du lion 93140 Bondy","non connu","non connu",1,2.480981,48.895871,"1959-05-04","non","non connu","oui","non connu",NA,NA,NA,2,2,2,0,"DE_1949_A_1960","93010000AS0034","93010","000","AS","0034","93010000AS0035","93010","000","AS","0035","","non connu","non connu","non connu","non connu",2,"","","","","Non","Non","",0,"Non","93010","Bondy","93010","Bondy",200057875,"T8 -  Est Ensemble","93","Seine-Saint-Denis","11","Ile-de-France"
"486304",200057875,"93010","AH0105536","2021-07-21","2025-08-24","non connu","non connu","non connu","non connu","non connu","non connu","Pas de mandat en cours","","SDC 5 BIS ALLEE ANDREA","5B all andrea 93140 Bondy","5B all andrea",93140,"Bondy","non connu","non connu","non connu",0,2.497812,48.900088,"1981-07-16","non","non connu","oui","non connu",0,0,0,15,5,5,4,"DE_1961_A_1974","930100000X0190","93010","000","0X","0190","","non connu","non connu","non connu","non connu","","non connu","non connu","non connu","non connu",1,"","","","","Non","Non","",0,"Non","93010","Bondy","93010","Bondy",200057875,"T8 -  Est Ensemble","93","Seine-Saint-Denis","11","Ile-de-France"
"486743",200057875,"93010","AH0176735","2021-07-26","2025-08-24","non connu","non connu","non connu","non connu","non connu","non connu","Pas de mandat en cours","","9 ALLEE DU MOULIN 93140 BONDY","9 all du moulin 93140 Bondy","9 all du moulin",93140,"Bondy","non connu","non connu","non connu",0,2.476351,48.89567,"1957-12-21","non","non","oui","non connu",0,0,0,9,3,3,0,"AVANT_1949","93010000AT0075","93010","000","AT","0075","","non connu","non connu","non connu","non connu","","non connu","non connu","non connu","non connu",1,"","","","","Non","Non","",0,"Non","93010","Bondy","93010","Bondy",200057875,"T8 -  Est Ensemble","93","Seine-Saint-Denis","11","Ile-de-France"
"486917",200057875,"93010","AH0204875","2021-07-27","2025-08-24","non connu","non connu","non connu","non connu","non connu","non connu","Pas de mandat en cours","","8/10 rue Bernard de Jussieu","10 r bernard de jussieu 93140 Bondy","10 r bernard de jussieu",93140,"Bondy","non connu","non connu","non connu",0,2.494351,48.899269,"1999-07-31","non","non connu","oui","non connu",0,0,0,2,2,2,0,"AVANT_1949","930100000Y0210","93010","000","0Y","0210","930100000Y0211","93010","000","0Y","0211","","non connu","non connu","non connu","non connu",2,"","","","","Non","Non","",0,"Non","93010","Bondy","93010","Bondy",200057875,"T8 -  Est Ensemble","93","Seine-Saint-Denis","11","Ile-de-France"
"488147",200057875,"93010","AH0404020","2021-08-06","2025-08-24","non connu","non connu","non connu","non connu","non connu","non connu","Pas de mandat en cours","","91 rue Louis Auguste Blanqui","91 r louis auguste blanqui 93140 Bondy","91 r louis auguste blanqui",93140,"Bondy","non connu","non connu","non connu",0,2.486922,48.898617,"1978-06-16","non","non connu","oui","non connu",NA,NA,NA,15,3,3,6,"NON_CONNUE","93010000AB0054","93010","000","AB","0054","","non connu","non connu","non connu","non connu","","non connu","non connu","non connu","non connu",1,"","","","","Non","Non","",0,"Non","93010","Bondy","93010","Bondy",200057875,"T8 -  Est Ensemble","93","Seine-Saint-Denis","11","Ile-de-France"
"490114",200057875,"93010","AH0733618","2021-09-01","2025-08-24","non connu","non connu","non connu","non connu","non connu","non connu","Pas de mandat en cours","","19 AVENUE DE LA VILLEGIATURE 93140 BONDY","19 av de la villegiature 93140 Bondy","19 av de la villegiature",93140,"Bondy","non connu","non connu","non connu",0,2.488262,48.912521,"1964-11-23","non","non connu","oui","non connu",0,0,0,9,3,3,1,"NON_CONNUE","930100000D0021","93010","000","0D","0021","","non connu","non connu","non connu","non connu","","non connu","non connu","non connu","non connu",1,"","","Abreuvoir - Bondy Nord - Bondy Centre - Pont-De-Bondy - La Sablière - Secteur Sud","QN09314M","Non","Non","",0,"Non","93010","Bondy","93010","Bondy",200057875,"T8 -  Est Ensemble","93","Seine-Saint-Denis","11","Ile-de-France"
"491137",200057875,"93010","AH0893834","2021-09-10","2025-08-24","non connu","non connu","non connu","non connu","non connu","non connu","Pas de mandat en cours","","9 11 avenue de l'Espérance BONDY","11 av de l'esperance 93140 Bondy","11 av de l'esperance",93140,"Bondy","non connu","non connu","non connu",0,2.497227,48.895586,"1955-04-18","non","non connu","oui","non connu",NA,NA,NA,7,4,4,0,"non renseigné","93010000AP0157","93010","000","AP","0157","","non connu","non connu","non connu","non connu","","non connu","non connu","non connu","non connu",1,"","","","","Non","Non","",0,"Non","93010","Bondy","93010","Bondy",200057875,"T8 -  Est Ensemble","93","Seine-Saint-Denis","11","Ile-de-France"
"492859",200057875,"93010","AH1179118","2021-09-27","2025-08-24","non connu","non connu","non connu","non connu","non connu","non connu","Pas de mandat en cours","","SDC 3 RUE DAVID LEDER 93140 BONDY","3 r david leder 93140 Bondy","3 r david leder",93140,"Bondy","non connu","non connu","non connu",0,2.476916,48.892353,"1959-08-06","non","non connu","oui","non connu",NA,NA,NA,6,2,2,0,"non renseigné","93010000BG0039","93010","000","BG","0039","","non connu","non connu","non connu","non connu","","non connu","non connu","non connu","non connu",1,"","","","","Non","Non","",0,"Non","93010","Bondy","93010","Bondy",200057875,"T8 -  Est Ensemble","93","Seine-Saint-Denis","11","Ile-de-France"
"495567",200057875,"93010","AH1608959","2021-10-19","2025-08-24","non connu","non connu","non connu","non connu","non connu","non connu","Pas de mandat en cours","","SDC 47 RUE DE LA LIBERTE 93140 BONDY","47 r de la liberte 93140 Bondy","47 r de la liberte",93140,"Bondy","non connu","non connu","non connu",0,2.482116,48.89445,"2010-06-16","non","non connu","oui","non connu",0,0,0,6,6,6,0,"AVANT_1949","93010000AS0185","93010","000","AS","0185","","non connu","non connu","non connu","non connu","","non connu","non connu","non connu","non connu",1,"","","","","Non","Non","",0,"Non","93010","Bondy","93010","Bondy",200057875,"T8 -  Est Ensemble","93","Seine-Saint-Denis","11","Ile-de-France"
"501075",200057875,"93010","AH2479574","2021-12-07","2025-08-24","non connu","non connu","non connu","non connu","non connu","non connu","Pas de mandat en cours","2024-09-01","SDC 79 AVENUE ANATOLE FRANCE","79 av anatole france 93140 Bondy","79 av anatole france",93140,"Bondy","non connu","non connu","non connu",0,2.496853,48.890788,"2021-12-08","non","non connu","oui","non connu",NA,NA,NA,11,5,5,0,"non renseigné","93010000AZ0173","93010","000","AZ","0173","","non connu","non connu","non connu","non connu","","non connu","non connu","non connu","non connu",1,"","","","","Non","Non","",0,"Non","93010","Bondy","93010","Bondy",200057875,"T8 -  Est Ensemble","93","Seine-Saint-Denis","11","Ile-de-France"
"501565",200057875,"93010","AH2565786","2021-12-15","2025-08-24","non connu","non connu","non connu","non connu","non connu","non connu","Pas de mandat en cours","2024-10-01","GADG 63-71","63 av genevieve anthonioz de gaulle 93140 Bondy","63 av genevieve anthonioz de gaulle",93140,"Bondy","71 av genevieve anthonioz de gaulle 93140 Bondy","69 av genevieve anthonioz de gaulle 93140 Bondy","67 av genevieve anthonioz de gaulle 93140 Bondy",4,2.488192,48.893513,"2003-06-26","non","oui","oui","non connu",1,0,0,18,5,5,13,"DE_2001_A_2010","","non connu","non connu","non connu","non connu","","non connu","non connu","non connu","non connu","","non connu","non connu","non connu","non connu",0,"","","","","Non","Non","",0,"Non","93010","Bondy","93010","Bondy",200057875,"T8 -  Est Ensemble","93","Seine-Saint-Denis","11","Ile-de-France"
"501887",200057875,"93010","AH2620227","2021-12-15","2025-08-24","non connu","non connu","non connu","non connu","non connu","non connu","Pas de mandat en cours","","SDC 31 avenue Marx Dormoy à Bondy","31 av marx dormoy 93140 Bondy","31 av marx dormoy",93140,"Bondy","non connu","non connu","non connu",0,2.486596,48.911198,"1995-10-20","non","non","oui","non connu",0,0,0,14,5,5,4,"DE_1994_A_2000","930100000F0161","93010","000","0F","0161","","non connu","non connu","non connu","non connu","","non connu","non connu","non connu","non connu",1,"","","Abreuvoir - Bondy Nord - Bondy Centre - Pont-De-Bondy - La Sablière - Secteur Sud","QN09314M","Non","Non","",0,"Non","93010","Bondy","93010","Bondy",200057875,"T8 -  Est Ensemble","93","Seine-Saint-Denis","11","Ile-de-France"
"507463",200057875,"93010","AH3564366","2022-03-21","2025-12-06","non connu","non connu","non connu","non connu","non connu","non connu","Pas de mandat en cours","2025-09-30","Jorelle Neuf","104 rue Édouard vaillant, 93140 Bondy","104 rue Édouard vaillant,",93140,"Bondy","17, av Geneviève Anthonioz de gaulle, 93140 Bondy","non connu","non connu",1,2.489714,48.893123,"2002-03-19","non","non","oui","non connu",0,0,0,23,11,11,11,"DE_2001_A_2010","93010000AR0153","93010","000","AR","0153","93010000AR0154","93010","000","AR","0154","","non connu","non connu","non connu","non connu",2,"","","","","Non","Non","",0,"Non","93010","BONDY","93010","Bondy",200057875,"T8 -  Est Ensemble","93","Seine-Saint-Denis","11","Ile-de-France"
"508061",200057875,"93010","AH3670031","2022-02-16","2025-08-24","non connu","non connu","non connu","non connu","non connu","non connu","Pas de mandat en cours","","13 avenue des Mésarmes 93140 BONDY","13 av des mesarmes 93140 Bondy","13 av des mesarmes",93140,"Bondy","non connu","non connu","non connu",0,2.483068,48.908734,"1965-08-11","non","non connu","oui","non connu",0,0,0,2,2,2,0,"non renseigné","930100000G0028","93010","000","0G","0028","","non connu","non connu","non connu","non connu","","non connu","non connu","non connu","non connu",1,"","","","","Non","Non","",0,"Non","93010","Bondy","93010","Bondy",200057875,"T8 -  Est Ensemble","93","Seine-Saint-Denis","11","Ile-de-France"
"509287",200057875,"93010","AH3867066","2022-02-28","2025-08-24","non connu","non connu","non connu","non connu","non connu","non connu","Pas de mandat en cours","2024-09-30","34 allée alice","34 all alice 93140 Bondy","34 all alice",93140,"Bondy","non connu","non connu","non connu",0,2.497653,48.90135,"1970-01-16","non","non","oui","non connu",0,0,0,13,11,6,0,"AVANT_1949","","non connu","non connu","non connu","non connu","","non connu","non connu","non connu","non connu","","non connu","non connu","non connu","non connu",0,"","","","","Non","Non","",0,"Non","93010","Bondy","93010","Bondy",200057875,"T8 -  Est Ensemble","93","Seine-Saint-Denis","11","Ile-de-France"
"512163",200057875,"93010","AH4324430","2022-04-06","2025-08-24","professionnel","MDB IMMOBILIER 50863027400068","MDB IMMOBILIER ","50863027400068","6831Z","ISSY LES MOULINEAUX","Mandat en cours","2026-06-30","SDC 73 RUE ROGER SALENGRO","73 r roger salengro 93140 Bondy","73 r roger salengro",93140,"Bondy","non connu","non connu","non connu",0,2.477304,48.897232,"1991-09-02","non","non","oui","non connu",0,0,0,53,16,16,15,"NON_CONNUE","93010000AJ0012","93010","000","AJ","0012","","non connu","non connu","non connu","non connu","","non connu","non connu","non connu","non connu",1,"","","","","Non","Non","",0,"Non","93010","Bondy","93010","Bondy",200057875,"T8 -  Est Ensemble","93","Seine-Saint-Denis","11","Ile-de-France"
"514551",200057875,"93010","AH4732079","2022-04-12","2025-08-24","professionnel","GCI LE PRE 84463672000014","GCI LE PRE ","84463672000014","6831Z","LE PRE SAINT GERVAIS","Mandat en cours","2026-12-19","SDC Le Patio - av Jean Moulin 93140 BONDY","av jean moulin, 93140 Bondy","av jean moulin,",93140,"Bondy","r odette pain, 93140 Bondy","av leon blum, 93140 Bondy","non connu",2,2.476376,48.914579,"2019-12-19","non","non","oui","non connu",0,0,0,447,197,192,250,"A_COMPTER_DE_2011","930100000B0252","93010","000","0B","0252","930100000B0251","93010","000","0B","0251","930100000B0249","93010","000","0B","0249",5,"","","","","Non","Non","",0,"Non","93010","BONDY","93010","Bondy",200057875,"T8 -  Est Ensemble","93","Seine-Saint-Denis","11","Ile-de-France"
"515800",200057875,"93010","AH4955720","2022-05-09","2025-08-24","non connu","non connu","non connu","non connu","non connu","non connu","Pas de mandat en cours","2022-12-31","SDC 27-47 ADN","31 r alexandra david neel 93140 Bondy","31 r alexandra david neel",93140,"Bondy","non connu","non connu","non connu",0,2.486775,48.894601,"2005-01-01","non","oui","oui","non connu",1,11,0,25,11,11,0,"DE_2001_A_2010","","non connu","non connu","non connu","non connu","","non connu","non connu","non connu","non connu","","non connu","non connu","non connu","non connu",0,"","","","","Non","Non","",0,"Non","93010","Bondy","93010","Bondy",200057875,"T8 -  Est Ensemble","93","Seine-Saint-Denis","11","Ile-de-France"
"516817",200057875,"93010","AH5131271","2022-05-04","2025-11-15","non connu","non connu","non connu","non connu","non connu","non connu","Pas de mandat en cours","2025-09-11","56-60 Rue MICHELET","60 r michelet 93140 Bondy","60 r michelet",93140,"Bondy","non connu","non connu","non connu",0,2.47573,48.89941,"2005-05-25","non","non","oui","non connu",0,0,0,53,31,30,22,"DE_1994_A_2000","93010000AI0059","93010","000","AI","0059","","non connu","non connu","non connu","non connu","","non connu","non connu","non connu","non connu",1,"","","","","Non","Non","",0,"Non","93010","Bondy","93010","Bondy",200057875,"T8 -  Est Ensemble","93","Seine-Saint-Denis","11","Ile-de-France"
"517527",200057875,"93010","AH5260534","2022-05-10","2025-08-24","non connu","non connu","non connu","non connu","non connu","non connu","Pas de mandat en cours","","SDC 42 RUE ROBERT DOUVILLEZ 93140 BONDY","42 r robert douvillez 93140 Bondy","42 r robert douvillez",93140,"Bondy","non connu","non connu","non connu",0,2.493317,48.904738,"2021-12-29","non","non connu","oui","non connu",0,0,0,10,5,5,5,"A_COMPTER_DE_2011","930100000S0096","93010","000","0S","0096","","non connu","non connu","non connu","non connu","","non connu","non connu","non connu","non connu",1,"","","","","Non","Non","",0,"Non","93010","Bondy","93010","Bondy",200057875,"T8 -  Est Ensemble","93","Seine-Saint-Denis","11","Ile-de-France"
"518134",200057875,"93010","AH5362686","2022-05-16","2025-08-24","non connu","non connu","non connu","non connu","non connu","non connu","Pas de mandat en cours","2024-07-08","SYNDIC IDEAL","22B av de l'ideal 93140 Bondy","22B av de l'ideal",93140,"Bondy","non connu","non connu","non connu",0,2.495865,48.895332,"1989-06-28","non","oui","oui","non connu",0,0,0,12,6,6,6,"DE_1949_A_1960","93010000AO0259","93010","000","AO","0259","","non connu","non connu","non connu","non connu","","non connu","non connu","non connu","non connu",1,"","","","","Non","Non","",0,"Non","93010","Bondy","93010","Bondy",200057875,"T8 -  Est Ensemble","93","Seine-Saint-Denis","11","Ile-de-France"
"520711",200057875,"93010","AH5808373","2022-06-08","2025-08-24","non connu","non connu","non connu","non connu","non connu","non connu","Pas de mandat en cours","","SDC 59 rue Roger Salengro 93140 BONDY","59 r roger salengro 93140 Bondy","59 r roger salengro",93140,"Bondy","non connu","non connu","non connu",0,2.477668,48.898159,"1967-02-08","non","non connu","oui","non connu",NA,NA,NA,2,2,2,0,"NON_CONNUE","","non connu","non connu","non connu","non connu","","non connu","non connu","non connu","non connu","","non connu","non connu","non connu","non connu",0,"","","","","Non","Non","",0,"Non","93010","Bondy","93010","Bondy",200057875,"T8 -  Est Ensemble","93","Seine-Saint-Denis","11","Ile-de-France"
"522303",200057875,"93010","AH6066328","2022-06-21","2025-08-24","professionnel","FONCIA CHADEFAUX LECOQ 59202763500032","FONCIA CHADEFAUX LECOQ ","59202763500032","6831Z","AUBERVILLIERS","Mandat en cours","2026-06-30","11 rue Auguste Polissard","11 r auguste polissard 93140 Bondy","11 r auguste polissard",93140,"Bondy","non connu","non connu","non connu",0,2.480425,48.905094,"2021-08-02","non","non","oui","non connu",0,0,0,21,16,15,5,"A_COMPTER_DE_2011","930100000P0025","93010","000","0P","0025","","non connu","non connu","non connu","non connu","","non connu","non connu","non connu","non connu",1,"Abreuvoir - Bondy Nord - Bondy Centre - Pont-De-Bondy - La Sablière - Secteur Sud","QP093014","Abreuvoir - Bondy Nord - Bondy Centre - Pont-De-Bondy - La Sablière - Secteur Sud","QN09314M","Non","Non","",0,"Non","93010","Bondy","93010","Bondy",200057875,"T8 -  Est Ensemble","93","Seine-Saint-Denis","11","Ile-de-France"
"522929",200057875,"93010","AH6173991","2022-06-27","2025-08-24","non connu","non connu","non connu","non connu","non connu","non connu","Pas de mandat en cours","","SDC 152 rue Auguste Blanqui a BONDY","152 r louis auguste blanqui 93140 Bondy","152 r louis auguste blanqui",93140,"Bondy","non connu","non connu","non connu",0,2.491965,48.897832,"1972-03-17","non","non connu","oui","non connu",NA,NA,NA,19,5,4,0,"non renseigné","93010000AN0101","93010","000","AN","0101","","non connu","non connu","non connu","non connu","","non connu","non connu","non connu","non connu",1,"","","","","Non","Non","",0,"Non","93010","Bondy","93010","Bondy",200057875,"T8 -  Est Ensemble","93","Seine-Saint-Denis","11","Ile-de-France"
"529047",200057875,"93010","AH7190051","2022-08-26","2025-10-18","professionnel","ATM SARL 34863116900045","ATM SARL ","34863116900045","6832A","BONDY","Mandat en cours","2027-12-18","SDC COEUR DE BONDY","105 Avenue Carnot 93140 Bondy","105 Avenue Carnot",93140,"Bondy","non connu","non connu","non connu",0,2.48049,48.897491,"2015-09-11","non","non","oui","",0,1,0,69,28,28,41,"A_COMPTER_DE_2011","93010000AK0001","93010","000","AK","0001","","non connu","non connu","non connu","non connu","","non connu","non connu","non connu","non connu",0,"","","","","Non","Non","",0,"Oui","93010","BONDY","93010","Bondy",200057875,"T8 -  Est Ensemble","93","Seine-Saint-Denis","11","Ile-de-France"
"531469",200057875,"93010","AH7575913","2022-09-26","2025-08-24","non connu","non connu","non connu","non connu","non connu","non connu","Pas de mandat en cours","2023-09-23","TAHRAOUI","45 r amedee guyard 93140 Bondy","45 r amedee guyard",93140,"Bondy","non connu","non connu","non connu",0,2.497117,48.905559,"2016-12-31","non","non","oui","non connu",0,0,0,5,5,5,0,"DE_1949_A_1960","","non connu","non connu","non connu","non connu","","non connu","non connu","non connu","non connu","","non connu","non connu","non connu","non connu",0,"","","","","Non","Non","",0,"Non","93010","Bondy","93010","Bondy",200057875,"T8 -  Est Ensemble","93","Seine-Saint-Denis","11","Ile-de-France"
"532764",200057875,"93010","AH7793714","2022-10-03","2025-08-24","professionnel","PICHET IMMOBILIER SERVICES 43229623400029","PICHET IMMOBILIER SERVICES ","43229623400029","6832A","PESSAC","Mandat en cours","","LES TERRASSES DU CANAL","25 che lateral 93140 Bondy","25 che lateral",93140,"Bondy","non connu","non connu","non connu",0,2.477066,48.908259,"2021-11-15","non","non","oui","non connu",0,0,0,240,134,134,106,"A_COMPTER_DE_2011","930100000H0402","93010","000","0H","0402","930100000H0404","93010","000","0H","0404","930100000H0406","93010","000","0H","0406",7,"","","","","Non","Non","",0,"Non","93010","Bondy","93010","Bondy",200057875,"T8 -  Est Ensemble","93","Seine-Saint-Denis","11","Ile-de-France"
"542071",200057875,"93010","AH9296468","2023-01-03","2025-08-24","non connu","non connu","non connu","non connu","non connu","non connu","Pas de mandat en cours","","SDC 25 ALLEE ANDREA A BONDY","25 all andrea 93140 Bondy","25 all andrea",93140,"Bondy","non connu","non connu","non connu",0,2.498533,48.901141,"1961-06-08","non","non connu","oui","non connu",0,0,0,14,5,5,2,"AVANT_1949","930100000X0111","93010","000","0X","0111","","non connu","non connu","non connu","non connu","","non connu","non connu","non connu","non connu",1,"","","","","Non","Non","",0,"Non","93010","Bondy","93010","Bondy",200057875,"T8 -  Est Ensemble","93","Seine-Saint-Denis","11","Ile-de-France"
"547582",200057875,"93010","AI0184168","2023-02-27","2025-08-24","non connu","non connu","non connu","non connu","non connu","non connu","Pas de mandat en cours","","14 et 16 rue Marcelin Berthelot BONDY","14/16 r marcellin berthelot 93140 Bondy","14/16 r marcellin berthelot",93140,"Bondy","45-47 r robert douvillez 93140 Bondy","non connu","non connu",1,2.493819,48.904451,"1968-05-02","non","non connu","oui","non connu",1,0,0,2,2,2,0,"AVANT_1949","930100000S0013","93010","000","0S","0013","","non connu","non connu","non connu","non connu","","non connu","non connu","non connu","non connu",1,"","","","","Non","Non","",0,"Non","93010","Bondy","93010","Bondy",200057875,"T8 -  Est Ensemble","93","Seine-Saint-Denis","11","Ile-de-France"
"548052",200057875,"93010","AI0259994","2023-03-02","2025-08-24","professionnel","FONCIA CHADEFAUX LECOQ 59202763500032","FONCIA CHADEFAUX LECOQ ","59202763500032","6831Z","AUBERVILLIERS","Mandat en cours","2026-09-30","RESIDENCE COEUR ABONDY","16 av jules ferry 93140 Bondy","16 av jules ferry",93140,"Bondy","26 av jules ferry 93140 Bondy","non connu","non connu",1,2.474808,48.893553,"2020-07-20","non","non","oui","non connu",0,0,0,238,120,119,118,"A_COMPTER_DE_2011","93010000AU0185","93010","000","AU","0185","93010000AU0014","93010","000","AU","0014","93010000AU0165","93010","000","AU","0165",10,"","","","","Non","Non","",0,"Non","93010","Bondy","93010","Bondy",200057875,"T8 -  Est Ensemble","93","Seine-Saint-Denis","11","Ile-de-France"
"548188",200057875,"93010","AI0282905","2023-03-03","2025-08-24","bénévole","Identité non partagée en Open Data","Identité non partagée en Open Data","non connu","non connu","AULNAY SOUS BOIS","Mandat en cours","2026-04-03","35 rue de varsovie 93140 bondy","35 r de varsovie 93140 Bondy","35 r de varsovie",93140,"Bondy","non connu","non connu","non connu",0,2.475636,48.891902,"2022-11-24","non","non connu","oui","non connu",0,0,0,10,5,5,5,"A_COMPTER_DE_2011","93010000BG0046","93010","000","BG","0046","","non connu","non connu","non connu","non connu","","non connu","non connu","non connu","non connu",1,"","","","","Non","Non","",0,"Non","93010","Bondy","93010","Bondy",200057875,"T8 -  Est Ensemble","93","Seine-Saint-Denis","11","Ile-de-France"
"548274",200057875,"93010","AI0302547","2023-03-06","2025-08-24","professionnel","URBANIA VAL DE MARNE 30940817700074","URBANIA VAL DE MARNE ","30940817700074","6832A","LE PERREUX SUR MARNE","Mandat en cours","2026-05-08","CANAL HORIZON","che lateral, 93140 Bondy","che lateral,",93140,"Bondy","rte d'aulnay, 93140 Bondy","non connu","non connu",1,2.477936,48.907638,"2020-12-19","non","non","oui","non connu",0,0,0,276,142,136,134,"A_COMPTER_DE_2011","930100000H0364","93010","000","0H","0364","930100000H0374","93010","000","0H","0374","930100000H0396","93010","000","0H","0396",4,"","","","","Non","Non","",0,"Non","93010","BONDY","93010","Bondy",200057875,"T8 -  Est Ensemble","93","Seine-Saint-Denis","11","Ile-de-France"
"549990",200057875,"93010","AI0602284","2023-03-22","2026-01-03","non connu","non connu","non connu","non connu","non connu","non connu","Mandat expiré sans successeur déclaré","2025-12-31","CHENE ROND","163 r edouard vaillant 93140 Bondy","163 r edouard vaillant",93140,"Bondy","non connu","non connu","non connu",0,2.490869,48.894799,"2021-10-27","non","non","oui","non connu",0,0,0,10,10,10,0,"A_COMPTER_DE_2011","","non connu","non connu","non connu","non connu","","non connu","non connu","non connu","non connu","","non connu","non connu","non connu","non connu",0,"Blanqui","QP093012","Blanqui","QN09312I","Non","Non","",0,"Non","93010","Bondy","93010","Bondy",200057875,"T8 -  Est Ensemble","93","Seine-Saint-Denis","11","Ile-de-France"
"551829",200057875,"93010","AI0915207","2023-04-07","2025-11-15","professionnel","CABINET CHARLES BAUMANN 35308281100046","CABINET CHARLES BAUMANN ","35308281100046","6832A","MONTREUIL","Mandat en cours","2026-06-30","NOUE CAILLET","2 av suzanne buisson 93140 Bondy","2 av suzanne buisson",93140,"Bondy","non connu","non connu","non connu",0,2.479676,48.914139,"2021-03-11","non","non","oui","non connu",0,0,NA,78,39,39,39,"A_COMPTER_DE_2011","930100000B0192","93010","000","0B","0192","","non connu","non connu","non connu","non connu","","non connu","non connu","non connu","non connu",1,"Abreuvoir - Bondy Nord - Bondy Centre - Pont-De-Bondy - La Sablière - Secteur Sud","QP093014","Abreuvoir - Bondy Nord - Bondy Centre - Pont-De-Bondy - La Sablière - Secteur Sud","QN09314M","Non","Non","",0,"Non","93010","Bondy","93010","Bondy",200057875,"T8 -  Est Ensemble","93","Seine-Saint-Denis","11","Ile-de-France"
"554020",200057875,"93010","AI1312016","2023-05-04","2025-08-24","non connu","non connu","non connu","non connu","non connu","non connu","Pas de mandat en cours","","65 Allée Alice","65 all alice 93140 Bondy","65 all alice",93140,"Bondy","non connu","non connu","non connu",0,2.498239,48.903084,"2007-08-31","non","non connu","oui","non connu",NA,NA,NA,3,3,3,0,"DE_1949_A_1960","930100000U0054","93010","000","0U","0054","","non connu","non connu","non connu","non connu","","non connu","non connu","non connu","non connu",1,"","","","","Non","Non","",0,"Non","93010","Bondy","93010","Bondy",200057875,"T8 -  Est Ensemble","93","Seine-Saint-Denis","11","Ile-de-France"
"559698",200057875,"93010","AI2302354","2023-07-11","2025-08-24","non connu","non connu","non connu","non connu","non connu","non connu","Pas de mandat en cours","","SDC 9 RUE DAVID LEDER A BONDY","9 r david leder 93140 Bondy","9 r david leder",93140,"Bondy","non connu","non connu","non connu",0,2.476409,48.892455,"1967-08-29","non","non connu","oui","non connu",0,0,0,2,2,2,0,"AVANT_1949","93010000BG0036","93010","000","BG","0036","","non connu","non connu","non connu","non connu","","non connu","non connu","non connu","non connu",1,"","","","","Non","Non","",0,"Non","93010","Bondy","93010","Bondy",200057875,"T8 -  Est Ensemble","93","Seine-Saint-Denis","11","Ile-de-France"
"560980",200057875,"93010","AI2523876","2023-07-26","2025-08-24","professionnel","MANDA (EX- HELLO SYNDIC) 82849989700050","MANDA (EX- HELLO SYNDIC) ","82849989700050","6832A","NEUILLY-SUR-SEINE","Mandat en cours","2026-08-11","SDC 34 Villa Fleury 93140 BONDY","34 vla fleury 93140 Bondy","34 vla fleury",93140,"Bondy","non connu","non connu","non connu",0,2.478301,48.90399,"2023-07-26","non","non","oui","non connu",0,0,0,43,15,15,11,"DE_1961_A_1974","930100000J0037","93010","000","0J","0037","","non connu","non connu","non connu","non connu","","non connu","non connu","non connu","non connu",1,"Abreuvoir - Bondy Nord - Bondy Centre - Pont-De-Bondy - La Sablière - Secteur Sud","QP093014","Abreuvoir - Bondy Nord - Bondy Centre - Pont-De-Bondy - La Sablière - Secteur Sud","QN09314M","Non","Non","",0,"Non","93010","Bondy","93010","Bondy",200057875,"T8 -  Est Ensemble","93","Seine-Saint-Denis","11","Ile-de-France"
"564738",200057875,"93010","AI3175528","2023-09-19","2025-08-24","professionnel","URBANIA VAL DE MARNE 30940817700074","URBANIA VAL DE MARNE ","30940817700074","6832A","LE PERREUX SUR MARNE","Mandat en cours","2026-05-11","Carré Nature","1 rue odette pain, 93140 Bondy","1 rue odette pain,",93140,"Bondy","non connu","non connu","non connu",0,2.478827,48.913762,"2020-12-30","non","non","oui","non connu",0,0,0,47,41,40,0,"A_COMPTER_DE_2011","930100000B0249","93010","000","0B","0249","930100000B0374","93010","000","0B","0374","930100000B0380","93010","000","0B","0380",3,"Abreuvoir - Bondy Nord - Bondy Centre - Pont-De-Bondy - La Sablière - Secteur Sud","QP093014","Abreuvoir - Bondy Nord - Bondy Centre - Pont-De-Bondy - La Sablière - Secteur Sud","QN09314M","Non","Non","",0,"Non","93010","BONDY","93010","Bondy",200057875,"T8 -  Est Ensemble","93","Seine-Saint-Denis","11","Ile-de-France"
"566736",200057875,"93010","AI3513207","2023-10-12","2025-08-24","non connu","non connu","non connu","non connu","non connu","non connu","Pas de mandat en cours","","37 bis allée Raspail","37B all raspail 93140 Bondy","37B all raspail",93140,"Bondy","non connu","non connu","non connu",0,2.497806,48.903816,"1965-09-15","non","non connu","oui","non connu",0,0,0,2,2,2,0,"AVANT_1949","930100000T0086","93010","000","0T","0086","","non connu","non connu","non connu","non connu","","non connu","non connu","non connu","non connu",1,"","","","","Non","Non","",0,"Non","93010","Bondy","93010","Bondy",200057875,"T8 -  Est Ensemble","93","Seine-Saint-Denis","11","Ile-de-France"
"567028",200057875,"93010","AI3566759","2023-10-17","2025-08-24","non connu","non connu","non connu","non connu","non connu","non connu","Pas de mandat en cours","","SDC 75/77 rue Edouard Vaillant","75 r edouard vaillant 93140 Bondy","75 r edouard vaillant",93140,"Bondy","non connu","non connu","non connu",0,2.483795,48.89575,"1953-11-13","non","non connu","oui","non connu",0,0,0,6,6,2,0,"AVANT_1949","93010000AL0061","93010","000","AL","0061","","non connu","non connu","non connu","non connu","","non connu","non connu","non connu","non connu",1,"","","","","Non","Non","",0,"Non","93010","Bondy","93010","Bondy",200057875,"T8 -  Est Ensemble","93","Seine-Saint-Denis","11","Ile-de-France"
"567171",200057875,"93010","AI3588126","2023-10-18","2025-08-24","non connu","non connu","non connu","non connu","non connu","non connu","Pas de mandat en cours","","SDC 20 rue du Progrès","20 r du progres 93140 Bondy","20 r du progres",93140,"Bondy","non connu","non connu","non connu",0,2.49511,48.895702,"2002-04-04","non","non connu","oui","non connu",0,0,0,2,2,2,0,"AVANT_1949","93010000AO0115","93010","000","AO","0115","","non connu","non connu","non connu","non connu","","non connu","non connu","non connu","non connu",1,"","","","","Non","Non","",0,"Non","93010","Bondy","93010","Bondy",200057875,"T8 -  Est Ensemble","93","Seine-Saint-Denis","11","Ile-de-France"
"568828",200057875,"93010","AI3874807","2023-11-15","2025-12-27","non connu","non connu","non connu","non connu","non connu","non connu","Pas de mandat en cours","2025-10-20","Syndic des copropriétaires La Villageoise","41 av de la villageoise 93140 Bondy","41 av de la villageoise",93140,"Bondy","non connu","non connu","non connu",0,2.490603,48.910107,"1990-06-27","non","non","oui","non connu",0,0,0,19,8,8,5,"AVANT_1949","930100000E0104","93010","000","0E","0104","","non connu","non connu","non connu","non connu","","non connu","non connu","non connu","non connu",1,"","","Abreuvoir - Bondy Nord - Bondy Centre - Pont-De-Bondy - La Sablière - Secteur Sud","QN09314M","Non","Non","",0,"Non","93010","Bondy","93010","Bondy",200057875,"T8 -  Est Ensemble","93","Seine-Saint-Denis","11","Ile-de-France"
"569023",200057875,"93010","AI3906666","2023-11-13","2025-08-24","non connu","non connu","non connu","non connu","non connu","non connu","Pas de mandat en cours","2024-05-06","SDC 79 BIS RUE ROGER SALENGRO 93140 BONDY","79B r roger salengro 93140 Bondy","79B r roger salengro",93140,"Bondy","non connu","non connu","non connu",0,2.477345,48.896754,"1963-10-21","non","non","oui","non connu",0,0,0,13,12,5,1,"AVANT_1949","93010000AJ0001","93010","000","AJ","0001","","non connu","non connu","non connu","non connu","","non connu","non connu","non connu","non connu",1,"","","","","Non","Non","",0,"Non","93010","Bondy","93010","Bondy",200057875,"T8 -  Est Ensemble","93","Seine-Saint-Denis","11","Ile-de-France"
"569290",200057875,"93010","AI3953841","2023-11-15","2025-08-24","non connu","non connu","non connu","non connu","non connu","non connu","Pas de mandat en cours","","SDC DU 62 RUE ETIENNE DOLET A BONDY","62 r etienne dolet 93140 Bondy","62 r etienne dolet",93140,"Bondy","non connu","non connu","non connu",0,2.476742,48.890378,"1972-05-29","non","non connu","oui","non connu",0,0,0,4,2,2,0,"DE_1961_A_1974","93010000BH0132","93010","000","BH","0132","","non connu","non connu","non connu","non connu","","non connu","non connu","non connu","non connu",1,"","","","","Non","Non","",0,"Non","93010","Bondy","93010","Bondy",200057875,"T8 -  Est Ensemble","93","Seine-Saint-Denis","11","Ile-de-France"
"569951",200057875,"93010","AI4069001","2023-11-22","2025-08-24","non connu","non connu","non connu","non connu","non connu","non connu","Pas de mandat en cours","","66 avenue Anatole France 93140 BONDY","66 av anatole france 93140 Bondy","66 av anatole france",93140,"Bondy","non connu","non connu","non connu",0,2.49792,48.892904,"1957-10-30","non","non","oui","non connu",NA,NA,NA,7,4,2,0,"AVANT_1949","93010000AQ0165","93010","000","AQ","0165","","non connu","non connu","non connu","non connu","","non connu","non connu","non connu","non connu",1,"","","","","Non","Non","",0,"Non","93010","Bondy","93010","Bondy",200057875,"T8 -  Est Ensemble","93","Seine-Saint-Denis","11","Ile-de-France"
"570622",200057875,"93010","AI4194577","2023-12-01","2025-08-24","non connu","non connu","non connu","non connu","non connu","non connu","Pas de mandat en cours","","SDC DU 18 RUE LOUIS AUGUSTE BLANQUI A BONDY","18 Rue Louis Auguste Blanqui 93140 Bondy","18 Rue Louis Auguste Blanqui",93140,"Bondy","non connu","non connu","non connu",0,2.48056,48.900013,"2007-07-30","non","non connu","oui","non connu",0,0,0,2,1,1,1,"AVANT_1949","93010000AJ0053","93010","000","AJ","0053","","non connu","non connu","non connu","non connu","","non connu","non connu","non connu","non connu",1,"","","","","Non","Non","",0,"Non","93010","Bondy","93010","Bondy",200057875,"T8 -  Est Ensemble","93","Seine-Saint-Denis","11","Ile-de-France"
"572136",200057875,"93010","AI4469300","2023-12-21","2025-08-24","non connu","non connu","non connu","non connu","non connu","non connu","Pas de mandat en cours","","SDC 113 RUE BAUDIN","113 Rue Baudin 93140 Bondy","113 Rue Baudin",93140,"Bondy","Rue de l'Egalité 93140 Bondy","non connu","non connu",1,2.473907,48.898323,"1995-06-15","non","non connu","oui","non connu",0,0,0,3,3,3,0,"DE_1949_A_1960","93010000AI0038","93010","000","AI","0038","","non connu","non connu","non connu","non connu","","non connu","non connu","non connu","non connu",1,"","","","","Non","Non","",0,"Non","93010","Bondy","93010","Bondy",200057875,"T8 -  Est Ensemble","93","Seine-Saint-Denis","11","Ile-de-France"
"572396",200057875,"93010","AI4516829","2023-12-26","2025-08-24","non connu","non connu","non connu","non connu","non connu","non connu","Pas de mandat en cours","","SDC 25 RUE YVONNE BONDY","25 Rue Yvonne 93140 Bondy","25 Rue Yvonne",93140,"Bondy","non connu","non connu","non connu",0,2.477397,48.899922,"1990-07-26","non","non connu","oui","non connu",0,0,0,11,4,4,0,"DE_1949_A_1960","93010000AH0245","93010","000","AH","0245","","non connu","non connu","non connu","non connu","","non connu","non connu","non connu","non connu",1,"","","","","Non","Non","",0,"Non","93010","Bondy","93010","Bondy",200057875,"T8 -  Est Ensemble","93","Seine-Saint-Denis","11","Ile-de-France"
"572855",200057875,"93010","AI4601472","2024-01-04","2025-08-24","non connu","non connu","non connu","non connu","non connu","non connu","Pas de mandat en cours","","SDC 1 allée Raspail 93140 BONDY","1 Allée Raspail 93140 Bondy","1 Allée Raspail",93140,"Bondy","non connu","non connu","non connu",0,2.494943,48.90399,"1962-03-08","non","non connu","oui","non connu",0,0,0,2,2,2,0,"DE_1961_A_1974","930100000T0067","93010","000","0T","0067","","non connu","non connu","non connu","non connu","","non connu","non connu","non connu","non connu",1,"","","","","Non","Non","",0,"Non","93010","Bondy","93010","Bondy",200057875,"T8 -  Est Ensemble","93","Seine-Saint-Denis","11","Ile-de-France"
"574226",200057875,"93010","AI4856316","2024-01-22","2025-09-06","professionnel","CABINET CHARLES BAUMANN 35308281100046","CABINET CHARLES BAUMANN ","35308281100046","6832A","MONTREUIL","Mandat en cours","2026-06-30","TERRASSES DU CANAL","Chemin latéral, Ilot C10 de la ZAC Les Rives de l'Ourcq, 93140 BONDY","Chemin latéral, Ilot C10 de la ZAC Les Rives de l'Ourcq,",93140,"BONDY","non connu","non connu","non connu",0,2.477443941,48.908024285,"2021-11-15","non","non","oui","non connu",0,0,0,240,134,123,106,"A_COMPTER_DE_2011","930100000H0419","93010","000","0H","0419","930100000H0417","93010","000","0H","0417","930100000H0414","93010","000","0H","0414",7,"","","","","Non","Non","",0,"Non","93010","Bondy","93010","Bondy",200057875,"T8 -  Est Ensemble","93","Seine-Saint-Denis","11","Ile-de-France"
"574227",200057875,"93010","AI4856498","2024-01-22","2025-09-06","non connu","non connu","non connu","non connu","non connu","non connu","Pas de mandat en cours","2025-06-30","TERRASSES DU CANAL","Chemin latéral, Ilot C10 de la ZAC Les Rives de l'Ourcq, 93140 BONDY","Chemin latéral, Ilot C10 de la ZAC Les Rives de l'Ourcq,",93140,"BONDY","non connu","non connu","non connu",0,2.477443941,48.908024285,"2021-11-15","non","non","oui","non connu",0,0,0,240,134,123,106,"A_COMPTER_DE_2011","930100000H0419","93010","000","0H","0419","930100000H0417","93010","000","0H","0417","930100000H0414","93010","000","0H","0414",7,"","","","","Non","Non","",0,"Non","93010","Bondy","93010","Bondy",200057875,"T8 -  Est Ensemble","93","Seine-Saint-Denis","11","Ile-de-France"
"574694",200057875,"93010","AI4946257","2024-01-29","2025-09-06","non connu","non connu","non connu","non connu","non connu","non connu","Pas de mandat en cours","2025-06-30","Vue Canal","32 Route d'Aulnay 93140 Bondy","32 Route d'Aulnay",93140,"Bondy","24 Route d'Aulnay 93140 Bondy","non connu","non connu",1,2.480262,48.90814,"2021-01-20","non","non","oui","non connu",0,0,0,278,131,126,99,"A_COMPTER_DE_2011","930100000G0172","93010","000","0G","0172","","non connu","non connu","non connu","non connu","","non connu","non connu","non connu","non connu",1,"","","","","Non","Non","",0,"Non","93010","Bondy","93010","Bondy",200057875,"T8 -  Est Ensemble","93","Seine-Saint-Denis","11","Ile-de-France"
"574706",200057875,"93010","AI4948154","2024-01-29","2025-09-06","professionnel","CABINET CHARLES BAUMANN 35308281100046","CABINET CHARLES BAUMANN ","35308281100046","6832A","MONTREUIL","Mandat en cours","2028-05-21","Vue Canal","32 Route d'Aulnay 93140 Bondy","32 Route d'Aulnay",93140,"Bondy","24 Route d'Aulnay 93140 Bondy","non connu","non connu",1,2.480262,48.90814,"2021-01-20","non","non","oui","non connu",0,0,0,278,131,126,99,"A_COMPTER_DE_2011","930100000G0172","93010","000","0G","0172","","non connu","non connu","non connu","non connu","","non connu","non connu","non connu","non connu",1,"","","","","Non","Non","",0,"Non","93010","Bondy","93010","Bondy",200057875,"T8 -  Est Ensemble","93","Seine-Saint-Denis","11","Ile-de-France"
"575982",200057875,"93010","AI5223425","2024-02-19","2025-08-24","professionnel","FONCIA CHADEFAUX LECOQ 59202763500032","FONCIA CHADEFAUX LECOQ ","59202763500032","6831Z","AUBERVILLIERS","Mandat en cours","2026-06-30","LE MOULIN A VENT","20 Rue Louis Auguste Blanqui 93140 Bondy","20 Rue Louis Auguste Blanqui",93140,"Bondy","non connu","non connu","non connu",0,2.480707,48.89998,"2020-12-18","non","non","oui","non connu",0,0,0,193,97,97,96,"A_COMPTER_DE_2011","93010000AJ0054","93010","000","AJ","0054","93010000AJ0055","93010","000","AJ","0055","93010000AJ0056","93010","000","AJ","0056",10,"","","","","Non","Non","",0,"Non","93010","Bondy","93010","Bondy",200057875,"T8 -  Est Ensemble","93","Seine-Saint-Denis","11","Ile-de-France"
"576661",200057875,"93010","AI5392394","2024-02-22","2025-08-24","non connu","non connu","non connu","non connu","non connu","non connu","Pas de mandat en cours","","30 et 30 Bis rue Bordier 93140 BONDY","30 Rue Bordier 93140 Bondy","30 Rue Bordier",93140,"Bondy","non connu","non connu","non connu",0,2.482563,48.897336,"1972-02-22","non","non connu","oui","non connu",0,0,0,2,2,2,0,"AVANT_1949","93010000AK0043","93010","000","AK","0043","","non connu","non connu","non connu","non connu","","non connu","non connu","non connu","non connu",1,"","","","","Non","Non","",0,"Non","93010","Bondy","93010","Bondy",200057875,"T8 -  Est Ensemble","93","Seine-Saint-Denis","11","Ile-de-France"
"580668",200057875,"93010","AI6210371","2024-04-15","2025-08-24","non connu","non connu","non connu","non connu","non connu","non connu","Pas de mandat en cours","","SDC 3 IMP DE LA JARDINIERE 93140 BONDY","3 Impasse de la Jardinière 93140 Bondy","3 Impasse de la Jardinière",93140,"Bondy","non connu","non connu","non connu",0,2.489671,48.911,"1990-02-03","non","non connu","oui","non connu",0,0,0,2,2,2,0,"DE_1975_A_1993","","93010","000","E","121","","non connu","non connu","non connu","non connu","","non connu","non connu","non connu","non connu",1,"","","Abreuvoir - Bondy Nord - Bondy Centre - Pont-De-Bondy - La Sablière - Secteur Sud","QN09314M","Non","Non","",0,"Non","93010","Bondy","93010","Bondy",200057875,"T8 -  Est Ensemble","93","Seine-Saint-Denis","11","Ile-de-France"
"582895",200057875,"93010","AI6630396","2024-05-21","2025-08-24","professionnel","FONCIA CHADEFAUX LECOQ 59202763500032","FONCIA CHADEFAUX LECOQ ","59202763500032","6831Z","AUBERVILLIERS","Mandat en cours","","SDC 4-6 rue François Villon BONDY","4 Rue François Villon 93140 Bondy","4 Rue François Villon",93140,"Bondy","6 Rue François Villon 93140 Bondy","non connu","non connu",1,2.487386,48.913058,"2024-05-16","non","non","oui","non connu",0,0,0,62,20,20,22,"DE_1961_A_1974","930100000D0221","93010","000","0D","0221","930100000D0218","93010","000","0D","0218","930100000C0195","93010","000","0C","0195",3,"","","Abreuvoir - Bondy Nord - Bondy Centre - Pont-De-Bondy - La Sablière - Secteur Sud","QN09314M","Non","Non","",0,"Non","93010","Bondy","93010","Bondy",200057875,"T8 -  Est Ensemble","93","Seine-Saint-Denis","11","Ile-de-France"
"582899",200057875,"93010","AI6630701","2024-05-21","2025-08-24","professionnel","FONCIA CHADEFAUX LECOQ 59202763500032","FONCIA CHADEFAUX LECOQ ","59202763500032","6831Z","AUBERVILLIERS","Mandat en cours","","SDC 33-35 rue François Villon à BONDY","33 Rue François Villon 93140 Bondy","33 Rue François Villon",93140,"Bondy","35 Rue François Villon 93140 Bondy","non connu","non connu",1,2.490888,48.913177,"2024-05-16","non","non","oui","non connu",0,0,0,40,20,20,0,"DE_1961_A_1974","930100000D0213","93010","000","0D","0213","","non connu","non connu","non connu","non connu","","non connu","non connu","non connu","non connu",1,"","","Abreuvoir - Bondy Nord - Bondy Centre - Pont-De-Bondy - La Sablière - Secteur Sud","QN09314M","Non","Non","",0,"Non","93010","Bondy","93010","Bondy",200057875,"T8 -  Est Ensemble","93","Seine-Saint-Denis","11","Ile-de-France"
"583298",200057875,"93010","AI6697627","2024-05-27","2025-08-24","professionnel","FONCIA CHADEFAUX LECOQ 59202763500032","FONCIA CHADEFAUX LECOQ ","59202763500032","6831Z","AUBERVILLIERS","Mandat en cours","2026-12-31","CARRE DES RIVES","11 Chemin Latéral 93140 Bondy","11 Chemin Latéral",93140,"Bondy","non connu","non connu","non connu",0,2.478192,48.908308,"2021-12-21","non","non","oui","non connu",0,0,0,125,67,67,57,"A_COMPTER_DE_2011","930100000H0429","93010","000","0H","0429","930100000H0426","93010","000","0H","0426","930100000H0397","93010","000","0H","0397",5,"","","","","Non","Non","",0,"Non","93010","Bondy","93010","Bondy",200057875,"T8 -  Est Ensemble","93","Seine-Saint-Denis","11","Ile-de-France"
"584181",200057875,"93010","AI6856694","2024-06-04","2025-08-24","non connu","non connu","non connu","non connu","non connu","non connu","Pas de mandat en cours","","2 AVENUE DES SCIENCES","2 Avenue des Sciences 93140 Bondy","2 Avenue des Sciences",93140,"Bondy","non connu","non connu","non connu",0,2.497384,48.892784,"1985-02-15","non","non connu","oui","non connu",0,0,0,9,4,2,0,"AVANT_1949","93010000AQ0142","93010","000","AQ","0142","","non connu","non connu","non connu","non connu","","non connu","non connu","non connu","non connu",1,"","","","","Non","Non","",0,"Non","93010","Bondy","93010","Bondy",200057875,"T8 -  Est Ensemble","93","Seine-Saint-Denis","11","Ile-de-France"
"585384",200057875,"93010","AI7086697","2024-06-19","2025-08-24","non connu","non connu","non connu","non connu","non connu","non connu","Pas de mandat en cours","","SDC 66 68 avenue de Belfort","66 Avenue de Belfort 93140 Bondy","66 Avenue de Belfort",93140,"Bondy","non connu","non connu","non connu",0,2.482869,48.890484,"1974-03-14","non","non connu","oui","non connu",0,0,0,14,4,4,0,"DE_1949_A_1960","","93010","000","AX","196","93010000AX0200","93010","000","AX","0200","93010000AX0199","93010","000","AX","0199",6,"","","","","Non","Non","",0,"Non","93010","Bondy","93010","Bondy",200057875,"T8 -  Est Ensemble","93","Seine-Saint-Denis","11","Ile-de-France"
"586107",200057875,"93010","AI7223480","2024-06-27","2025-08-24","non connu","non connu","non connu","non connu","non connu","non connu","Pas de mandat en cours","","sdc 14 Villa Carnot 93140 BONDY","14 Villa Carnot 93140 Bondy","14 Villa Carnot",93140,"Bondy","non connu","non connu","non connu",0,2.481833,48.897506,"1965-04-30","non","non connu","oui","non connu",0,0,0,10,4,4,0,"AVANT_1949","93010000AK0021","93010","000","AK","0021","","non connu","non connu","non connu","non connu","","non connu","non connu","non connu","non connu",1,"","","","","Non","Non","",0,"Non","93010","Bondy","93010","Bondy",200057875,"T8 -  Est Ensemble","93","Seine-Saint-Denis","11","Ile-de-France"
"589229",200057875,"93010","AI7894959","2024-08-07","2025-08-24","non connu","non connu","non connu","non connu","non connu","non connu","Pas de mandat en cours","","SDC AVENUE DES SCIENCES","1bis Avenue des Sciences 93140 Bondy","1bis Avenue des Sciences",93140,"Bondy","non connu","non connu","non connu",0,2.497189,48.892457,"1998-10-14","non","non","oui","non connu",0,0,0,2,2,2,0,"DE_1994_A_2000","93010000AQ0263","93010","000","AQ","0263","","non connu","non connu","non connu","non connu","","non connu","non connu","non connu","non connu",1,"","","","","Non","Non","",0,"Non","93010","Bondy","93010","Bondy",200057875,"T8 -  Est Ensemble","93","Seine-Saint-Denis","11","Ile-de-France"
"593013",200057875,"93010","AI8649758","2024-10-08","2025-08-24","bénévole","Identité non partagée en Open Data","Identité non partagée en Open Data","non connu","non connu","BONDY","Mandat en cours","2027-02-11","SDC 55 ROUTE DE VILLEMOMBLE A BONDY","55 Route de Villemomble 93140 Bondy","55 Route de Villemomble",93140,"Bondy","Rue de la Butte 93140 Bondy","non connu","non connu",1,2.492997,48.890022,"1955-11-04","non","non","oui","non connu",0,0,0,14,14,14,0,"AVANT_1949","93010000AZ0130","93010","000","AZ","0130","","non connu","non connu","non connu","non connu","","non connu","non connu","non connu","non connu",1,"","","","","Non","Non","",0,"Non","93010","Bondy","93010","Bondy",200057875,"T8 -  Est Ensemble","93","Seine-Saint-Denis","11","Ile-de-France"
"593693",200057875,"93010","AI8787699","2024-10-14","2025-11-22","professionnel","NCA 69200672900044","NCA ","69200672900044","6820B","PARIS 9","Mandat en cours","2027-10-26","RESIDENCE GABRIELLE SYNDICAT SECONDAIRE A","168 Rue Edouard Vaillant 93140 Bondy","168 Rue Edouard Vaillant",93140,"Bondy","9 Allee Gabrielle 93140 Bondy","3 Allee Gabrielle 93140 Bondy","non connu",2,2.492435,48.894472,"2024-04-08","non","non","non","AB2670479",0,0,0,109,49,49,60,"DE_1975_A_1993","93010000AQ0254","93010","000","AQ","0254","93010000AR0041","93010","000","AR","0041","93010000AQ0256","93010","000","AQ","0256",3,"Blanqui","QP093012","Blanqui","QN09312I","Non","Non","",0,"Non","93010","Bondy","93010","Bondy",200057875,"T8 -  Est Ensemble","93","Seine-Saint-Denis","11","Ile-de-France"
"602015",200057875,"93010","AJ0383984","2025-01-28","2025-09-06","professionnel","CABINET CHARLES BAUMANN 35308281100046","CABINET CHARLES BAUMANN ","35308281100046","6832A","MONTREUIL","Mandat en cours","2026-07-07","ACQUARELLO A1","Rue Nadia Murad 93140 Bondy","Rue Nadia Murad",93140,"Bondy","Rue Benoîte Groult 93140 Bondy","non connu","non connu",1,2.478181,48.907708,"2022-02-04","non","non connu","oui","non connu",0,0,0,191,67,65,124,"A_COMPTER_DE_2011","930100000H0411","93010","000","0H","0411","930100000H0415","93010","000","0H","0415","930100000H0420","93010","000","0H","0420",4,"","","","","Non","Non","",0,"Non","93010","Bondy","93010","Bondy",200057875,"T8 -  Est Ensemble","93","Seine-Saint-Denis","11","Ile-de-France"
"602018",200057875,"93010","AJ0384487","2025-01-28","2025-09-06","professionnel","CABINET CHARLES BAUMANN 35308281100046","CABINET CHARLES BAUMANN ","35308281100046","6832A","MONTREUIL","Mandat en cours","2026-07-10","ACQUARELLO A2","Rue Benoîte Groult 93140 Bondy","Rue Benoîte Groult",93140,"Bondy","non connu","non connu","non connu",0,2.476981,48.907204,"2022-03-03","non","non connu","oui","non connu",0,0,0,31,31,30,0,"A_COMPTER_DE_2011","930100000H0423","93010","000","0H","0423","","non connu","non connu","non connu","non connu","","non connu","non connu","non connu","non connu",1,"","","","","Non","Non","",0,"Non","93010","Bondy","93010","Bondy",200057875,"T8 -  Est Ensemble","93","Seine-Saint-Denis","11","Ile-de-France"
"602023",200057875,"93010","AJ0385138","2025-01-28","2025-12-06","professionnel","CABINET CHARLES BAUMANN 35308281100046","CABINET CHARLES BAUMANN ","35308281100046","6832A","MONTREUIL","Mandat en cours","2026-07-10","ACQUARELLO A3","Rue Benoîte Groult 93140 Bondy","Rue Benoîte Groult",93140,"Bondy","Rue Simone Veil 93140 Bondy","non connu","non connu",1,2.476981,48.907204,"2022-02-04","non","non","oui","non connu",0,0,0,30,30,29,0,"A_COMPTER_DE_2011","930100000H0424","93010","000","0H","0424","","non connu","non connu","non connu","non connu","","non connu","non connu","non connu","non connu",1,"","","","","Non","Non","",0,"Non","93010","Bondy","93010","Bondy",200057875,"T8 -  Est Ensemble","93","Seine-Saint-Denis","11","Ile-de-France"
"605256",200057875,"93010","AJ1067735","2025-03-11","2025-10-04","professionnel","CPI GESTION 91918036400052","CPI GESTION ","91918036400052","6832A","PARIS","Mandat en cours","2026-09-30","4-6 RUE ROGER SALENGRO","6 Rue Roger Salengro 93140 Bondy","6 Rue Roger Salengro",93140,"Bondy","non connu","non connu","non connu",0,2.479747,48.902909,"2025-02-18","non","oui","oui","non connu",0,0,0,7,5,3,2,"DE_1961_A_1974","93010000AE0099","93010","000","AE","0099","","non connu","non connu","non connu","non connu","","non connu","non connu","non connu","non connu",1,"","","","","Non","Non","",0,"Non","93010","Bondy","93010","Bondy",200057875,"T8 -  Est Ensemble","93","Seine-Saint-Denis","11","Ile-de-France"
"606057",200057875,"93010","AJ1231745","2025-03-19","2025-08-24","professionnel","AGENCE JOFFARD SARL 99865061800015","AGENCE JOFFARD SARL ","99865061800015","6831Z","NOGENT-SUR-MARNE","Mandat en cours","","Les jardins de Beauvoir","103-113 Rue Edouard Vaillant, 93140 Bondy","103-113 Rue Edouard Vaillant,",93140,"Bondy","non connu","non connu","non connu",0,2.48620952624606,48.8954360536426,"2023-02-22","non","non","oui","non connu",0,0,0,120,56,56,55,"A_COMPTER_DE_2011","93010000AM0020","93010","000","AM","0020","93010000AM0034","93010","000","AM","0034","93010000AM0035","93010","000","AM","0035",8,"Blanqui","QP093012","Blanqui","QN09312I","Non","Non","",0,"Non","93010","Bondy","93010","Bondy",200057875,"T8 -  Est Ensemble","93","Seine-Saint-Denis","11","Ile-de-France"
"610655",200057875,"93010","AJ2236024","2025-06-23","2025-08-24","bénévole","Identité non partagée en Open Data","Identité non partagée en Open Data","non connu","non connu","BONDY","Mandat en cours","2026-06-20","JRMEDDOC","115 Rue Edouard Vaillant 93140 Bondy","115 Rue Edouard Vaillant",93140,"Bondy","non connu","non connu","non connu",0,2.487219,48.89552,"2001-01-19","non","oui","oui","non connu",0,0,0,19,6,6,7,"DE_1994_A_2000","93010000AM0037","93010","000","AM","0037","","non connu","non connu","non connu","non connu","","non connu","non connu","non connu","non connu",1,"Blanqui","QP093012","Blanqui","QN09312I","Non","Non","",0,"Non","93010","Bondy","93010","Bondy",200057875,"T8 -  Est Ensemble","93","Seine-Saint-Denis","11","Ile-de-France"
"611908",200057875,"93010","AJ2484681","2025-06-12","2025-10-25","professionnel","ATM SARL 34863116900045","ATM SARL ","34863116900045","6832A","BONDY","Mandat en cours","2028-04-02","SDC LE CHENE ROND BAT A","181 Rue Edouard Vaillant 93140 Bondy","181 Rue Edouard Vaillant",93140,"Bondy","PARKINGS 93140 BONDY","non connu","non connu",1,2.49174,48.89469,"2021-10-27","non","non","oui","",0,0,0,37,19,19,18,"A_COMPTER_DE_2011","93010000AN0245","93010","000","AN","0245","93010000AN0246","93010","000","AN","0246","93010000AN0250","93010","000","AN","0250",0,"Blanqui","QP093012","Blanqui","QN09312I","Non","Non","",0,"Non","93010","BONDY","93010","Bondy",200057875,"T8 -  Est Ensemble","93","Seine-Saint-Denis","11","Ile-de-France"
"612362",200057875,"93010","AJ2570141","2025-06-18","2025-08-24","professionnel","M.V.B. PATRIMOINE IMMOBILIER 89753874000019","M.V.B. PATRIMOINE IMMOBILIER ","89753874000019","6832A","LIVRY-GARGAN","Mandat en cours","2026-06-30","SDC Secondaire BAT B Gabrielle","164 Rue Edouard Vaillant 93140 Bondy","164 Rue Edouard Vaillant",93140,"Bondy","non connu","non connu","non connu",0,2.491989,48.894534,"1992-12-03","non","non","non","AB2670479",0,0,0,126,50,50,76,"DE_1975_A_1993","","non connu","non connu","non connu","non connu","","non connu","non connu","non connu","non connu","","non connu","non connu","non connu","non connu",0,"Blanqui","QP093012","Blanqui","QN09312I","Non","Non","",0,"Non","93010","Bondy","93010","Bondy",200057875,"T8 -  Est Ensemble","93","Seine-Saint-Denis","11","Ile-de-France"
"612375",200057875,"93010","AJ2573038","2025-06-18","2025-08-24","non connu","non connu","non connu","non connu","non connu","non connu","Pas de mandat en cours","","SDC RUE DE BEAUREGARD","9 Rue Beauregard 93140 Bondy","9 Rue Beauregard",93140,"Bondy","non connu","non connu","non connu",0,2.477151,48.89948,"1973-07-09","non","non connu","oui","non connu",0,0,0,2,2,2,0,"AVANT_1949","93010000AH0164","93010","000","AH","0164","","non connu","non connu","non connu","non connu","","non connu","non connu","non connu","non connu",1,"","","","","Non","Non","",0,"Non","93010","Bondy","93010","Bondy",200057875,"T8 -  Est Ensemble","93","Seine-Saint-Denis","11","Ile-de-France"
"619005",200057875,"93010","AJ3967395","2025-10-13","2025-10-10","bénévole","Identité non partagée en Open Data","Identité non partagée en Open Data","non connu","non connu","LE RAINCY","Mandat en cours","2026-03-17","21 rue Louis Auguste Blanquis","21 Rue Louis Auguste Blanqui 93140 Bondy","21 Rue Louis Auguste Blanqui",93140,"Bondy","non connu","non connu","non connu",0,2.480771,48.900048,"1982-03-25","non","non","oui","non connu",0,0,0,12,12,12,0,"DE_1975_A_1993","","non connu","non connu","non connu","non connu","","non connu","non connu","non connu","non connu","","non connu","non connu","non connu","non connu",0,"","","","","Non","Non","",0,"Non","93010","Bondy","93010","Bondy",200057875,"T8 -  Est Ensemble","93","Seine-Saint-Denis","11","Ile-de-France"
"621173",200057875,"93010","AJ4411880","2025-10-19","2025-10-19","non connu","non connu","non connu","non connu","non connu","non connu","Pas de mandat en cours","","15 avenue Gueugnon 93140 BONDY","15 Avenue Gueugnon 93140 Bondy","15 Avenue Gueugnon",93140,"Bondy","non connu","non connu","non connu",0,2.482047,48.909249,"1958-05-20","non","non connu","oui","non connu",0,0,0,16,7,7,6,"DE_1949_A_1960","930100000G0058","93010","000","0G","0058","","non connu","non connu","non connu","non connu","","non connu","non connu","non connu","non connu",1,"","","","","Non","Non","",0,"Non","93010","Bondy","93010","Bondy",200057875,"T8 -  Est Ensemble","93","Seine-Saint-Denis","11","Ile-de-France"
"624743",200057875,"93010","AJ5146386","2025-12-04","2025-12-20","non connu","non connu","non connu","non connu","non connu","non connu","Pas de mandat en cours","","FAIR PLAY","38 Av du Mal de Lattre de Tassigny 93140 Bondy","38 Av du Mal de Lattre de Tassigny",93140,"Bondy","Avenue Galliéni 93140 Bondy","non connu","non connu",1,2.483218,48.904733,"2022-12-15","non","non","oui","non connu",0,0,0,396,203,201,193,"A_COMPTER_DE_2011","","93010","000","P","192","930100000P0206","93010","000","0P","0206","930100000P0207","93010","000","0P","0207",3,"Abreuvoir - Bondy Nord - Bondy Centre - Pont-De-Bondy - La Sablière - Secteur Sud","QP093014","Abreuvoir - Bondy Nord - Bondy Centre - Pont-De-Bondy - La Sablière - Secteur Sud","QN09314M","Non","Non","",0,"Non","93010","Bondy","93010","Bondy",200057875,"T8 -  Est Ensemble","93","Seine-Saint-Denis","11","Ile-de-France"
"624809",200057875,"93010","AJ5158829","2025-12-05","2025-12-05","non connu","non connu","non connu","non connu","non connu","non connu","Pas de mandat en cours","","SDC 14 bis egalite bondy","14bis Rue de l'Egalité 93140 Bondy","14bis Rue de l'Egalité",93140,"Bondy","3 Allée de l'Egalité 93140 Bondy","non connu","non connu",1,2.474917,48.898829,"1956-07-06","non","non connu","oui","non connu",0,0,0,2,2,2,0,"AVANT_1949","93010000AI0159","93010","000","AI","0159","93010000AI0160","93010","000","AI","0160","","non connu","non connu","non connu","non connu",2,"","","","","Non","Non","",0,"Non","93010","Bondy","93010","Bondy",200057875,"T8 -  Est Ensemble","93","Seine-Saint-Denis","11","Ile-de-France"
"626296",200057875,"93010","AJ5474713","2025-12-23","2025-12-23","non connu","non connu","non connu","non connu","non connu","non connu","Pas de mandat en cours","","BONDY FAIRPLAY Cage A (VOLUME 4)","Av du Mal de Lattre de Tassigny 93140 Bondy","Av du Mal de Lattre de Tassigny",93140,"Bondy","Avenue Galliéni 93140 Bondy","non connu","non connu",1,2.482902,48.904465,"2022-12-15","non","non","oui","non connu",0,0,0,81,81,79,0,"A_COMPTER_DE_2011","930100000P0206","93010","000","0P","0206","930100000P0207","93010","000","0P","0207","","93010","000","P","192",3,"Abreuvoir - Bondy Nord - Bondy Centre - Pont-De-Bondy - La Sablière - Secteur Sud","QP093014","Abreuvoir - Bondy Nord - Bondy Centre - Pont-De-Bondy - La Sablière - Secteur Sud","QN09314M","Non","Non","",0,"Non","93010","Bondy","93010","Bondy",200057875,"T8 -  Est Ensemble","93","Seine-Saint-Denis","11","Ile-de-France"
"626297",200057875,"93010","AJ5474895","2025-12-23","2025-12-23","non connu","non connu","non connu","non connu","non connu","non connu","Pas de mandat en cours","","BONDY FAIR PLAY - CAGE B (Volume 5)","Av du Mal de Lattre de Tassigny 93140 Bondy","Av du Mal de Lattre de Tassigny",93140,"Bondy","Avenue Galliéni 93140 Bondy","non connu","non connu",1,2.482902,48.904465,"2022-12-15","non","non","oui","non connu",0,0,0,45,45,45,0,"A_COMPTER_DE_2011","930100000P0206","93010","000","0P","0206","930100000P0207","93010","000","0P","0207","","93010","000","P","192",3,"Abreuvoir - Bondy Nord - Bondy Centre - Pont-De-Bondy - La Sablière - Secteur Sud","QP093014","Abreuvoir - Bondy Nord - Bondy Centre - Pont-De-Bondy - La Sablière - Secteur Sud","QN09314M","Non","Non","",0,"Non","93010","Bondy","93010","Bondy",200057875,"T8 -  Est Ensemble","93","Seine-Saint-Denis","11","Ile-de-France"
"626299",200057875,"93010","AJ5475215","2025-12-23","2025-12-23","non connu","non connu","non connu","non connu","non connu","non connu","Pas de mandat en cours","","BONDY FAIR PLAY - CAGE C (Volume 6)","Av du Mal de Lattre de Tassigny 93140 Bondy","Av du Mal de Lattre de Tassigny",93140,"Bondy","Avenue Galliéni 93140 Bondy","non connu","non connu",1,2.482902,48.904465,"2022-12-15","non","non","oui","non connu",0,0,0,77,77,75,0,"A_COMPTER_DE_2011","930100000P0206","93010","000","0P","0206","930100000P0207","93010","000","0P","0207","","93010","000","P","192",3,"Abreuvoir - Bondy Nord - Bondy Centre - Pont-De-Bondy - La Sablière - Secteur Sud","QP093014","Abreuvoir - Bondy Nord - Bondy Centre - Pont-De-Bondy - La Sablière - Secteur Sud","QN09314M","Non","Non","",0,"Non","93010","Bondy","93010","Bondy",200057875,"T8 -  Est Ensemble","93","Seine-Saint-Denis","11","Ile-de-France"
