"Dossier";"Numéro - Type de dossier";"Code insee de la commune principale";"Année de dépôt";"Date de dépôt";"Dossier issu de la SVE ?"
"DP 93010 22 00180";"DP";"93010";"2022";"06/12/2022";"0"
"DP 93010 21 B0214";"DP";"93010";"2021";"27/12/2021";"0"
"CU 93010 23 B0344";"CU";"93010";"2023";"18/08/2023";"1"
"CU 93010 22 B0449";"CU";"93010";"2022";"26/09/2022";"0"
"DP 93010 22 B0004";"DP";"93010";"2022";"14/01/2022";"0"
"CU 93010 23 B0079";"CU";"93010";"2023";"03/03/2023";"0"
"DP 93010 21 B0209";"DP";"93010";"2021";"14/12/2021";"0"
"CU 99999 21 00001";"CU";"99999";"2021";"08/12/2021";"1"
"CU 99999 21 00002";"CU";"99999";"2021";"08/12/2021";"1"
"PC 99999 21 00001";"PC";"99999";"2021";"17/12/2021";"1"
"PC 99999 21 00001 M01";"PC";"99999";"2021";"17/12/2021";"1"
"DP 99999 22 00001";"DP";"99999";"2022";"24/01/2022";"1"
"DP 93010 22 B0006";"DP";"93010";"2022";"12/01/2022";"0"
"CU 93010 23 B0080";"CU";"93010";"2023";"06/03/2023";"0"
"CU 93010 26 B0045";"CU";"93010";"2026";"10/02/2026";"1"
"DP 93010 22 B0036";"DP";"93010";"2022";"16/03/2022";"0"
"CU 93010 21 B0663";"CU";"93010";"2021";"31/12/2021";"0"
"CU 93010 22 B0015";"CU";"93010";"2022";"08/02/2022";"0"
"CU 93010 22 B0024";"CU";"93010";"2022";"08/02/2022";"0"
"DP 93010 22 B0012";"DP";"93010";"2022";"01/02/2022";"0"
"CU 93010 22 B0268";"CU";"93010";"2022";"18/05/2022";"0"
"CU 93010 22 B0453";"CU";"93010";"2022";"03/10/2022";"0"
"CU 93010 22 B0019";"CU";"93010";"2022";"11/02/2022";"1"
"DP 93010 22 B0055";"DP";"93010";"2022";"14/04/2022";"1"
"DP 99999 22 00003";"DP";"99999";"2022";"24/01/2022";"0"
"DP 93010 21 00217";"DP";"93010";"2021";"29/12/2021";"1"
"DP 93010 21 00212";"DP";"93010";"2021";"22/12/2021";"0"
"PC 93010 21 B0077";"PC";"93010";"2021";"26/10/2021";"0"
"DP 93010 21 B0217";"DP";"93010";"2021";"27/12/2021";"0"
"CU 93010 22 B0021";"CU";"93010";"2022";"25/01/2022";"0"
"PC 93010 21 B0102";"PC";"93010";"2021";"24/12/2021";"0"
"AT 93010 22 B0004";"AT";"93010";"2021";"24/12/2021";"0"
"AT 93010 22 B0003";"AT";"93010";"2022";"10/01/2022";"0"
"DP 93010 22 B0009";"DP";"93010";"2022";"21/01/2022";"0"
"PC 93010 22 B0003";"PC";"93010";"2022";"19/01/2022";"0"
"CU 93010 22 B0122";"CU";"93010";"2022";"16/02/2022";"0"
"CU 93010 26 B0043";"CU";"93010";"2026";"05/02/2026";"0"
"AT 93010 22 B0002";"AT";"93010";"2022";"07/01/2022";"0"
"CU 93010 23 B0276";"CU";"93010";"2023";"30/06/2023";"1"
"DP 93010 21 B0191";"DP";"93010";"2021";"26/10/2021";"0"
"CU 93010 22 B0053";"CU";"93010";"2022";"31/01/2022";"0"
"CU 93010 22 B0150";"CU";"93010";"2022";"11/04/2022";"0"
"PC 99999 22 00001";"PC";"99999";"2022";"14/03/2022";"0"
"CU 93010 22 B0168";"CU";"93010";"2022";"01/04/2022";"0"
"CU 93010 22 B0007";"CU";"93010";"2022";"07/01/2022";"0"
"AT 93010 22 B0006";"AT";"93010";"2022";"26/01/2022";"0"
"CU 93010 22 B0006";"CU";"93010";"2022";"07/01/2022";"0"
"CU 93010 22 B0004";"CU";"93010";"2022";"21/01/2022";"0"
"CU 93010 22 B0005";"CU";"93010";"2022";"06/01/2022";"0"
"CU 93010 22 B0001";"CU";"93010";"2022";"04/01/2022";"0"
"CU 93010 22 B0014";"CU";"93010";"2022";"13/01/2022";"0"
"CU 93010 22 B0027";"CU";"93010";"2022";"09/02/2022";"0"
"CU 93010 22 B0022";"CU";"93010";"2022";"14/01/2022";"0"
"CU 93010 22 B0285";"CU";"93010";"2022";"25/05/2022";"0"
"DP 99999 21 00001";"DP";"99999";"2021";"29/12/2021";"1"
"PC 93010 22 B0063";"PC";"93010";"2022";"07/12/2022";"1"
"CU 93010 22 B0200";"CU";"93010";"2022";"07/04/2022";"0"
"DP 93010 22 00047";"DP";"93010";"2022";"31/03/2022";"0"
"AT 93010 22 B0005";"AT";"93010";"2021";"24/12/2021";"0"
"DP 93010 22 B0011";"DP";"93010";"2022";"26/01/2022";"0"
"DP 93010 22 00005";"DP";"93010";"2022";"14/01/2022";"1"
"DP 93010 22 B0007";"DP";"93010";"2022";"12/01/2022";"0"
"CU 93010 22 B0011";"CU";"93010";"2022";"11/01/2022";"0"
"DP 93010 21 B0216";"DP";"93010";"2021";"24/12/2021";"0"
"AT 93010 22 B0007";"AT";"93010";"2022";"09/02/2022";"0"
"CU 93010 22 B0074";"CU";"93010";"2022";"21/03/2022";"0"
"PC 93010 20 B0075 M01";"PC";"93010";"2021";"28/07/2021";"0"
"DP 99999 21 00002";"DP";"99999";"2021";"29/12/2021";"1"
"DP 93010 22 B0002";"DP";"93010";"2022";"03/01/2022";"0"
"DP 93010 22 B0008";"DP";"93010";"2022";"12/01/2022";"0"
"PC 93010 22 B0010";"PC";"93010";"2022";"07/03/2022";"0"
"CU 93010 22 B0008";"CU";"93010";"2022";"10/01/2022";"0"
"CU 93010 21 B0664";"CU";"93010";"2021";"31/12/2021";"0"
"DP 93010 21 B0215";"DP";"93010";"2021";"21/12/2021";"0"
"CU 93010 21 B0662";"CU";"93010";"2021";"31/12/2021";"0"
"DP 93010 22 00161";"DP";"93010";"2022";"02/11/2022";"0"
"DP 93010 22 B0014";"DP";"93010";"2022";"11/02/2022";"0"
"CU 93010 22 B0016";"CU";"93010";"2022";"13/01/2022";"0"
"CU 93010 22 b0010";"CU";"93010";"2022";"11/01/2022";"0"
"CU 93010 22 B0003";"CU";"93010";"2022";"05/01/2022";"0"
"CU 93010 22 B0018";"CU";"93010";"2022";"14/01/2022";"0"
"DP 93010 22 B0037";"DP";"93010";"2022";"15/03/2022";"0"
"DP 93010 22 B0029";"DP";"93010";"2022";"24/02/2022";"0"
"CU 93010 22 B0063";"CU";"93010";"2022";"02/03/2022";"0"
"DP 93010 22 B0026";"DP";"93010";"2022";"16/02/2022";"0"
"DP 93010 22 B0022";"DP";"93010";"2022";"14/02/2022";"0"
"CU 93010 22 B0069";"CU";"93010";"2022";"14/03/2022";"0"
"CU 93010 22 B0073";"CU";"93010";"2022";"14/03/2022";"0"
"DP 93010 22 B0035";"DP";"93010";"2022";"18/03/2022";"0"
"DP 93010 22 B0021";"DP";"93010";"2022";"14/02/2022";"0"
"DP 93010 22 B0015";"DP";"93010";"2022";"11/02/2022";"0"
"DP 93010 22 B0031";"DP";"93010";"2022";"28/02/2022";"0"
"AT 93010 22 B0008";"AT";"93010";"2022";"16/02/2022";"0"
"PC 93010 22 B0009";"PC";"93010";"2022";"04/03/2022";"0"
"DP 93010 22 B0034";"DP";"93010";"2022";"04/03/2022";"0"
"PC 93010 22 B0045";"PC";"93010";"2022";"18/07/2022";"1"
"AT 93010 22 B0009";"AT";"93010";"2022";"09/02/2022";"0"
"CU 93010 22 B0052";"CU";"93010";"2022";"26/01/2022";"0"
"DP 93010 22 B0033";"DP";"93010";"2022";"03/03/2022";"0"
"CU 93010 22 B0045";"CU";"93010";"2022";"19/01/2022";"0"
"CU 93010 22 B0102";"CU";"93010";"2022";"22/02/2022";"0"
"DP 93010 22 B0016";"DP";"93010";"2022";"14/02/2022";"0"
"CU 93010 22 B0096";"CU";"93010";"2022";"17/02/2022";"0"
"CU 93010 22 B0047";"CU";"93010";"2022";"16/03/2022";"0"
"CU 93010 22 B0060";"CU";"93010";"2022";"01/03/2022";"0"
"CU 93010 22 B0048";"CU";"93010";"2022";"20/01/2022";"0"
"CU 93010 22 B0049";"CU";"93010";"2022";"20/01/2022";"0"
"CU 93010 22 B0129";"CU";"93010";"2022";"28/02/2022";"0"
"CU 93010 22 B0137";"CU";"93010";"2022";"17/03/2022";"0"
"CU 93010 22 B0169";"CU";"93010";"2022";"30/03/2022";"0"
"CU 93010 22 B0037";"CU";"93010";"2022";"04/02/2022";"0"
"DP 93010 22 B0030";"DP";"93010";"2022";"25/02/2022";"0"
"CU 93010 22 B0061";"CU";"93010";"2022";"01/03/2022";"0"
"CU 93010 22 B0114";"CU";"93010";"2022";"10/02/2022";"0"
"CU 93010 22 B0050";"CU";"93010";"2022";"24/01/2022";"0"
"CU 93010 23 B0325";"CU";"93010";"2023";"04/08/2023";"1"
"DP 93010 22 B0102";"DP";"93010";"2022";"05/07/2022";"0"
"DP 93010 21 B0160";"DP";"93010";"2021";"06/08/2021";"0"
"CU 93010 22 B0057";"CU";"93010";"2022";"21/02/2022";"0"
"PC 93010 21 B0033 T01";"PC";"93010";"2022";"15/03/2022";"0"
"DP 93010 22 B0028";"DP";"93010";"2022";"24/02/2022";"0"
"CU 93010 22 B0082";"CU";"93010";"2022";"08/03/2022";"0"
"CU 93010 22 B0059";"CU";"93010";"2022";"11/03/2022";"0"
"PC 93010 21 b0060 M02";"PC";"93010";"2022";"04/03/2022";"0"
"PD 93010 22 B0002";"PD";"93010";"2022";"14/04/2022";"0"
"DP 93010 22 B0019";"DP";"93010";"2022";"16/02/2022";"0"
"CU 93010 22 B0100";"CU";"93010";"2022";"28/02/2022";"0"
"CU 93010 22 B0066";"CU";"93010";"2022";"04/03/2022";"0"
"CU 93010 22 B0023";"CU";"93010";"2022";"04/02/2022";"0"
"CU 93010 22 B0089";"CU";"93010";"2022";"21/03/2022";"0"
"CU 93010 22 B0067";"CU";"93010";"2022";"03/03/2022";"0"
"CU 93010 22 B0072";"CU";"93010";"2022";"10/03/2022";"0"
"CU 93010 22 B0110";"CU";"93010";"2022";"21/02/2022";"0"
"CU 93010 22 B0105";"CU";"93010";"2022";"02/02/2022";"0"
"CU 93010 22 B0116";"CU";"93010";"2022";"10/02/2022";"0"
"CU 93010 22 B0038";"CU";"93010";"2022";"14/01/2022";"0"
"CU 93010 22 B0042";"CU";"93010";"2022";"03/02/2022";"0"
"CU 93010 22 B0081";"CU";"93010";"2022";"08/03/2022";"0"
"CU 93010 22 B0088";"CU";"93010";"2022";"16/02/2022";"0"
"CU 93010 22 B0039";"CU";"93010";"2022";"18/01/2022";"0"
"CU 93010 22 B0111";"CU";"93010";"2022";"08/02/2022";"0"
"CU 93010 22 B0077";"CU";"93010";"2022";"03/03/2022";"0"
"CU 93010 22 B0083";"CU";"93010";"2022";"15/03/2022";"0"
"CU 93010 22 B0093";"CU";"93010";"2022";"16/02/2022";"0"
"CU 93010 22 B0097";"CU";"93010";"2022";"17/02/2022";"0"
"CU 93010 22 B0104";"CU";"93010";"2022";"21/02/2022";"0"
"CU 93010 22 B0112";"CU";"93010";"2022";"04/02/2022";"0"
"CU 93010 22 B0120";"CU";"93010";"2022";"08/02/2022";"0"
"CU 93010 22 B0123";"CU";"93010";"2022";"22/02/2022";"0"
"CU 93010 22 B0128";"CU";"93010";"2022";"25/02/2022";"0"
"DP 93010 22 B0018";"DP";"93010";"2022";"09/02/2022";"0"
"CU 93010 22 B0064";"CU";"93010";"2022";"02/03/2022";"0"
"DP 93010 22 B0017";"DP";"93010";"2022";"09/02/2022";"0"
"CU 93010 23 B0078";"CU";"93010";"2023";"03/03/2023";"0"
"PC 93010 22 B0006";"PC";"93010";"2022";"22/02/2022";"0"
"CU 93010 22 B0055";"CU";"93010";"2022";"31/01/2022";"0"
"CU 93010 22 B0094";"CU";"93010";"2022";"22/03/2022";"0"
"AT 93010 22 00013";"AT";"93010";"2022";"04/03/2022";"0"
"CU 93010 22 B0041";"CU";"93010";"2022";"19/01/2022";"0"
"PC 93010 19 B0037 M01";"PC";"93010";"2020";"11/11/2020";"0"
"CU 93010 22 B0065";"CU";"93010";"2022";"02/03/2022";"0"
"CU 93010 22 B0103";"CU";"93010";"2022";"04/02/2022";"0"
"CU 93010 22 B0101";"CU";"93010";"2022";"28/02/2022";"0"
"CU 93010 22 B0090";"CU";"93010";"2022";"11/02/2022";"0"
"CU 93010 22 B0095";"CU";"93010";"2022";"17/02/2022";"0"
"DP 93010 22 B0013";"DP";"93010";"2022";"31/01/2022";"0"
"CU 93010 22 B0115";"CU";"93010";"2022";"09/02/2022";"0"
"DP 93010 22 B0171";"DP";"93010";"2022";"21/11/2022";"0"
"CU 93010 22 B0079";"CU";"93010";"2022";"08/03/2022";"0"
"CU 93010 22 B0025";"CU";"93010";"2022";"28/01/2022";"0"
"CU 93010 22 B0068";"CU";"93010";"2022";"18/03/2022";"0"
"CU 93010 22 B0043";"CU";"93010";"2022";"01/03/2022";"0"
"CU 93010 22 B0044";"CU";"93010";"2022";"20/01/2022";"0"
"CU 93010 22 B0070";"CU";"93010";"2022";"14/03/2022";"0"
"CU 93010 22 B0458";"CU";"93010";"2022";"10/10/2022";"1"
"CU 93010 22 B0075";"CU";"93010";"2022";"07/03/2022";"0"
"CU 93010 22 B0080";"CU";"93010";"2022";"08/03/2022";"0"
"CU 93010 22 B0106";"CU";"93010";"2022";"03/02/2022";"0"
"CU 93010 22 B0087";"CU";"93010";"2022";"11/02/2022";"0"
"CU 93010 22 B0092";"CU";"93010";"2022";"15/02/2022";"0"
"CU 93010 22 B0108";"CU";"93010";"2022";"28/02/2022";"0"
"CU 93010 22 B0113";"CU";"93010";"2022";"10/02/2022";"0"
"CU 93010 22 B0352";"CU";"93010";"2022";"01/07/2022";"0"
"CU 93010 22 B0031";"CU";"93010";"2022";"10/03/2022";"1"
"DP 93010 22 B0042";"DP";"93010";"2022";"21/03/2022";"0"
"DP 93010 22 B0038";"DP";"93010";"2022";"16/03/2022";"0"
"DP 93010 21 B0178";"DP";"93010";"2021";"27/09/2021";"0"
"CU 93010 22 B0035";"CU";"93010";"2022";"17/01/2022";"0"
"CU 93010 22 B0062";"CU";"93010";"2022";"01/03/2022";"0"
"PC 93010 19 B0037 M02";"PC";"93010";"2022";"16/02/2022";"0"
"DP 93010 22 B0059";"DP";"93010";"2022";"21/04/2022";"0"
"CU 93010 22 B0071";"CU";"93010";"2022";"10/03/2022";"0"
"CU 93010 22 B0056";"CU";"93010";"2022";"08/02/2022";"0"
"CU 93010 22 B0091";"CU";"93010";"2022";"11/02/2022";"0"
"CU 93010 22 B0099";"CU";"93010";"2022";"28/02/2022";"0"
"CU 93010 22 00051";"CU";"93010";"2022";"27/01/2022";"0"
"CU 93010 22 B0086";"CU";"93010";"2022";"05/02/2022";"0"
"CU 93010 22 B0076";"CU";"93010";"2022";"07/03/2022";"0"
"CU 93010 22 B0078";"CU";"93010";"2022";"04/03/2022";"0"
"CU 93010 22 B0124";"CU";"93010";"2022";"23/02/2022";"0"
"CU 93010 22 B0119";"CU";"93010";"2022";"08/02/2022";"0"
"CU 93010 22 B0131";"CU";"93010";"2022";"18/03/2022";"0"
"CU 93010 22 B0107";"CU";"93010";"2022";"02/02/2022";"0"
"DP 93010 22 B0041";"DP";"93010";"2022";"25/03/2022";"1"
"CU 93010 22 B0058";"CU";"93010";"2022";"11/03/2022";"0"
"CU 93010 22 B0117";"CU";"93010";"2022";"22/02/2022";"0"
"CU 93010 22 B0121";"CU";"93010";"2022";"08/02/2022";"0"
"CU 93010 22 B0125";"CU";"93010";"2022";"23/02/2022";"0"
"CU 93010 22 B0126";"CU";"93010";"2022";"24/02/2022";"0"
"CU 93010 22 B0040";"CU";"93010";"2022";"17/01/2022";"0"
"CU 93010 22 B0127";"CU";"93010";"2022";"24/02/2022";"0"
"CU 93010 22 B0132";"CU";"93010";"2022";"18/03/2022";"0"
"CU 93010 22 B0133";"CU";"93010";"2022";"18/03/2022";"0"
"CU 93010 22 B0134";"CU";"93010";"2022";"17/03/2022";"0"
"CU 93010 22 B0135";"CU";"93010";"2022";"18/03/2022";"0"
"CU 93010 22 B0136";"CU";"93010";"2022";"16/03/2022";"0"
"CU 93010 22 B0138";"CU";"93010";"2022";"18/03/2022";"0"
"CU 93010 22 B0139";"CU";"93010";"2022";"18/03/2022";"0"
"CU 93010 22 B0141";"CU";"93010";"2022";"21/03/2022";"0"
"PC 93010 22 B0004";"PC";"93010";"2022";"09/02/2022";"0"
"DP 93010 22 00043";"DP";"93010";"2022";"21/03/2022";"0"
"CU 93010 22 B0032";"CU";"93010";"2022";"16/03/2022";"1"
"DP 93010 22 00044";"DP";"93010";"2022";"30/03/2022";"0"
"DP 93010 22 B0048";"DP";"93010";"2022";"07/04/2022";"0"
"CU 93010 22 B0203";"CU";"93010";"2022";"28/04/2022";"0"
"PC 93010 22 00014";"PC";"93010";"2022";"06/04/2022";"0"
"CU 93010 22 B0145";"CU";"93010";"2022";"14/03/2022";"0"
"CU 93010 22 B0146";"CU";"93010";"2022";"24/03/2022";"0"
"CU 93010 22 B0159";"CU";"93010";"2022";"28/03/2022";"0"
"CU 93010 22 B0158";"CU";"93010";"2022";"30/03/2022";"0"
"CU 93010 22 B0399";"CU";"93010";"2022";"04/08/2022";"0"
"AT 93010 22 B0001";"AT";"93010";"2022";"03/01/2022";"0"
"CU 93010 22 B0149";"CU";"93010";"2022";"21/03/2022";"0"
"CU 93010 22 B0156";"CU";"93010";"2022";"29/03/2022";"0"
"DP 93010 22 B0051";"DP";"93010";"2022";"05/04/2022";"0"
"CU 93010 22 B0147";"CU";"93010";"2022";"28/03/2022";"0"
"CU 93010 22 B0152";"CU";"93010";"2022";"24/03/2022";"0"
"CU 93010 22 B0033";"CU";"93010";"2022";"11/03/2022";"0"
"CU 93010 22 B0153";"CU";"93010";"2022";"25/03/2022";"0"
"DP 93010 22 B0045";"DP";"93010";"2022";"04/04/2022";"0"
"DP 93010 22 B0040";"DP";"93010";"2022";"25/03/2022";"0"
"PC 93010 21 B0087";"PC";"93010";"2021";"19/11/2021";"0"
"CU 93010 22 B0172";"CU";"93010";"2022";"30/03/2022";"0"
"CU 93010 22 B0171";"CU";"93010";"2022";"30/03/2022";"0"
"AT 93010 22 00031";"AT";"93010";"2022";"31/10/2022";"0"
"CU 93010 22 B0409";"CU";"93010";"2022";"22/08/2022";"0"
"DP 93010 22 B0049";"DP";"93010";"2022";"07/04/2022";"0"
"CU 93010 22 B0154";"CU";"93010";"2022";"25/03/2022";"0"
"CU 93010 22 B0160";"CU";"93010";"2022";"28/03/2022";"0"
"CU 93010 22 B0165";"CU";"93010";"2022";"31/03/2022";"0"
"AT 93010 23 B0040";"AT";"93010";"2023";"28/08/2023";"0"
"CU 93010 22 B0164";"CU";"93010";"2022";"28/03/2022";"0"
"CU 93010 22 B0163";"CU";"93010";"2022";"28/03/2022";"0"
"CU 93010 22 B0162";"CU";"93010";"2022";"28/03/2022";"0"
"CU 93010 22 B0161";"CU";"93010";"2022";"28/03/2022";"0"
"CU 93010 22 B0143";"CU";"93010";"2022";"18/03/2022";"0"
"CU 93010 22 B0151";"CU";"93010";"2022";"24/03/2022";"0"
"CU 93010 25 B0305";"CU";"93010";"2025";"22/08/2025";"0"
"CU 93010 22 B0157";"CU";"93010";"2022";"29/03/2022";"0"
"DP 93010 21 B0208";"DP";"93010";"2021";"02/12/2021";"0"
"CU 93010 22 B0166";"CU";"93010";"2022";"31/03/2022";"0"
"CU 93010 22 B0167";"CU";"93010";"2022";"01/04/2022";"0"
"DP 93010 21 B0210";"DP";"93010";"2021";"17/12/2021";"0"
"DP 93010 21 B0212";"DP";"93010";"2021";"22/12/2021";"0"
"AT 93010 22 B0015";"AT";"93010";"2022";"04/04/2022";"0"
"AT 93010 22 B0014";"AT";"93010";"2022";"09/03/2022";"0"
"PC 93010 21 B0097";"PC";"93010";"2021";"15/12/2021";"0"
"DP 93010 21 B0193";"DP";"93010";"2021";"29/10/2021";"0"
"DP 93010 22 B0054";"DP";"93010";"2022";"14/04/2022";"0"
"PC 93010 21 B0041";"PC";"93010";"2021";"21/05/2021";"0"
"CU 93010 22 B0180";"CU";"93010";"2022";"14/04/2022";"1"
"PC 93010 21 B0060";"PC";"93010";"2021";"30/07/2021";"0"
"PC 93010 22 B0015";"PC";"93010";"2022";"14/04/2022";"0"
"DP 93010 21 B0197";"DP";"93010";"2021";"24/11/2021";"0"
"DP 93010 22 B0062";"DP";"93010";"2022";"06/05/2022";"0"
"DP 93010 22 B0060";"DP";"93010";"2022";"03/05/2022";"0"
"CU 93010 22 B0450";"CU";"93010";"2022";"26/09/2022";"0"
"CU 93010 22 B0192";"CU";"93010";"2022";"12/04/2022";"0"
"PC 93010 21 B0086";"PC";"93010";"2021";"15/11/2021";"0"
"DP 93010 21 B0201";"DP";"93010";"2021";"16/11/2021";"0"
"PC 93010 22 B0025";"PC";"93010";"2022";"02/05/2022";"0"
"PC 93010 21 B0098";"PC";"93010";"2021";"17/12/2021";"0"
"CU 93010 22 B0199";"CU";"93010";"2022";"07/04/2022";"0"
"CU 93010 22 B0029";"CU";"93010";"2022";"09/03/2022";"0"
"PC 93010 21 B0099";"PC";"93010";"2021";"20/12/2021";"0"
"DP 93010 21 B0205";"DP";"93010";"2021";"24/11/2021";"0"
"DP 93010 22 B0065";"DP";"93010";"2022";"05/05/2022";"0"
"CU 93010 22 B0183";"CU";"93010";"2022";"14/04/2022";"1"
"CU 93010 22 B0184";"CU";"93010";"2022";"14/04/2022";"1"
"CU 93010 22 00205";"CU";"93010";"2022";"16/05/2022";"1"
"PC 93010 21 B0055";"PC";"93010";"2021";"23/07/2021";"0"
"CU 93010 22 00206";"CU";"93010";"2022";"16/05/2022";"1"
"CU 93010 22 B0239";"CU";"93010";"2022";"26/04/2022";"0"
"CU 93010 22 B0336";"CU";"93010";"2022";"17/06/2022";"1"
"AT 93010 22 B0018";"AT";"93010";"2022";"27/04/2022";"0"
"PC 93010 21 b0085";"PC";"93010";"2021";"16/11/2021";"0"
"AT 93010 23 B0031";"AT";"93010";"2023";"14/06/2023";"0"
"DP 93010 22 B0064";"DP";"93010";"2022";"06/05/2022";"0"
"DP 93010 22 B0070";"DP";"93010";"2022";"06/05/2022";"0"
"CU 93010 22 B0084";"CU";"93010";"2022";"15/03/2022";"0"
"CU 93010 22 B0189";"CU";"93010";"2022";"11/04/2022";"0"
"DP 93010 22 B0184";"DP";"93010";"2022";"12/12/2022";"1"
"CU 93010 22 B0201";"CU";"93010";"2022";"20/04/2022";"0"
"CU 93010 22 B0195";"CU";"93010";"2022";"13/04/2022";"0"
"DP 93010 21 B0194";"DP";"93010";"2021";"09/11/2021";"0"
"CU 93010 22 B0202";"CU";"93010";"2022";"22/04/2022";"0"
"DP 93010 22 B0053";"DP";"93010";"2022";"11/04/2022";"0"
"CU 93010 22 B0221";"CU";"93010";"2022";"21/04/2022";"0"
"AT 93010 22 00016";"AT";"93010";"2022";"11/04/2022";"0"
"AT 93010 22 B0020";"AT";"93010";"2022";"29/04/2022";"0"
"CU 93010 22 B0198";"CU";"93010";"2022";"22/04/2022";"0"
"DP 93010 22 B0107";"DP";"93010";"2022";"12/07/2022";"0"
"CU 93010 22 B0182";"CU";"93010";"2022";"14/04/2022";"1"
"CU 93010 22 B0207";"CU";"93010";"2022";"16/05/2022";"1"
"DP 93010 21 B0202";"DP";"93010";"2021";"18/11/2021";"0"
"PC 93010 22 B0044";"PC";"93010";"2022";"07/07/2022";"0"
"PC 93010 21 B0035 M01";"PC";"93010";"2021";"14/09/2021";"0"
"PC 93010 21 B0079";"PC";"93010";"2021";"27/10/2021";"0"
"DP 93010 21 B0206";"DP";"93010";"2021";"24/11/2021";"0"
"PC 93010 21 B0091";"PC";"93010";"2021";"02/12/2021";"0"
"PC 93010 21 B0092";"PC";"93010";"2021";"06/12/2021";"0"
"PC 93010 21 B0094";"PC";"93010";"2021";"10/12/2021";"0"
"PC 93010 21 B0106";"PC";"93010";"2021";"28/12/2021";"0"
"DP 93010 22 B0056";"DP";"93010";"2022";"20/04/2022";"1"
"PC 93010 22 B0022";"PC";"93010";"2022";"28/04/2022";"0"
"CU 93010 23 B0212";"CU";"93010";"2023";"26/05/2023";"0"
"DP 93010 22 B0066";"DP";"93010";"2022";"09/05/2022";"0"
"PC 93010 22 B0026";"PC";"93010";"2022";"10/05/2022";"0"
"CU 93010 22 B0197";"CU";"93010";"2022";"14/04/2022";"0"
"DP 93010 22 B0020";"DP";"93010";"2022";"10/02/2022";"0"
"DP 93010 21 B0195";"DP";"93010";"2021";"04/11/2021";"0"
"PC 93010 22 B0024";"PC";"93010";"2022";"29/04/2022";"0"
"PC 93010 23 B0025";"PC";"93010";"2023";"05/05/2023";"1"
"DP 93010 21 B0204";"DP";"93010";"2021";"23/11/2021";"0"
"DP 93010 21 B0199";"DP";"93010";"2021";"15/11/2021";"0"
"DP 93010 22 B0063";"DP";"93010";"2022";"05/05/2022";"0"
"DP 93010 22 B0069";"DP";"93010";"2022";"04/05/2022";"0"
"CU 93010 22 B0209";"CU";"93010";"2022";"16/05/2022";"1"
"PC 93010 21 B0093";"PC";"93010";"2021";"06/12/2021";"0"
"PC 93010 22 B0031";"PC";"93010";"2022";"16/05/2022";"1"
"AT 93010 22 B0017";"AT";"93010";"2022";"14/04/2022";"0"
"PC 93010 21 B0095";"PC";"93010";"2021";"09/12/2021";"0"
"DP 93010 21 B0207";"DP";"93010";"2021";"26/11/2021";"0"
"PC 93010 21 B0068 M01";"PC";"93010";"2022";"20/04/2022";"0"
"CU 93010 22 B0431";"CU";"93010";"2022";"16/09/2022";"0"
"DP 93010 22 B0057";"DP";"93010";"2022";"20/04/2022";"1"
"CU 93010 22 B0208";"CU";"93010";"2022";"16/05/2022";"1"
"DP 93010 22 B0072";"DP";"93010";"2022";"16/05/2022";"1"
"PC 93010 21 B0104";"PC";"93010";"2021";"28/12/2021";"0"
"DP 93010 22 B0071";"DP";"93010";"2022";"16/05/2022";"1"
"CU 93010 22 B0036";"CU";"93010";"2022";"04/02/2022";"0"
"CU 93010 22 B0085";"CU";"93010";"2022";"15/03/2022";"0"
"CU 93010 22 B0213";"CU";"93010";"2022";"16/05/2022";"1"
"CU 93010 22 B0214";"CU";"93010";"2022";"16/05/2022";"1"
"CU 93010 22 B0215";"CU";"93010";"2022";"16/05/2022";"1"
"DP 93010 22 B0061";"DP";"93010";"2022";"03/05/2022";"0"
"DP 93010 22 B0010";"DP";"93010";"2022";"25/01/2022";"0"
"PC 93010 22 B0020";"PC";"93010";"2022";"20/04/2022";"0"
"CU 93010 22 B0196";"CU";"93010";"2022";"13/04/2022";"0"
"CU 93010 22 B0216";"CU";"93010";"2022";"10/03/2022";"0"
"CU 93010 22 B0504";"CU";"93010";"2022";"03/11/2022";"1"
"DP 93010 22 B0075";"DP";"93010";"2022";"16/05/2022";"1"
"CU 93010 22 B0400";"CU";"93010";"2022";"11/08/2022";"0"
"CU 93010 22 B0217";"CU";"93010";"2022";"10/05/2022";"0"
"DP 93010 21 B0198";"DP";"93010";"2021";"09/11/2021";"0"
"DP 93010 22 B0058";"DP";"93010";"2022";"21/04/2022";"0"
"CU 93010 22 B0218";"CU";"93010";"2022";"21/04/2022";"0"
"CU 93010 22 B0219";"CU";"93010";"2022";"11/03/2022";"0"
"DP 93010 21 B0196";"DP";"93010";"2021";"09/11/2021";"0"
"PC 93010 22 B0019";"PC";"93010";"2022";"19/04/2022";"0"
"CU 93010 22 B0190";"CU";"93010";"2022";"11/04/2022";"0"
"PC 93010 21 B0084";"PC";"93010";"2021";"16/11/2021";"0"
"DP 93010 21 B0203";"DP";"93010";"2021";"19/11/2021";"0"
"CU 93010 22 B0118";"CU";"93010";"2022";"01/02/2022";"0"
"PC 93010 21 B0089";"PC";"93010";"2021";"23/11/2021";"0"
"CU 93010 22 B0220";"CU";"93010";"2022";"11/03/2022";"0"
"PC 93010 21 B0090";"PC";"93010";"2021";"26/11/2021";"0"
"CU 93010 22 B0173";"CU";"93010";"2022";"30/03/2022";"0"
"CU 93010 22 B0402";"CU";"93010";"2022";"12/08/2022";"0"
"CU 93010 22 B0175";"CU";"93010";"2022";"05/04/2022";"0"
"CU 93010 22 B0310";"CU";"93010";"2022";"07/06/2022";"1"
"CU 93010 22 B0178";"CU";"93010";"2022";"12/04/2022";"0"
"CU 93010 22 B0212";"CU";"93010";"2022";"16/05/2022";"1"
"CU 93010 22 B0270";"CU";"93010";"2022";"16/05/2022";"0"
"DP 93010 22 B0068";"DP";"93010";"2022";"10/05/2022";"0"
"CU 93010 22 B0236";"CU";"93010";"2022";"25/04/2022";"0"
"DP 93010 26 B0028";"DP";"93010";"2026";"06/03/2026";"1"
"CU 93010 22 B0222";"CU";"93010";"2022";"22/04/2022";"0"
"CU 93010 22 B0223";"CU";"93010";"2022";"21/04/2022";"0"
"PC 93010 21 B0064";"PC";"93010";"2021";"03/08/2021";"0"
"DP 93010 21 B0190";"DP";"93010";"2021";"20/10/2021";"0"
"DP 93010 21 B0187";"DP";"93010";"2021";"19/10/2021";"0"
"DP 93010 21 B0159";"DP";"93010";"2021";"03/08/2021";"0"
"CU 93010 22 B0243";"CU";"93010";"2022";"28/04/2022";"0"
"DP 93010 21 B0186";"DP";"93010";"2021";"26/11/2021";"0"
"CU 93010 22 B0272";"CU";"93010";"2022";"16/05/2022";"0"
"CU 93010 22 B0245";"CU";"93010";"2022";"28/04/2022";"0"
"CU 93010 22 B0487";"CU";"93010";"2022";"11/10/2022";"0"
"CU 93010 22 B0232";"CU";"93010";"2022";"25/04/2022";"0"
"CU 93010 22 B0249";"CU";"93010";"2022";"02/05/2022";"0"
"CU 93010 22 B0140";"CU";"93010";"2022";"21/03/2022";"0"
"CU 93010 22 B0234";"CU";"93010";"2022";"25/04/2022";"0"
"DP 93010 22 B0081";"DP";"93010";"2022";"25/05/2022";"0"
"DP 93010 23 B0013";"DP";"93010";"2023";"20/01/2023";"0"
"CU 93010 22 B0253";"CU";"93010";"2022";"03/05/2022";"0"
"CU 93010 22 B0240";"CU";"93010";"2022";"27/04/2022";"0"
"CU 93010 22 B0254";"CU";"93010";"2022";"20/05/2022";"0"
"CU 93010 22 B0255";"CU";"93010";"2022";"04/05/2022";"0"
"CU 93010 22 B0259";"CU";"93010";"2022";"09/05/2022";"0"
"CU 93010 22 B0263";"CU";"93010";"2022";"10/05/2022";"0"
"CU 93010 22 B0266";"CU";"93010";"2022";"13/05/2022";"0"
"CU 93010 22 B0271";"CU";"93010";"2022";"16/05/2022";"0"
"DP 93010 21 B0183";"DP";"93010";"2021";"08/10/2021";"0"
"DP 93010 21 B0179";"DP";"93010";"2021";"29/09/2021";"0"
"DP 93010 21 B0181";"DP";"93010";"2021";"08/10/2021";"0"
"DP 93010 21 B0182";"DP";"93010";"2021";"07/10/2021";"0"
"CU 93010 22 B0257";"CU";"93010";"2022";"06/05/2022";"0"
"CU 93010 22 B0241";"CU";"93010";"2022";"27/04/2022";"0"
"CU 93010 22 B0224";"CU";"93010";"2022";"18/05/2022";"0"
"CU 93010 22 B0273";"CU";"93010";"2022";"16/05/2022";"0"
"CU 93010 22 B0226";"CU";"93010";"2022";"18/05/2022";"0"
"CU 93010 22 B0142";"CU";"93010";"2022";"22/03/2022";"0"
"CU 93010 22 B0242";"CU";"93010";"2022";"27/04/2022";"0"
"CU 93010 22 B0227";"CU";"93010";"2022";"20/04/2022";"0"
"CU 93010 22 B0228";"CU";"93010";"2022";"18/05/2022";"0"
"DP 93010 22 B0124";"DP";"93010";"2022";"23/08/2022";"1"
"CU 93010 22 B0229";"CU";"93010";"2022";"22/04/2022";"0"
"CU 93010 22 B0231";"CU";"93010";"2022";"19/05/2022";"0"
"CU 93010 22 B0233";"CU";"93010";"2022";"25/04/2022";"0"
"CU 93010 22 B0244";"CU";"93010";"2022";"28/04/2022";"0"
"CU 93010 22 B0235";"CU";"93010";"2022";"25/04/2022";"0"
"CU 93010 22 B0256";"CU";"93010";"2022";"05/05/2022";"0"
"CU 93010 22 B0238";"CU";"93010";"2022";"26/04/2022";"0"
"DP 93010 21 B0188";"DP";"93010";"2021";"19/10/2021";"0"
"CU 93010 22 B0237";"CU";"93010";"2022";"25/04/2022";"0"
"CU 93010 22 B0246";"CU";"93010";"2022";"29/04/2022";"0"
"CU 93010 22 B0247";"CU";"93010";"2022";"29/04/2022";"0"
"CU 93010 22 B0248";"CU";"93010";"2022";"02/06/2022";"0"
"CU 93010 22 B0251";"CU";"93010";"2022";"02/05/2022";"0"
"CU 93010 22 B0252";"CU";"93010";"2022";"02/05/2022";"0"
"CU 93010 22 B0225";"CU";"93010";"2022";"18/05/2022";"0"
"CU 93010 22 B0258";"CU";"93010";"2022";"06/05/2022";"0"
"CU 93010 22 B0260";"CU";"93010";"2022";"09/05/2022";"0"
"CU 93010 22 B0261";"CU";"93010";"2022";"10/05/2022";"0"
"CU 93010 22 B0264";"CU";"93010";"2022";"12/05/2022";"0"
"CU 93010 22 B0267";"CU";"93010";"2022";"13/05/2022";"0"
"DP 93010 21 B0184";"DP";"93010";"2021";"15/10/2021";"0"
"PD 93010 21 B0011";"PD";"93010";"2021";"29/09/2021";"0"
"DP 93010 22 00076";"DP";"93010";"2022";"11/05/2022";"0"
"DP 93010 22 B0082";"DP";"93010";"2022";"27/05/2022";"0"
"PC 93010 21 B0051";"PC";"93010";"2021";"24/06/2021";"0"
"DP 93010 21 B0158";"DP";"93010";"2021";"15/10/2021";"0"
"CU 93010 22 B0279";"CU";"93010";"2022";"23/05/2022";"0"
"CU 93010 22 B0281";"CU";"93010";"2022";"23/05/2022";"0"
"DP 93010 22 B0080";"DP";"93010";"2022";"25/05/2022";"0"
"CU 93010 22 B0296";"CU";"93010";"2022";"30/05/2022";"0"
"DP 93010 21 B0157";"DP";"93010";"2021";"02/08/2021";"0"
"CU 93010 22 B0337";"CU";"93010";"2022";"03/05/2022";"0"
"DP 93010 21 B0152";"DP";"93010";"2021";"30/07/2021";"0"
"CU 93010 22 B0306";"CU";"93010";"2022";"02/06/2022";"0"
"CU 93010 22 B0307";"CU";"93010";"2022";"02/06/2022";"0"
"PC 93010 22 B0040";"PC";"93010";"2022";"01/07/2022";"0"
"CU 93010 22 B0295";"CU";"93010";"2022";"30/05/2022";"0"
"DP 93010 21 B0136";"DP";"93010";"2021";"06/07/2021";"0"
"PC 93010 21 B0068";"PC";"93010";"2021";"11/09/2021";"0"
"PC 93010 21 B0071";"PC";"93010";"2021";"10/09/2021";"0"
"CU 93010 22 B0308";"CU";"93010";"2022";"02/06/2022";"0"
"CU 93010 22 B0309";"CU";"93010";"2022";"02/06/2022";"0"
"DP 93010 22 B0096";"DP";"93010";"2022";"24/06/2022";"0"
"DP 93010 21 B0113";"DP";"93010";"2021";"14/06/2021";"0"
"CU 93010 22 B0363";"CU";"93010";"2022";"11/07/2022";"0"
"CU 93010 22 B0313";"CU";"93010";"2022";"09/06/2022";"0"
"CU 93010 22 B0314";"CU";"93010";"2022";"09/06/2022";"0"
"DP 93010 22 B0108";"DP";"93010";"2022";"15/07/2022";"0"
"PC 93010 21 B0044";"PC";"93010";"2021";"11/06/2021";"0"
"CU 93010 22 B0323";"CU";"93010";"2022";"16/06/2022";"0"
"DP 93010 22 B0024";"DP";"93010";"2022";"21/02/2022";"0"
"CU 93010 22 B0401";"CU";"93010";"2022";"11/08/2022";"0"
"CU 93010 22 B0343";"CU";"93010";"2022";"28/06/2022";"0"
"CU 93010 22 B0344";"CU";"93010";"2022";"29/06/2022";"0"
"DP 93010 21 B0126";"DP";"93010";"2021";"23/06/2021";"0"
"CU 93010 22 B0353";"CU";"93010";"2022";"04/07/2022";"0"
"CU 93010 22 B0342";"CU";"93010";"2022";"01/07/2022";"1"
"DP 99999 22 00002";"DP";"99999";"2022";"24/01/2022";"1"
"CU 93010 22 B0365";"CU";"93010";"2022";"13/07/2022";"1"
"CU 93010 22 B0366";"CU";"93010";"2022";"12/07/2022";"1"
"DP 93010 21 B0110";"DP";"93010";"2021";"04/07/2021";"0"
"PC 93010 21 B0066";"PC";"93010";"2021";"27/09/2021";"0"
"AT 93010 22 B0012";"AT";"93010";"2022";"04/03/2022";"0"
"PC 93010 21 B0048";"PC";"93010";"2021";"23/06/2021";"0"
"CU 93010 22 B0282";"CU";"93010";"2022";"23/05/2022";"0"
"PC 93010 22 B0035";"PC";"93010";"2022";"25/05/2022";"1"
"CU 93010 22 B0230";"CU";"93010";"2022";"22/04/2022";"0"
"CU 93010 22 B0301";"CU";"93010";"2022";"07/06/2022";"0"
"CU 93010 22 B0284";"CU";"93010";"2022";"25/05/2022";"0"
"CU 93010 22 B0325";"CU";"93010";"2022";"17/06/2022";"0"
"PC 93010 21 B0040";"PC";"93010";"2021";"20/05/2021";"0"
"CU 93010 22 B0291";"CU";"93010";"2022";"30/05/2022";"0"
"CU 93010 22 B0292";"CU";"93010";"2022";"31/05/2022";"0"
"DP 93010 22 B0094";"DP";"93010";"2022";"17/06/2022";"0"
"PC 93010 21 B0054";"PC";"93010";"2021";"16/07/2021";"0"
"DP 93010 22 B0097";"DP";"93010";"2022";"21/06/2022";"1"
"DP 93010 21 B0170";"DP";"93010";"2021";"10/09/2021";"0"
"DP 93010 22 B0098";"DP";"93010";"2022";"23/06/2022";"1"
"CU 93010 22 B0299";"CU";"93010";"2022";"03/06/2022";"0"
"CU 93010 22 B0283";"CU";"93010";"2022";"24/05/2022";"0"
"CU 93010 22 B0408";"CU";"93010";"2022";"17/08/2022";"0"
"DP 93010 22 B0089";"DP";"93010";"2022";"03/06/2022";"0"
"CU 93010 22 B0302";"CU";"93010";"2022";"07/06/2022";"0"
"CU 93010 22 B0315";"CU";"93010";"2022";"10/06/2022";"0"
"DP 93010 21 B0168";"DP";"93010";"2021";"03/09/2021";"0"
"CU 93010 22 B0417";"CU";"93010";"2022";"29/08/2022";"0"
"CU 93010 22 B0326";"CU";"93010";"2022";"17/06/2022";"0"
"CU 93010 22 B0327";"CU";"93010";"2022";"17/06/2022";"0"
"CU 93010 22 B0329";"CU";"93010";"2022";"20/06/2022";"0"
"CU 93010 22 B0338";"CU";"93010";"2022";"22/06/2022";"0"
"DP 93010 22 B0090";"DP";"93010";"2022";"07/06/2022";"0"
"DP 93010 21 B0135";"DP";"93010";"2021";"06/07/2021";"0"
"DP 93010 21 B0134";"DP";"93010";"2021";"05/07/2021";"0"
"DP 93010 22 B0084";"DP";"93010";"2022";"01/06/2022";"0"
"DP 93010 21 B0163";"DP";"93010";"2021";"11/08/2021";"0"
"DP 93010 22 B0086";"DP";"93010";"2022";"01/06/2022";"0"
"PC 93010 21 B0121";"PC";"93010";"2021";"15/06/2021";"0"
"DP 93010 22 b0100";"DP";"93010";"2022";"22/06/2022";"0"
"DP 93010 21 B0172";"DP";"93010";"2021";"17/09/2021";"0"
"DP 93010 21 B0151";"DP";"93010";"2021";"30/07/2021";"0"
"DP 93010 22 B0091";"DP";"93010";"2022";"30/05/2022";"1"
"CU 93010 22 B0341";"CU";"93010";"2022";"24/06/2022";"0"
"CU 93010 22 B0298";"CU";"93010";"2022";"01/06/2022";"0"
"DP 93010 21 B0140";"DP";"93010";"2021";"16/07/2021";"0"
"CU 93010 22 B0303";"CU";"93010";"2022";"08/06/2022";"0"
"CU 93010 22 B0280";"CU";"93010";"2022";"23/05/2022";"0"
"DP 93010 21 B0138";"DP";"93010";"2021";"12/07/2021";"0"
"PC 93010 21 B0070";"PC";"93010";"2021";"06/09/2021";"0"
"CU 93010 22 B0367";"CU";"93010";"2022";"13/07/2022";"0"
"CU 93010 22 B0275";"CU";"93010";"2022";"24/05/2022";"0"
"PC 93010 22 B0032";"PC";"93010";"2022";"23/05/2022";"0"
"CU 93010 22 B0447";"CU";"93010";"2022";"22/09/2022";"0"
"DP 93010 21 B0161";"DP";"93010";"2021";"06/08/2021";"0"
"CU 93010 22 B0300";"CU";"93010";"2022";"03/06/2022";"0"
"CU 93010 22 B0311";"CU";"93010";"2022";"14/06/2022";"0"
"PC 93010 21 B0058";"PC";"93010";"2021";"28/07/2021";"0"
"PC 93010 21 B0057";"PC";"93010";"2021";"28/07/2021";"0"
"CU 93010 22 B0331";"CU";"93010";"2022";"20/06/2022";"0"
"PD 93010 21 B0009";"PD";"93010";"2021";"24/08/2021";"0"
"DP 93010 22 00083";"DP";"93010";"2022";"25/05/2022";"0"
"CU 93010 22 B0098";"CU";"93010";"2022";"16/03/2022";"0"
"CU 93010 22 B0357";"CU";"93010";"2022";"01/07/2022";"0"
"CU 93010 22 B0356";"CU";"93010";"2022";"08/07/2022";"1"
"PD 93010 21 B0007";"PD";"93010";"2021";"28/07/2021";"0"
"DP 93010 21 B0162";"DP";"93010";"2021";"11/08/2021";"0"
"CU 93010 22 B0478";"CU";"93010";"2022";"17/10/2022";"1"
"PC 93010 21 B0034 T02";"PC";"93010";"2022";"22/06/2022";"0"
"CU 93010 23 B0102";"CU";"93010";"2023";"15/03/2023";"0"
"DP 93010 21 B0130";"DP";"93010";"2021";"29/06/2021";"0"
"DP 93010 21 B0150";"DP";"93010";"2021";"30/07/2021";"0"
"DP 93010 21 B0123";"DP";"93010";"2021";"17/06/2021";"0"
"PC 93010 21 B0056";"PC";"93010";"2021";"26/07/2021";"0"
"DP 93010 21 B0122";"DP";"93010";"2021";"15/06/2021";"0"
"DP 93010 21 B0148";"DP";"93010";"2021";"25/08/2021";"0"
"DP 93010 21 B0147";"DP";"93010";"2021";"27/07/2021";"0"
"PC 93010 21 B0008 M01";"PC";"93010";"2021";"20/07/2021";"0"
"PD 93010 21 B0008";"PD";"93010";"2021";"30/07/2021";"0"
"PC 93010 22 B0038";"PC";"93010";"2022";"13/06/2022";"0"
"CU 93010 22 B0186";"CU";"93010";"2022";"14/04/2022";"0"
"CU 93010 22 B0193";"CU";"93010";"2022";"13/04/2022";"0"
"AT 93010 22 00024";"AT";"93010";"2022";"13/07/2022";"0"
"DP 93010 21 B0171";"DP";"93010";"2021";"17/09/2021";"0"
"DP 93010 21 B0156";"DP";"93010";"2021";"30/07/2021";"0"
"AT 93010 22 B0023";"AT";"93010";"2022";"25/05/2022";"0"
"DP 93010 21 B0165";"DP";"93010";"2021";"24/08/2021";"0"
"PC 93010 21 B0052";"PC";"93010";"2021";"02/07/2021";"0"
"DP 93010 22 B0125";"DP";"93010";"2022";"24/08/2022";"0"
"CU 93010 22 B0276";"CU";"93010";"2022";"19/05/2022";"0"
"PC 93010 22 00021";"PC";"93010";"2022";"27/04/2022";"0"
"AT 93010 22 B0021";"AT";"93010";"2022";"03/05/2022";"0"
"CU 93010 22 B0340";"CU";"93010";"2022";"24/06/2022";"0"
"CU 99999 22 00002";"CU";"99999";"2022";"02/06/2022";"1"
"CU 93010 22 B0354";"CU";"93010";"2022";"01/07/2022";"0"
"CU 93010 22 B0174";"CU";"93010";"2022";"05/04/2022";"0"
"DP 93010 21 B0175";"DP";"93010";"2021";"13/10/2021";"0"
"DP 93010 21 B0124";"DP";"93010";"2021";"12/07/2021";"0"
"DP 93010 21 B0144";"DP";"93010";"2021";"21/07/2021";"0"
"CU 93010 22 B0185";"CU";"93010";"2022";"14/04/2022";"0"
"CU 93010 22 B0368";"CU";"93010";"2022";"12/07/2022";"0"
"DP 93010 21 B0174";"DP";"93010";"2021";"21/09/2021";"0"
"DP 93010 21 B0200";"DP";"93010";"2021";"15/11/2021";"0"
"CU 93010 22 B0345";"CU";"93010";"2022";"30/06/2022";"0"
"DP 93010 22 B0099";"DP";"93010";"2022";"28/06/2022";"1"
"CU 93010 22 B0562";"CU";"93010";"2022";"19/12/2022";"0"
"DP 93010 21 B0133";"DP";"93010";"2021";"25/06/2021";"0"
"PC 93010 21 B0050";"PC";"93010";"2021";"28/06/2021";"0"
"CU 93010 22 B0304";"CU";"93010";"2022";"08/06/2022";"0"
"CU 93010 22 B0320";"CU";"93010";"2022";"13/06/2022";"0"
"DP 93010 21 B0164";"DP";"93010";"2021";"12/08/2021";"0"
"CU 93010 22 B0339";"CU";"93010";"2022";"24/06/2022";"0"
"DP 93010 21 B0128";"DP";"93010";"2021";"25/06/2021";"0"
"CU 93010 22 B0355";"CU";"93010";"2022";"01/07/2022";"0"
"CU 93010 22 B0321";"CU";"93010";"2022";"14/06/2022";"0"
"CU 93010 22 B0332";"CU";"93010";"2022";"21/06/2022";"0"
"DP 93010 21 B0109";"DP";"93010";"2021";"03/06/2021";"0"
"DP 93010 21 B0105";"DP";"93010";"2021";"04/06/2021";"0"
"DP 93010 23 B0035";"DP";"93010";"2023";"06/03/2023";"1"
"CU 93010 22 B0194";"CU";"93010";"2022";"13/04/2022";"0"
"DP 93010 21 B0149";"DP";"93010";"2021";"27/07/2021";"0"
"CU 93010 22 B0286";"CU";"93010";"2022";"27/05/2022";"0"
"CU 93010 22 B0293";"CU";"93010";"2022";"30/05/2022";"0"
"CU 93010 22 B0548";"CU";"93010";"2022";"05/12/2022";"1"
"DP 93010 22 B0146";"DP";"93010";"2022";"30/09/2022";"1"
"CU 93010 22 B0305";"CU";"93010";"2022";"08/06/2022";"0"
"PD 93010 21 B0010";"PD";"93010";"2021";"10/09/2021";"0"
"PD 93010 21 B0006";"PD";"93010";"2021";"12/07/2021";"0"
"CU 93010 22 B0316";"CU";"93010";"2022";"10/06/2022";"0"
"DP 93010 21 B0139";"DP";"93010";"2021";"07/07/2021";"0"
"CU 93010 22 B0317";"CU";"93010";"2022";"10/06/2022";"0"
"DP 93010 22 B0088";"DP";"93010";"2022";"03/06/2022";"0"
"DP 93010 22 B0105";"DP";"93010";"2022";"30/06/2022";"0"
"DP 93010 21 B0146";"DP";"93010";"2021";"27/07/2021";"0"
"CU 93010 22 B0334";"CU";"93010";"2022";"21/06/2022";"0"
"DP 93010 21 B0279";"DP";"93010";"2021";"10/06/2021";"0"
"CU 93010 22 B0533";"CU";"93010";"2022";"21/11/2022";"1"
"DP 93010 21 B0132";"DP";"93010";"2021";"25/06/2021";"0"
"DP 93010 21 B0145";"DP";"93010";"2021";"22/07/2021";"0"
"CU 93010 22 B0170";"CU";"93010";"2022";"30/03/2022";"0"
"DP 93010 22 B0145";"DP";"93010";"2022";"30/09/2022";"1"
"DP 93010 21 B0142";"DP";"93010";"2021";"19/07/2021";"0"
"DP 93010 22 B0095";"DP";"93010";"2022";"23/06/2022";"0"
"CU 93010 22 B0179";"CU";"93010";"2022";"12/04/2022";"0"
"CU 93010 22 B0188";"CU";"93010";"2022";"11/04/2022";"0"
"CU 93010 22 B0191";"CU";"93010";"2022";"12/04/2022";"0"
"DP 93010 22 B0183";"DP";"93010";"2022";"02/12/2022";"0"
"CU 93010 22 B0277";"CU";"93010";"2022";"22/04/2022";"0"
"PC 93010 21 B0072";"PC";"93010";"2021";"21/09/2021";"0"
"DP 93010 21 B0167";"DP";"93010";"2021";"23/08/2021";"0"
"DP 93010 21 B0108";"DP";"93010";"2021";"02/06/2021";"0"
"DP 93010 21 B0111";"DP";"93010";"2021";"09/06/2021";"0"
"DP 93010 21 B0120";"DP";"93010";"2021";"17/06/2021";"0"
"CU 93010 22 B0359";"CU";"93010";"2022";"08/07/2022";"0"
"CU 93010 22 B0289";"CU";"93010";"2022";"02/06/2022";"1"
"CU 93010 22 B0290";"CU";"93010";"2022";"02/06/2022";"1"
"PC 93010 21 B0043";"PC";"93010";"2021";"02/06/2021";"0"
"DP 93010 21 B0102";"DP";"93010";"2021";"27/05/2021";"0"
"DP 93010 21 B0116";"DP";"93010";"2021";"09/06/2021";"0"
"PC 93010 16 B0047 M02";"PC";"93010";"2022";"04/05/2022";"0"
"DP 93010 21 B0115";"DP";"93010";"2021";"08/06/2021";"0"
"PC 93010 17 B0052 M03";"PC";"93010";"2022";"25/05/2022";"0"
"DP 93010 22 B0111";"DP";"93010";"2022";"29/07/2022";"0"
"DP 93010 21 B0176";"DP";"93010";"2021";"24/09/2021";"0"
"DP 93010 21 B0155";"DP";"93010";"2021";"29/07/2021";"0"
"DP 93010 21 B0173";"DP";"93010";"2021";"17/09/2021";"0"
"CU 93010 22 B0371";"CU";"93010";"2022";"20/07/2022";"1"
"DP 93010 21 B0153";"DP";"93010";"2021";"30/07/2021";"0"
"PC 93010 22 B0039";"PC";"93010";"2022";"24/06/2022";"0"
"PC 93010 21 B0046";"PC";"93010";"2021";"15/06/2021";"0"
"DP 93010 21 B0129";"DP";"93010";"2021";"28/06/2021";"0"
"DP 93010 21 B0166";"DP";"93010";"2021";"23/08/2021";"0"
"PC 93010 17 B0071 M02";"PC";"93010";"2022";"15/06/2022";"0"
"CU 93010 22 B0287";"CU";"93010";"2022";"27/05/2022";"0"
"PC 93010 21 B0011";"PC";"93010";"2021";"19/01/2021";"0"
"AT 93010 22 B0019";"AT";"93010";"2022";"27/04/2022";"0"
"PC 93010 22 B0007";"PC";"93010";"2022";"22/02/2022";"0"
"CU 93010 22 00350";"CU";"93010";"2022";"07/07/2022";"0"
"DP 93010 22 B0110";"DP";"93010";"2022";"20/07/2022";"0"
"DP 93010 22 B0103";"DP";"93010";"2022";"05/07/2022";"0"
"PC 93010 22 B0042";"PC";"93010";"2022";"06/07/2022";"0"
"CU 93010 22 B0348";"CU";"93010";"2022";"06/07/2022";"1"
"CU 93010 22 B0373";"CU";"93010";"2022";"06/07/2022";"0"
"PC 93010 22 B0047";"PC";"93010";"2022";"21/07/2022";"0"
"CU 93010 22 B0358";"CU";"93010";"2022";"08/07/2022";"1"
"PD 99999 23 00001";"PD";"99999";"2023";"09/01/2023";"1"
"CU 93010 22 B0364";"CU";"93010";"2022";"08/07/2022";"1"
"CU 93010 23 B0339";"CU";"93010";"2023";"17/08/2023";"1"
"PC 93010 23 B0019 M01";"PC";"93010";"2026";"19/01/2026";"0"
"CU 93010 22 B0369";"CU";"93010";"2022";"13/07/2022";"0"
"CU 93010 22 B0479";"CU";"93010";"2022";"17/10/2022";"1"
"DP 93010 21 B0097";"DP";"93010";"2021";"19/05/2021";"0"
"DP 93010 21 B0096";"DP";"93010";"2021";"23/07/2021";"0"
"DP 93010 21 B0107";"DP";"93010";"2021";"04/06/2021";"0"
"PC 93010 18 B0069 M01";"PC";"93010";"2022";"06/07/2022";"0"
"PC 93010 21 B0039";"PC";"93010";"2021";"18/05/2021";"0"
"DP 93010 21 B0101";"DP";"93010";"2021";"25/05/2021";"0"
"DP 93010 21 B0104";"DP";"93010";"2021";"13/07/2021";"0"
"DP 93010 22 00046";"DP";"93010";"2022";"04/04/2022";"0"
"DP 93010 21 B0117";"DP";"93010";"2021";"09/06/2021";"0"
"DP 93010 21 B0114";"DP";"93010";"2021";"14/06/2021";"0"
"DP 93010 22 B0046";"DP";"93010";"2022";"21/07/2022";"0"
"DP 93010 21 B0098";"DP";"93010";"2021";"20/05/2021";"0"
"CU 93010 22 B0382";"CU";"93010";"2022";"20/07/2022";"0"
"CU 93010 22 B0288";"CU";"93010";"2022";"27/05/2022";"0"
"DP 93010 21 B0154";"DP";"93010";"2021";"29/07/2021";"0"
"CU 93010 22 B0278";"CU";"93010";"2022";"20/05/2022";"0"
"DP 93010 22 B0113";"DP";"93010";"2022";"26/07/2022";"1"
"DP 93010 23 B0189";"DP";"93010";"2023";"05/12/2023";"1"
"DP 93010 22 B0139";"DP";"93010";"2022";"23/09/2022";"0"
"PC 93010 21 B0053";"PC";"93010";"2021";"09/07/2021";"0"
"DP 93010 22 B0106";"DP";"93010";"2022";"29/06/2022";"0"
"DP 93010 21 B0137";"DP";"93010";"2021";"05/07/2021";"0"
"CU 93010 22 B0372";"CU";"93010";"2022";"26/07/2022";"0"
"CU 93010 23 B0053";"CU";"93010";"2023";"23/02/2023";"1"
"DP 93010 21 B0131";"DP";"93010";"2021";"25/06/2021";"0"
"CU 93010 22 B0374";"CU";"93010";"2022";"06/07/2022";"0"
"CU 93010 22 B0376";"CU";"93010";"2022";"11/07/2022";"0"
"CU 93010 22 B0360";"CU";"93010";"2022";"08/07/2022";"0"
"DP 93010 21 B0127";"DP";"93010";"2021";"22/06/2021";"0"
"DP 93010 21 B0106";"DP";"93010";"2021";"04/06/2021";"0"
"CU 93010 22 B0335";"CU";"93010";"2022";"21/06/2022";"0"
"DP 93010 22 B0079";"DP";"93010";"2022";"25/05/2022";"0"
"CU 93010 22 B0361";"CU";"93010";"2022";"11/07/2022";"0"
"PC 93010 22 B0013";"PC";"93010";"2022";"01/04/2022";"0"
"PC 93010 21 B0049";"PC";"93010";"2021";"23/06/2021";"0"
"CU 93010 22 B0385";"CU";"93010";"2022";"28/07/2022";"0"
"CU 93010 22 B0386";"CU";"93010";"2022";"28/07/2022";"0"
"CU 93010 22 B0378";"CU";"93010";"2022";"18/07/2022";"0"
"CU 93010 22 B0377";"CU";"93010";"2022";"15/07/2022";"0"
"CU 93010 22 B0379";"CU";"93010";"2022";"18/07/2022";"0"
"CU 93010 22 B0380";"CU";"93010";"2022";"20/07/2022";"0"
"CU 93010 22 B0388";"CU";"93010";"2022";"29/07/2022";"0"
"CU 93010 22 B0387";"CU";"93010";"2022";"29/07/2022";"0"
"CU 93010 22 B0381";"CU";"93010";"2022";"20/07/2022";"0"
"CU 93010 22 B0383";"CU";"93010";"2022";"21/07/2022";"0"
"PC 93010 21 B0038";"PC";"93010";"2021";"18/05/2021";"0"
"CU 93010 22 B0403";"CU";"93010";"2022";"12/08/2022";"0"
"PC 93010 22 B0051";"PC";"93010";"2022";"01/08/2022";"0"
"DP 93010 21 B0099";"DP";"93010";"2021";"26/07/2021";"0"
"PD 93010 22 B0003";"PD";"93010";"2022";"20/07/2022";"0"
"DP 93010 22 B0114";"DP";"93010";"2022";"02/08/2022";"1"
"DP 93010 22 B0121";"DP";"93010";"2022";"10/08/2022";"1"
"DP 93010 22 B0119";"DP";"93010";"2022";"09/08/2022";"1"
"CU 93010 22 B0405";"CU";"93010";"2022";"12/08/2022";"0"
"CU 93010 22 B0451";"CU";"93010";"2022";"26/09/2022";"0"
"CU 93010 22 B0511";"CU";"93010";"2022";"07/11/2022";"0"
"PC 93010 21 B0017 M01";"PC";"93010";"2021";"11/10/2021";"0"
"CU 93010 22 B0414";"CU";"93010";"2022";"24/08/2022";"0"
"CU 93010 22 B0424";"CU";"93010";"2022";"13/04/2022";"0"
"CU 93010 22 B0429";"CU";"93010";"2022";"13/09/2022";"0"
"PC 93010 22 B0055";"PC";"93010";"2022";"09/09/2022";"0"
"PC 93010 19 B0030 M01";"PC";"93010";"2021";"15/11/2021";"0"
"CU 93010 22 B0512";"CU";"93010";"2022";"07/11/2022";"0"
"AT 93010 22 B0038";"AT";"93010";"2022";"29/12/2022";"0"
"DP 93010 22 B0126";"DP";"93010";"2022";"25/08/2022";"1"
"DP 93010 22 B0127";"DP";"93010";"2022";"25/08/2022";"1"
"DP 93010 22 B0101";"DP";"93010";"2022";"04/07/2022";"0"
"PC 93010 21 B0078";"PC";"93010";"2021";"26/10/2021";"0"
"DP 93010 22 B0039";"DP";"93010";"2022";"17/03/2022";"0"
"DP 93010 21 B0189";"DP";"93010";"2021";"15/10/2021";"0"
"CU 93010 22 B0396";"CU";"93010";"2022";"08/08/2022";"0"
"CU 93010 22 B0384";"CU";"93010";"2022";"27/07/2022";"0"
"DP 93010 22 B0085";"DP";"93010";"2022";"02/06/2022";"0"
"CU 93010 22 B0391";"CU";"93010";"2022";"03/08/2022";"0"
"DP 93010 22 B0128";"DP";"93010";"2022";"29/08/2022";"0"
"CU 93010 22 B0389";"CU";"93010";"2022";"29/07/2022";"0"
"CU 93010 22 B0404";"CU";"93010";"2022";"12/08/2022";"0"
"PC 93010 21 B0076";"PC";"93010";"2021";"18/10/2021";"0"
"PC 93010 21 B0097 M01";"PC";"93010";"2022";"30/08/2022";"0"
"CU 93010 22 B0130";"CU";"93010";"2022";"18/03/2022";"0"
"CU 93010 22 B0012";"CU";"93010";"2022";"11/01/2022";"0"
"CU 93010 22 B0013";"CU";"93010";"2022";"13/01/2022";"0"
"PC 93010 21 B0033";"PC";"93010";"2021";"11/05/2021";"0"
"PC 93010 22 B0028";"PC";"93010";"2022";"16/05/2022";"1"
"PC 93010 21 B0025";"PC";"93010";"2021";"13/04/2021";"0"
"PC 93010 21 B0030";"PC";"93010";"2021";"07/05/2021";"0"
"DP 93010 26 B0029";"DP";"93010";"2026";"08/03/2026";"1"
"DP 93010 22 B0120";"DP";"93010";"2022";"10/08/2022";"0"
"CU 93010 22 B0426";"CU";"93010";"2022";"09/09/2022";"0"
"CU 93010 22 B0448";"CU";"93010";"2022";"27/09/2022";"1"
"CU 93010 22 B0421";"CU";"93010";"2022";"02/09/2022";"0"
"CU 93010 22 B0109";"CU";"93010";"2022";"21/02/2022";"0"
"DP 93010 22 B0135";"DP";"93010";"2022";"09/09/2022";"0"
"CU 93010 22 B0418";"CU";"93010";"2022";"31/08/2022";"0"
"DP 93010 22 B0134";"DP";"93010";"2022";"05/09/2022";"0"
"CU 93010 22 B0419";"CU";"93010";"2022";"29/08/2022";"0"
"CU 93010 22 B0441";"CU";"93010";"2022";"21/09/2022";"0"
"CU 93010 22 B0452";"CU";"93010";"2022";"26/09/2022";"0"
"CU 93010 22 B0144";"CU";"93010";"2022";"18/03/2022";"0"
"PC 93010 22 B0048";"PC";"93010";"2022";"21/07/2022";"0"
"CU 93010 22 B0444";"CU";"93010";"2022";"21/09/2022";"0"
"PC 93010 20 B0076";"PC";"93010";"2020";"07/12/2020";"0"
"DP 93010 22 B0109";"DP";"93010";"2022";"20/07/2022";"0"
"CU 93010 22 B0461";"CU";"93010";"2022";"07/10/2022";"0"
"DP 93010 22 B0032";"DP";"93010";"2022";"08/03/2022";"1"
"DP 93010 22 B0027";"DP";"93010";"2022";"25/02/2022";"1"
"CU 93010 22 B0420";"CU";"93010";"2022";"02/09/2022";"0"
"DP 93010 22 B0078";"DP";"93010";"2022";"24/05/2022";"0"
"CU 93010 22 B0176";"CU";"93010";"2022";"05/04/2022";"0"
"CU 93010 22 B0462";"CU";"93010";"2022";"06/10/2022";"0"
"DP 93010 22 B0077";"DP";"93010";"2022";"11/05/2022";"0"
"PC 93010 21 00042";"PC";"93010";"2021";"28/05/2021";"0"
"PC 93010 22 00054";"PC";"93010";"2022";"06/09/2022";"1"
"CU 93010 22 B0572";"CU";"93010";"2022";"23/12/2022";"0"
"CU 93010 22 B0393";"CU";"93010";"2022";"03/08/2022";"0"
"CU 93010 22 B0392";"CU";"93010";"2022";"02/08/2022";"0"
"PC 93010 21 B0096";"PC";"93010";"2021";"15/12/2021";"0"
"CU 93010 22 B0410";"CU";"93010";"2022";"23/08/2022";"0"
"DP 93010 22 B0148";"DP";"93010";"2022";"05/10/2022";"1"
"DP 93010 22 B0118";"DP";"93010";"2022";"09/08/2022";"0"
"CU 93010 22 B0002";"CU";"93010";"2022";"04/01/2022";"0"
"CU 93010 22 B0017";"CU";"93010";"2022";"14/01/2022";"0"
"CU 93010 22 B0543";"CU";"93010";"2022";"25/11/2022";"0"
"CU 93010 22 B0455";"CU";"93010";"2022";"30/09/2022";"0"
"CU 93010 22 B0269";"CU";"93010";"2022";"16/05/2022";"0"
"DP 93010 22 B0115";"DP";"93010";"2022";"04/08/2022";"0"
"PC 93010 21 B0017";"PC";"93010";"2021";"16/03/2021";"0"
"CU 93010 22 B0434";"CU";"93010";"2022";"19/09/2022";"0"
"PC 93010 21 B0073";"PC";"93010";"2021";"28/09/2021";"0"
"CU 93010 22 B0435";"CU";"93010";"2022";"20/09/2022";"0"
"CU 93010 22 B0148";"CU";"93010";"2022";"21/03/2022";"0"
"CU 93010 22 B0415";"CU";"93010";"2022";"01/08/2022";"0"
"AT 93010 22 00027";"AT";"93010";"2022";"13/09/2022";"0"
"CU 93010 22 B0436";"CU";"93010";"2022";"19/09/2022";"0"
"PD 93010 22 B0007";"PD";"93010";"2022";"15/09/2022";"0"
"CU 93010 22 B0438";"CU";"93010";"2022";"19/09/2022";"0"
"PD 93010 22 B0006";"PD";"93010";"2022";"15/09/2022";"0"
"CU 93010 22 B0427";"CU";"93010";"2022";"12/09/2022";"0"
"CU 93010 22 B0430";"CU";"93010";"2022";"13/09/2022";"0"
"CU 93010 22 B0423";"CU";"93010";"2022";"06/09/2022";"0"
"CU 93010 22 B0439";"CU";"93010";"2022";"21/09/2022";"1"
"CU 93010 22 B0440";"CU";"93010";"2022";"22/09/2022";"1"
"CU 93010 22 B0442";"CU";"93010";"2022";"21/09/2022";"0"
"CU 93010 22 B0009";"CU";"93010";"2022";"11/01/2022";"0"
"DP 93010 25 B0168";"DP";"93010";"2025";"03/10/2025";"1"
"DP 93010 22 B0001";"DP";"93010";"2022";"07/01/2022";"0"
"CU 93010 22 B0445";"CU";"93010";"2022";"22/09/2022";"1"
"DP 93010 22 B0123";"DP";"93010";"2022";"18/08/2022";"1"
"PC 93010 21 B0034 M01";"PC";"93010";"2021";"14/09/2021";"0"
"PC 93010 21 B0016";"PC";"93010";"2021";"15/03/2021";"0"
"PC 93010 21 B0083";"PC";"93010";"2021";"16/11/2021";"0"
"DP 93010 22 B0112";"DP";"93010";"2022";"29/07/2022";"0"
"PC 93010 22 B0053";"PC";"93010";"2022";"19/08/2022";"0"
"CU 93010 22 B0028";"CU";"93010";"2022";"09/02/2022";"0"
"DP 93010 22 B0067";"DP";"93010";"2022";"10/05/2022";"0"
"PC 93010 22 B0057";"PC";"93010";"2022";"27/09/2022";"0"
"DP 93010 23 B0029";"DP";"93010";"2023";"20/02/2023";"0"
"DP 93010 22 00141";"DP";"93010";"2022";"28/09/2022";"0"
"DP 93010 22 B0136";"DP";"93010";"2022";"22/09/2022";"0"
"CU 93010 22 B0489";"CU";"93010";"2022";"20/10/2022";"0"
"CU 93010 22 B0411";"CU";"93010";"2022";"23/08/2022";"0"
"PC 93010 19 B0018 M01";"PC";"93010";"2023";"10/01/2023";"0"
"DP 93010 22 B0133";"DP";"93010";"2022";"08/09/2022";"1"
"PD 93010 22 B0004";"PD";"93010";"2022";"09/08/2022";"1"
"CU 93010 22 B0250";"CU";"93010";"2022";"02/05/2022";"0"
"CU 93010 22 B0433";"CU";"93010";"2022";"16/09/2022";"0"
"CU 93010 22 B0459";"CU";"93010";"2022";"11/10/2022";"1"
"DP 93010 22 B0116";"DP";"93010";"2022";"04/08/2022";"0"
"DP 93010 22 B0149";"DP";"93010";"2022";"06/10/2022";"0"
"PD 93010 22 B0005";"PD";"93010";"2022";"09/09/2022";"0"
"PC 93010 21 B0034";"PC";"93010";"2021";"11/05/2021";"0"
"DP 93010 21 B0118";"DP";"93010";"2021";"10/06/2021";"0"
"CU 93010 22 B0155";"CU";"93010";"2022";"25/03/2022";"0"
"CU 93010 22 B0460";"CU";"93010";"2022";"07/10/2022";"0"
"CU 93010 22 B0422";"CU";"93010";"2022";"09/09/2022";"0"
"CU 93010 22 B0407";"CU";"93010";"2022";"17/08/2022";"0"
"PC 93010 24 B0035";"PC";"93010";"2024";"27/07/2024";"1"
"CU 93010 22 B0413";"CU";"93010";"2022";"23/08/2022";"0"
"CU 93010 22 B0412";"CU";"93010";"2022";"23/08/2022";"0"
"CU 93010 22 B0390";"CU";"93010";"2022";"04/08/2022";"1"
"CU 93010 22 B0394";"CU";"93010";"2022";"03/08/2022";"0"
"PC 93010 21 B0074";"PC";"93010";"2021";"06/10/2021";"0"
"CU 93010 22 B0464";"CU";"93010";"2022";"05/10/2022";"0"
"DP 93010 22 B0092";"DP";"93010";"2022";"14/06/2022";"0"
"PC 93010 20 B0052";"PC";"93010";"2020";"14/08/2020";"0"
"CU 93010 22 B0465";"CU";"93010";"2022";"05/10/2022";"0"
"DP 93010 22 B0142";"DP";"93010";"2022";"28/09/2022";"0"
"CU 93010 22 B0468";"CU";"93010";"2022";"10/10/2022";"0"
"CU 93010 22 B0469";"CU";"93010";"2022";"10/10/2022";"0"
"CU 93010 22 B0446";"CU";"93010";"2022";"22/09/2022";"0"
"DP 93010 22 B0129";"DP";"93010";"2022";"29/08/2022";"1"
"DP 93010 22 B0130";"DP";"93010";"2022";"31/08/2022";"0"
"CU 93010 22 B0456";"CU";"93010";"2022";"30/09/2022";"0"
"PC 93010 21 B0082";"PC";"93010";"2021";"10/11/2021";"0"
"CU 93010 22 B0034";"CU";"93010";"2022";"17/01/2022";"0"
"CU 93010 22 B0470";"CU";"93010";"2022";"12/10/2022";"0"
"DP 93010 22 B0150";"DP";"93010";"2022";"12/10/2022";"1"
"CU 93010 22 B0471";"CU";"93010";"2022";"12/10/2022";"0"
"CU 93010 22 B0473";"CU";"93010";"2022";"12/10/2022";"0"
"DP 93010 24 B0019";"DP";"93010";"2024";"12/02/2024";"1"
"CU 93010 22 B0549";"CU";"93010";"2022";"06/12/2022";"0"
"DP 93010 22 B0132";"DP";"93010";"2022";"01/09/2022";"0"
"CU 93010 22 B0297";"CU";"93010";"2022";"30/05/2022";"0"
"CU 93010 22 B0274";"CU";"93010";"2022";"23/05/2022";"0"
"DP 93010 23 B0041";"DP";"93010";"2023";"14/03/2023";"1"
"CU 93010 22 B0425";"CU";"93010";"2022";"07/09/2022";"0"
"CU 93010 22 B0428";"CU";"93010";"2022";"12/09/2022";"0"
"CU 93010 22 B0437";"CU";"93010";"2022";"20/09/2022";"0"
"CU 93010 22 B0443";"CU";"93010";"2022";"21/09/2022";"0"
"CU 93010 22 B0457";"CU";"93010";"2022";"04/10/2022";"0"
"CU 93010 23 B0326";"CU";"93010";"2023";"07/08/2023";"1"
"PC 93010 20 B0080";"PC";"93010";"2020";"16/12/2020";"0"
"DP 93010 22 B0074";"DP";"93010";"2022";"16/05/2022";"1"
"PC 93010 21 B0075";"PC";"93010";"2021";"15/10/2021";"0"
"CU 93010 22 B0432";"CU";"93010";"2022";"15/09/2022";"0"
"DP 93010 21 B0143";"DP";"93010";"2021";"21/07/2021";"0"
"CU 93010 22 B0463";"CU";"93010";"2022";"05/10/2022";"0"
"AT 93010 22 B0022";"AT";"93010";"2022";"24/06/2022";"0"
"CU 93010 22 B0466";"CU";"93010";"2022";"10/10/2022";"0"
"PC 93010 20 B0052 M01";"PC";"93010";"2022";"04/10/2022";"0"
"CU 93010 22 B0398";"CU";"93010";"2022";"10/08/2022";"0"
"CU 93010 22 B0397";"CU";"93010";"2022";"09/08/2022";"0"
"PC 93010 21 B0103";"PC";"93010";"2021";"24/12/2021";"0"
"CU 93010 22 B0020";"CU";"93010";"2022";"21/01/2022";"0"
"CU 93010 22 B0395";"CU";"93010";"2022";"03/08/2022";"0"
"CU 93010 22 B0467";"CU";"93010";"2022";"10/10/2022";"0"
"CU 93010 22 B0472";"CU";"93010";"2022";"12/10/2022";"0"
"CU 93010 22 B0474";"CU";"93010";"2022";"12/10/2022";"0"
"CU 93010 22 B0026";"CU";"93010";"2022";"24/01/2022";"0"
"PC 93010 21 B0035";"PC";"93010";"2021";"11/05/2021";"0"
"CU 93010 22 B0294";"CU";"93010";"2022";"30/05/2022";"0"
"CU 93010 22 B0553";"CU";"93010";"2022";"29/11/2022";"0"
"CU 93010 22 B0490";"CU";"93010";"2022";"21/10/2022";"0"
"CU 93010 22 B0513";"CU";"93010";"2022";"15/11/2022";"1"
"CU 93010 22 B0312";"CU";"93010";"2022";"03/06/2022";"0"
"CU 93010 22 B0030";"CU";"93010";"2022";"26/01/2022";"0"
"PC 93010 22 B0043";"PC";"93010";"2022";"08/07/2022";"0"
"CU 93010 22 B0475";"CU";"93010";"2022";"13/10/2022";"0"
"CU 93010 22 B0187";"CU";"93010";"2022";"14/04/2022";"0"
"CU 93010 22 B0477";"CU";"93010";"2022";"13/10/2022";"0"
"CU 93010 22 B0262";"CU";"93010";"2022";"10/05/2022";"0"
"CU 93010 22 B0454";"CU";"93010";"2022";"29/10/2022";"0"
"CU 93010 22 B0265";"CU";"93010";"2022";"13/05/2022";"0"
"CU 93010 22 B0319";"CU";"93010";"2022";"13/06/2022";"0"
"CU 93010 22 B0322";"CU";"93010";"2022";"15/06/2022";"0"
"CU 93010 22 B0546";"CU";"93010";"2022";"30/11/2022";"0"
"CU 93010 22 B0328";"CU";"93010";"2022";"20/06/2022";"0"
"DP 93010 22 B0147";"DP";"93010";"2022";"30/09/2022";"0"
"CU 93010 22 B0330";"CU";"93010";"2022";"20/06/2022";"0"
"DP 93010 22 B0182";"DP";"93010";"2022";"05/12/2022";"0"
"AT 93010 22 B0032";"AT";"93010";"2022";"07/11/2022";"0"
"DP 93010 22 B0158";"DP";"93010";"2022";"24/10/2022";"0"
"PC 93010 22 B0061";"PC";"93010";"2022";"08/11/2022";"1"
"DP 93010 22 B0179";"DP";"93010";"2022";"30/11/2022";"0"
"PC 93010 22 B0058";"PC";"93010";"2022";"28/09/2022";"0"
"DP 93010 23 B0005";"DP";"93010";"2023";"12/01/2023";"1"
"CU 93010 23 B0098";"CU";"93010";"2023";"17/03/2023";"1"
"PC 93010 22 B0060";"PC";"93010";"2022";"04/11/2022";"0"
"PC 93010 22 00065";"PC";"93010";"2022";"13/12/2022";"0"
"CU 93010 22 B0492";"CU";"93010";"2022";"24/10/2022";"0"
"CU 93010 22 B0493";"CU";"93010";"2022";"24/10/2022";"0"
"CU 93010 22 B0494";"CU";"93010";"2022";"24/10/2022";"0"
"CU 93010 22 B0496";"CU";"93010";"2022";"25/10/2022";"0"
"CU 93010 22 B0505";"CU";"93010";"2022";"26/11/2022";"0"
"CU 93010 22 B0514";"CU";"93010";"2022";"15/11/2022";"1"
"CU 93010 22 B0517";"CU";"93010";"2022";"15/11/2022";"1"
"PC 93010 19 B0068 M01";"PC";"93010";"2022";"28/10/2022";"0"
"CU 93010 22 B0520";"CU";"93010";"2022";"15/11/2022";"1"
"CU 93010 22 B0573";"CU";"93010";"2022";"23/12/2022";"0"
"CU 93010 22 B0557";"CU";"93010";"2022";"12/12/2022";"0"
"CU 93010 22 B0574";"CU";"93010";"2022";"23/12/2022";"0"
"DP 93010 22 B0152";"DP";"93010";"2022";"14/10/2022";"1"
"DP 93010 22 B0167";"DP";"93010";"2022";"08/11/2022";"1"
"CU 93010 22 B0491";"CU";"93010";"2022";"21/10/2022";"0"
"CU 93010 22 B0584";"CU";"93010";"2022";"28/12/2022";"0"
"CU 93010 22 B0582";"CU";"93010";"2022";"28/12/2022";"0"
"CU 93010 22 B0370";"CU";"93010";"2022";"13/07/2022";"0"
"PC 99999 23 00003";"PC";"99999";"2023";"09/01/2023";"1"
"DP 93010 22 B0178";"DP";"93010";"2022";"29/11/2022";"0"
"PC 93010 22 B0052";"PC";"93010";"2022";"08/08/2022";"0"
"CU 99999 23 00001";"CU";"99999";"2023";"09/01/2023";"1"
"PC 93010 19 B0068";"PC";"93010";"2019";"03/12/2019";"0"
"CU 93010 22 B0324";"CU";"93010";"2022";"16/06/2022";"0"
"CU 93010 22 B0544";"CU";"93010";"2022";"30/11/2022";"1"
"CU 93010 22 B0547";"CU";"93010";"2022";"30/11/2022";"0"
"CU 93010 22 B0497";"CU";"93010";"2022";"25/10/2022";"0"
"DP 93010 22 B0173";"DP";"93010";"2022";"23/11/2022";"0"
"CU 93010 22 B0499";"CU";"93010";"2022";"27/10/2022";"0"
"CU 93010 22 B0550";"CU";"93010";"2022";"07/12/2022";"1"
"CU 93010 22 B0551";"CU";"93010";"2022";"05/12/2022";"0"
"CU 93010 22 B0554";"CU";"93010";"2022";"14/12/2022";"1"
"CU 93010 22 B0507";"CU";"93010";"2022";"31/10/2022";"0"
"CU 93010 22 B0515";"CU";"93010";"2022";"15/11/2022";"1"
"CU 93010 22 B0519";"CU";"93010";"2022";"15/11/2022";"1"
"PC 93010 17 B0042 M01";"PC";"93010";"2020";"31/07/2020";"0"
"CU 93010 22 B0488";"CU";"93010";"2022";"20/10/2022";"0"
"AT 93010 23 B0026";"AT";"93010";"2023";"05/06/2023";"0"
"CU 93010 22 B0537";"CU";"93010";"2022";"22/11/2022";"0"
"CU 93010 22 B0535";"CU";"93010";"2022";"25/11/2022";"1"
"CU 93010 22 B0536";"CU";"93010";"2022";"22/11/2022";"0"
"CU 93010 23 B0030";"CU";"93010";"2023";"03/02/2023";"1"
"DP 93010 23 B0014";"DP";"93010";"2023";"20/01/2023";"0"
"CU 93010 22 B0362";"CU";"93010";"2022";"11/07/2022";"0"
"CU 93010 22 B0559";"CU";"93010";"2022";"14/12/2022";"0"
"CU 93010 22 B0564";"CU";"93010";"2022";"15/12/2022";"0"
"CU 93010 22 B0568";"CU";"93010";"2022";"16/12/2022";"0"
"CU 93010 22 B0569";"CU";"93010";"2022";"16/12/2022";"0"
"CU 93010 22 B0575";"CU";"93010";"2022";"19/12/2022";"0"
"CU 93010 23 B0001";"CU";"93010";"2023";"02/01/2023";"1"
"PC 93010 22 B0073";"PC";"93010";"2022";"31/12/2022";"1"
"CU 93010 22 B0534";"CU";"93010";"2022";"23/11/2022";"0"
"PC 93010 22 B0064";"PC";"93010";"2022";"12/12/2022";"1"
"CU 93010 23 B0002";"CU";"93010";"2023";"05/01/2023";"1"
"CU 93010 22 B0577";"CU";"93010";"2022";"29/12/2022";"0"
"CU 93010 22 B0579";"CU";"93010";"2022";"29/12/2022";"0"
"CU 93010 22 B0583";"CU";"93010";"2022";"26/12/2022";"0"
"DP 93010 22 B0176";"DP";"93010";"2022";"25/11/2022";"0"
"DP 93010 22 B0181";"DP";"93010";"2022";"06/12/2022";"1"
"CU 93010 22 B0333";"CU";"93010";"2022";"21/06/2022";"0"
"DP 93010 22 B0177";"DP";"93010";"2022";"25/11/2022";"0"
"CU 93010 22 B0545";"CU";"93010";"2022";"02/12/2022";"1"
"DP 93010 22 00140";"DP";"93010";"2022";"28/09/2022";"0"
"CU 93010 22 B0498";"CU";"93010";"2022";"26/10/2022";"0"
"DP 93010 22 B0138";"DP";"93010";"2022";"26/09/2022";"1"
"CU 93010 22 B0552";"CU";"93010";"2022";"08/12/2022";"0"
"CU 93010 22 B0555";"CU";"93010";"2022";"07/12/2022";"0"
"CU 93010 22 B0529";"CU";"93010";"2022";"15/11/2022";"0"
"CU 93010 22 B0530";"CU";"93010";"2022";"15/11/2022";"0"
"AT 99999 23 00001";"AT";"99999";"2023";"17/01/2023";"0"
"CU 93010 22 B0500";"CU";"93010";"2022";"28/10/2022";"1"
"CU 93010 22 B0558";"CU";"93010";"2022";"13/12/2022";"0"
"CU 93010 22 B0503";"CU";"93010";"2022";"01/11/2022";"1"
"CU 93010 22 B0486";"CU";"93010";"2022";"24/10/2022";"1"
"CU 93010 22 B0560";"CU";"93010";"2022";"14/12/2022";"0"
"DP 93010 22 B0153";"DP";"93010";"2022";"18/10/2022";"1"
"CU 93010 22 B0532";"CU";"93010";"2022";"18/11/2022";"1"
"AT 93010 22 B0035";"AT";"93010";"2022";"01/12/2022";"0"
"AT 93010 22 B0026";"AT";"93010";"2022";"21/07/2022";"0"
"CU 93010 22 B0527";"CU";"93010";"2022";"14/11/2022";"0"
"CU 93010 22 B0531";"CU";"93010";"2022";"15/11/2022";"0"
"DP 93010 26 B0030";"DP";"93010";"2026";"09/03/2026";"1"
"PC 93010 23 B0014";"PC";"93010";"2023";"27/03/2023";"1"
"DP 93010 22 B0170";"DP";"93010";"2022";"17/11/2022";"0"
"CU 93010 22 B0516";"CU";"93010";"2022";"15/11/2022";"1"
"CU 93010 22 B0523";"CU";"93010";"2022";"15/11/2022";"1"
"CU 93010 22 B0539";"CU";"93010";"2022";"29/11/2022";"1"
"CU 93010 22 B0540";"CU";"93010";"2022";"25/11/2022";"0"
"CU 93010 22 B0525";"CU";"93010";"2022";"10/11/2022";"0"
"CU 93010 22 B0526";"CU";"93010";"2022";"14/11/2022";"0"
"DP 93010 22 B0104";"DP";"93010";"2022";"29/06/2022";"0"
"CU 93010 22 B0346";"CU";"93010";"2022";"30/06/2022";"0"
"CU 93010 22 B0347";"CU";"93010";"2022";"29/06/2022";"0"
"AT 93010 22 B0037";"AT";"93010";"2022";"22/12/2022";"0"
"PC 99999 23 00006";"PC";"99999";"2023";"10/01/2023";"1"
"CU 93010 22 B0576";"CU";"93010";"2022";"19/12/2022";"0"
"DP 93010 22 B0187";"DP";"93010";"2022";"22/12/2022";"0"
"DP 93010 22 B0186";"DP";"93010";"2022";"21/12/2022";"1"
"DP 93010 22 B0159";"DP";"93010";"2022";"24/10/2022";"0"
"DP 93010 22 B0189";"DP";"93010";"2022";"29/12/2022";"0"
"AT 93010 22 B0036";"AT";"93010";"2022";"22/12/2022";"0"
"CU 93010 22 B0556";"CU";"93010";"2022";"09/12/2022";"0"
"CU 93010 22 B0565";"CU";"93010";"2022";"15/12/2022";"0"
"PC 93010 22 B0029";"PC";"93010";"2022";"16/05/2022";"1"
"CU 93010 22 B0501";"CU";"93010";"2022";"28/10/2022";"1"
"CU 93010 22 B0585";"CU";"93010";"2022";"30/12/2022";"0"
"CU 93010 22 B0502";"CU";"93010";"2022";"31/10/2022";"1"
"CU 93010 23 B0003";"CU";"93010";"2023";"09/01/2023";"1"
"CU 93010 22 B0506";"CU";"93010";"2022";"31/10/2022";"0"
"PC 93010 22 B0066";"PC";"93010";"2022";"22/12/2022";"0"
"DP 93010 22 00157";"DP";"93010";"2022";"26/10/2022";"0"
"DP 93010 22 00162";"DP";"93010";"2022";"03/11/2022";"1"
"CU 93010 22 B0518";"CU";"93010";"2022";"15/11/2022";"1"
"CU 93010 22 B0567";"CU";"93010";"2022";"16/12/2022";"0"
"CU 93010 23 B0110";"CU";"93010";"2023";"17/03/2023";"0"
"CU 93010 22 B0570";"CU";"93010";"2022";"16/12/2022";"0"
"AT 93010 22 B0028";"AT";"93010";"2022";"13/09/2022";"0"
"CU 93010 22 B0521";"CU";"93010";"2022";"15/11/2022";"1"
"CU 93010 22 B0524";"CU";"93010";"2022";"08/11/2022";"0"
"DP 93010 22 B0154";"DP";"93010";"2022";"19/10/2022";"0"
"AT 93010 22 B0010";"AT";"93010";"2022";"02/03/2022";"0"
"CU 93010 22 B0571";"CU";"93010";"2022";"21/12/2022";"0"
"PC 99999 23 00002";"PC";"99999";"2023";"09/01/2023";"1"
"CU 93010 22 B0566";"CU";"93010";"2022";"15/12/2022";"0"
"CU 93010 22 B0563";"CU";"93010";"2022";"21/12/2022";"1"
"CU 93010 22 B0578";"CU";"93010";"2022";"29/12/2022";"0"
"CU 93010 22 B0561";"CU";"93010";"2022";"12/12/2022";"0"
"DP 93010 22 B0168";"DP";"93010";"2022";"14/11/2022";"0"
"DP 93010 22 B0169";"DP";"93010";"2022";"16/11/2022";"0"
"CU 93010 22 B0509";"CU";"93010";"2022";"04/11/2022";"0"
"CU 93010 22 B0510";"CU";"93010";"2022";"04/11/2022";"0"
"AT 93010 22 00029";"AT";"93010";"2022";"19/10/2022";"0"
"PC 93010 22 B0056";"PC";"93010";"2022";"23/09/2022";"0"
"CU 93010 22 B0181";"CU";"93010";"2022";"14/04/2022";"1"
"PC 93010 21 B0105";"PC";"93010";"2021";"28/12/2021";"0"
"CU 93010 22 B0480";"CU";"93010";"2022";"14/10/2022";"0"
"CU 93010 22 00204";"CU";"93010";"2022";"16/05/2022";"1"
"CU 93010 22 B0481";"CU";"93010";"2022";"14/10/2022";"0"
"CU 93010 23 B0004";"CU";"93010";"2023";"03/01/2023";"0"
"DP 93010 23 B0006";"DP";"93010";"2023";"17/01/2023";"1"
"DP 93010 25 B0183";"DP";"93010";"2025";"12/11/2025";"1"
"CU 93010 22 B0210";"CU";"93010";"2022";"16/05/2022";"1"
"CU 93010 22 B0375";"CU";"93010";"2022";"06/07/2022";"0"
"DP 93010 22 B0131";"DP";"93010";"2022";"31/08/2022";"0"
"CU 93010 22 B0211";"CU";"93010";"2022";"16/05/2022";"1"
"CU 93010 22 B0541";"CU";"93010";"2022";"25/11/2022";"0"
"CU 93010 22 B0416";"CU";"93010";"2022";"02/08/2022";"0"
"CU 93010 23 B0007";"CU";"93010";"2023";"09/01/2023";"0"
"CU 93010 23 B0009";"CU";"93010";"2023";"09/01/2023";"0"
"AT 93010 22 00025";"AT";"93010";"2022";"13/07/2022";"0"
"CU 93010 23 B0250";"CU";"93010";"2023";"12/06/2023";"0"
"DP 93010 22 B0143";"DP";"93010";"2022";"28/09/2022";"1"
"CU 93010 22 B0522";"CU";"93010";"2022";"15/11/2022";"1"
"CU 93010 22 B0528";"CU";"93010";"2022";"14/11/2022";"0"
"CU 93010 22 B0349";"CU";"93010";"2022";"07/07/2022";"1"
"CU 93010 22 B0351";"CU";"93010";"2022";"07/07/2022";"1"
"DP 93010 22 B0155";"DP";"93010";"2022";"19/10/2022";"0"
"DP 93010 22 B0175";"DP";"93010";"2022";"23/11/2022";"0"
"CU 93010 22 B0406";"CU";"93010";"2022";"17/08/2022";"1"
"CU 93010 22 B0476";"CU";"93010";"2022";"13/10/2022";"0"
"PC 99999 23 B0001";"PC";"99999";"2023";"23/01/2023";"1"
"PC 93010 22 B0005";"PC";"93010";"2022";"09/02/2022";"0"
"PD 93010 22 B0001";"PD";"93010";"2022";"09/02/2022";"0"
"PC 99999 23 00004";"PC";"99999";"2023";"09/01/2023";"1"
"AT 93010 22 B0011";"AT";"93010";"2022";"24/02/2022";"0"
"DP 99999 23 B0001";"DP";"99999";"2023";"10/01/2023";"1"
"CU 93010 22 B0495";"CU";"93010";"2022";"26/10/2022";"1"
"DP 93010 23 B0010";"DP";"93010";"2023";"19/01/2023";"0"
"CU 93010 23 B0014";"CU";"93010";"2023";"18/01/2023";"1"
"CU 93010 23 B0012";"CU";"93010";"2023";"13/01/2023";"1"
"CU 93010 22 B0508";"CU";"93010";"2022";"31/10/2022";"0"
"CU 93010 22 B0482";"CU";"93010";"2022";"17/10/2022";"0"
"DP 93010 22 B0164";"DP";"93010";"2022";"03/11/2022";"0"
"CU 93010 22 B0483";"CU";"93010";"2022";"17/10/2022";"0"
"CU 93010 22 B0484";"CU";"93010";"2022";"19/10/2022";"0"
"CU 93010 22 B0485";"CU";"93010";"2022";"19/10/2022";"0"
"AT 93010 23 B0036";"AT";"93010";"2023";"04/08/2023";"0"
"DP 93010 23 B0001";"DP";"93010";"2023";"04/01/2023";"0"
"DP 93010 22 B0165";"DP";"93010";"2022";"08/11/2022";"0"
"DP 93010 22 B0166";"DP";"93010";"2022";"07/11/2022";"0"
"CU 93010 22 B0542";"CU";"93010";"2022";"25/11/2022";"0"
"PC 93010 22 B0046";"PC";"93010";"2022";"21/07/2022";"0"
"DP 93010 22 B0174";"DP";"93010";"2022";"24/11/2022";"0"
"CU 93010 23 B0115";"CU";"93010";"2023";"24/03/2023";"0"
"DP 93010 23 B0004";"DP";"93010";"2023";"10/01/2023";"0"
"CU 93010 25 B0453";"CU";"93010";"2025";"21/12/2025";"1"
"CU 93010 23 B0006";"CU";"93010";"2023";"11/01/2023";"0"
"PC 93010 23 B0017";"PC";"93010";"2023";"17/04/2023";"0"
"CU 93010 22 B0538";"CU";"93010";"2022";"28/11/2022";"0"
"CU 93010 24 B0209";"CU";"93010";"2024";"10/06/2024";"1"
"PC 93010 22 B0008";"PC";"93010";"2022";"24/02/2022";"0"
"CU 93010 23 B0005";"CU";"93010";"2023";"06/01/2023";"0"
"CU 93010 23 B0008";"CU";"93010";"2023";"09/01/2023";"0"
"CU 93010 23 B0010";"CU";"93010";"2023";"10/01/2023";"0"
"CU 93010 23 B0031";"CU";"93010";"2023";"03/02/2023";"1"
"CU 93010 22 B0580";"CU";"93010";"2022";"29/12/2022";"0"
"CU 93010 22 B0581";"CU";"93010";"2022";"28/12/2022";"0"
"CU 93010 23 B0011";"CU";"93010";"2023";"13/01/2023";"1"
"AT 93010 23 B0001";"AT";"93010";"2023";"10/01/2023";"0"
"CU 93010 23 B0046";"CU";"93010";"2023";"13/02/2023";"0"
"DP 93010 23 B0027";"DP";"93010";"2023";"20/02/2023";"0"
"CU 93010 23 B0081";"CU";"93010";"2023";"06/03/2023";"0"
"DP 93010 23 B0019";"DP";"93010";"2023";"07/02/2023";"0"
"CU 93010 23 B0054";"CU";"93010";"2023";"24/02/2023";"1"
"PC 93010 20 B0070";"PC";"93010";"2020";"09/01/2020";"0"
"DP 93010 23 B0046";"DP";"93010";"2023";"16/03/2023";"0"
"PC 93010 23 B0009";"PC";"93010";"2023";"18/02/2023";"1"
"PC 93010 23 B0005";"PC";"93010";"2023";"25/01/2023";"0"
"CU 93010 23 B0037";"CU";"93010";"2023";"08/02/2023";"1"
"DP 93010 22 00188";"DP";"93010";"2022";"23/12/2022";"0"
"CU 93010 23 B0040";"CU";"93010";"2023";"07/02/2023";"0"
"PC 93010 23 B0008";"PC";"93010";"2023";"14/02/2023";"0"
"DP 93010 23 B0023";"DP";"93010";"2023";"03/02/2023";"0"
"DP 93010 23 B0034";"DP";"93010";"2023";"04/03/2023";"1"
"AT 93010 22 B0030";"AT";"93010";"2022";"28/10/2022";"0"
"DP 93010 23 B0036";"DP";"93010";"2023";"06/03/2023";"1"
"CU 93010 23 B0055";"CU";"93010";"2023";"20/02/2023";"0"
"CU 93010 23 B0123";"CU";"93010";"2023";"27/03/2023";"0"
"DP 93010 23 B0042";"DP";"93010";"2023";"10/03/2023";"0"
"PC 93010 22 B0062";"PC";"93010";"2022";"15/11/2022";"0"
"CU 93010 23 B0066";"CU";"93010";"2023";"17/02/2023";"0"
"CU 93010 23 B0070";"CU";"93010";"2023";"22/02/2023";"0"
"CU 93010 23 B0071";"CU";"93010";"2023";"23/02/2023";"0"
"CU 93010 23 B0077";"CU";"93010";"2023";"02/03/2023";"0"
"CU 93010 23 B0083";"CU";"93010";"2023";"10/03/2023";"1"
"CU 93010 23 B0089";"CU";"93010";"2023";"15/03/2023";"1"
"CU 93010 23 B0085";"CU";"93010";"2023";"07/03/2023";"0"
"CU 93010 23 B0090";"CU";"93010";"2023";"15/03/2023";"1"
"CU 93010 23 B0093";"CU";"93010";"2023";"15/03/2023";"0"
"CU 93010 23 B0024";"CU";"93010";"2023";"20/01/2023";"0"
"PC 93010 23 B0018";"PC";"93010";"2023";"17/04/2023";"1"
"PC 93010 22 B0070";"PC";"93010";"2022";"30/12/2022";"0"
"CU 93010 23 B0015";"CU";"93010";"2023";"25/01/2023";"1"
"CU 93010 23 B0016";"CU";"93010";"2023";"16/01/2023";"0"
"DP 93010 21 B0180";"DP";"93010";"2021";"29/09/2021";"0"
"CU 93010 23 B0017";"CU";"93010";"2023";"16/01/2023";"0"
"CU 93010 23 B0018";"CU";"93010";"2023";"16/01/2023";"0"
"CU 93010 23 B0019";"CU";"93010";"2023";"16/01/2023";"0"
"PC 93010 23 B0003";"PC";"93010";"2023";"23/01/2023";"0"
"CU 93010 23 B0020";"CU";"93010";"2023";"23/01/2023";"0"
"CU 93010 23 B0021";"CU";"93010";"2023";"19/01/2023";"0"
"CU 93010 23 B0022";"CU";"93010";"2023";"19/01/2023";"0"
"CU 93010 23 B0023";"CU";"93010";"2023";"18/01/2023";"0"
"CU 93010 23 B0025";"CU";"93010";"2023";"20/01/2023";"0"
"CU 93010 23 B0026";"CU";"93010";"2023";"30/01/2023";"0"
"CU 93010 23 B0027";"CU";"93010";"2023";"27/01/2023";"0"
"CU 93010 23 B0028";"CU";"93010";"2023";"31/01/2023";"1"
"PC 93010 23 B0006";"PC";"93010";"2023";"31/01/2023";"0"
"AT 93010 23 B0012";"AT";"93010";"2023";"03/04/2023";"0"
"PC 93010 20 B0012 M02";"PC";"93010";"2023";"25/01/2023";"0"
"DP 93010 23 B0015";"DP";"93010";"2023";"31/01/2023";"1"
"CU 93010 25 B0140";"CU";"93010";"2025";"22/04/2025";"1"
"CU 93010 23 B0038";"CU";"93010";"2023";"09/02/2023";"1"
"CU 93010 23 B0039";"CU";"93010";"2023";"06/02/2023";"0"
"CU 93010 23 B0032";"CU";"93010";"2023";"01/02/2023";"0"
"CU 93010 23 B0033";"CU";"93010";"2023";"02/02/2023";"0"
"CU 93010 23 B0034";"CU";"93010";"2023";"02/02/2023";"0"
"CU 93010 23 B0035";"CU";"93010";"2023";"02/02/2023";"0"
"DP 93010 23 B0009";"DP";"93010";"2023";"23/01/2023";"1"
"DP 93010 22 00087";"DP";"93010";"2022";"03/06/2022";"0"
"CU 93010 23 B0042";"CU";"93010";"2023";"15/02/2023";"1"
"PC 93010 21 B0082 M01";"PC";"93010";"2023";"10/02/2023";"0"
"CU 93010 23 B0044";"CU";"93010";"2023";"09/02/2023";"0"
"CU 93010 23 B0048";"CU";"93010";"2023";"13/02/2023";"0"
"CU 93010 23 B0051";"CU";"93010";"2023";"13/02/2023";"0"
"CU 93010 23 B0082";"CU";"93010";"2023";"06/03/2023";"0"
"DP 93010 23 B0031";"DP";"93010";"2023";"02/03/2023";"0"
"CU 93010 23 B0056";"CU";"93010";"2023";"20/02/2023";"0"
"AT 93010 23 B0019";"AT";"93010";"2023";"24/04/2023";"0"
"DP 93010 23 B0022";"DP";"93010";"2023";"13/02/2023";"0"
"AT 93010 23 B0005";"AT";"93010";"2023";"14/02/2023";"0"
"DP 93010 23 B0039";"DP";"93010";"2023";"09/03/2023";"1"
"DP 93010 23 B0026";"DP";"93010";"2023";"13/02/2023";"0"
"CU 93010 23 B0199";"CU";"93010";"2023";"22/05/2023";"1"
"PC 93010 23 B0011";"PC";"93010";"2023";"28/02/2023";"1"
"PC 93010 23 B0013";"PC";"93010";"2023";"27/03/2023";"0"
"DP 93010 23 B0021";"DP";"93010";"2023";"03/02/2023";"0"
"CU 93010 23 B0036";"CU";"93010";"2023";"08/02/2023";"1"
"CU 93010 23 B0103";"CU";"93010";"2023";"21/03/2023";"1"
"DP 93010 23 B0025";"DP";"93010";"2023";"14/02/2023";"0"
"PC 93010 18 B0069";"PC";"93010";"2018";"14/06/2018";"0"
"CU 93010 23 B0349";"CU";"93010";"2023";"04/09/2023";"1"
"CU 93010 23 B0100";"CU";"93010";"2023";"20/03/2023";"1"
"DP 93010 23 B0002";"DP";"93010";"2023";"06/01/2023";"1"
"CU 93010 23 B0060";"CU";"93010";"2023";"28/02/2023";"1"
"CU 93010 23 B0059";"CU";"93010";"2023";"28/02/2023";"1"
"CU 93010 23 B0072";"CU";"93010";"2023";"27/02/2023";"0"
"CU 93010 23 B0013";"CU";"93010";"2023";"16/01/2023";"1"
"DP 93010 22 B0144";"DP";"93010";"2022";"30/09/2022";"0"
"CU 93010 23 B0045";"CU";"93010";"2023";"10/02/2023";"0"
"CU 93010 23 B0047";"CU";"93010";"2023";"13/02/2023";"0"
"CU 93010 23 B0052";"CU";"93010";"2023";"13/02/2023";"0"
"PC 93010 20 B0059 M02";"PC";"93010";"2023";"01/02/2023";"0"
"DP 93010 23 B0040";"DP";"93010";"2023";"10/03/2023";"0"
"DP 93010 26 B0027";"DP";"93010";"2026";"23/02/2026";"0"
"CU 93010 23 B0094";"CU";"93010";"2023";"16/03/2023";"1"
"DP 93010 25 B0053";"DP";"93010";"2025";"22/04/2025";"1"
"CU 93010 23 B0213";"CU";"93010";"2023";"24/05/2023";"0"
"CU 93010 23 B0041";"CU";"93010";"2023";"07/02/2023";"0"
"CU 93010 23 B0139";"CU";"93010";"2023";"11/04/2023";"1"
"PC 93010 20 B0049";"PC";"93010";"2020";"05/08/2020";"0"
"AT 93010 23 B0009";"AT";"93010";"2023";"15/03/2023";"0"
"DP 93010 23 B0044";"DP";"93010";"2023";"15/03/2023";"1"
"PC 93010 20 B0059 M01";"PC";"93010";"2021";"03/06/2021";"0"
"DP 93010 23 B0033";"DP";"93010";"2023";"04/03/2023";"1"
"PC 93010 22 B0042 M01";"PC";"93010";"2023";"20/02/2023";"0"
"DP 93010 23 B0045";"DP";"93010";"2023";"16/03/2023";"1"
"PC 93010 19 B0018";"PC";"93010";"2019";"06/06/2019";"0"
"CU 93010 23 B0092";"CU";"93010";"2023";"15/03/2023";"0"
"CU 93010 23 B0058";"CU";"93010";"2023";"28/02/2023";"1"
"CU 93010 23 B0062";"CU";"93010";"2023";"24/02/2023";"0"
"CU 93010 23 B0063";"CU";"93010";"2023";"24/02/2023";"0"
"CU 93010 23 B0069";"CU";"93010";"2023";"23/02/2023";"0"
"CU 93010 23 B0073";"CU";"93010";"2023";"27/02/2023";"0"
"CU 93010 23 B0088";"CU";"93010";"2023";"10/03/2023";"0"
"CU 93010 23 B0091";"CU";"93010";"2023";"15/03/2023";"1"
"CU 93010 23 B0043";"CU";"93010";"2023";"09/02/2023";"0"
"CU 93010 23 B0050";"CU";"93010";"2023";"13/02/2023";"0"
"DP 93010 23 B0048";"DP";"93010";"2023";"20/03/2023";"0"
"CU 93010 23 B0076";"CU";"93010";"2023";"02/03/2023";"0"
"PC 93010 22 B0072";"PC";"93010";"2022";"30/12/2022";"1"
"CU 93010 23 B0057";"CU";"93010";"2023";"20/02/2023";"0"
"CU 93010 23 B0096";"CU";"93010";"2023";"13/03/2023";"0"
"CU 93010 23 B0097";"CU";"93010";"2023";"13/03/2023";"0"
"DP 93010 23 B0003";"DP";"93010";"2023";"06/01/2023";"1"
"CU 93010 23 B0228";"CU";"93010";"2023";"05/06/2023";"1"
"CU 93010 23 B0327";"CU";"93010";"2023";"08/08/2023";"1"
"PC 93010 21 B0065";"PC";"93010";"2021";"08/09/2021";"0"
"PC 93010 22 B0071";"PC";"93010";"2022";"26/12/2022";"1"
"PC 93010 17 B0063";"PC";"93010";"2017";"13/10/2017";"0"
"PC 93010 23 B0007";"PC";"93010";"2023";"01/02/2023";"0"
"DP 93010 23 B0012";"DP";"93010";"2023";"30/01/2023";"1"
"AT 93010 23 B0023";"AT";"93010";"2023";"17/05/2023";"0"
"DP 93010 23 B0037";"DP";"93010";"2023";"07/03/2023";"0"
"DP 93010 23 B0043";"DP";"93010";"2023";"14/03/2023";"0"
"AT 93010 23 B0008";"AT";"93010";"2023";"10/03/2023";"0"
"CU 93010 23 B0084";"CU";"93010";"2023";"07/03/2023";"0"
"CU 93010 23 B0086";"CU";"93010";"2023";"07/03/2023";"0"
"DP 93010 23 B0030";"DP";"93010";"2023";"28/02/2023";"1"
"CU 93010 23 B0105";"CU";"93010";"2023";"20/03/2023";"0"
"PC 93010 23 B0002";"PC";"93010";"2023";"16/01/2023";"1"
"CU 93010 23 B0061";"CU";"93010";"2023";"02/03/2023";"1"
"CU 93010 23 B0065";"CU";"93010";"2023";"16/02/2023";"0"
"CU 93010 23 B0067";"CU";"93010";"2023";"23/02/2023";"0"
"CU 93010 23 B0068";"CU";"93010";"2023";"23/02/2023";"0"
"CU 93010 23 B0074";"CU";"93010";"2023";"01/03/2023";"0"
"CU 93010 23 B0075";"CU";"93010";"2023";"02/03/2023";"0"
"CU 93010 23 B0049";"CU";"93010";"2023";"13/02/2023";"0"
"CU 93010 23 B0095";"CU";"93010";"2023";"13/03/2023";"0"
"CU 93010 23 B0029";"CU";"93010";"2023";"30/01/2023";"0"
"DP 93010 23 B0008";"DP";"93010";"2023";"20/01/2023";"0"
"PC 93010 23 B0012";"PC";"93010";"2023";"23/03/2023";"1"
"DP 93010 23 B0047";"DP";"93010";"2023";"22/03/2023";"1"
"CU 93010 23 B0214";"CU";"93010";"2023";"30/05/2023";"1"
"PC 93010 19 B0040";"PC";"93010";"2019";"05/07/2019";"0"
"DP 93010 21 B0100";"DP";"93010";"2021";"25/05/2021";"0"
"CU 93010 23 B0112";"CU";"93010";"2023";"23/03/2023";"1"
"AT 93010 23 B0020";"AT";"93010";"2023";"26/04/2023";"0"
"CU 93010 23 B0064";"CU";"93010";"2023";"20/02/2023";"0"
"CU 93010 23 B0087";"CU";"93010";"2023";"14/03/2023";"1"
"CU 93010 23 B0099";"CU";"93010";"2023";"16/03/2023";"0"
"CU 93010 23 B0101";"CU";"93010";"2023";"15/03/2023";"0"
"CU 93010 23 B0104";"CU";"93010";"2023";"22/03/2023";"1"
"CU 93010 23 B0106";"CU";"93010";"2023";"20/03/2023";"0"
"CU 93010 23 B0107";"CU";"93010";"2023";"20/03/2023";"0"
"CU 93010 23 B0108";"CU";"93010";"2023";"20/03/2023";"0"
"CU 93010 23 B0109";"CU";"93010";"2023";"20/03/2023";"0"
"CU 93010 23 B0111";"CU";"93010";"2023";"17/03/2023";"0"
"CU 93010 23 B0152";"CU";"93010";"2023";"19/04/2023";"1"
"AT 93010 23 B0018";"AT";"93010";"2023";"17/04/2023";"0"
"CU 93010 23 B0154";"CU";"93010";"2023";"20/04/2023";"1"
"CU 93010 23 B0155";"CU";"93010";"2023";"20/04/2023";"1"
"CU 93010 23 B0215";"CU";"93010";"2023";"24/05/2023";"0"
"DP 93010 23 B0059";"DP";"93010";"2023";"07/04/2023";"1"
"CU 93010 23 B0125";"CU";"93010";"2023";"30/03/2023";"1"
"CU 93010 23 B0126";"CU";"93010";"2023";"31/03/2023";"1"
"CU 93010 23 B0127";"CU";"93010";"2023";"31/03/2023";"1"
"AT 93010 23 B0010";"AT";"93010";"2023";"28/03/2023";"0"
"DP 93010 23 B0068";"DP";"93010";"2023";"20/04/2023";"0"
"AT 93010 23 B0013";"AT";"93010";"2023";"07/04/2023";"0"
"AT 93010 23 B0014";"AT";"93010";"2023";"07/04/2023";"0"
"DP 93010 23 B0066";"DP";"93010";"2023";"14/04/2023";"0"
"CU 93010 23 B0124";"CU";"93010";"2023";"27/03/2023";"0"
"AT 93010 23 B0011";"AT";"93010";"2023";"22/03/2023";"0"
"CU 93010 23 B0131";"CU";"93010";"2023";"03/04/2023";"1"
"CU 93010 23 B0132";"CU";"93010";"2023";"03/04/2023";"1"
"CU 93010 23 B0143";"CU";"93010";"2023";"12/04/2023";"1"
"DP 93010 22 B0163";"DP";"93010";"2022";"04/11/2022";"1"
"DP 93010 22 00151";"DP";"93010";"2022";"13/10/2022";"0"
"CU 93010 23 B0200";"CU";"93010";"2023";"15/05/2023";"0"
"CU 93010 23 B0150";"CU";"93010";"2023";"14/04/2023";"1"
"CU 93010 23 B0153";"CU";"93010";"2023";"19/04/2023";"1"
"CU 93010 23 B0113";"CU";"93010";"2023";"23/03/2023";"1"
"DP 93010 21 B0093";"DP";"93010";"2022";"17/05/2021";"0"
"CU 93010 23 B0114";"CU";"93010";"2023";"24/03/2023";"1"
"PA 93010 26 B0001";"PA";"93010";"2026";"25/02/2026";"1"
"DP 93010 22 B0160";"DP";"93010";"2022";"28/10/2022";"0"
"CU 93010 23 B0128";"CU";"93010";"2023";"22/03/2023";"0"
"CU 93010 23 B0129";"CU";"93010";"2023";"29/03/2023";"0"
"DP 93010 23 B0062";"DP";"93010";"2023";"12/04/2023";"0"
"CU 93010 23 B0146";"CU";"93010";"2023";"11/04/2023";"0"
"CU 93010 23 B0187";"CU";"93010";"2023";"05/05/2023";"0"
"DP 93010 23 B0024";"DP";"93010";"2023";"14/02/2023";"0"
"DP 93010 23 B0132";"DP";"93010";"2023";"09/08/2023";"1"
"DP 93010 23 B0069";"DP";"93010";"2023";"25/04/2023";"0"
"AT 93010 23 B0016";"AT";"93010";"2023";"12/04/2023";"0"
"DP 93010 23 B0049";"DP";"93010";"2023";"23/03/2023";"0"
"AT 93010 23 B0006";"AT";"93010";"2023";"01/03/2023";"0"
"DP 93010 23 B0057";"DP";"93010";"2023";"04/04/2023";"1"
"DP 93010 23 B0056";"DP";"93010";"2023";"01/04/2023";"1"
"CU 93010 23 B0350";"CU";"93010";"2023";"05/09/2023";"1"
"CU 93010 23 B0119";"CU";"93010";"2023";"29/03/2023";"1"
"CU 93010 23 B0120";"CU";"93010";"2023";"29/03/2023";"1"
"CU 93010 23 B0134";"CU";"93010";"2023";"05/04/2023";"0"
"CU 93010 23 B0135";"CU";"93010";"2023";"05/04/2023";"0"
"CU 93010 23 B0140";"CU";"93010";"2023";"06/04/2023";"0"
"CU 93010 23 B0141";"CU";"93010";"2023";"06/04/2023";"0"
"DP 93010 23 B0055";"DP";"93010";"2023";"27/03/2023";"0"
"CU 93010 23 B0137";"CU";"93010";"2023";"07/04/2023";"1"
"CU 93010 23 B0142";"CU";"93010";"2023";"06/04/2023";"0"
"DP 93010 23 B0071";"DP";"93010";"2023";"25/04/2023";"1"
"CU 93010 23 B0144";"CU";"93010";"2023";"13/04/2023";"1"
"CU 93010 23 B0147";"CU";"93010";"2023";"14/04/2023";"1"
"CU 93010 23 B0337";"CU";"93010";"2023";"14/08/2023";"1"
"CU 93010 23 B0157";"CU";"93010";"2023";"21/04/2023";"1"
"CU 93010 23 B0165";"CU";"93010";"2023";"19/04/2023";"0"
"CU 93010 23 B0166";"CU";"93010";"2023";"20/04/2023";"0"
"CU 93010 23 B0167";"CU";"93010";"2023";"03/05/2023";"0"
"CU 93010 23 B0168";"CU";"93010";"2023";"20/04/2023";"0"
"DP 93010 23 B0028";"DP";"93010";"2023";"23/02/2023";"0"
"CU 93010 23 B0169";"CU";"93010";"2023";"24/04/2023";"0"
"CU 93010 23 B0170";"CU";"93010";"2023";"24/04/2023";"0"
"CU 93010 23 B0171";"CU";"93010";"2023";"19/04/2023";"0"
"CU 93010 23 B0194";"CU";"93010";"2023";"15/05/2023";"1"
"CU 93010 23 B0328";"CU";"93010";"2023";"08/08/2023";"1"
"DP 93010 23 B0050";"DP";"93010";"2023";"24/03/2023";"1"
"DP 93010 23 B0017";"DP";"93010";"2023";"03/02/2023";"0"
"CU 93010 23 B0130";"CU";"93010";"2023";"03/04/2023";"1"
"CU 93010 23 B0133";"CU";"93010";"2023";"30/03/2023";"0"
"CU 93010 23 B0118";"CU";"93010";"2023";"27/03/2023";"1"
"CU 93010 23 B0138";"CU";"93010";"2023";"07/04/2023";"1"
"PC 93010 22 B0068";"PC";"93010";"2022";"23/12/2022";"0"
"CU 93010 23 B0156";"CU";"93010";"2023";"21/04/2023";"0"
"CU 93010 23 B0116";"CU";"93010";"2023";"23/03/2023";"0"
"CU 93010 23 B0117";"CU";"93010";"2023";"23/03/2023";"0"
"CU 93010 23 B0159";"CU";"93010";"2023";"25/04/2023";"1"
"CU 93010 23 B0158";"CU";"93010";"2023";"24/04/2023";"1"
"DP 93010 23 B0075";"DP";"93010";"2023";"28/04/2023";"0"
"CU 93010 23 B0145";"CU";"93010";"2023";"11/04/2023";"0"
"CU 93010 23 B0160";"CU";"93010";"2023";"27/04/2023";"1"
"CU 93010 23 B0161";"CU";"93010";"2023";"28/04/2023";"1"
"AT 93010 23 B0015";"AT";"93010";"2023";"07/04/2023";"0"
"CU 93010 23 B0162";"CU";"93010";"2023";"28/04/2023";"1"
"CU 93010 23 B0163";"CU";"93010";"2023";"28/04/2023";"1"
"CU 93010 23 B0121";"CU";"93010";"2023";"27/03/2023";"0"
"CU 93010 23 B0122";"CU";"93010";"2023";"27/03/2023";"0"
"CU 93010 23 B0164";"CU";"93010";"2023";"28/04/2023";"1"
"CU 93010 23 B0148";"CU";"93010";"2023";"14/04/2023";"1"
"CU 93010 23 B0149";"CU";"93010";"2023";"14/04/2023";"1"
"CU 93010 23 B0172";"CU";"93010";"2023";"19/04/2023";"0"
"CU 93010 23 B0151";"CU";"93010";"2023";"13/04/2023";"0"
"CU 93010 23 B0173";"CU";"93010";"2023";"26/04/2023";"0"
"CU 93010 23 B0174";"CU";"93010";"2023";"26/04/2023";"0"
"DP 93010 23 B0064";"DP";"93010";"2023";"13/04/2023";"0"
"CU 93010 23 B0175";"CU";"93010";"2023";"26/04/2023";"0"
"DP 93010 22 B0185";"DP";"93010";"2022";"20/12/2022";"0"
"DP 93010 23 B0072";"DP";"93010";"2023";"26/04/2023";"1"
"DP 93010 23 B0063";"DP";"93010";"2023";"11/04/2023";"1"
"AT 93010 23 B0004";"AT";"93010";"2023";"17/01/2023";"0"
"PC 93010 23 B0001";"PC";"93010";"2023";"05/01/2023";"0"
"CU 93010 23 B0201";"CU";"93010";"2023";"15/05/2023";"0"
"PC 93010 25 B0056";"PC";"93010";"2025";"13/11/2025";"1"
"CU 93010 23 B0136";"CU";"93010";"2023";"05/04/2023";"0"
"CU 93010 23 B0342";"CU";"93010";"2023";"18/08/2023";"1"
"DP 93010 23 B0074";"DP";"93010";"2023";"28/04/2023";"0"
"AT 93010 23 B0017";"AT";"93010";"2023";"12/04/2023";"0"
"DP 93010 23 B0051";"DP";"93010";"2023";"24/03/2023";"1"
"DP 93010 23 B0061";"DP";"93010";"2023";"11/04/2023";"1"
"AT 93010 22 B0034";"AT";"93010";"2022";"22/11/2022";"0"
"PC 93010 22 B0023";"PC";"93010";"2022";"27/04/2022";"0"
"CU 93010 23 B0176";"CU";"93010";"2023";"26/04/2023";"0"
"CU 93010 23 B0177";"CU";"93010";"2023";"28/04/2023";"0"
"CU 93010 23 B0178";"CU";"93010";"2023";"28/04/2023";"0"
"CU 93010 23 B0179";"CU";"93010";"2023";"04/05/2023";"1"
"CU 93010 23 B0211";"CU";"93010";"2023";"25/05/2023";"1"
"CU 93010 23 B0378";"CU";"93010";"2023";"26/09/2023";"1"
"DP 93010 23 B0076";"DP";"93010";"2023";"03/05/2023";"1"
"PC 93010 22 B0067";"PC";"93010";"2022";"22/12/2022";"0"
"PC 93010 26 B0005";"PC";"93010";"2026";"06/03/2026";"1"
"CU 93010 23 B0227";"CU";"93010";"2023";"05/06/2023";"1"
"CU 93010 23 B0231";"CU";"93010";"2023";"06/06/2023";"1"
"CU 93010 23 B0232";"CU";"93010";"2023";"05/06/2023";"0"
"CU 93010 23 B0183";"CU";"93010";"2023";"09/05/2023";"1"
"CU 93010 23 B0233";"CU";"93010";"2023";"07/06/2023";"1"
"CU 93010 23 B0195";"CU";"93010";"2023";"15/05/2023";"1"
"CU 93010 23 B0261";"CU";"93010";"2023";"22/06/2023";"0"
"DP 93010 23 B0096";"DP";"93010";"2023";"08/06/2023";"1"
"CU 93010 23 B0234";"CU";"93010";"2023";"07/06/2023";"1"
"DP 93010 23 B0095";"DP";"93010";"2023";"05/06/2023";"0"
"CU 93010 23 B0235";"CU";"93010";"2023";"08/06/2023";"1"
"CU 93010 23 B0236";"CU";"93010";"2023";"05/06/2023";"0"
"CU 93010 23 B0207";"CU";"93010";"2023";"23/05/2023";"1"
"DP 93010 23 B0097";"DP";"93010";"2023";"09/06/2023";"0"
"CU 93010 23 B0208";"CU";"93010";"2023";"19/05/2023";"0"
"DP 93010 23 B0109";"DP";"93010";"2023";"20/06/2023";"0"
"AT 93010 23 B0030";"AT";"93010";"2023";"12/06/2023";"0"
"PC 93010 23 B0024";"PC";"93010";"2023";"04/05/2023";"0"
"PC 93010 23 B0035";"PC";"93010";"2023";"30/06/2023";"0"
"CU 93010 23 B0202";"CU";"93010";"2023";"15/05/2023";"0"
"PC 93010 23 B0004";"PC";"93010";"2023";"27/01/2023";"0"
"PC 93010 23 B0026";"PC";"93010";"2023";"15/05/2023";"1"
"DP 93010 23 B0085";"DP";"93010";"2023";"23/05/2023";"1"
"CU 93010 23 B0216";"CU";"93010";"2023";"24/05/2023";"0"
"CU 93010 23 B0260";"CU";"93010";"2023";"21/06/2023";"0"
"CU 93010 23 B0222";"CU";"93010";"2023";"26/05/2023";"0"
"CU 93010 23 B0186";"CU";"93010";"2023";"04/05/2023";"0"
"CU 93010 23 B0224";"CU";"93010";"2023";"01/06/2023";"1"
"CU 93010 23 B0229";"CU";"93010";"2023";"01/06/2023";"0"
"DP 93010 23 B0089";"DP";"93010";"2023";"29/05/2023";"1"
"AT 93010 23 B0032";"AT";"93010";"2023";"20/06/2023";"0"
"CU 93010 23 B0262";"CU";"93010";"2023";"26/06/2023";"1"
"PD 93010 23 B0001";"PD";"93010";"2023";"06/06/2023";"0"
"DP 93010 23 B0082";"DP";"93010";"2023";"16/05/2023";"1"
"CU 93010 23 B0242";"CU";"93010";"2023";"14/06/2023";"1"
"CU 93010 23 B0263";"CU";"93010";"2023";"26/06/2023";"1"
"DP 93010 23 B0091";"DP";"93010";"2023";"31/05/2023";"0"
"DP 93010 23 B0052";"DP";"93010";"2023";"28/03/2023";"1"
"CU 93010 23 B0189";"CU";"93010";"2023";"11/05/2023";"1"
"CU 93010 23 B0190";"CU";"93010";"2023";"11/05/2023";"1"
"CU 93010 23 B0264";"CU";"93010";"2023";"26/06/2023";"1"
"CU 93010 23 B0191";"CU";"93010";"2023";"10/05/2023";"0"
"CU 93010 23 B0206";"CU";"93010";"2023";"23/05/2023";"1"
"AT 93010 23 B0022";"AT";"93010";"2023";"19/04/2023";"0"
"DP 93010 23 B0081";"DP";"93010";"2023";"09/05/2023";"0"
"PC 93010 21 B0102 M01";"PC";"93010";"2023";"07/04/2023";"0"
"DP 93010 23 B0094";"DP";"93010";"2023";"01/06/2023";"1"
"CU 93010 23 B0203";"CU";"93010";"2023";"17/05/2023";"0"
"CU 93010 23 B0288";"CU";"93010";"2023";"10/07/2023";"1"
"CU 93010 23 B0291";"CU";"93010";"2023";"06/07/2023";"0"
"DP 93010 23 B0086";"DP";"93010";"2023";"23/05/2023";"1"
"CU 93010 23 B0181";"CU";"93010";"2023";"05/05/2023";"1"
"CU 93010 23 B0184";"CU";"93010";"2023";"04/05/2023";"0"
"CU 93010 23 B0188";"CU";"93010";"2023";"05/05/2023";"0"
"CU 93010 23 B0343";"CU";"93010";"2023";"18/08/2023";"1"
"CU 93010 23 B0225";"CU";"93010";"2023";"30/05/2023";"0"
"DP 93010 23 B0104";"DP";"93010";"2023";"15/06/2023";"1"
"AT 93010 23 B0025";"AT";"93010";"2023";"31/05/2023";"0"
"PC 93010 23 B0010";"PC";"93010";"2023";"28/02/2023";"1"
"CU 93010 23 B0310";"CU";"93010";"2023";"20/07/2023";"0"
"DP 93010 22 B0050";"DP";"93010";"2022";"05/04/2022";"0"
"PC 93010 23 B0048";"PC";"93010";"2023";"11/09/2023";"1"
"DP 93010 23 B0084";"DP";"93010";"2023";"22/05/2023";"1"
"PD 93010 23 B0002";"PD";"93010";"2023";"15/06/2023";"0"
"DP 93010 23 B0099";"DP";"93010";"2023";"12/06/2023";"0"
"CU 93010 23 B0253";"CU";"93010";"2023";"20/06/2023";"1"
"CU 93010 23 B0402";"CU";"93010";"2023";"16/10/2023";"1"
"DP 93010 23 B0107";"DP";"93010";"2023";"20/06/2023";"1"
"CU 93010 23 B0289";"CU";"93010";"2023";"05/07/2023";"0"
"CU 93010 23 B0238";"CU";"93010";"2023";"12/06/2023";"1"
"CU 93010 23 B0247";"CU";"93010";"2023";"15/06/2023";"1"
"CU 93010 23 B0209";"CU";"93010";"2023";"24/05/2023";"1"
"CU 93010 23 B0197";"CU";"93010";"2023";"16/05/2023";"1"
"CU 93010 23 B0198";"CU";"93010";"2023";"22/05/2023";"1"
"DP 93010 23 B0070";"DP";"93010";"2023";"25/04/2023";"1"
"PC 93010 23 B0015";"PC";"93010";"2023";"31/03/2023";"1"
"CU 93010 23 B0182";"CU";"93010";"2023";"05/05/2023";"1"
"CU 93010 23 B0217";"CU";"93010";"2023";"24/05/2023";"0"
"CU 93010 23 B0223";"CU";"93010";"2023";"30/05/2023";"0"
"PC 93010 20 B0058";"PC";"93010";"2020";"14/09/2020";"0"
"CU 93010 23 B0218";"CU";"93010";"2023";"25/05/2023";"0"
"CU 93010 23 B0338";"CU";"93010";"2023";"16/08/2023";"1"
"CU 93010 23 B0221";"CU";"93010";"2023";"26/05/2023";"0"
"DP 93010 23 B0106";"DP";"93010";"2023";"15/06/2023";"0"
"PC 93010 20 B0044";"PC";"93010";"2020";"31/07/2020";"0"
"CU 93010 23 B0316";"CU";"93010";"2023";"27/07/2023";"0"
"CU 93010 23 B0265";"CU";"93010";"2023";"26/06/2023";"1"
"AT 93010 23 B0050";"AT";"93010";"2023";"01/12/2023";"0"
"CU 93010 23 B0273";"CU";"93010";"2023";"27/06/2023";"1"
"CU 93010 23 B0196";"CU";"93010";"2023";"11/05/2023";"0"
"CU 93010 23 B0239";"CU";"93010";"2023";"05/06/2023";"0"
"PC 93010 15 B0025 M01";"PC";"93010";"2023";"25/10/2016";"0"
"CU 93010 23 B0240";"CU";"93010";"2023";"05/06/2023";"0"
"CU 93010 23 B0243";"CU";"93010";"2023";"05/06/2023";"0"
"PC 93010 15 B0069 M04";"PC";"93010";"2023";"20/11/2023";"0"
"DP 93010 23 B0105";"DP";"93010";"2023";"15/06/2023";"1"
"CU 93010 23 B0210";"CU";"93010";"2023";"25/05/2023";"1"
"CU 93010 23 B0275";"CU";"93010";"2023";"28/06/2023";"1"
"CU 93010 23 B0204";"CU";"93010";"2023";"17/05/2023";"0"
"CU 93010 23 B0205";"CU";"93010";"2023";"22/05/2023";"1"
"CU 93010 23 B0251";"CU";"93010";"2023";"19/06/2023";"1"
"CU 93010 23 B0180";"CU";"93010";"2023";"04/05/2023";"1"
"CU 93010 23 B0226";"CU";"93010";"2023";"05/06/2023";"1"
"CU 93010 23 B0230";"CU";"93010";"2023";"06/06/2023";"1"
"CU 93010 23 B0282";"CU";"93010";"2023";"29/06/2023";"0"
"CU 93010 23 B0270";"CU";"93010";"2023";"23/06/2023";"0"
"CU 93010 23 B0368";"CU";"93010";"2023";"18/09/2023";"1"
"PC 93010 20 B0049 M01";"PC";"93010";"2023";"28/02/2023";"0"
"CU 93010 23 B0417";"CU";"93010";"2023";"23/10/2023";"1"
"CU 93010 23 B0380";"CU";"93010";"2023";"28/09/2023";"1"
"CU 93010 23 B0246";"CU";"93010";"2023";"08/06/2023";"0"
"CU 93010 23 B0237";"CU";"93010";"2023";"12/06/2023";"1"
"CU 93010 23 B0244";"CU";"93010";"2023";"06/06/2023";"0"
"CU 93010 23 B0252";"CU";"93010";"2023";"14/06/2023";"0"
"CU 93010 23 B0245";"CU";"93010";"2023";"08/06/2023";"0"
"CU 93010 23 B0248";"CU";"93010";"2023";"08/06/2023";"0"
"CU 93010 23 B0255";"CU";"93010";"2023";"22/06/2023";"1"
"CU 93010 23 B0256";"CU";"93010";"2023";"23/06/2023";"1"
"DP 93010 23 B0090";"DP";"93010";"2023";"30/05/2023";"1"
"DP 93010 23 B0092";"DP";"93010";"2023";"30/05/2023";"0"
"CU 93010 23 B0277";"CU";"93010";"2023";"03/07/2023";"1"
"CU 93010 23 B0268";"CU";"93010";"2023";"27/06/2023";"1"
"DP 93010 23 B0079";"DP";"93010";"2023";"05/05/2023";"1"
"CU 93010 23 B0266";"CU";"93010";"2023";"26/06/2023";"1"
"DP 93010 21 B0211";"DP";"93010";"2021";"21/12/2021";"0"
"PC 93010 22 B0001";"PC";"93010";"2022";"11/01/2022";"0"
"CU 93010 23 B0281";"CU";"93010";"2023";"04/07/2023";"1"
"CU 93010 23 B0279";"CU";"93010";"2023";"30/06/2023";"0"
"CU 93010 23 B0295";"CU";"93010";"2023";"11/07/2023";"1"
"CU 93010 23 B0185";"CU";"93010";"2023";"09/05/2023";"1"
"CU 93010 23 B0274";"CU";"93010";"2023";"28/06/2023";"1"
"CU 93010 23 B0283";"CU";"93010";"2023";"29/06/2023";"0"
"DP 93010 23 B0110";"DP";"93010";"2023";"23/06/2023";"0"
"DP 93010 23 B0077";"DP";"93010";"2023";"04/05/2023";"1"
"CU 93010 23 B0269";"CU";"93010";"2023";"23/06/2023";"0"
"DP 93010 23 B0117";"DP";"93010";"2023";"04/07/2023";"1"
"DP 93010 23 B0111";"DP";"93010";"2023";"23/06/2023";"0"
"CU 93010 23 B0241";"CU";"93010";"2023";"05/06/2023";"0"
"CU 93010 23 B0249";"CU";"93010";"2023";"09/06/2023";"0"
"DP 93010 23 B0078";"DP";"93010";"2023";"04/05/2023";"1"
"AT 93010 23 B0034";"AT";"93010";"2023";"28/06/2023";"0"
"CU 93010 23 B0257";"CU";"93010";"2023";"19/06/2023";"0"
"CU 93010 23 B0219";"CU";"93010";"2023";"31/05/2023";"1"
"CU 93010 23 B0192";"CU";"93010";"2023";"13/05/2023";"1"
"CU 93010 23 B0193";"CU";"93010";"2023";"15/05/2023";"1"
"CU 93010 23 B0267";"CU";"93010";"2023";"26/06/2023";"1"
"CU 93010 23 B0271";"CU";"93010";"2023";"26/06/2023";"0"
"CU 93010 23 B0284";"CU";"93010";"2023";"05/07/2023";"1"
"AT 93010 23 B0033";"AT";"93010";"2023";"07/07/2023";"0"
"CU 93010 23 B0272";"CU";"93010";"2023";"26/06/2023";"0"
"PC 93010 23 B0034";"PC";"93010";"2023";"28/06/2023";"1"
"AT 93010 24 B0020";"AT";"93010";"2024";"27/05/2024";"0"
"CU 93010 23 B0336";"CU";"93010";"2023";"12/08/2023";"1"
"DP 93010 23 B0100";"DP";"93010";"2023";"13/06/2023";"1"
"CU 93010 23 B0403";"CU";"93010";"2023";"11/10/2023";"0"
"DP 93010 23 B0073";"DP";"93010";"2023";"27/04/2023";"1"
"CU 93010 24 B0029";"CU";"93010";"2024";"22/01/2024";"1"
"DP 93010 23 B0102";"DP";"93010";"2023";"14/06/2023";"0"
"CU 93010 23 B0258";"CU";"93010";"2023";"16/06/2023";"0"
"CU 93010 23 B0301";"CU";"93010";"2023";"18/07/2023";"1"
"CU 93010 23 B0254";"CU";"93010";"2023";"21/06/2023";"1"
"CU 93010 23 B0303";"CU";"93010";"2023";"18/07/2023";"1"
"CU 93010 23 B0304";"CU";"93010";"2023";"17/07/2023";"0"
"CU 93010 23 B0286";"CU";"93010";"2023";"06/07/2023";"1"
"CU 93010 23 B0292";"CU";"93010";"2023";"10/07/2023";"1"
"DP 93010 23 B0032";"DP";"93010";"2023";"06/03/2023";"0"
"CU 93010 23 B0491";"CU";"93010";"2023";"30/11/2023";"0"
"CU 93010 23 B0220";"CU";"93010";"2023";"31/05/2023";"1"
"CU 93010 23 B0278";"CU";"93010";"2023";"03/07/2023";"1"
"CU 93010 23 B0280";"CU";"93010";"2023";"03/07/2023";"0"
"PC 93010 23 B0022";"PC";"93010";"2023";"28/04/2023";"1"
"DP 93010 23 B0101";"DP";"93010";"2023";"13/06/2023";"1"
"CU 93010 23 B0285";"CU";"93010";"2023";"05/07/2023";"1"
"CU 93010 23 B0302";"CU";"93010";"2023";"18/07/2023";"1"
"DP 93010 23 B0103";"DP";"93010";"2023";"14/06/2023";"1"
"CU 93010 23 B0294";"CU";"93010";"2023";"07/07/2023";"0"
"CU 93010 23 B0311";"CU";"93010";"2023";"21/07/2023";"0"
"CU 93010 25 B0390";"CU";"93010";"2025";"24/10/2025";"0"
"DP 93010 23 B0080";"DP";"93010";"2023";"05/05/2023";"0"
"CU 93010 23 B0296";"CU";"93010";"2023";"12/07/2023";"1"
"PC 93010 20 B0031";"PC";"93010";"2020";"11/06/2020";"0"
"DP 93010 24 B0029";"DP";"93010";"2024";"11/03/2024";"1"
"CU 93010 23 B0430";"CU";"93010";"2023";"30/10/2023";"1"
"CU 93010 24 B0043";"CU";"93010";"2024";"06/02/2024";"1"
"CU 93010 23 B0297";"CU";"93010";"2023";"13/07/2023";"1"
"PD 93010 23 B0003";"PD";"93010";"2023";"15/06/2023";"1"
"CU 93010 23 B0259";"CU";"93010";"2023";"21/06/2023";"0"
"AT 93010 23 B0007";"AT";"93010";"2023";"02/03/2023";"0"
"DP 93010 23 B0018";"DP";"93010";"2023";"07/02/2023";"0"
"CU 93010 26 B0031";"CU";"93010";"2026";"29/01/2026";"1"
"CU 93010 23 B0287";"CU";"93010";"2023";"07/07/2023";"1"
"CU 93010 22 B0177";"CU";"93010";"2022";"11/04/2022";"0"
"AT 93010 23 B0024";"AT";"93010";"2023";"25/05/2023";"0"
"CU 93010 23 B0290";"CU";"93010";"2023";"05/07/2023";"0"
"DP 93010 23 B0161";"DP";"93010";"2023";"16/10/2023";"0"
"CU 93010 23 B0418";"CU";"93010";"2023";"23/10/2023";"0"
"AT 93010 23 B0043";"AT";"93010";"2023";"27/09/2023";"0"
"CU 93010 23 B0319";"CU";"93010";"2023";"31/07/2023";"0"
"CU 93010 23 B0420";"CU";"93010";"2023";"20/10/2023";"0"
"CU 93010 23 B0340";"CU";"93010";"2023";"17/08/2023";"0"
"CU 93010 23 B0329";"CU";"93010";"2023";"07/08/2023";"0"
"CU 93010 23 B0341";"CU";"93010";"2023";"17/08/2023";"0"
"CU 93010 23 B0421";"CU";"93010";"2023";"20/10/2023";"0"
"CU 93010 23 B0317";"CU";"93010";"2023";"31/07/2023";"0"
"DP 93010 23 B0054";"DP";"93010";"2023";"28/03/2023";"1"
"DP 93010 23 B0192";"DP";"93010";"2023";"08/12/2023";"1"
"CU 93010 23 B0452";"CU";"93010";"2023";"20/11/2023";"1"
"DP 93010 23 B0114";"DP";"93010";"2023";"20/06/2023";"0"
"CU 93010 23 B0454";"CU";"93010";"2023";"22/11/2023";"1"
"CU 93010 23 B0475";"CU";"93010";"2023";"07/12/2023";"1"
"AT 93010 23 B0041";"AT";"93010";"2023";"19/09/2023";"0"
"PC 93010 23 B0037";"PC";"93010";"2023";"10/07/2023";"1"
"PC 93010 15 B0069 M01";"PC";"93010";"2017";"20/02/2017";"0"
"DP 93010 23 B0131";"DP";"93010";"2023";"08/08/2023";"1"
"PC 93010 14 B0057 M02";"PC";"93010";"2024";"19/02/2024";"0"
"CU 93010 23 B0459";"CU";"93010";"2023";"23/11/2023";"1"
"CU 93010 23 B0457";"CU";"93010";"2023";"23/11/2023";"1"
"CU 93010 23 B0460";"CU";"93010";"2023";"20/11/2023";"0"
"PC 93010 23 B0028";"PC";"93010";"2023";"31/05/2023";"0"
"CU 93010 23 B0438";"CU";"93010";"2023";"06/11/2023";"1"
"CU 93010 23 B0439";"CU";"93010";"2023";"07/11/2023";"1"
"PC 93010 23 B0033";"PC";"93010";"2023";"28/06/2023";"1"
"CU 93010 23 B0479";"CU";"93010";"2023";"11/12/2023";"1"
"DP 93010 23 B0126";"DP";"93010";"2023";"02/08/2023";"0"
"DP 93010 23 B0141";"DP";"93010";"2023";"30/08/2023";"0"
"CU 93010 23 B0318";"CU";"93010";"2023";"31/07/2023";"0"
"CU 93010 23 B0370";"CU";"93010";"2023";"19/09/2023";"0"
"PC 93010 23 B0046";"PC";"93010";"2023";"24/08/2023";"1"
"CU 93010 23 B0407";"CU";"93010";"2023";"12/10/2023";"0"
"CU 93010 23 B0408";"CU";"93010";"2023";"12/10/2023";"0"
"CU 93010 23 B0330";"CU";"93010";"2023";"08/08/2023";"1"
"CU 93010 23 B0410";"CU";"93010";"2023";"12/10/2023";"0"
"CU 93010 23 B0419";"CU";"93010";"2023";"23/10/2023";"0"
"DP 93010 23 B0123";"DP";"93010";"2023";"01/08/2023";"0"
"PA 93010 23 B0001";"PA";"93010";"2023";"29/08/2023";"0"
"DP 93010 23 B0140";"DP";"93010";"2023";"29/08/2023";"0"
"DP 93010 23 B0138";"DP";"93010";"2023";"28/08/2023";"1"
"PC 93010 24 B0002";"PC";"93010";"2024";"10/01/2024";"0"
"CU 93010 23 B0381";"CU";"93010";"2023";"28/09/2023";"1"
"DP 93010 24 B0063";"DP";"93010";"2024";"24/04/2024";"0"
"PC 93010 23 B0036";"PC";"93010";"2023";"03/07/2023";"1"
"DP 93010 24 B0133";"DP";"93010";"2024";"16/08/2024";"1"
"DP 93010 23 B0147";"DP";"93010";"2023";"18/09/2023";"1"
"DP 93010 23 B0151";"DP";"93010";"2023";"28/09/2023";"1"
"DP 93010 23 B0137";"DP";"93010";"2023";"24/08/2023";"0"
"DP 93010 23 B0088";"DP";"93010";"2023";"25/05/2023";"0"
"CU 93010 23 B0404";"CU";"93010";"2023";"11/10/2023";"0"
"CU 93010 23 B0347";"CU";"93010";"2023";"28/08/2023";"1"
"PC 93010 23 B0029";"PC";"93010";"2023";"08/06/2023";"1"
"CU 93010 23 B0360";"CU";"93010";"2023";"12/09/2023";"1"
"CU 93010 23 B0361";"CU";"93010";"2023";"12/09/2023";"1"
"CU 93010 23 B0362";"CU";"93010";"2023";"13/09/2023";"1"
"CU 93010 23 B0365";"CU";"93010";"2023";"14/09/2023";"1"
"AT 93010 23 B0028";"AT";"93010";"2023";"05/06/2023";"0"
"CU 93010 23 B0345";"CU";"93010";"2023";"24/08/2023";"0"
"PC 93010 23 B0010 T01";"PC";"93010";"2023";"25/07/2023";"0"
"CU 93010 23 B0323";"CU";"93010";"2023";"04/08/2023";"1"
"PC 93010 21 B0063";"PC";"93010";"2021";"02/08/2021";"0"
"AT 93010 23 B0035";"AT";"93010";"2023";"28/07/2023";"0"
"CU 93010 23 B0320";"CU";"93010";"2023";"02/08/2023";"0"
"CU 93010 23 B0321";"CU";"93010";"2023";"03/08/2023";"1"
"CU 93010 23 B0322";"CU";"93010";"2023";"03/08/2023";"1"
"PC 93010 23 B0045";"PC";"93010";"2023";"07/08/2023";"0"
"CU 93010 23 B0324";"CU";"93010";"2023";"04/08/2023";"1"
"DP 93010 23 B0128";"DP";"93010";"2023";"04/08/2023";"0"
"PC 93010 20 B0069 T02";"PC";"93010";"2020";"18/03/2021";"0"
"CU 93010 23 B0409";"CU";"93010";"2023";"13/10/2023";"0"
"PC 93010 22 B0061 T01";"PC";"93010";"2023";"14/11/2023";"0"
"DP 93010 23 B0179";"DP";"93010";"2023";"13/11/2023";"1"
"PC 93010 23 B0041";"PC";"93010";"2023";"24/07/2023";"0"
"CU 93010 23 B0445";"CU";"93010";"2023";"14/11/2023";"1"
"CU 93010 23 B0469";"CU";"93010";"2023";"06/12/2023";"1"
"CU 93010 23 B0480";"CU";"93010";"2023";"11/12/2023";"1"
"DP 93010 23 B0127";"DP";"93010";"2023";"04/08/2023";"1"
"CU 93010 23 B0315";"CU";"93010";"2023";"25/07/2023";"0"
"CU 93010 23 B0312";"CU";"93010";"2023";"20/07/2023";"0"
"CU 93010 23 B0314";"CU";"93010";"2023";"24/07/2023";"0"
"DP 93010 23 B0098";"DP";"93010";"2023";"13/06/2023";"0"
"DP 93010 23 B0121";"DP";"93010";"2023";"24/07/2023";"1"
"DP 93010 23 B0163";"DP";"93010";"2023";"17/10/2023";"1"
"CU 93010 23 B0364";"CU";"93010";"2023";"13/09/2023";"1"
"CU 93010 23 B0371";"CU";"93010";"2023";"18/09/2023";"0"
"CU 93010 23 B0331";"CU";"93010";"2023";"08/08/2023";"1"
"DP 93010 24 B0028";"DP";"93010";"2024";"08/03/2024";"0"
"DP 93010 23 B0087";"DP";"93010";"2023";"23/05/2023";"1"
"CU 93010 23 B0366";"CU";"93010";"2023";"11/09/2023";"0"
"CU 93010 23 B0422";"CU";"93010";"2023";"25/10/2023";"1"
"DP 93010 23 B0195";"DP";"93010";"2023";"11/12/2023";"1"
"PC 93010 17 B0063 M01";"PC";"93010";"2023";"02/08/2023";"0"
"DP 93010 23 B0149";"DP";"93010";"2023";"21/09/2023";"1"
"CU 93010 23 B0305";"CU";"93010";"2023";"19/07/2023";"1"
"PC 93010 24 B0028";"PC";"93010";"2024";"29/07/2024";"1"
"CU 93010 23 B0333";"CU";"93010";"2023";"09/08/2023";"1"
"CU 93010 23 B0346";"CU";"93010";"2023";"24/08/2023";"0"
"PC 93010 15 B0069 M02";"PC";"93010";"2018";"10/04/2018";"0"
"CU 93010 23 B0395";"CU";"93010";"2023";"10/10/2023";"1"
"CU 93010 23 B0405";"CU";"93010";"2023";"16/10/2023";"1"
"DP 93010 23 B0180";"DP";"93010";"2023";"10/11/2023";"0"
"CU 93010 23 B0332";"CU";"93010";"2023";"09/08/2023";"1"
"AT 93010 23 B0029";"AT";"93010";"2023";"09/06/2023";"0"
"CU 93010 23 B0363";"CU";"93010";"2023";"13/09/2023";"1"
"CU 93010 23 B0455";"CU";"93010";"2023";"22/11/2023";"1"
"CU 93010 23 B0458";"CU";"93010";"2023";"23/11/2023";"1"
"DP 93010 23 B0145";"DP";"93010";"2023";"13/09/2023";"1"
"CU 93010 23 B0309";"CU";"93010";"2023";"21/07/2023";"1"
"CU 93010 24 B0055";"CU";"93010";"2024";"08/02/2024";"0"
"CU 93010 24 B0056";"CU";"93010";"2024";"12/02/2024";"0"
"CU 93010 23 B0481";"CU";"93010";"2023";"11/12/2023";"1"
"PC 93010 15 B0069 M03";"PC";"93010";"2018";"07/08/2019";"0"
"DP 93010 23 B0067";"DP";"93010";"2023";"19/04/2023";"1"
"DP 93010 23 B0187";"DP";"93010";"2023";"01/12/2023";"1"
"CU 93010 23 B0369";"CU";"93010";"2023";"19/09/2023";"1"
"DP 93010 23 B0083";"DP";"93010";"2023";"19/05/2023";"0"
"DP 93010 23 B0118";"DP";"93010";"2023";"07/07/2023";"1"
"DP 93010 23 B0139";"DP";"93010";"2023";"29/08/2023";"0"
"DP 93010 23 B0146";"DP";"93010";"2023";"13/09/2023";"1"
"CU 93010 23 B0313";"CU";"93010";"2023";"25/07/2023";"1"
"CU 93010 23 B0357";"CU";"93010";"2023";"08/09/2023";"1"
"CU 93010 23 B0492";"CU";"93010";"2023";"14/12/2023";"0"
"CU 93010 23 B0461";"CU";"93010";"2023";"27/11/2023";"1"
"CU 93010 23 B0367";"CU";"93010";"2023";"14/09/2023";"1"
"CU 93010 23 B0355";"CU";"93010";"2023";"04/09/2023";"0"
"CU 93010 23 B0356";"CU";"93010";"2023";"07/09/2023";"1"
"PC 93010 22 00041";"PC";"93010";"2022";"05/07/2022";"0"
"CU 93010 23 B0351";"CU";"93010";"2023";"05/09/2023";"1"
"AT 93010 23 B0042";"AT";"93010";"2023";"29/09/2023";"0"
"CU 93010 23 B0334";"CU";"93010";"2023";"11/08/2023";"1"
"CU 93010 23 B0358";"CU";"93010";"2023";"08/09/2023";"0"
"CU 93010 23 B0411";"CU";"93010";"2023";"17/10/2023";"1"
"DP 93010 23 B0164";"DP";"93010";"2023";"17/10/2023";"1"
"CU 93010 23 B0415";"CU";"93010";"2023";"20/10/2023";"1"
"PC 93010 24 B0007";"PC";"93010";"2024";"23/02/2024";"1"
"DP 93010 23 B0142";"DP";"93010";"2023";"30/08/2023";"0"
"DP 93010 23 B0152";"DP";"93010";"2023";"29/09/2023";"0"
"DP 93010 23 B0150";"DP";"93010";"2023";"26/09/2023";"0"
"CU 93010 23 B0493";"CU";"93010";"2023";"15/12/2023";"0"
"DP 93010 21 B0141";"DP";"93010";"2021";"16/07/2021";"0"
"CU 93010 23 B0440";"CU";"93010";"2023";"06/11/2023";"0"
"CU 93010 23 B0441";"CU";"93010";"2023";"06/11/2023";"0"
"CU 93010 23 B0352";"CU";"93010";"2023";"31/08/2023";"0"
"DP 93010 23 B0172";"DP";"93010";"2023";"31/10/2023";"0"
"CU 93010 23 B0393";"CU";"93010";"2023";"10/10/2023";"1"
"AT 93010 23 B0037";"AT";"93010";"2023";"07/08/2023";"0"
"CU 93010 23 B0387";"CU";"93010";"2023";"02/10/2023";"0"
"CU 93010 23 B0375";"CU";"93010";"2023";"22/09/2023";"0"
"CU 93010 23 B0376";"CU";"93010";"2023";"25/09/2023";"0"
"DP 93010 23 B0154";"DP";"93010";"2023";"06/10/2023";"0"
"CU 93010 23 B0377";"CU";"93010";"2023";"25/09/2023";"0"
"CU 93010 23 B0412";"CU";"93010";"2023";"18/10/2023";"1"
"CU 93010 23 B0385";"CU";"93010";"2023";"28/09/2023";"0"
"PC 93010 23 B0056";"PC";"93010";"2023";"31/10/2023";"0"
"CU 93010 23 B0414";"CU";"93010";"2023";"18/10/2023";"1"
"CU 93010 23 B0413";"CU";"93010";"2023";"18/10/2023";"1"
"AT 93010 23 B0045";"AT";"93010";"2023";"20/10/2023";"0"
"CU 93010 23 B0390";"CU";"93010";"2023";"05/10/2023";"1"
"CU 93010 23 B0353";"CU";"93010";"2023";"07/09/2023";"1"
"CU 93010 24 B0011";"CU";"93010";"2024";"15/01/2024";"1"
"DP 93010 23 B0153";"DP";"93010";"2023";"03/10/2023";"0"
"PC 93010 23 B0051";"PC";"93010";"2023";"06/10/2023";"1"
"PC 93010 23 B0044";"PC";"93010";"2023";"02/08/2023";"0"
"CU 93010 23 B0466";"CU";"93010";"2023";"27/12/2023";"0"
"CU 93010 23 B0391";"CU";"93010";"2023";"04/10/2023";"0"
"CU 93010 23 B0354";"CU";"93010";"2023";"01/09/2023";"0"
"CU 93010 23 B0432";"CU";"93010";"2023";"02/11/2023";"1"
"DP 93010 23 B0143";"DP";"93010";"2023";"07/09/2023";"1"
"CU 93010 24 B0201";"CU";"93010";"2024";"03/06/2024";"1"
"CU 93010 23 B0386";"CU";"93010";"2023";"03/10/2023";"1"
"CU 93010 23 B0359";"CU";"93010";"2023";"07/09/2023";"0"
"CU 93010 23 B0406";"CU";"93010";"2023";"17/10/2023";"1"
"CU 93010 23 B0388";"CU";"93010";"2023";"02/10/2023";"0"
"CU 93010 23 B0423";"CU";"93010";"2023";"25/10/2023";"1"
"DP 93010 23 B0125";"DP";"93010";"2023";"02/08/2023";"0"
"CU 93010 23 B0389";"CU";"93010";"2023";"02/10/2023";"0"
"DP 93010 24 B0009";"DP";"93010";"2024";"26/01/2024";"0"
"AT 93010 23 B0044";"AT";"93010";"2023";"10/10/2023";"0"
"DP 93010 23 B0156";"DP";"93010";"2023";"06/10/2023";"0"
"DP 93010 23 B0130";"DP";"93010";"2023";"08/08/2023";"1"
"DP 93010 23 B0160";"DP";"93010";"2023";"16/10/2023";"1"
"PC 93010 23 B0053";"PC";"93010";"2023";"12/10/2023";"1"
"PC 93010 23 B0016";"PC";"93010";"2023";"13/04/2023";"0"
"PC 93010 23 B0047";"PC";"93010";"2023";"28/08/2023";"1"
"CU 93010 23 B0467";"CU";"93010";"2023";"30/11/2023";"0"
"PC 93010 23 B0030";"PC";"93010";"2023";"12/06/2023";"1"
"DP 93010 23 B0159";"DP";"93010";"2023";"13/10/2023";"1"
"CU 93010 23 B0442";"CU";"93010";"2023";"03/11/2023";"0"
"CU 93010 23 B0443";"CU";"93010";"2023";"08/11/2023";"1"
"PD 93010 23 B0004";"PD";"93010";"2023";"20/06/2023";"0"
"DP 93010 23 B0157";"DP";"93010";"2023";"12/10/2023";"0"
"CU 93010 23 B0396";"CU";"93010";"2023";"12/10/2023";"1"
"CU 93010 23 B0398";"CU";"93010";"2023";"13/10/2023";"1"
"CU 93010 23 B0394";"CU";"93010";"2023";"06/10/2023";"0"
"AT 93010 23 B0039";"AT";"93010";"2023";"21/08/2023";"0"
"PC 93010 23 B0043";"PC";"93010";"2023";"28/07/2023";"0"
"DP 93010 23 B0158";"DP";"93010";"2023";"12/10/2023";"1"
"CU 93010 23 B0446";"CU";"93010";"2023";"13/11/2023";"0"
"DP 93010 23 B0170";"DP";"93010";"2023";"27/10/2023";"1"
"CU 93010 23 B0379";"CU";"93010";"2023";"28/09/2023";"1"
"CU 93010 23 B0424";"CU";"93010";"2023";"25/10/2023";"1"
"CU 93010 23 B0335";"CU";"93010";"2023";"10/08/2023";"0"
"CU 93010 23 B0382";"CU";"93010";"2023";"30/10/2023";"1"
"PC 93010 23 B0042";"PC";"93010";"2023";"27/07/2023";"1"
"CU 93010 23 B0392";"CU";"93010";"2023";"04/10/2023";"0"
"CU 93010 23 B0425";"CU";"93010";"2023";"26/10/2023";"1"
"AT 93010 23 B0047";"AT";"93010";"2023";"30/10/2023";"0"
"PC 93010 23 B0052";"PC";"93010";"2023";"10/10/2023";"1"
"DP 93010 23 B0178";"DP";"93010";"2023";"06/11/2023";"0"
"DP 93010 23 B0175";"DP";"93010";"2023";"08/11/2023";"0"
"PC 93010 22 B0002";"PC";"93010";"2022";"13/01/2022";"0"
"CU 93010 23 B0397";"CU";"93010";"2023";"13/10/2023";"1"
"DP 93010 23 B0038";"DP";"93010";"2023";"07/03/2023";"0"
"CU 93010 23 B0400";"CU";"93010";"2023";"09/10/2023";"0"
"PC 93010 23 B0055";"PC";"93010";"2023";"25/10/2023";"1"
"CU 93010 23 B0401";"CU";"93010";"2023";"10/10/2023";"0"
"PC 93010 19 B0037";"PC";"93010";"2019";"25/06/2019";"0"
"DP 93010 23 B0167";"DP";"93010";"2023";"23/10/2023";"0"
"DP 93010 23 B0174";"DP";"93010";"2023";"03/11/2023";"1"
"DP 93010 23 B0177";"DP";"93010";"2023";"03/11/2023";"0"
"PC 93010 15 B0025 M02";"PC";"93010";"2023";"21/06/2023";"0"
"PC 93010 15 B0069";"PC";"93010";"2015";"13/11/2015";"0"
"CU 93010 23 B0431";"CU";"93010";"2023";"02/11/2023";"1"
"CU 93010 23 B0427";"CU";"93010";"2023";"27/10/2023";"1"
"CU 93010 23 B0428";"CU";"93010";"2023";"27/10/2023";"1"
"CU 93010 23 B0433";"CU";"93010";"2023";"03/11/2023";"1"
"AT 93010 23 B0021";"AT";"93010";"2023";"02/05/2023";"0"
"CU 93010 23 B0348";"CU";"93010";"2023";"28/08/2023";"0"
"PC 93010 23 B0031";"PC";"93010";"2023";"23/06/2023";"1"
"CU 93010 23 B0383";"CU";"93010";"2023";"30/09/2023";"1"
"CU 93010 23 B0426";"CU";"93010";"2023";"26/10/2023";"1"
"CU 93010 23 B0399";"CU";"93010";"2023";"09/10/2023";"0"
"CU 93010 24 B0092";"CU";"93010";"2024";"11/03/2024";"1"
"CU 93010 24 B0023";"CU";"93010";"2024";"18/01/2024";"1"
"CU 93010 23 B0372";"CU";"93010";"2023";"21/09/2023";"1"
"PC 93010 20 B0059";"PC";"93010";"2020";"21/10/2020";"0"
"CU 93010 23 B0373";"CU";"93010";"2023";"13/09/2023";"0"
"CU 93010 23 B0374";"CU";"93010";"2023";"14/09/2023";"0"
"CU 93010 23 B0468";"CU";"93010";"2023";"30/11/2023";"0"
"DP 93010 23 B0122";"DP";"93010";"2023";"31/07/2023";"1"
"CU 93010 23 B0453";"CU";"93010";"2023";"22/11/2023";"1"
"CU 93010 23 B0456";"CU";"93010";"2023";"23/11/2023";"1"
"AT 93010 23 B0027";"AT";"93010";"2023";"05/06/2023";"0"
"DP 93010 21 B0218";"DP";"93010";"2021";"31/12/2021";"0"
"DP 93010 23 B0169";"DP";"93010";"2023";"25/10/2023";"1"
"CU 93010 23 B0447";"CU";"93010";"2023";"16/11/2023";"1"
"CU 93010 23 B0448";"CU";"93010";"2023";"14/11/2023";"0"
"CU 93010 23 B0451";"CU";"93010";"2023";"15/11/2023";"0"
"CU 93010 23 B0429";"CU";"93010";"2023";"27/10/2023";"1"
"CU 93010 23 B0434";"CU";"93010";"2023";"30/10/2023";"0"
"CU 93010 23 B0435";"CU";"93010";"2023";"25/10/2023";"0"
"CU 93010 23 B0444";"CU";"93010";"2023";"09/11/2023";"1"
"CU 93010 26 B0012";"CU";"93010";"2026";"15/01/2026";"1"
"PC 93010 23 B0032";"PC";"93010";"2023";"26/06/2023";"1"
"CU 93010 23 B0384";"CU";"93010";"2023";"28/09/2023";"0"
"DP 93010 23 B0186";"DP";"93010";"2023";"28/11/2023";"0"
"DP 93010 24 B0057";"DP";"93010";"2024";"23/04/2024";"1"
"DP 93010 23 B0116";"DP";"93010";"2023";"28/06/2023";"0"
"DP 93010 23 B0120";"DP";"93010";"2023";"20/07/2023";"1"
"DP 93010 23 B0171";"DP";"93010";"2023";"27/10/2023";"1"
"CU 93010 23 B0306";"CU";"93010";"2023";"20/07/2023";"1"
"PC 93010 23 B0039";"PC";"93010";"2023";"21/07/2023";"1"
"DP 93010 23 B0020";"DP";"93010";"2023";"08/02/2023";"0"
"DP 93010 23 B0190";"DP";"93010";"2023";"05/12/2023";"1"
"CU 93010 23 B0473";"CU";"93010";"2023";"04/12/2023";"0"
"DP 93010 23 B0181";"DP";"93010";"2023";"15/11/2023";"1"
"CU 93010 24 B0057";"CU";"93010";"2024";"12/02/2024";"0"
"CU 93010 23 B0298";"CU";"93010";"2023";"13/07/2023";"1"
"CU 93010 23 B0299";"CU";"93010";"2023";"13/07/2023";"1"
"AT 93010 23 B0048";"AT";"93010";"2023";"21/11/2023";"0"
"CU 93010 23 B0300";"CU";"93010";"2023";"13/07/2023";"1"
"CU 93010 23 B0464";"CU";"93010";"2023";"30/11/2023";"1"
"CU 93010 23 B0416";"CU";"93010";"2023";"23/10/2023";"1"
"CU 93010 23 B0465";"CU";"93010";"2023";"29/11/2023";"0"
"CU 93010 24 B0006";"CU";"93010";"2024";"09/01/2024";"1"
"DP 93010 23 B0162";"DP";"93010";"2023";"17/10/2023";"1"
"CU 93010 23 B0449";"CU";"93010";"2023";"15/11/2023";"0"
"CU 93010 23 B0450";"CU";"93010";"2023";"15/11/2023";"0"
"CU 93010 23 B0463";"CU";"93010";"2023";"29/11/2023";"1"
"CU 93010 23 B0462";"CU";"93010";"2023";"28/11/2023";"1"
"DP 93010 23 B0194";"DP";"93010";"2023";"07/12/2023";"0"
"DP 93010 23 B0166";"DP";"93010";"2023";"23/10/2023";"1"
"CU 93010 23 B0485";"CU";"93010";"2023";"13/12/2023";"1"
"CU 93010 23 B0487";"CU";"93010";"2023";"13/12/2023";"1"
"DP 93010 23 B0193";"DP";"93010";"2023";"08/12/2023";"1"
"CU 93010 23 B0307";"CU";"93010";"2023";"21/07/2023";"1"
"DP 93010 23 B0199";"DP";"93010";"2023";"12/12/2023";"0"
"DP 93010 23 B0197";"DP";"93010";"2023";"14/12/2023";"1"
"CU 93010 23 B0496";"CU";"93010";"2023";"20/12/2023";"1"
"CU 93010 23 B0489";"CU";"93010";"2023";"13/12/2023";"1"
"DP 93010 23 B0196";"DP";"93010";"2023";"14/12/2023";"1"
"PD 93010 23 B0008";"PD";"93010";"2023";"01/12/2023";"0"
"CU 93010 23 B0488";"CU";"93010";"2023";"13/12/2023";"1"
"CU 93010 23 B0498";"CU";"93010";"2023";"18/12/2023";"0"
"PC 93010 23 B0040";"PC";"93010";"2023";"21/07/2023";"1"
"DP 93010 23 B0115";"DP";"93010";"2023";"30/06/2023";"1"
"DP 93010 23 B0191";"DP";"93010";"2023";"05/12/2023";"0"
"CU 93010 24 B0024";"CU";"93010";"2024";"18/01/2024";"1"
"PC 93010 18 B0025 M01";"PC";"93010";"2023";"20/12/2023";"0"
"DP 93010 23 B0135";"DP";"93010";"2023";"17/08/2023";"0"
"CU 93010 23 B0436";"CU";"93010";"2023";"27/10/2023";"0"
"DP 93010 23 B0124";"DP";"93010";"2023";"31/07/2023";"0"
"CU 93010 23 B0490";"CU";"93010";"2023";"11/12/2023";"0"
"CU 93010 23 B0472";"CU";"93010";"2023";"05/12/2023";"0"
"CU 93010 23 B0470";"CU";"93010";"2023";"07/12/2023";"1"
"CU 93010 23 B0476";"CU";"93010";"2023";"07/12/2023";"0"
"CU 93010 23 B0474";"CU";"93010";"2023";"04/12/2023";"0"
"CU 93010 23 B0482";"CU";"93010";"2023";"11/12/2023";"1"
"CU 93010 23 B0477";"CU";"93010";"2023";"06/12/2023";"0"
"CU 93010 23 B0483";"CU";"93010";"2023";"11/12/2023";"1"
"DP 93010 23 B0148";"DP";"93010";"2023";"14/09/2023";"0"
"CU 93010 23 B0486";"CU";"93010";"2023";"13/12/2023";"1"
"CU 93010 23 B0308";"CU";"93010";"2023";"21/07/2023";"1"
"PC 93010 23 B0060";"PC";"93010";"2023";"05/12/2023";"0"
"DP 93010 24 B0047";"DP";"93010";"2024";"09/04/2024";"0"
"PD 93010 23 B0010";"PD";"93010";"2023";"14/12/2023";"1"
"CU 93010 24 B0041";"CU";"93010";"2024";"29/01/2024";"0"
"CU 93010 23 B0497";"CU";"93010";"2023";"18/12/2023";"0"
"DP 93010 23 B0202";"DP";"93010";"2023";"18/12/2023";"0"
"PD 93010 23 B0011";"PD";"93010";"2023";"11/12/2023";"0"
"AT 93010 23 B0046";"AT";"93010";"2023";"03/11/2023";"0"
"CU 93010 24 B0071";"CU";"93010";"2024";"21/02/2024";"1"
"CU 93010 24 B0075";"CU";"93010";"2024";"23/02/2024";"0"
"CU 93010 24 B0012";"CU";"93010";"2024";"16/01/2024";"1"
"PD 93010 23 B0006";"PD";"93010";"2023";"30/10/2023";"0"
"CU 93010 23 B0437";"CU";"93010";"2023";"06/11/2023";"1"
"DP 93010 23 B0144";"DP";"93010";"2023";"08/09/2023";"1"
"PD 93010 23 B0007";"PD";"93010";"2023";"30/10/2023";"0"
"DP 93010 23 B0108";"DP";"93010";"2023";"19/06/2023";"0"
"PC 93010 19 B0030";"PC";"93010";"2021";"29/05/2019";"0"
"DP 93010 23 B0129";"DP";"93010";"2023";"08/08/2023";"1"
"DP 93010 23 B0133";"DP";"93010";"2023";"09/08/2023";"1"
"PC 93010 23 B0049";"PC";"93010";"2023";"02/10/2023";"1"
"DP 93010 23 B0136";"DP";"93010";"2023";"21/08/2023";"0"
"CU 93010 23 B0471";"CU";"93010";"2023";"07/12/2023";"1"
"CU 93010 23 B0478";"CU";"93010";"2023";"08/12/2023";"1"
"CU 93010 23 B0484";"CU";"93010";"2023";"11/12/2023";"1"
"DP 93010 23 B0182";"DP";"93010";"2023";"15/11/2023";"0"
"CU 93010 23 B0494";"CU";"93010";"2023";"15/12/2023";"0"
"CU 93010 23 B0495";"CU";"93010";"2023";"19/12/2023";"1"
"CU 93010 24 B0034";"CU";"93010";"2024";"25/01/2024";"1"
"CU 93010 24 B0035";"CU";"93010";"2024";"26/01/2024";"1"
"CU 93010 24 B0037";"CU";"93010";"2024";"30/01/2024";"1"
"PC 93010 20 B0057 M02";"PC";"93010";"2024";"23/01/2024";"0"
"DP 93010 24 B0016";"DP";"93010";"2024";"06/02/2024";"1"
"DP 93010 23 B0165";"DP";"93010";"2023";"19/10/2023";"1"
"CU 93010 23 B0503";"CU";"93010";"2023";"21/12/2023";"0"
"AT 93010 23 B0052";"AT";"93010";"2023";"22/12/2023";"0"
"CU 93010 24 B0132";"CU";"93010";"2024";"05/04/2024";"1"
"CU 93010 24 B0014";"CU";"93010";"2024";"18/01/2024";"1"
"CU 93010 24 B0020";"CU";"93010";"2024";"18/01/2024";"1"
"CU 93010 24 B0015";"CU";"93010";"2024";"18/01/2024";"1"
"CU 93010 24 B0017";"CU";"93010";"2024";"18/01/2024";"1"
"DP 93010 24 B0008";"DP";"93010";"2024";"25/01/2024";"1"
"CU 93010 24 B0028";"CU";"93010";"2024";"22/01/2024";"1"
"CU 93010 24 B0021";"CU";"93010";"2024";"18/01/2024";"1"
"AT 93010 24 B0001";"AT";"93010";"2024";"16/01/2024";"0"
"DP 93010 24 B0004";"DP";"93010";"2024";"08/01/2024";"0"
"CU 93010 24 B0031";"CU";"93010";"2024";"24/01/2024";"1"
"CU 93010 23 B0504";"CU";"93010";"2023";"29/12/2023";"0"
"CU 93010 24 B0032";"CU";"93010";"2024";"19/01/2024";"0"
"CU 93010 24 B0033";"CU";"93010";"2024";"22/01/2024";"0"
"CU 93010 24 B0059";"CU";"93010";"2024";"14/02/2024";"0"
"PC 93010 24 B0003";"PC";"93010";"2024";"18/01/2024";"1"
"CU 93010 24 B0076";"CU";"93010";"2024";"23/02/2024";"0"
"CU 93010 24 B0078";"CU";"93010";"2024";"23/02/2024";"0"
"PC 93010 20 B0056";"PC";"93010";"2020";"09/10/2020";"0"
"PC 93010 20 B0057 M01";"PC";"93010";"2022";"14/01/2022";"0"
"CU 93010 24 B0003";"CU";"93010";"2024";"04/01/2024";"1"
"CU 93010 24 B0009";"CU";"93010";"2024";"11/01/2024";"1"
"CU 93010 24 B0004";"CU";"93010";"2024";"05/01/2024";"1"
"PC 93010 20 B0057";"PC";"93010";"2020";"14/09/2020";"0"
"DP 93010 24 B0001";"DP";"93010";"2024";"02/01/2024";"1"
"AT 93010 23 B0053";"AT";"93010";"2023";"22/12/2023";"0"
"DP 93010 24 B0002";"DP";"93010";"2024";"06/01/2024";"1"
"CU 93010 23 B0499";"CU";"93010";"2023";"20/12/2023";"0"
"DP 93010 22 B0156";"DP";"93010";"2022";"25/10/2022";"1"
"AT 93010 24 B0004";"AT";"93010";"2024";"31/01/2024";"0"
"DP 93010 23 B0203";"DP";"93010";"2023";"26/12/2023";"1"
"DP 93010 24 B0010";"DP";"93010";"2024";"31/01/2024";"1"
"DP 93010 23 B0060";"DP";"93010";"2023";"11/04/2023";"1"
"DP 93010 24 B0007";"DP";"93010";"2024";"24/01/2024";"1"
"PC 93010 23 B0062";"PC";"93010";"2023";"19/12/2023";"1"
"CU 93010 23 B0502";"CU";"93010";"2023";"28/12/2023";"1"
"CU 93010 24 B0094";"CU";"93010";"2024";"11/03/2024";"1"
"CU 93010 24 B0013";"CU";"93010";"2024";"18/01/2024";"1"
"CU 93010 24 B0048";"CU";"93010";"2024";"05/02/2024";"0"
"CU 93010 24 B0202";"CU";"93010";"2024";"31/05/2024";"0"
"CU 93010 24 B0050";"CU";"93010";"2024";"08/02/2024";"1"
"DP 93010 24 B0013";"DP";"93010";"2024";"01/02/2024";"0"
"CU 93010 24 B0016";"CU";"93010";"2024";"18/01/2024";"1"
"AT 93010 24 B0005";"AT";"93010";"2024";"01/02/2024";"0"
"DP 93010 24 B0014";"DP";"93010";"2024";"01/02/2024";"0"
"DP 93010 24 B0011";"DP";"93010";"2024";"31/01/2024";"0"
"CU 93010 24 B0077";"CU";"93010";"2024";"23/02/2024";"0"
"PD 93010 23 B0009";"PD";"93010";"2023";"05/12/2023";"1"
"PC 93010 14 B0057 M01";"PC";"93010";"2023";"28/07/2023";"0"
"AT 93010 23 B0038";"AT";"93010";"2023";"21/08/2023";"0"
"CU 93010 24 B0039";"CU";"93010";"2024";"25/01/2024";"0"
"CU 93010 24 B0044";"CU";"93010";"2024";"06/02/2024";"1"
"CU 93010 24 B0045";"CU";"93010";"2024";"06/02/2024";"1"
"CU 93010 23 B0505";"CU";"93010";"2023";"29/12/2023";"0"
"CU 93010 24 B0007";"CU";"93010";"2024";"09/01/2024";"1"
"CU 93010 24 B0008";"CU";"93010";"2024";"05/01/2024";"0"
"CU 93010 23 B0500";"CU";"93010";"2023";"20/12/2023";"0"
"PC 93010 23 B0038";"PC";"93010";"2023";"13/07/2023";"1"
"DP 93010 24 B0017";"DP";"93010";"2024";"06/02/2024";"1"
"CU 93010 23 B0501";"CU";"93010";"2023";"22/12/2023";"1"
"CU 93010 24 B0036";"CU";"93010";"2024";"29/01/2024";"1"
"CU 93010 24 B0052";"CU";"93010";"2024";"08/02/2024";"1"
"CU 93010 24 B0047";"CU";"93010";"2024";"05/02/2024";"0"
"CU 93010 24 B0093";"CU";"93010";"2024";"07/03/2024";"0"
"CU 93010 24 B0025";"CU";"93010";"2024";"16/01/2024";"0"
"DP 93010 23 B0188";"DP";"93010";"2023";"01/12/2023";"0"
"CU 93010 24 B0030";"CU";"93010";"2024";"17/01/2024";"0"
"CU 93010 24 B0054";"CU";"93010";"2024";"13/02/2024";"1"
"DP 93010 23 B0183";"DP";"93010";"2023";"20/11/2023";"0"
"DP 93010 24 B0104";"DP";"93010";"2024";"01/07/2024";"0"
"PC 93010 24 B0005";"PC";"93010";"2024";"09/02/2024";"1"
"PC 93010 20 B0056 M02";"PC";"93010";"2024";"23/01/2024";"0"
"DP 93010 24 B0022";"DP";"93010";"2024";"16/02/2024";"1"
"CU 93010 24 B0027";"CU";"93010";"2024";"19/01/2024";"1"
"CU 93010 24 B0060";"CU";"93010";"2024";"16/02/2024";"0"
"DP 93010 23 B0198";"DP";"93010";"2023";"14/12/2023";"1"
"CU 93010 23 B0506";"CU";"93010";"2023";"29/12/2023";"0"
"CU 93010 24 B0038";"CU";"93010";"2024";"25/01/2024";"0"
"CU 93010 24 B0042";"CU";"93010";"2024";"29/01/2024";"0"
"DP 93010 24 B0006";"DP";"93010";"2024";"19/01/2024";"1"
"DP 93010 24 B0005";"DP";"93010";"2024";"11/01/2024";"0"
"AT 93010 24 B0010";"AT";"93010";"2024";"18/03/2024";"0"
"DP 93010 24 B0012";"DP";"93010";"2024";"31/01/2024";"1"
"DP 93010 23 B0200";"DP";"93010";"2023";"14/12/2023";"1"
"CU 93010 24 B0046";"CU";"93010";"2024";"02/02/2024";"0"
"CU 93010 24 B0049";"CU";"93010";"2024";"05/02/2024";"0"
"CU 93010 24 B0051";"CU";"93010";"2024";"08/02/2024";"1"
"CU 93010 24 B0018";"CU";"93010";"2024";"18/01/2024";"1"
"CU 93010 24 B0019";"CU";"93010";"2024";"18/01/2024";"1"
"CU 93010 24 B0053";"CU";"93010";"2024";"08/02/2024";"1"
"CU 93010 24 B0100";"CU";"93010";"2024";"13/03/2024";"1"
"CU 93010 24 B0022";"CU";"93010";"2024";"18/01/2024";"1"
"CU 93010 24 B0001";"CU";"93010";"2024";"02/01/2024";"1"
"CU 93010 24 B0026";"CU";"93010";"2024";"15/01/2024";"0"
"CU 93010 24 B0002";"CU";"93010";"2024";"03/01/2024";"1"
"CU 93010 24 B0005";"CU";"93010";"2024";"05/01/2024";"1"
"PC 93010 20 B0056 M01";"PC";"93010";"2022";"14/01/2022";"0"
"CU 93010 24 B0010";"CU";"93010";"2024";"10/01/2024";"0"
"CU 93010 24 B0040";"CU";"93010";"2024";"29/01/2024";"0"
"PC 93010 24 B0008";"PC";"93010";"2024";"04/03/2024";"1"
"DP 93010 23 B0173";"DP";"93010";"2023";"02/11/2023";"1"
"DP 93010 24 B0015";"DP";"93010";"2024";"29/01/2024";"0"
"CU 93010 24 B0139";"CU";"93010";"2024";"15/04/2024";"1"
"CU 93010 24 B0081";"CU";"93010";"2024";"29/02/2024";"1"
"CU 93010 24 B0082";"CU";"93010";"2024";"01/03/2024";"1"
"CU 93010 24 B0058";"CU";"93010";"2024";"14/02/2024";"0"
"PC 93010 24 B0006";"PC";"93010";"2024";"15/02/2024";"1"
"PC 93010 18 B0025";"PC";"93010";"2018";"17/05/2018";"0"
"PC 93010 21 B0070 M01";"PC";"93010";"2024";"28/02/2024";"0"
"AT 93010 23 B0049";"AT";"93010";"2023";"20/11/2023";"0"
"CU 93010 24 B0061";"CU";"93010";"2024";"15/02/2024";"0"
"CU 93010 24 B0065";"CU";"93010";"2024";"19/02/2024";"0"
"CU 93010 24 B0062";"CU";"93010";"2024";"15/02/2024";"0"
"CU 93010 24 B0063";"CU";"93010";"2024";"15/02/2024";"0"
"CU 93010 24 B0064";"CU";"93010";"2024";"16/02/2024";"1"
"CU 93010 24 B0066";"CU";"93010";"2024";"20/02/2024";"1"
"CU 93010 24 B0068";"CU";"93010";"2024";"20/02/2024";"1"
"CU 93010 24 B0070";"CU";"93010";"2024";"21/02/2024";"1"
"CU 93010 24 B0074";"CU";"93010";"2024";"22/02/2024";"0"
"CU 93010 24 B0080";"CU";"93010";"2024";"26/02/2024";"0"
"CU 93010 24 B0079";"CU";"93010";"2024";"27/02/2024";"1"
"AT 93010 24 B0008";"AT";"93010";"2024";"06/03/2024";"0"
"DP 93010 24 B0020";"DP";"93010";"2024";"12/02/2024";"0"
"CU 93010 24 B0109";"CU";"93010";"2024";"19/03/2024";"1"
"CU 93010 24 B0083";"CU";"93010";"2024";"28/02/2024";"0"
"CU 93010 24 B0084";"CU";"93010";"2024";"06/03/2024";"1"
"CU 93010 24 B0085";"CU";"93010";"2024";"06/03/2024";"1"
"CU 93010 24 B0086";"CU";"93010";"2024";"06/03/2024";"1"
"CU 93010 24 B0088";"CU";"93010";"2024";"07/03/2024";"1"
"CU 93010 24 B0089";"CU";"93010";"2024";"07/03/2024";"1"
"CU 93010 24 B0090";"CU";"93010";"2024";"07/03/2024";"1"
"PC 93010 23 B0057";"PC";"93010";"2023";"13/11/2023";"0"
"CU 93010 24 B0073";"CU";"93010";"2024";"22/02/2024";"1"
"CU 93010 24 B0067";"CU";"93010";"2024";"20/02/2024";"1"
"CU 93010 24 B0069";"CU";"93010";"2024";"21/02/2024";"1"
"CU 93010 24 B0072";"CU";"93010";"2024";"21/02/2024";"0"
"CU 93010 24 B0087";"CU";"93010";"2024";"06/03/2024";"1"
"PC 93010 24 B0004";"PC";"93010";"2024";"25/01/2024";"1"
"DP 93010 24 B0034";"DP";"93010";"2024";"19/03/2024";"0"
"DP 93010 24 B0030";"DP";"93010";"2024";"12/03/2024";"1"
"DP 93010 24 B0031";"DP";"93010";"2024";"13/03/2024";"1"
"PC 93010 20 B0058 M01";"PC";"93010";"2022";"14/02/2022";"0"
"CU 93010 24 B0095";"CU";"93010";"2024";"08/03/2024";"0"
"PC 93010 17 B0053 M01";"PC";"93010";"2024";"22/03/2024";"0"
"PC 93010 17 B0053";"PC";"93010";"2017";"18/09/2017";"0"
"DP 93010 24 B0045";"DP";"93010";"2024";"29/03/2024";"0"
"DP 93010 24 B0036";"DP";"93010";"2024";"21/03/2024";"1"
"DP 93010 24 B0026";"DP";"93010";"2024";"28/02/2024";"1"
"DP 93010 24 B0033";"DP";"93010";"2024";"14/03/2024";"1"
"DP 93010 24 B0037";"DP";"93010";"2024";"22/03/2024";"0"
"CU 93010 24 B0115";"CU";"93010";"2024";"22/03/2024";"1"
"CU 93010 24 B0113";"CU";"93010";"2024";"20/03/2024";"0"
"DP 93010 24 B0025";"DP";"93010";"2024";"28/02/2024";"1"
"CU 93010 24 B0114";"CU";"93010";"2024";"20/03/2024";"0"
"CU 93010 24 B0116";"CU";"93010";"2024";"22/03/2024";"1"
"PC 93010 23 B0058";"PC";"93010";"2023";"22/11/2023";"1"
"CU 93010 24 B0117";"CU";"93010";"2024";"22/03/2024";"1"
"CU 93010 24 B0118";"CU";"93010";"2024";"21/03/2024";"0"
"CU 93010 24 B0101";"CU";"93010";"2024";"11/03/2024";"0"
"CU 93010 24 B0106";"CU";"93010";"2024";"15/03/2024";"1"
"CU 93010 24 B0107";"CU";"93010";"2024";"15/03/2024";"1"
"DP 93010 21 B0119";"DP";"93010";"2021";"10/06/2021";"0"
"CU 93010 24 B0096";"CU";"93010";"2024";"12/03/2024";"1"
"CU 93010 24 B0097";"CU";"93010";"2024";"12/03/2024";"1"
"CU 93010 24 B0098";"CU";"93010";"2024";"13/03/2024";"1"
"CU 93010 24 B0099";"CU";"93010";"2024";"13/03/2024";"1"
"DP 93010 24 B0023";"DP";"93010";"2024";"22/02/2024";"0"
"AT 93010 24 B0009";"AT";"93010";"2024";"07/03/2024";"0"
"CU 93010 24 B0110";"CU";"93010";"2024";"19/03/2024";"1"
"CU 93010 24 B0165";"CU";"93010";"2024";"06/05/2024";"1"
"CU 93010 24 B0111";"CU";"93010";"2024";"20/03/2024";"1"
"PC 93010 24 B0009";"PC";"93010";"2024";"25/03/2024";"1"
"CU 93010 24 B0102";"CU";"93010";"2024";"14/03/2024";"1"
"CU 93010 24 B0103";"CU";"93010";"2024";"15/03/2024";"1"
"PC 93010 22 B0049";"PC";"93010";"2022";"15/07/2022";"0"
"CU 93010 24 B0104";"CU";"93010";"2024";"15/03/2024";"1"
"CU 93010 24 B0105";"CU";"93010";"2024";"15/03/2024";"1"
"CU 93010 24 B0108";"CU";"93010";"2024";"18/03/2024";"1"
"DP 93010 23 B0184";"DP";"93010";"2023";"24/11/2023";"0"
"CU 93010 24 B0125";"CU";"93010";"2024";"29/03/2024";"0"
"CU 93010 24 B0119";"CU";"93010";"2024";"22/03/2024";"0"
"CU 93010 24 B0153";"CU";"93010";"2024";"24/04/2024";"0"
"CU 93010 24 B0141";"CU";"93010";"2024";"16/04/2024";"1"
"DP 93010 24 B0069";"DP";"93010";"2024";"06/05/2024";"0"
"PC 93010 20 B0036 M01";"PC";"93010";"2021";"10/11/2021";"0"
"DP 93010 24 B0106";"DP";"93010";"2024";"02/07/2024";"1"
"PC 93010 19 B0065 M04";"PC";"93010";"2026";"05/03/2026";"0"
"CU 93010 24 B0188";"CU";"93010";"2024";"21/05/2024";"1"
"CU 93010 24 B0212";"CU";"93010";"2024";"11/06/2024";"1"
"PC 93010 20 B0058 M02";"PC";"93010";"2024";"27/05/2024";"0"
"CU 93010 24 B0231";"CU";"93010";"2024";"25/06/2024";"1"
"DP 93010 24 B0080";"DP";"93010";"2024";"21/05/2024";"1"
"CU 93010 24 B0154";"CU";"93010";"2024";"29/04/2024";"1"
"PC 93010 20 B0080 T01";"PC";"93010";"2023";"30/03/2023";"0"
"CU 93010 24 B0173";"CU";"93010";"2024";"13/05/2024";"1"
"CU 93010 24 B0174";"CU";"93010";"2024";"13/05/2024";"1"
"DP 93010 24 B0083";"DP";"93010";"2024";"21/05/2024";"0"
"PC 93010 22 B0062 M01";"PC";"93010";"2024";"31/01/2024";"0"
"DP 93010 24 B0074";"DP";"93010";"2024";"14/05/2024";"1"
"DP 93010 24 B0087";"DP";"93010";"2024";"28/05/2024";"1"
"DP 93010 24 B0077";"DP";"93010";"2024";"17/05/2024";"1"
"DP 93010 24 B0072";"DP";"93010";"2024";"13/05/2024";"0"
"DP 93010 24 B0081";"DP";"93010";"2024";"21/05/2024";"0"
"PC 93010 24 B0022";"PC";"93010";"2024";"28/05/2024";"1"
"CU 93010 24 B0189";"CU";"93010";"2024";"21/05/2024";"0"
"CU 93010 24 B0142";"CU";"93010";"2024";"15/04/2024";"0"
"CU 93010 24 B0144";"CU";"93010";"2024";"15/04/2024";"0"
"DP 93010 24 B0058";"DP";"93010";"2024";"23/04/2024";"1"
"CU 93010 24 B0112";"CU";"93010";"2024";"20/03/2024";"1"
"DP 93010 24 B0043";"DP";"93010";"2024";"02/04/2024";"1"
"PC 93010 24 B0010";"PC";"93010";"2024";"26/03/2024";"1"
"CU 93010 24 B0129";"CU";"93010";"2024";"03/04/2024";"1"
"DP 93010 24 B0050";"DP";"93010";"2024";"08/04/2024";"0"
"CU 93010 24 B0126";"CU";"93010";"2024";"29/03/2024";"0"
"CU 93010 24 B0130";"CU";"93010";"2024";"04/04/2024";"1"
"CU 93010 24 B0127";"CU";"93010";"2024";"03/04/2024";"1"
"PC 93010 09 B0005 M01";"PC";"93010";"2024";"23/01/2024";"0"
"DP 93010 24 B0024";"DP";"93010";"2024";"26/02/2024";"1"
"DP 93010 24 B0038";"DP";"93010";"2024";"25/03/2024";"1"
"PC 93010 24 B0016";"PC";"93010";"2024";"12/04/2024";"0"
"CU 93010 24 B0302";"CU";"93010";"2024";"30/08/2024";"1"
"DP 93010 24 B0044";"DP";"93010";"2024";"02/04/2024";"1"
"CU 93010 24 B0284";"CU";"93010";"2024";"12/08/2024";"1"
"CU 93010 26 B0008";"CU";"93010";"2026";"09/01/2026";"1"
"PC 93010 24 B0014";"PC";"93010";"2024";"11/04/2024";"0"
"AT 93010 24 B0018";"AT";"93010";"2024";"06/05/2024";"0"
"CU 93010 24 B0120";"CU";"93010";"2024";"26/03/2024";"1"
"CU 93010 24 B0133";"CU";"93010";"2024";"10/04/2024";"1"
"CU 93010 24 B0135";"CU";"93010";"2024";"08/04/2024";"0"
"CU 93010 24 B0136";"CU";"93010";"2024";"08/04/2024";"0"
"CU 93010 24 B0137";"CU";"93010";"2024";"08/04/2024";"0"
"CU 93010 24 B0138";"CU";"93010";"2024";"08/04/2024";"0"
"CU 93010 24 B0140";"CU";"93010";"2024";"15/04/2024";"1"
"CU 93010 24 B0145";"CU";"93010";"2024";"15/04/2024";"0"
"AT 93010 24 B0013";"AT";"93010";"2024";"11/04/2024";"0"
"PC 93010 23 B0019";"PC";"93010";"2023";"24/04/2023";"0"
"DP 93010 24 B0039";"DP";"93010";"2024";"27/03/2024";"1"
"DP 93010 24 B0051";"DP";"93010";"2024";"09/04/2024";"1"
"CU 93010 24 B0131";"CU";"93010";"2024";"04/04/2024";"1"
"DP 93010 24 B0070";"DP";"93010";"2024";"06/05/2024";"0"
"AT 93010 24 B0016";"AT";"93010";"2024";"22/04/2024";"0"
"PC 93010 23 B0059 M01";"PC";"93010";"2024";"03/05/2024";"0"
"PC 93010 18 B0070 M01";"PC";"93010";"2024";"27/03/2024";"0"
"CU 93010 24 B0214";"CU";"93010";"2024";"10/06/2024";"0"
"CU 93010 24 B0213";"CU";"93010";"2024";"12/06/2024";"1"
"CU 93010 24 B0215";"CU";"93010";"2024";"12/06/2024";"1"
"CU 93010 24 B0134";"CU";"93010";"2024";"11/04/2024";"1"
"PC 93010 18 B0070";"PC";"93010";"2018";"26/11/2018";"0"
"PC 93010 17 B0052 M02";"PC";"93010";"2021";"21/12/2021";"0"
"CU 93010 24 B0121";"CU";"93010";"2024";"27/03/2024";"1"
"CU 93010 24 B0128";"CU";"93010";"2024";"03/04/2024";"1"
"DP 93010 24 B0046";"DP";"93010";"2024";"03/04/2024";"1"
"DP 93010 23 B0168";"DP";"93010";"2023";"23/10/2023";"0"
"CU 93010 24 B0166";"CU";"93010";"2024";"03/05/2024";"0"
"PC 93010 23 B0059";"PC";"93010";"2023";"22/11/2023";"0"
"DP 93010 24 B0102";"DP";"93010";"2024";"26/06/2024";"1"
"DP 93010 23 B0185";"DP";"93010";"2023";"22/11/2023";"0"
"CU 93010 24 B0143";"CU";"93010";"2024";"15/04/2024";"0"
"CU 93010 24 B0168";"CU";"93010";"2024";"07/05/2024";"1"
"CU 93010 24 B0170";"CU";"93010";"2024";"07/05/2024";"0"
"DP 93010 24 B0055";"DP";"93010";"2024";"19/04/2024";"1"
"PC 93010 15 B0069 M05";"PC";"93010";"2024";"21/03/2024";"0"
"CU 93010 24 B0217";"CU";"93010";"2024";"12/06/2024";"0"
"CU 93010 24 B0171";"CU";"93010";"2024";"06/05/2024";"0"
"CU 93010 24 B0172";"CU";"93010";"2024";"06/05/2024";"0"
"CU 93010 24 B0164";"CU";"93010";"2024";"04/05/2024";"1"
"PC 93010 19 B0065";"PC";"93010";"2019";"15/11/2019";"0"
"AT 93010 24 B0014";"AT";"93010";"2024";"19/04/2024";"0"
"CU 93010 24 B0218";"CU";"93010";"2024";"12/06/2024";"0"
"CU 93010 24 B0219";"CU";"93010";"2024";"12/06/2024";"0"
"CU 93010 24 B0232";"CU";"93010";"2024";"24/06/2024";"0"
"AT 93010 24 B0024";"AT";"93010";"2024";"13/06/2024";"0"
"AT 93010 24 B0025";"AT";"93010";"2024";"12/06/2024";"0"
"DP 93010 24 B0059";"DP";"93010";"2024";"24/04/2024";"0"
"CU 93010 24 B0147";"CU";"93010";"2024";"22/04/2024";"0"
"PC 93010 19 B0065 M02";"PC";"93010";"2024";"16/04/2024";"0"
"CU 93010 24 B0149";"CU";"93010";"2024";"23/04/2024";"0"
"CU 93010 24 B0148";"CU";"93010";"2024";"23/04/2024";"1"
"CU 93010 24 B0155";"CU";"93010";"2024";"24/04/2024";"0"
"DP 93010 24 B0098";"DP";"93010";"2024";"14/06/2024";"1"
"DP 93010 24 B0130";"DP";"93010";"2024";"12/08/2024";"1"
"DP 93010 24 B0149";"DP";"93010";"2024";"21/09/2024";"1"
"DP 93010 24 B0056";"DP";"93010";"2024";"19/04/2024";"1"
"PC 93010 24 B0017";"PC";"93010";"2024";"17/04/2024";"1"
"CU 93010 24 B0152";"CU";"93010";"2024";"26/04/2024";"1"
"PC 93010 24 B0019";"PC";"93010";"2024";"22/04/2024";"1"
"DP 93010 23 B0176";"DP";"93010";"2023";"08/11/2023";"0"
"CU 93010 24 B0169";"CU";"93010";"2024";"07/05/2024";"1"
"CU 93010 24 B0190";"CU";"93010";"2024";"23/05/2024";"1"
"PC 93010 19 B0065 M01";"PC";"93010";"2021";"25/01/2021";"0"
"PC 93010 24 B0025";"PC";"93010";"2024";"04/06/2024";"0"
"AT 93010 24 B0026";"AT";"93010";"2024";"12/06/2024";"0"
"DP 93010 24 B0068";"DP";"93010";"2024";"03/05/2024";"1"
"DP 93010 24 B0052";"DP";"93010";"2024";"11/04/2024";"1"
"DP 93010 24 B0003";"DP";"93010";"2024";"15/01/2024";"1"
"PC 93010 24 B0001";"PC";"93010";"2024";"02/01/2024";"0"
"CU 93010 24 B0156";"CU";"93010";"2024";"30/04/2024";"1"
"DP 93010 24 B0136";"DP";"93010";"2024";"29/08/2024";"0"
"CU 93010 24 B0157";"CU";"93010";"2024";"30/04/2024";"1"
"CU 93010 24 B0158";"CU";"93010";"2024";"29/04/2024";"0"
"CU 93010 24 B0159";"CU";"93010";"2024";"02/05/2024";"1"
"CU 93010 24 B0162";"CU";"93010";"2024";"30/04/2024";"0"
"CU 93010 24 B0091";"CU";"93010";"2024";"04/03/2024";"0"
"CU 93010 24 B0161";"CU";"93010";"2024";"30/04/2024";"0"
"CU 93010 24 B0163";"CU";"93010";"2024";"02/05/2024";"0"
"CU 93010 24 B0167";"CU";"93010";"2024";"03/05/2024";"0"
"AT 93010 24 B0017";"AT";"93010";"2024";"10/04/2024";"0"
"DP 93010 23 B0016";"DP";"93010";"2023";"03/02/2023";"0"
"PC 93010 21 B0088";"PC";"93010";"2021";"23/11/2021";"0"
"DP 93010 24 B0065";"DP";"93010";"2024";"02/05/2024";"1"
"CU 93010 24 B0150";"CU";"93010";"2024";"23/04/2024";"0"
"CU 93010 24 B0151";"CU";"93010";"2024";"26/04/2024";"1"
"CU 93010 24 B0203";"CU";"93010";"2024";"31/05/2024";"0"
"AT 93010 23 B0051";"AT";"93010";"2023";"27/12/2023";"0"
"CU 93010 24 B0204";"CU";"93010";"2024";"03/06/2024";"0"
"CU 93010 24 B0186";"CU";"93010";"2024";"16/05/2024";"0"
"DP 93010 24 B0085";"DP";"93010";"2024";"23/05/2024";"1"
"PC 93010 23 B0054";"PC";"93010";"2023";"24/10/2023";"0"
"CU 93010 24 B0194";"CU";"93010";"2024";"28/05/2024";"1"
"CU 93010 24 B0191";"CU";"93010";"2024";"23/05/2024";"1"
"CU 93010 24 B0192";"CU";"93010";"2024";"23/05/2024";"1"
"PC 93010 18 B0070 T02";"PC";"93010";"2020";"16/11/2020";"0"
"CU 93010 24 B0160";"CU";"93010";"2024";"03/05/2024";"1"
"DP 93010 23 B0134";"DP";"93010";"2023";"14/08/2023";"1"
"CU 93010 24 B0210";"CU";"93010";"2024";"10/06/2024";"1"
"DP 93010 24 B0075";"DP";"93010";"2024";"10/05/2024";"0"
"CU 93010 24 B0193";"CU";"93010";"2024";"23/05/2024";"0"
"CU 93010 24 B0184";"CU";"93010";"2024";"16/05/2024";"0"
"CU 93010 24 B0221";"CU";"93010";"2024";"17/06/2024";"0"
"CU 93010 24 B0233";"CU";"93010";"2024";"25/06/2024";"0"
"DP 93010 24 B0027";"DP";"93010";"2024";"01/03/2024";"1"
"CU 93010 24 B0220";"CU";"93010";"2024";"14/06/2024";"1"
"DP 93010 24 B0060";"DP";"93010";"2024";"25/04/2024";"1"
"PC 93010 23 B0061";"PC";"93010";"2023";"15/12/2023";"1"
"AT 93010 24 B0019";"AT";"93010";"2024";"17/05/2024";"0"
"PC 93010 22 B0071 M01";"PC";"93010";"2024";"05/04/2024";"0"
"PC 93010 24 B0029";"PC";"93010";"2024";"01/07/2024";"0"
"CU 93010 24 B0195";"CU";"93010";"2024";"27/05/2024";"0"
"PC 93010 24 B0021";"PC";"93010";"2024";"24/05/2024";"0"
"CU 93010 24 B0176";"CU";"93010";"2024";"15/05/2024";"1"
"CU 93010 24 B0197";"CU";"93010";"2024";"27/05/2024";"0"
"CU 93010 24 B0198";"CU";"93010";"2024";"29/05/2024";"1"
"CU 93010 24 B0199";"CU";"93010";"2024";"29/05/2024";"1"
"CU 93010 24 B0146";"CU";"93010";"2024";"18/04/2024";"0"
"CU 93010 24 B0200";"CU";"93010";"2024";"29/05/2024";"1"
"PC 93010 24 B0023";"PC";"93010";"2024";"29/05/2024";"0"
"DP 93010 24 B0078";"DP";"93010";"2024";"17/05/2024";"1"
"CU 93010 24 B0178";"CU";"93010";"2024";"15/05/2024";"1"
"AT 93010 24 B0006";"AT";"93010";"2024";"12/02/2024";"0"
"CU 93010 24 B0182";"CU";"93010";"2024";"16/05/2024";"1"
"CU 93010 24 B0211";"CU";"93010";"2024";"10/06/2024";"1"
"DP 93010 24 B0076";"DP";"93010";"2024";"17/05/2024";"0"
"DP 93010 24 B0073";"DP";"93010";"2024";"13/05/2024";"1"
"CU 93010 24 B0216";"CU";"93010";"2024";"13/06/2024";"1"
"CU 93010 26 B0001";"CU";"93010";"2026";"02/01/2026";"1"
"DP 93010 24 B0088";"DP";"93010";"2024";"28/05/2024";"1"
"CU 93010 24 B0185";"CU";"93010";"2024";"16/05/2024";"0"
"CU 93010 24 B0187";"CU";"93010";"2024";"16/05/2024";"0"
"DP 93010 23 B0201";"DP";"93010";"2023";"20/12/2023";"1"
"DP 93010 24 B0062";"DP";"93010";"2024";"26/04/2024";"1"
"CU 93010 24 B0196";"CU";"93010";"2024";"27/05/2024";"0"
"CU 93010 24 B0177";"CU";"93010";"2024";"15/05/2024";"1"
"PC 93010 17 B0052 M04";"PC";"93010";"2024";"22/03/2024";"0"
"CU 93010 24 B0179";"CU";"93010";"2024";"16/05/2024";"1"
"CU 93010 24 B0180";"CU";"93010";"2024";"15/05/2024";"0"
"CU 93010 24 B0181";"CU";"93010";"2024";"15/05/2024";"0"
"CU 93010 24 B0224";"CU";"93010";"2024";"15/06/2024";"1"
"CU 93010 24 B0183";"CU";"93010";"2024";"17/05/2024";"1"
"DP 93010 24 B0054";"DP";"93010";"2024";"16/04/2024";"1"
"CU 93010 24 B0175";"CU";"93010";"2024";"15/05/2024";"1"
"DP 93010 24 B0066";"DP";"93010";"2024";"03/05/2024";"0"
"DP 93010 24 B0082";"DP";"93010";"2024";"21/05/2024";"0"
"CU 93010 24 B0207";"CU";"93010";"2024";"07/06/2024";"0"
"AT 93010 24 B0007";"AT";"93010";"2024";"06/03/2024";"0"
"CU 93010 24 B0208";"CU";"93010";"2024";"07/06/2024";"1"
"AT 93010 24 B0002";"AT";"93010";"2024";"23/01/2024";"0"
"DP 93010 23 B0011";"DP";"93010";"2023";"23/01/2023";"0"
"AT 93010 24 B0003";"AT";"93010";"2024";"30/01/2024";"0"
"DP 93010 24 B0100";"DP";"93010";"2024";"19/06/2024";"1"
"CU 93010 26 B0057";"CU";"93010";"2026";"25/02/2026";"0"
"PD 93010 24 B0001";"PD";"93010";"2024";"03/05/2024";"1"
"CU 93010 24 B0298";"CU";"93010";"2024";"29/08/2024";"1"
"CU 93010 24 B0222";"CU";"93010";"2024";"17/06/2024";"0"
"AT 93010 24 B0011";"AT";"93010";"2024";"26/03/2024";"0"
"DP 93010 24 B0086";"DP";"93010";"2024";"24/05/2024";"1"
"AT 93010 24 B0021";"AT";"93010";"2024";"05/06/2024";"0"
"DP 93010 24 B0089";"DP";"93010";"2024";"30/05/2024";"1"
"AT 93010 25 B0028";"AT";"93010";"2025";"13/06/2025";"0"
"DP 93010 24 B0094";"DP";"93010";"2024";"06/06/2024";"0"
"AT 93010 24 B0022";"AT";"93010";"2024";"06/06/2024";"0"
"DP 93010 24 B0071";"DP";"93010";"2024";"10/05/2024";"1"
"DP 93010 24 B0112";"DP";"93010";"2024";"12/07/2024";"0"
"DP 93010 25 B0036";"DP";"93010";"2025";"24/03/2025";"1"
"DP 93010 24 B0092";"DP";"93010";"2024";"04/06/2024";"1"
"CU 93010 24 B0122";"CU";"93010";"2024";"27/03/2024";"0"
"DP 93010 24 B0018";"DP";"93010";"2024";"02/02/2024";"0"
"PC 93010 18 B0060 M01";"PC";"93010";"2024";"25/03/2024";"0"
"CU 93010 24 B0123";"CU";"93010";"2024";"29/03/2024";"1"
"DP 93010 24 B0067";"DP";"93010";"2024";"30/04/2024";"0"
"DP 93010 24 B0040";"DP";"93010";"2024";"28/03/2024";"1"
"CU 93010 24 B0205";"CU";"93010";"2024";"07/06/2024";"1"
"CU 93010 24 B0206";"CU";"93010";"2024";"07/06/2024";"1"
"PC 93010 18 B0060";"PC";"93010";"2018";"27/09/2018";"0"
"CU 93010 24 B0223";"CU";"93010";"2024";"15/06/2024";"1"
"DP 93010 24 B0091";"DP";"93010";"2024";"30/05/2024";"0"
"DP 93010 24 B0099";"DP";"93010";"2024";"18/06/2024";"1"
"CU 93010 24 B0235";"CU";"93010";"2024";"28/06/2024";"0"
"CU 93010 24 B0236";"CU";"93010";"2024";"04/07/2024";"1"
"CU 93010 24 B0237";"CU";"93010";"2024";"04/07/2024";"1"
"DP 93010 24 B0064";"DP";"93010";"2024";"29/04/2024";"0"
"CU 93010 24 B0343";"CU";"93010";"2024";"11/10/2024";"1"
"DP 93010 24 B0107";"DP";"93010";"2024";"02/07/2024";"0"
"DP 93010 24 B0113";"DP";"93010";"2024";"12/07/2024";"1"
"PC 93010 25 B0015";"PC";"93010";"2025";"12/03/2025";"1"
"CU 93010 24 B0247";"CU";"93010";"2024";"12/07/2024";"1"
"CU 93010 24 B0244";"CU";"93010";"2024";"10/07/2024";"1"
"CU 93010 24 B0245";"CU";"93010";"2024";"11/07/2024";"1"
"CU 93010 24 B0246";"CU";"93010";"2024";"11/07/2024";"1"
"PC 93010 24 B0013";"PC";"93010";"2024";"04/04/2024";"1"
"CU 93010 24 B0240";"CU";"93010";"2024";"08/07/2024";"1"
"CU 93010 24 B0227";"CU";"93010";"2024";"18/06/2024";"1"
"CU 93010 24 B0228";"CU";"93010";"2024";"19/06/2024";"1"
"CU 93010 24 B0230";"CU";"93010";"2024";"20/06/2024";"1"
"DP 93010 24 B0103";"DP";"93010";"2024";"27/07/2024";"1"
"DP 93010 24 B0021";"DP";"93010";"2024";"14/02/2024";"1"
"DP 93010 24 B0095";"DP";"93010";"2024";"07/06/2024";"0"
"PC 93010 24 B0031";"PC";"93010";"2024";"04/07/2024";"1"
"CU 93010 24 B0225";"CU";"93010";"2024";"17/06/2024";"1"
"CU 93010 24 B0226";"CU";"93010";"2024";"18/06/2024";"1"
"CU 93010 24 B0229";"CU";"93010";"2024";"21/06/2024";"1"
"CU 93010 24 B0234";"CU";"93010";"2024";"01/07/2024";"1"
"DP 93010 24 B0109";"DP";"93010";"2024";"04/07/2024";"0"
"PC 93010 20 B0056 M03";"PC";"93010";"2024";"05/07/2024";"0"
"CU 93010 24 B0124";"CU";"93010";"2024";"29/03/2024";"1"
"DP 93010 24 B0041";"DP";"93010";"2024";"29/03/2024";"0"
"DP 93010 24 B0108";"DP";"93010";"2024";"28/06/2024";"0"
"PC 93010 22 B0008 M01";"PC";"93010";"2024";"29/03/2024";"0"
"PD 93010 24 B0002";"PD";"93010";"2024";"06/06/2024";"0"
"PD 93010 24 B0003";"PD";"93010";"2024";"06/06/2024";"0"
"AT 93010 24 B0012";"AT";"93010";"2024";"29/03/2024";"0"
"PC 93010 20 B0069 M01";"PC";"93010";"2024";"29/03/2024";"0"
"PC 93010 20 B0069";"PC";"93010";"2020";"05/11/2020";"0"
"PC 93010 21 B0077 M01";"PC";"93010";"2024";"14/10/2024";"0"
"PC 93010 24 B0052";"PC";"93010";"2024";"02/10/2024";"1"
"DP 93010 24 B0175";"DP";"93010";"2024";"02/11/2024";"1"
"CU 93010 24 B0252";"CU";"93010";"2024";"22/07/2024";"1"
"CU 93010 24 B0253";"CU";"93010";"2024";"22/07/2024";"1"
"CU 93010 24 B0254";"CU";"93010";"2024";"22/07/2024";"1"
"DP 93010 24 B0105";"DP";"93010";"2024";"01/07/2024";"1"
"DP 93010 22 B0122";"DP";"93010";"2022";"10/08/2022";"1"
"DP 93010 24 B0116";"DP";"93010";"2024";"18/07/2024";"1"
"DP 93010 24 B0114";"DP";"93010";"2024";"18/07/2024";"0"
"DP 93010 24 B0119";"DP";"93010";"2024";"22/07/2024";"1"
"CU 93010 24 B0248";"CU";"93010";"2024";"14/07/2024";"1"
"DP 93010 24 B0110";"DP";"93010";"2024";"08/07/2024";"1"
"CU 93010 24 B0319";"CU";"93010";"2024";"17/09/2024";"1"
"DP 93010 24 B0115";"DP";"93010";"2024";"17/07/2024";"1"
"PC 93010 13 B0071 M01";"PC";"93010";"2024";"05/11/2024";"0"
"CU 93010 24 B0249";"CU";"93010";"2024";"16/07/2024";"1"
"CU 93010 24 B0250";"CU";"93010";"2024";"18/07/2024";"1"
"CU 93010 24 B0251";"CU";"93010";"2024";"21/07/2024";"1"
"DP 93010 22 B0117";"DP";"93010";"2022";"05/08/2022";"0"
"CU 93010 25 B0391";"CU";"93010";"2025";"24/10/2025";"0"
"PC 93010 20 B0049 M02";"PC";"93010";"2024";"30/09/2024";"0"
"CU 93010 24 B0303";"CU";"93010";"2024";"02/09/2024";"1"
"CU 93010 24 B0260";"CU";"93010";"2024";"29/07/2024";"1"
"CU 93010 24 B0261";"CU";"93010";"2024";"30/07/2024";"1"
"PD 93010 24 B0005";"PD";"93010";"2024";"29/08/2024";"1"
"DP 93010 24 B0131";"DP";"93010";"2024";"12/08/2024";"0"
"CU 93010 24 B0293";"CU";"93010";"2024";"14/08/2024";"0"
"DP 93010 24 B0048";"DP";"93010";"2024";"05/04/2024";"1"
"PC 93010 21 B0102 M02";"PC";"93010";"2024";"09/09/2024";"0"
"AT 93010 24 B0045";"AT";"93010";"2024";"18/12/2024";"0"
"CU 93010 24 B0376";"CU";"93010";"2024";"02/11/2024";"1"
"CU 93010 24 B0347";"CU";"93010";"2024";"17/10/2024";"1"
"AT 93010 24 B0038";"AT";"93010";"2024";"23/09/2024";"0"
"AT 93010 24 B0046";"AT";"93010";"2024";"20/12/2024";"0"
"DP 93010 24 B0201";"DP";"93010";"2024";"20/12/2024";"0"
"CU 93010 24 B0363";"CU";"93010";"2024";"24/10/2024";"1"
"CU 93010 24 B0367";"CU";"93010";"2024";"25/10/2024";"0"
"CU 93010 24 B0364";"CU";"93010";"2024";"24/10/2024";"0"
"CU 93010 24 B0381";"CU";"93010";"2024";"29/10/2024";"0"
"CU 93010 24 B0357";"CU";"93010";"2024";"23/10/2024";"1"
"CU 93010 24 B0369";"CU";"93010";"2024";"25/10/2024";"0"
"CU 93010 24 B0358";"CU";"93010";"2024";"24/10/2024";"1"
"CU 93010 24 B0360";"CU";"93010";"2024";"24/10/2024";"1"
"CU 93010 24 B0370";"CU";"93010";"2024";"29/10/2024";"1"
"CU 93010 24 B0382";"CU";"93010";"2024";"05/11/2024";"1"
"CU 93010 24 B0377";"CU";"93010";"2024";"29/10/2024";"0"
"CU 93010 24 B0378";"CU";"93010";"2024";"04/11/2024";"1"
"CU 93010 24 B0379";"CU";"93010";"2024";"31/10/2024";"0"
"CU 93010 24 B0380";"CU";"93010";"2024";"29/10/2024";"0"
"DP 93010 24 B0096";"DP";"93010";"2024";"12/06/2024";"1"
"DP 93010 24 B0124";"DP";"93010";"2024";"01/08/2024";"1"
"CU 93010 24 B0266";"CU";"93010";"2024";"08/07/2024";"0"
"DP 93010 24 B0084";"DP";"93010";"2024";"23/05/2024";"1"
"CU 93010 24 B0323";"CU";"93010";"2024";"23/09/2024";"1"
"DP 93010 24 B0042";"DP";"93010";"2024";"02/04/2024";"0"
"PC 93010 24 B0030";"PC";"93010";"2024";"02/07/2024";"1"
"CU 93010 24 B0299";"CU";"93010";"2024";"29/08/2024";"1"
"CU 93010 24 B0300";"CU";"93010";"2024";"30/08/2024";"1"
"CU 93010 24 B0301";"CU";"93010";"2024";"30/08/2024";"1"
"CU 93010 24 B0324";"CU";"93010";"2024";"23/09/2024";"1"
"CU 93010 24 B0325";"CU";"93010";"2024";"23/09/2024";"1"
"DP 93010 24 B0126";"DP";"93010";"2024";"01/08/2024";"1"
"DP 93010 24 B0166";"DP";"93010";"2024";"14/10/2024";"1"
"DP 93010 24 B0127";"DP";"93010";"2024";"06/08/2024";"1"
"CU 93010 25 B0037";"CU";"93010";"2025";"03/02/2025";"1"
"PC 93010 24 B0038";"PC";"93010";"2024";"01/08/2024";"1"
"PC 93010 24 B0015";"PC";"93010";"2024";"10/04/2024";"1"
"PC 93010 24 B0012";"PC";"93010";"2024";"03/04/2024";"1"
"PC 93010 24 B0033";"PC";"93010";"2024";"08/07/2024";"1"
"DP 93010 24 B0123";"DP";"93010";"2024";"29/07/2024";"0"
"PC 93010 15 B0069 M06";"PC";"93010";"2024";"30/07/2024";"0"
"PC 93010 23 B0044 M01";"PC";"93010";"2024";"29/07/2024";"0"
"CU 93010 24 B0262";"CU";"93010";"2024";"01/08/2024";"1"
"CU 93010 24 B0265";"CU";"93010";"2024";"02/08/2024";"1"
"CU 93010 24 B0275";"CU";"93010";"2024";"06/08/2024";"1"
"CU 93010 24 B0243";"CU";"93010";"2024";"09/07/2024";"1"
"AT 93010 24 B0030";"AT";"93010";"2024";"02/08/2024";"0"
"DP 93010 24 B0128";"DP";"93010";"2024";"07/08/2024";"0"
"PC 93010 24 B0043";"PC";"93010";"2024";"05/09/2024";"1"
"CU 93010 24 B0238";"CU";"93010";"2024";"07/07/2024";"1"
"CU 93010 24 B0294";"CU";"93010";"2024";"12/08/2024";"0"
"AT 93010 24 B0015";"AT";"93010";"2024";"22/04/2024";"0"
"CU 93010 24 B0295";"CU";"93010";"2024";"20/08/2024";"1"
"CU 93010 24 B0296";"CU";"93010";"2024";"20/08/2024";"0"
"CU 93010 24 B0297";"CU";"93010";"2024";"23/08/2024";"1"
"DP 93010 24 B0146";"DP";"93010";"2024";"17/09/2024";"1"
"CU 93010 24 B0308";"CU";"93010";"2024";"04/09/2024";"1"
"PC 93010 21 B0059";"PC";"93010";"2021";"30/07/2021";"0"
"CU 93010 24 B0309";"CU";"93010";"2024";"02/09/2024";"0"
"CU 93010 24 B0310";"CU";"93010";"2024";"02/09/2024";"0"
"CU 93010 24 B0311";"CU";"93010";"2024";"04/09/2024";"1"
"DP 93010 24 B0139";"DP";"93010";"2024";"04/09/2024";"1"
"PC 93010 20 B0027 M01";"PC";"93010";"2021";"04/05/2021";"0"
"CU 93010 24 B0387";"CU";"93010";"2024";"13/11/2024";"1"
"PC 93010 24 B0047";"PC";"93010";"2024";"23/09/2024";"0"
"PC 93010 20 B0027";"PC";"93010";"2020";"27/05/2020";"0"
"CU 93010 24 B0359";"CU";"93010";"2024";"24/10/2024";"1"
"PC 93010 20 B0027 M02";"PC";"93010";"2024";"14/08/2024";"0"
"DP 93010 24 B0134";"DP";"93010";"2024";"19/08/2024";"0"
"CU 93010 24 B0306";"CU";"93010";"2024";"03/09/2024";"1"
"CU 93010 24 B0305";"CU";"93010";"2024";"03/09/2024";"1"
"CU 93010 24 B0304";"CU";"93010";"2024";"03/09/2024";"1"
"AT 93010 24 B0028";"AT";"93010";"2024";"02/07/2024";"0"
"CU 93010 24 B0239";"CU";"93010";"2024";"08/07/2024";"1"
"PD 93010 24 B0004";"PD";"93010";"2024";"09/07/2024";"1"
"CU 93010 24 B0288";"CU";"93010";"2024";"12/08/2024";"0"
"CU 93010 24 B0270";"CU";"93010";"2024";"22/07/2024";"0"
"CU 93010 24 B0272";"CU";"93010";"2024";"22/07/2024";"0"
"CU 93010 24 B0292";"CU";"93010";"2024";"14/08/2024";"1"
"CU 93010 24 B0273";"CU";"93010";"2024";"29/08/2024";"0"
"CU 93010 24 B0274";"CU";"93010";"2024";"29/07/2024";"0"
"AT 93010 25 B0013";"AT";"93010";"2025";"14/03/2025";"0"
"DP 93010 24 B0176";"DP";"93010";"2024";"12/11/2024";"1"
"DP 93010 24 B0129";"DP";"93010";"2024";"07/08/2024";"1"
"CU 93010 24 B0286";"CU";"93010";"2024";"09/08/2024";"0"
"CU 93010 24 B0287";"CU";"93010";"2024";"12/08/2024";"0"
"CU 93010 24 B0289";"CU";"93010";"2024";"13/08/2024";"1"
"CU 93010 24 B0290";"CU";"93010";"2024";"13/08/2024";"1"
"CU 93010 24 B0291";"CU";"93010";"2024";"14/08/2024";"1"
"PC 93010 24 B0032";"PC";"93010";"2024";"05/07/2024";"1"
"CU 93010 24 B0241";"CU";"93010";"2024";"09/07/2024";"1"
"DP 93010 24 B0132";"DP";"93010";"2024";"12/08/2024";"1"
"CU 93010 24 B0312";"CU";"93010";"2024";"10/09/2024";"1"
"PC 93010 24 B0040";"PC";"93010";"2024";"07/08/2024";"1"
"CU 93010 24 B0313";"CU";"93010";"2024";"10/09/2024";"1"
"DP 93010 24 B0061";"DP";"93010";"2024";"25/04/2024";"1"
"PC 93010 23 B0035 M01";"PC";"93010";"2024";"03/06/2024";"0"
"DP 93010 24 B0093";"DP";"93010";"2024";"05/06/2024";"0"
"AT 93010 24 B0027";"AT";"93010";"2024";"21/06/2024";"0"
"CU 93010 24 B0277";"CU";"93010";"2024";"05/08/2024";"0"
"CU 93010 24 B0278";"CU";"93010";"2024";"05/08/2024";"0"
"CU 93010 24 B0279";"CU";"93010";"2024";"05/08/2024";"0"
"CU 93010 24 B0263";"CU";"93010";"2024";"31/07/2024";"1"
"CU 93010 24 B0264";"CU";"93010";"2024";"31/07/2024";"1"
"CU 93010 24 B0280";"CU";"93010";"2024";"08/08/2024";"1"
"PC 93010 22 B0016 M01";"PC";"93010";"2024";"15/07/2024";"1"
"DP 93010 24 B0179";"DP";"93010";"2024";"13/11/2024";"1"
"PC 93010 24 B0055";"PC";"93010";"2024";"14/10/2024";"1"
"DP 93010 24 B0138";"DP";"93010";"2024";"03/09/2024";"1"
"DP 93010 24 B0167";"DP";"93010";"2024";"14/10/2024";"0"
"CU 93010 24 B0345";"CU";"93010";"2024";"14/10/2024";"1"
"DP 93010 24 B0117";"DP";"93010";"2024";"19/07/2024";"1"
"PC 93010 24 B0054";"PC";"93010";"2024";"08/10/2024";"1"
"CU 93010 24 B0346";"CU";"93010";"2024";"15/10/2024";"1"
"CU 93010 24 B0344";"CU";"93010";"2024";"11/10/2024";"0"
"CU 93010 25 B0014";"CU";"93010";"2025";"20/01/2025";"1"
"DP 93010 24 B0168";"DP";"93010";"2024";"17/10/2024";"1"
"PC 93010 24 B0024";"PC";"93010";"2024";"04/06/2024";"1"
"CU 93010 24 B0383";"CU";"93010";"2024";"06/11/2024";"1"
"CU 93010 24 B0285";"CU";"93010";"2024";"13/08/2024";"1"
"CU 93010 24 B0384";"CU";"93010";"2024";"07/11/2024";"1"
"CU 93010 24 B0392";"CU";"93010";"2024";"12/11/2024";"0"
"PC 93010 24 B0027";"PC";"93010";"2024";"21/06/2024";"1"
"CU 93010 24 B0361";"CU";"93010";"2024";"24/10/2024";"1"
"CU 93010 24 B0362";"CU";"93010";"2024";"24/10/2024";"1"
"CU 93010 24 B0368";"CU";"93010";"2024";"25/10/2024";"0"
"CU 93010 24 B0394";"CU";"93010";"2024";"18/11/2024";"1"
"CU 93010 24 B0334";"CU";"93010";"2024";"03/10/2024";"0"
"CU 93010 24 B0335";"CU";"93010";"2024";"08/10/2024";"1"
"PC 93010 24 B0056";"PC";"93010";"2024";"14/10/2024";"0"
"DP 93010 24 B0125";"DP";"93010";"2024";"01/08/2024";"1"
"CU 93010 24 B0316";"CU";"93010";"2024";"03/09/2024";"0"
"CU 93010 24 B0314";"CU";"93010";"2024";"09/09/2024";"0"
"CU 93010 24 B0315";"CU";"93010";"2024";"06/09/2024";"0"
"CU 93010 24 B0318";"CU";"93010";"2024";"12/09/2024";"1"
"CU 93010 24 B0317";"CU";"93010";"2024";"11/09/2024";"1"
"CU 93010 24 B0242";"CU";"93010";"2024";"09/07/2024";"1"
"CU 93010 25 B0008";"CU";"93010";"2025";"09/01/2025";"0"
"CU 93010 24 B0276";"CU";"93010";"2024";"06/08/2024";"0"
"CU 93010 24 B0271";"CU";"93010";"2024";"23/07/2024";"0"
"CU 93010 24 B0418";"CU";"93010";"2024";"02/12/2024";"1"
"PC 93010 22 B0030 T01";"PC";"93010";"2024";"13/12/2024";"0"
"CU 93010 24 B0281";"CU";"93010";"2024";"07/08/2024";"0"
"DP 93010 24 B0158";"DP";"93010";"2024";"01/10/2024";"1"
"DP 93010 24 B0135";"DP";"93010";"2024";"26/08/2024";"1"
"CU 93010 24 B0282";"CU";"93010";"2024";"07/08/2024";"0"
"CU 93010 24 B0283";"CU";"93010";"2024";"07/08/2024";"0"
"DP 93010 24 B0141";"DP";"93010";"2024";"10/09/2024";"1"
"CU 93010 24 B0410";"CU";"93010";"2024";"26/11/2024";"1"
"DP 93010 25 B0179";"DP";"93010";"2025";"05/11/2025";"1"
"DP 93010 24 B0159";"DP";"93010";"2024";"27/09/2024";"0"
"PC 93010 24 B0036";"PC";"93010";"2024";"30/07/2024";"0"
"PC 93010 24 B0037";"PC";"93010";"2024";"01/08/2024";"0"
"CU 93010 24 B0268";"CU";"93010";"2024";"15/07/2024";"0"
"CU 93010 24 B0267";"CU";"93010";"2024";"15/07/2024";"0"
"CU 93010 24 B0269";"CU";"93010";"2024";"18/07/2024";"0"
"AT 93010 24 B0032";"AT";"93010";"2024";"04/09/2024";"0"
"DP 93010 24 B0142";"DP";"93010";"2024";"09/09/2024";"0"
"DP 93010 24 B0143";"DP";"93010";"2024";"12/09/2024";"1"
"CU 93010 24 B0307";"CU";"93010";"2024";"03/09/2024";"1"
"CU 93010 24 B0255";"CU";"93010";"2024";"23/07/2024";"1"
"CU 93010 24 B0256";"CU";"93010";"2024";"25/07/2024";"1"
"CU 93010 24 B0257";"CU";"93010";"2024";"25/07/2024";"1"
"DP 93010 24 B0147";"DP";"93010";"2024";"18/09/2024";"1"
"CU 93010 24 B0258";"CU";"93010";"2024";"25/07/2024";"1"
"DP 93010 24 B0148";"DP";"93010";"2024";"19/09/2024";"1"
"CU 93010 22 B0318";"CU";"93010";"2022";"13/06/2022";"0"
"DP 93010 24 B0145";"DP";"93010";"2024";"17/09/2024";"1"
"CU 93010 24 B0320";"CU";"93010";"2024";"18/09/2024";"1"
"AT 93010 24 B0033";"AT";"93010";"2024";"30/08/2024";"0"
"CU 93010 26 B0010";"CU";"93010";"2026";"14/01/2026";"1"
"CU 93010 24 B0321";"CU";"93010";"2024";"19/09/2024";"1"
"AT 93010 24 B0023";"AT";"93010";"2024";"06/06/2024";"0"
"CU 93010 24 B0322";"CU";"93010";"2024";"19/09/2024";"0"
"PC 93010 24 B0045";"PC";"93010";"2024";"13/09/2024";"0"
"DP 93010 24 B0173";"DP";"93010";"2024";"24/10/2024";"0"
"PC 93010 24 B0041";"PC";"93010";"2024";"08/08/2024";"1"
"DP 93010 24 B0140";"DP";"93010";"2024";"06/09/2024";"1"
"AT 93010 24 B0034";"AT";"93010";"2024";"20/09/2024";"0"
"PC 93010 24 B0050";"PC";"93010";"2024";"27/09/2024";"1"
"CU 93010 24 B0259";"CU";"93010";"2024";"26/07/2024";"1"
"PC 93010 24 B0051";"PC";"93010";"2024";"02/10/2024";"1"
"PC 93010 24 B0053";"PC";"93010";"2024";"04/10/2024";"1"
"AT 93010 24 B0036";"AT";"93010";"2024";"30/09/2024";"0"
"DP 93010 24 B0162";"DP";"93010";"2024";"03/10/2024";"1"
"DP 93010 24 B0150";"DP";"93010";"2024";"24/09/2024";"1"
"DP 93010 24 B0121";"DP";"93010";"2024";"26/07/2024";"1"
"DP 93010 24 B0152";"DP";"93010";"2024";"24/09/2024";"1"
"CU 93010 24 B0327";"CU";"93010";"2024";"30/09/2024";"0"
"PD 93010 24 B0007";"PD";"93010";"2024";"21/09/2024";"1"
"CU 93010 24 B0328";"CU";"93010";"2024";"30/09/2024";"0"
"CU 93010 24 B0329";"CU";"93010";"2024";"27/09/2024";"0"
"DP 93010 24 B0160";"DP";"93010";"2024";"02/10/2024";"1"
"DP 93010 24 B0163";"DP";"93010";"2024";"03/10/2024";"1"
"DP 93010 24 B0178";"DP";"93010";"2024";"13/11/2024";"0"
"DP 93010 24 B0156";"DP";"93010";"2024";"26/09/2024";"1"
"CU 93010 24 B0332";"CU";"93010";"2024";"03/10/2024";"1"
"PC 93010 18 B0032 M02";"PC";"93010";"2024";"24/09/2024";"0"
"CU 93010 24 B0333";"CU";"93010";"2024";"04/10/2024";"1"
"AT 93010 24 B0035";"AT";"93010";"2024";"20/09/2024";"0"
"CU 93010 25 B0015";"CU";"93010";"2025";"20/01/2025";"1"
"PC 93010 24 B0060";"PC";"93010";"2024";"13/11/2024";"1"
"DP 93010 24 B0169";"DP";"93010";"2024";"18/10/2024";"1"
"DP 93010 24 B0161";"DP";"93010";"2024";"03/10/2024";"0"
"DP 93010 24 B0153";"DP";"93010";"2024";"25/09/2024";"1"
"DP 93010 24 B0154";"DP";"93010";"2024";"25/09/2024";"1"
"DP 93010 24 B0155";"DP";"93010";"2024";"25/09/2024";"1"
"PC 93010 21 B0055 M01";"PC";"93010";"2024";"31/07/2024";"0"
"CU 93010 24 B0326";"CU";"93010";"2024";"23/09/2024";"0"
"CU 93010 24 B0375";"CU";"93010";"2024";"31/10/2024";"1"
"PC 93010 24 B0049";"PC";"93010";"2024";"27/09/2024";"1"
"PC 93010 20 B0010 M01";"PC";"93010";"2024";"16/10/2024";"0"
"PC 93010 24 B0018";"PC";"93010";"2024";"19/04/2024";"1"
"PC 93010 24 B0061";"PC";"93010";"2024";"14/11/2024";"1"
"PC 93010 24 B0063";"PC";"93010";"2024";"25/11/2024";"1"
"CU 93010 24 B0336";"CU";"93010";"2024";"09/10/2024";"1"
"PC 93010 25 B0018";"PC";"93010";"2025";"15/03/2025";"1"
"CU 93010 24 B0374";"CU";"93010";"2024";"30/10/2024";"1"
"CU 93010 26 B0034";"CU";"93010";"2026";"02/02/2026";"1"
"DP 93010 24 B0137";"DP";"93010";"2024";"03/09/2024";"1"
"DP 93010 24 B0097";"DP";"93010";"2024";"12/06/2024";"1"
"PC 93010 24 B0062";"PC";"93010";"2024";"15/11/2024";"0"
"DP 93010 25 B0038";"DP";"93010";"2025";"29/03/2025";"1"
"PC 93010 19 B0008 M02";"PC";"93010";"2021";"10/11/2021";"0"
"DP 93010 24 B0184";"DP";"93010";"2024";"19/11/2024";"1"
"CU 93010 24 B0352";"CU";"93010";"2024";"21/10/2024";"1"
"DP 93010 24 B0032";"DP";"93010";"2024";"11/03/2024";"0"
"CU 93010 24 B0365";"CU";"93010";"2024";"24/10/2024";"0"
"CU 93010 24 B0397";"CU";"93010";"2024";"19/11/2024";"1"
"CU 93010 24 B0393";"CU";"93010";"2024";"18/11/2024";"1"
"CU 93010 24 B0396";"CU";"93010";"2024";"15/11/2024";"0"
"CU 93010 24 B0398";"CU";"93010";"2024";"19/11/2024";"1"
"CU 93010 24 B0366";"CU";"93010";"2024";"22/10/2024";"0"
"CU 93010 24 B0372";"CU";"93010";"2024";"30/10/2024";"1"
"CU 93010 24 B0371";"CU";"93010";"2024";"30/10/2024";"1"
"CU 93010 24 B0373";"CU";"93010";"2024";"30/10/2024";"1"
"CU 93010 24 B0338";"CU";"93010";"2024";"07/10/2024";"0"
"PC 93010 24 B0044";"PC";"93010";"2024";"10/09/2024";"1"
"CU 93010 24 B0339";"CU";"93010";"2024";"07/10/2024";"0"
"CU 93010 24 B0330";"CU";"93010";"2024";"03/10/2024";"1"
"CU 93010 24 B0340";"CU";"93010";"2024";"11/10/2024";"1"
"CU 93010 24 B0331";"CU";"93010";"2024";"03/10/2024";"1"
"CU 93010 24 B0461";"CU";"93010";"2024";"26/12/2024";"0"
"CU 93010 24 B0341";"CU";"93010";"2024";"10/10/2024";"0"
"CU 93010 24 B0342";"CU";"93010";"2024";"10/10/2024";"0"
"CU 93010 24 B0408";"CU";"93010";"2024";"21/11/2024";"0"
"DP 93010 25 B0210";"DP";"93010";"2025";"12/12/2025";"0"
"CU 93010 24 B0348";"CU";"93010";"2024";"17/10/2024";"1"
"CU 93010 24 B0349";"CU";"93010";"2024";"18/10/2024";"1"
"CU 93010 24 B0350";"CU";"93010";"2024";"18/10/2024";"1"
"CU 93010 24 B0351";"CU";"93010";"2024";"17/10/2024";"0"
"PC 93010 20 B0004 M02";"PC";"93010";"2025";"22/12/2025";"0"
"DP 93010 24 B0165";"DP";"93010";"2024";"09/10/2024";"1"
"CU 93010 24 B0353";"CU";"93010";"2024";"21/10/2024";"1"
"CU 93010 24 B0354";"CU";"93010";"2024";"22/10/2024";"1"
"CU 93010 24 B0355";"CU";"93010";"2024";"23/10/2024";"1"
"AT 93010 24 B0037";"AT";"93010";"2024";"09/10/2024";"0"
"CU 93010 24 B0388";"CU";"93010";"2024";"14/11/2024";"1"
"DP 93010 21 B0177";"DP";"93010";"2021";"11/10/2021";"0"
"DP 93010 24 B0172";"DP";"93010";"2024";"24/10/2024";"0"
"PC 93010 21 B0097 M02";"PC";"93010";"2024";"07/10/2024";"0"
"CU 93010 24 B0337";"CU";"93010";"2024";"07/10/2024";"0"
"PC 93010 22 B0042 M02";"PC";"93010";"2024";"11/10/2024";"0"
"CU 93010 26 B0011";"CU";"93010";"2026";"14/01/2026";"1"
"CU 93010 24 B0419";"CU";"93010";"2024";"02/12/2024";"1"
"CU 93010 24 B0412";"CU";"93010";"2024";"28/11/2024";"1"
"CU 93010 24 B0407";"CU";"93010";"2024";"22/11/2024";"1"
"PC 93010 24 B0034";"PC";"93010";"2024";"26/07/2024";"1"
"DP 93010 24 B0122";"DP";"93010";"2024";"24/07/2024";"0"
"CU 93010 25 B0016";"CU";"93010";"2025";"21/01/2025";"1"
"PC 93010 24 B0042";"PC";"93010";"2024";"30/08/2024";"1"
"CU 93010 24 B0385";"CU";"93010";"2024";"07/11/2024";"0"
"CU 93010 24 B0386";"CU";"93010";"2024";"06/11/2024";"0"
"DP 93010 24 B0170";"DP";"93010";"2024";"21/10/2024";"1"
"PC 93010 26 B0006";"PC";"93010";"2026";"09/03/2026";"1"
"CU 93010 24 B0399";"CU";"93010";"2024";"18/11/2024";"0"
"CU 93010 24 B0406";"CU";"93010";"2024";"20/11/2024";"0"
"CU 93010 25 B0025";"CU";"93010";"2025";"22/01/2025";"0"
"PC 93010 24 B0046";"PC";"93010";"2024";"23/09/2024";"1"
"CU 93010 24 B0356";"CU";"93010";"2024";"23/10/2024";"1"
"AT 93010 24 B0031";"AT";"93010";"2024";"08/08/2024";"0"
"CU 93010 24 B0400";"CU";"93010";"2024";"20/11/2024";"1"
"CU 93010 24 B0389";"CU";"93010";"2024";"15/11/2024";"1"
"CU 93010 24 B0390";"CU";"93010";"2024";"12/11/2024";"0"
"CU 93010 24 B0391";"CU";"93010";"2024";"12/11/2024";"0"
"AT 93010 24 B0040";"AT";"93010";"2024";"18/11/2024";"0"
"AT 93010 24 B0042";"AT";"93010";"2024";"29/11/2024";"0"
"DP 93010 24 B0186";"DP";"93010";"2024";"29/11/2024";"0"
"CU 93010 24 B0402";"CU";"93010";"2024";"21/11/2024";"1"
"CU 93010 24 B0403";"CU";"93010";"2024";"20/11/2024";"0"
"CU 93010 24 B0404";"CU";"93010";"2024";"20/11/2024";"0"
"CU 93010 24 B0405";"CU";"93010";"2024";"20/11/2024";"0"
"CU 93010 24 B0409";"CU";"93010";"2024";"21/11/2024";"0"
"CU 93010 24 B0395";"CU";"93010";"2024";"14/11/2024";"0"
"AT 93010 24 B0041";"AT";"93010";"2024";"20/11/2024";"0"
"CU 93010 24 B0454";"CU";"93010";"2024";"20/12/2024";"1"
"CU 93010 24 B0413";"CU";"93010";"2024";"25/11/2024";"0"
"CU 93010 24 B0417";"CU";"93010";"2024";"02/12/2024";"1"
"CU 93010 24 B0423";"CU";"93010";"2024";"02/12/2024";"1"
"CU 93010 25 B0043";"CU";"93010";"2025";"11/02/2025";"1"
"AT 93010 24 B0044";"AT";"93010";"2024";"10/12/2024";"0"
"CU 93010 25 B0001";"CU";"93010";"2025";"06/01/2025";"1"
"CU 93010 25 B0093";"CU";"93010";"2025";"20/03/2025";"0"
"CU 93010 25 B0095";"CU";"93010";"2025";"24/03/2025";"1"
"DP 93010 24 B0185";"DP";"93010";"2024";"27/11/2024";"1"
"DP 93010 24 B0111";"DP";"93010";"2024";"10/07/2024";"1"
"DP 93010 25 B0004";"DP";"93010";"2025";"21/01/2025";"1"
"CU 93010 24 B0439";"CU";"93010";"2024";"11/12/2024";"0"
"DP 93010 23 B0113";"DP";"93010";"2023";"26/06/2023";"0"
"CU 93010 24 B0442";"CU";"93010";"2024";"16/12/2024";"1"
"DP 93010 24 B0171";"DP";"93010";"2024";"23/10/2024";"1"
"AT 93010 24 B0029";"AT";"93010";"2024";"02/08/2024";"0"
"PC 93010 20 B0010 M02";"PC";"93010";"2024";"20/12/2024";"0"
"CU 93010 25 B0038";"CU";"93010";"2025";"03/02/2025";"1"
"CU 93010 25 B0039";"CU";"93010";"2025";"03/02/2025";"1"
"PC 93010 24 B0065";"PC";"93010";"2024";"03/12/2024";"0"
"DP 93010 24 B0189";"DP";"93010";"2024";"02/12/2024";"0"
"DP 93010 24 B0190";"DP";"93010";"2024";"06/12/2024";"1"
"CU 93010 24 B0411";"CU";"93010";"2024";"27/11/2024";"1"
"DP 93010 24 B0205";"DP";"93010";"2024";"26/12/2024";"1"
"CU 93010 24 B0414";"CU";"93010";"2024";"27/11/2024";"0"
"CU 93010 24 B0443";"CU";"93010";"2024";"16/12/2024";"0"
"CU 93010 24 B0445";"CU";"93010";"2024";"19/12/2024";"1"
"PC 93010 18 B0072 M01";"PC";"93010";"2019";"04/07/2019";"0"
"CU 93010 24 B0446";"CU";"93010";"2024";"19/12/2024";"1"
"CU 93010 24 B0452";"CU";"93010";"2024";"20/12/2024";"1"
"PC 93010 21 B0069";"PC";"93010";"2021";"07/09/2021";"0"
"DP 93010 24 B0180";"DP";"93010";"2024";"18/11/2024";"1"
"AT 93010 25 B0050";"AT";"93010";"2025";"01/12/2025";"0"
"PC 93010 18 B0072";"PC";"93010";"2018";"11/12/2018";"0"
"DP 93010 23 B0112";"DP";"93010";"2023";"23/06/2023";"0"
"PC 93010 24 B0069";"PC";"93010";"2024";"19/12/2024";"1"
"PC 93010 24 B0067";"PC";"93010";"2024";"18/12/2024";"1"
"DP 93010 25 B0109";"DP";"93010";"2025";"27/06/2025";"1"
"DP 93010 24 B0204";"DP";"93010";"2024";"26/12/2024";"0"
"DP 93010 24 B0195";"DP";"93010";"2024";"09/12/2024";"1"
"CU 93010 24 B0440";"CU";"93010";"2024";"11/12/2024";"0"
"CU 93010 24 B0441";"CU";"93010";"2024";"13/12/2024";"1"
"CU 93010 24 B0425";"CU";"93010";"2024";"02/12/2024";"0"
"CU 93010 24 B0415";"CU";"93010";"2024";"27/11/2024";"0"
"CU 93010 24 B0420";"CU";"93010";"2024";"28/11/2024";"0"
"CU 93010 24 B0416";"CU";"93010";"2024";"29/11/2024";"0"
"CU 93010 24 B0426";"CU";"93010";"2024";"02/12/2024";"0"
"CU 93010 24 B0421";"CU";"93010";"2024";"28/11/2024";"0"
"CU 93010 24 B0422";"CU";"93010";"2024";"28/11/2024";"0"
"CU 93010 24 B0427";"CU";"93010";"2024";"04/12/2024";"1"
"CU 93010 24 B0428";"CU";"93010";"2024";"04/12/2024";"1"
"CU 93010 24 B0430";"CU";"93010";"2024";"04/12/2024";"0"
"CU 93010 24 B0431";"CU";"93010";"2024";"06/12/2024";"1"
"CU 93010 24 B0424";"CU";"93010";"2024";"02/12/2024";"0"
"CU 93010 24 B0401";"CU";"93010";"2024";"21/11/2024";"1"
"CU 93010 24 B0432";"CU";"93010";"2024";"06/12/2024";"0"
"PC 93010 24 B0039";"PC";"93010";"2024";"02/08/2024";"1"
"CU 93010 24 B0429";"CU";"93010";"2024";"05/12/2024";"1"
"CU 93010 24 B0433";"CU";"93010";"2024";"06/12/2024";"1"
"CU 93010 24 B0434";"CU";"93010";"2024";"09/12/2024";"1"
"CU 93010 24 B0435";"CU";"93010";"2024";"10/12/2024";"1"
"CU 93010 24 B0436";"CU";"93010";"2024";"09/12/2024";"0"
"CU 93010 24 B0437";"CU";"93010";"2024";"12/12/2024";"1"
"CU 93010 25 B0103";"CU";"93010";"2025";"27/03/2025";"0"
"CU 93010 24 B0438";"CU";"93010";"2024";"12/12/2024";"1"
"DP 93010 24 B0183";"DP";"93010";"2024";"18/11/2024";"1"
"CU 93010 24 B0455";"CU";"93010";"2024";"20/12/2024";"1"
"CU 93010 24 B0456";"CU";"93010";"2024";"19/12/2024";"0"
"CU 93010 24 B0457";"CU";"93010";"2024";"19/12/2024";"0"
"DP 93010 24 B0196";"DP";"93010";"2024";"12/12/2024";"1"
"PC 93010 22 B0059";"PC";"93010";"2022";"24/10/2022";"0"
"PC 93010 24 B0020";"PC";"93010";"2024";"24/04/2024";"0"
"DP 93010 24 B0191";"DP";"93010";"2024";"06/12/2024";"0"
"DP 93010 24 B0197";"DP";"93010";"2024";"12/12/2024";"1"
"CU 93010 25 B0002";"CU";"93010";"2025";"06/01/2025";"1"
"CU 93010 24 B0444";"CU";"93010";"2024";"18/12/2024";"1"
"CU 93010 24 B0449";"CU";"93010";"2024";"19/12/2024";"1"
"CU 93010 24 B0447";"CU";"93010";"2024";"19/12/2024";"1"
"CU 93010 24 B0458";"CU";"93010";"2024";"20/12/2024";"0"
"CU 93010 24 B0448";"CU";"93010";"2024";"19/12/2024";"1"
"CU 93010 24 B0450";"CU";"93010";"2024";"19/12/2024";"1"
"PC 93010 24 B0070";"PC";"93010";"2024";"27/12/2024";"1"
"CU 93010 25 B0009";"CU";"93010";"2025";"13/01/2025";"1"
"CU 93010 24 B0451";"CU";"93010";"2024";"19/12/2024";"1"
"CU 93010 24 B0459";"CU";"93010";"2024";"27/12/2024";"1"
"CU 93010 24 B0460";"CU";"93010";"2024";"30/12/2024";"1"
"CU 93010 25 B0005";"CU";"93010";"2025";"07/01/2025";"1"
"CU 93010 25 B0003";"CU";"93010";"2025";"06/01/2025";"1"
"DP 93010 24 B0193";"DP";"93010";"2024";"06/12/2024";"1"
"CU 93010 25 B0010";"CU";"93010";"2025";"14/01/2025";"1"
"CU 93010 25 B0004";"CU";"93010";"2025";"06/01/2025";"1"
"CU 93010 25 B0011";"CU";"93010";"2025";"14/01/2025";"1"
"DP 93010 24 B0200";"DP";"93010";"2024";"18/12/2024";"1"
"DP 93010 24 B0194";"DP";"93010";"2024";"09/12/2024";"1"
"AT 93010 24 B0048";"AT";"93010";"2024";"31/12/2024";"0"
"DP 93010 24 B0181";"DP";"93010";"2024";"14/11/2024";"0"
"DP 93010 24 B0144";"DP";"93010";"2024";"12/09/2024";"1"
"CU 93010 24 B0453";"CU";"93010";"2024";"20/12/2024";"1"
"PC 93010 24 B0068";"PC";"93010";"2024";"18/12/2024";"1"
"CU 93010 25 B0068";"CU";"93010";"2025";"28/02/2025";"1"
"DP 93010 25 B0022";"DP";"93010";"2025";"17/02/2025";"1"
"PC 93010 23 B0050";"PC";"93010";"2023";"29/09/2023";"0"
"AT 93010 24 B0049";"AT";"93010";"2024";"23/12/2024";"0"
"PC 93010 20 B0004";"PC";"93010";"2020";"14/01/2020";"0"
"PC 93010 20 B0010";"PC";"93010";"2020";"04/02/2020";"0"
"AT 93010 24 B0047";"AT";"93010";"2024";"19/12/2024";"0"
"CU 93010 25 B0024";"CU";"93010";"2025";"22/01/2025";"0"
"CU 93010 25 B0264";"CU";"93010";"2025";"28/07/2025";"0"
"CU 93010 25 B0044";"CU";"93010";"2025";"12/02/2025";"1"
"CU 93010 25 B0019";"CU";"93010";"2025";"24/01/2025";"1"
"CU 93010 25 B0020";"CU";"93010";"2025";"27/01/2025";"1"
"AT 93010 25 B0001";"AT";"93010";"2025";"24/01/2025";"0"
"CU 93010 25 B0022";"CU";"93010";"2025";"23/01/2025";"0"
"CU 93010 25 B0023";"CU";"93010";"2025";"23/01/2025";"0"
"CU 93010 25 B0028";"CU";"93010";"2025";"28/01/2025";"1"
"AT 93010 25 B0002";"AT";"93010";"2025";"28/01/2025";"0"
"CU 93010 25 B0027";"CU";"93010";"2025";"28/01/2025";"1"
"CU 93010 25 B0029";"CU";"93010";"2025";"28/01/2025";"1"
"CU 93010 25 B0030";"CU";"93010";"2025";"28/01/2025";"0"
"CU 93010 25 B0031";"CU";"93010";"2025";"28/01/2025";"0"
"CU 93010 25 B0104";"CU";"93010";"2025";"26/03/2025";"0"
"DP 93010 25 B0009";"DP";"93010";"2025";"23/01/2025";"1"
"DP 93010 25 B0008";"DP";"93010";"2025";"23/01/2025";"1"
"DP 93010 25 B0005";"DP";"93010";"2025";"22/01/2025";"1"
"DP 93010 25 B0014";"DP";"93010";"2025";"29/01/2025";"1"
"AT 93010 25 B0032";"AT";"93010";"2025";"04/07/2025";"0"
"CU 93010 25 B0092";"CU";"93010";"2025";"24/03/2025";"1"
"DP 93010 25 B0006";"DP";"93010";"2025";"22/01/2025";"1"
"CU 93010 25 B0018";"CU";"93010";"2025";"23/01/2025";"1"
"DP 93010 25 B0019";"DP";"93010";"2025";"12/02/2025";"1"
"PC 93010 24 B0048";"PC";"93010";"2024";"20/09/2024";"0"
"DP 93010 24 B0164";"DP";"93010";"2024";"07/10/2024";"0"
"CU 93010 25 B0017";"CU";"93010";"2025";"22/01/2025";"1"
"CU 93010 25 B0032";"CU";"93010";"2025";"29/01/2025";"1"
"CU 93010 25 B0006";"CU";"93010";"2025";"13/01/2025";"1"
"CU 93010 25 B0045";"CU";"93010";"2025";"12/02/2025";"1"
"DP 93010 26 B0026";"DP";"93010";"2026";"22/02/2026";"1"
"CU 93010 25 B0392";"CU";"93010";"2025";"27/10/2025";"0"
"CU 93010 25 B0021";"CU";"93010";"2025";"27/01/2025";"1"
"AT 93010 25 B0018";"AT";"93010";"2025";"03/04/2025";"0"
"CU 93010 25 B0033";"CU";"93010";"2025";"29/01/2025";"1"
"AT 93010 25 B0020";"AT";"93010";"2025";"08/04/2025";"0"
"CU 93010 25 B0131";"CU";"93010";"2025";"15/04/2025";"1"
"CU 93010 25 B0132";"CU";"93010";"2025";"15/04/2025";"1"
"CU 93010 26 B0009";"CU";"93010";"2026";"13/01/2026";"1"
"AT 93010 24 B0039";"AT";"93010";"2024";"13/11/2024";"0"
"CU 93010 25 B0139";"CU";"93010";"2025";"18/04/2025";"1"
"DP 93010 24 B0187";"DP";"93010";"2024";"02/12/2024";"1"
"PC 93010 25 B0003";"PC";"93010";"2025";"15/01/2025";"1"
"PC 93010 24 B0049 M02";"PC";"93010";"2025";"25/03/2025";"1"
"CU 93010 25 B0052";"CU";"93010";"2025";"18/02/2025";"1"
"CU 93010 25 B0148";"CU";"93010";"2025";"22/04/2025";"0"
"CU 93010 25 B0146";"CU";"93010";"2025";"23/04/2025";"1"
"CU 93010 25 B0084";"CU";"93010";"2025";"17/03/2025";"1"
"CU 93010 25 B0085";"CU";"93010";"2025";"17/03/2025";"1"
"CU 93010 25 B0069";"CU";"93010";"2025";"28/02/2025";"1"
"CU 93010 25 B0094";"CU";"93010";"2025";"20/03/2025";"0"
"CU 93010 25 B0096";"CU";"93010";"2025";"24/03/2025";"1"
"AT 93010 25 B0014";"AT";"93010";"2025";"31/03/2025";"0"
"CU 93010 25 B0097";"CU";"93010";"2025";"26/03/2025";"1"
"CU 93010 25 B0098";"CU";"93010";"2025";"26/03/2025";"1"
"CU 93010 25 B0099";"CU";"93010";"2025";"21/03/2025";"0"
"CU 93010 25 B0100";"CU";"93010";"2025";"24/03/2025";"0"
"DP 93010 25 B0051";"DP";"93010";"2025";"19/04/2025";"1"
"DP 93010 24 B0202";"DP";"93010";"2024";"23/12/2024";"1"
"DP 93010 25 B0037";"DP";"93010";"2025";"26/03/2025";"1"
"CU 93010 25 B0007";"CU";"93010";"2025";"13/01/2025";"1"
"CU 93010 25 B0040";"CU";"93010";"2025";"07/02/2025";"1"
"CU 93010 25 B0046";"CU";"93010";"2025";"07/02/2025";"0"
"CU 93010 25 B0041";"CU";"93010";"2025";"07/02/2025";"1"
"CU 93010 25 B0042";"CU";"93010";"2025";"07/02/2025";"1"
"CU 93010 25 B0047";"CU";"93010";"2025";"10/02/2025";"0"
"DP 93010 25 B0023";"DP";"93010";"2025";"18/02/2025";"1"
"CU 93010 25 B0026";"CU";"93010";"2025";"22/01/2025";"0"
"CU 93010 25 B0048";"CU";"93010";"2025";"11/02/2025";"0"
"DP 93010 25 B0020";"DP";"93010";"2025";"14/02/2025";"1"
"DP 93010 25 B0015";"DP";"93010";"2025";"07/02/2025";"1"
"CU 93010 25 B0070";"CU";"93010";"2025";"03/03/2025";"1"
"CU 93010 25 B0050";"CU";"93010";"2025";"13/02/2025";"0"
"CU 93010 25 B0053";"CU";"93010";"2025";"19/02/2025";"1"
"CU 93010 25 B0054";"CU";"93010";"2025";"17/02/2025";"0"
"DP 93010 25 B0102";"DP";"93010";"2025";"20/06/2025";"1"
"CU 93010 25 B0055";"CU";"93010";"2025";"17/02/2025";"0"
"CU 93010 25 B0036";"CU";"93010";"2025";"03/02/2025";"1"
"CU 93010 25 B0056";"CU";"93010";"2025";"17/02/2025";"0"
"AT 93010 25 B0004";"AT";"93010";"2025";"03/02/2025";"0"
"AT 93010 25 B0005";"AT";"93010";"2025";"30/01/2025";"0"
"DP 93010 25 B0021";"DP";"93010";"2025";"17/02/2025";"1"
"DP 93010 25 B0012";"DP";"93010";"2025";"27/01/2025";"1"
"CU 93010 25 B0049";"CU";"93010";"2025";"14/02/2025";"1"
"PD 93010 24 B0006";"PD";"93010";"2024";"10/09/2024";"1"
"PC 93010 25 B0013";"PC";"93010";"2025";"11/03/2025";"1"
"CU 93010 25 B0117";"CU";"93010";"2025";"11/04/2025";"0"
"DP 93010 25 B0075";"DP";"93010";"2025";"17/05/2025";"1"
"DP 93010 25 B0016";"DP";"93010";"2025";"10/02/2025";"1"
"CU 93010 25 B0118";"CU";"93010";"2025";"11/04/2025";"0"
"CU 93010 25 B0102";"CU";"93010";"2025";"28/03/2025";"1"
"DP 93010 25 B0017";"DP";"93010";"2025";"10/02/2025";"1"
"CU 93010 25 B0034";"CU";"93010";"2025";"30/01/2025";"1"
"CU 93010 25 B0105";"CU";"93010";"2025";"01/04/2025";"1"
"DP 93010 25 B0052";"DP";"93010";"2025";"21/04/2025";"1"
"AT 93010 25 B0008";"AT";"93010";"2025";"04/03/2025";"0"
"DP 93010 25 B0103";"DP";"93010";"2025";"23/06/2025";"1"
"CU 93010 25 B0124";"CU";"93010";"2025";"14/04/2025";"1"
"CU 93010 25 B0130";"CU";"93010";"2025";"15/04/2025";"1"
"CU 93010 25 B0134";"CU";"93010";"2025";"17/04/2025";"1"
"CU 93010 25 B0135";"CU";"93010";"2025";"17/04/2025";"1"
"CU 93010 25 B0137";"CU";"93010";"2025";"17/04/2025";"1"
"CU 93010 25 B0150";"CU";"93010";"2025";"25/04/2025";"1"
"CU 93010 25 B0051";"CU";"93010";"2025";"17/02/2025";"1"
"AT 93010 25 B0039";"AT";"93010";"2025";"08/09/2025";"0"
"PC 93010 22 B0011";"PC";"93010";"2022";"30/03/2022";"0"
"CU 93010 25 B0064";"CU";"93010";"2025";"27/02/2025";"1"
"CU 93010 25 B0012";"CU";"93010";"2025";"16/01/2025";"1"
"CU 93010 25 B0013";"CU";"93010";"2025";"16/01/2025";"1"
"CU 93010 25 B0376";"CU";"93010";"2025";"17/10/2025";"1"
"CU 93010 26 B0016";"CU";"93010";"2026";"19/01/2026";"1"
"DP 93010 25 B0013";"DP";"93010";"2025";"24/01/2025";"0"
"DP 93010 25 B0007";"DP";"93010";"2025";"23/01/2025";"1"
"PC 93010 24 B0058";"PC";"93010";"2024";"23/10/2024";"1"
"AT 93010 25 B0011";"AT";"93010";"2025";"11/03/2025";"0"
"CU 93010 25 B0035";"CU";"93010";"2025";"30/01/2025";"1"
"DP 93010 25 B0154";"DP";"93010";"2025";"05/09/2025";"1"
"AT 93010 25 B0003";"AT";"93010";"2025";"31/01/2025";"0"
"DP 93010 24 B0188";"DP";"93010";"2024";"02/12/2024";"1"
"PC 93010 24 B0049 M01";"PC";"93010";"2025";"27/02/2025";"1"
"PC 93010 25 B0007";"PC";"93010";"2025";"30/01/2025";"1"
"AT 93010 25 B0051";"AT";"93010";"2025";"12/12/2025";"0"
"CU 93010 25 B0123";"CU";"93010";"2025";"14/04/2025";"1"
"DP 93010 24 B0203";"DP";"93010";"2024";"18/12/2024";"0"
"AT 93010 24 B0043";"AT";"93010";"2024";"25/11/2024";"0"
"CU 93010 25 B0077";"CU";"93010";"2025";"12/03/2025";"1"
"CU 93010 25 B0078";"CU";"93010";"2025";"13/03/2025";"1"
"CU 93010 25 B0062";"CU";"93010";"2025";"25/02/2025";"1"
"CU 93010 25 B0079";"CU";"93010";"2025";"10/03/2025";"0"
"CU 93010 25 B0063";"CU";"93010";"2025";"26/02/2025";"1"
"CU 93010 25 B0080";"CU";"93010";"2025";"14/03/2025";"1"
"CU 93010 25 B0065";"CU";"93010";"2025";"27/02/2025";"1"
"CU 93010 25 B0081";"CU";"93010";"2025";"14/03/2025";"1"
"CU 93010 25 B0073";"CU";"93010";"2025";"04/03/2025";"1"
"CU 93010 25 B0082";"CU";"93010";"2025";"13/03/2025";"0"
"CU 93010 25 B0087";"CU";"93010";"2025";"18/03/2025";"1"
"DP 93010 25 B0029";"DP";"93010";"2025";"13/03/2025";"1"
"PD 93010 25 B0002";"PD";"93010";"2025";"14/03/2025";"1"
"AT 93010 25 B0009";"AT";"93010";"2025";"12/03/2025";"0"
"AT 93010 25 B0010";"AT";"93010";"2025";"12/03/2025";"0"
"CU 93010 25 B0290";"CU";"93010";"2025";"07/08/2025";"1"
"DP 93010 23 B0007";"DP";"93010";"2023";"17/01/2023";"0"
"CU 93010 25 B0101";"CU";"93010";"2025";"27/03/2025";"1"
"DP 93010 22 B0052";"DP";"93010";"2022";"06/04/2022";"0"
"PC 93010 25 B0009";"PC";"93010";"2025";"03/02/2025";"1"
"CU 93010 25 B0057";"CU";"93010";"2025";"19/02/2025";"1"
"CU 93010 25 B0058";"CU";"93010";"2025";"21/02/2025";"1"
"PC 93010 25 B0011";"PC";"93010";"2025";"19/02/2025";"1"
"DP 93010 25 B0057";"DP";"93010";"2025";"25/04/2025";"1"
"DP 93010 25 B0018";"DP";"93010";"2025";"10/02/2025";"1"
"CU 93010 25 B0125";"CU";"93010";"2025";"14/04/2025";"1"
"PC 93010 24 B0057";"PC";"93010";"2024";"16/10/2024";"1"
"AT 93010 25 B0021";"AT";"93010";"2025";"25/04/2025";"0"
"CU 93010 25 B0127";"CU";"93010";"2025";"15/04/2025";"1"
"CU 93010 25 B0167";"CU";"93010";"2025";"19/05/2025";"1"
"CU 93010 25 B0133";"CU";"93010";"2025";"17/04/2025";"1"
"CU 93010 25 B0136";"CU";"93010";"2025";"17/04/2025";"1"
"CU 93010 25 B0138";"CU";"93010";"2025";"18/04/2025";"1"
"CU 93010 25 B0147";"CU";"93010";"2025";"22/04/2025";"0"
"CU 93010 25 B0154";"CU";"93010";"2025";"25/04/2025";"0"
"DP 93010 22 B0050 T01";"DP";"93010";"2025";"17/02/2025";"0"
"DP 93010 24 B0198";"DP";"93010";"2024";"13/12/2024";"0"
"DP 93010 25 B0047";"DP";"93010";"2025";"07/04/2025";"1"
"CU 93010 25 B0075";"CU";"93010";"2025";"06/03/2025";"1"
"PC 93010 20 B0004 M01";"PC";"93010";"2025";"08/01/2025";"0"
"DP 93010 25 B0040";"DP";"93010";"2025";"01/04/2025";"1"
"DP 93010 24 B0182";"DP";"93010";"2024";"18/11/2024";"1"
"CU 93010 25 B0106";"CU";"93010";"2025";"01/04/2025";"1"
"CU 93010 25 B0107";"CU";"93010";"2025";"02/04/2025";"1"
"CU 93010 25 B0108";"CU";"93010";"2025";"02/04/2025";"1"
"PC 93010 24 B0071";"PC";"93010";"2024";"27/12/2024";"1"
"DP 93010 25 B0011";"DP";"93010";"2025";"27/01/2025";"1"
"CU 93010 25 B0109";"CU";"93010";"2025";"02/04/2025";"1"
"PC 93010 25 B0001";"PC";"93010";"2025";"13/01/2025";"1"
"DP 93010 25 B0027";"DP";"93010";"2025";"06/03/2025";"1"
"AT 93010 25 B0015";"AT";"93010";"2025";"01/04/2025";"0"
"DP 93010 25 B0025";"DP";"93010";"2025";"26/02/2025";"1"
"DP 93010 25 B0039";"DP";"93010";"2025";"01/04/2025";"1"
"PC 93010 23 B0035 M02";"PC";"93010";"2025";"27/06/2025";"0"
"CU 93010 25 B0119";"CU";"93010";"2025";"15/04/2025";"0"
"PC 93010 21 B0065 M01";"PC";"93010";"2024";"30/09/2024";"0"
"CU 93010 25 B0059";"CU";"93010";"2025";"24/02/2025";"0"
"CU 93010 25 B0060";"CU";"93010";"2025";"19/02/2025";"0"
"CU 93010 25 B0061";"CU";"93010";"2025";"24/02/2025";"1"
"CU 93010 25 B0066";"CU";"93010";"2025";"27/02/2025";"1"
"CU 93010 25 B0067";"CU";"93010";"2025";"28/02/2025";"1"
"CU 93010 25 B0071";"CU";"93010";"2025";"03/03/2025";"1"
"CU 93010 25 B0072";"CU";"93010";"2025";"04/03/2025";"1"
"CU 93010 25 B0074";"CU";"93010";"2025";"03/03/2025";"0"
"CU 93010 25 B0076";"CU";"93010";"2025";"06/03/2025";"1"
"CU 93010 25 B0393";"CU";"93010";"2025";"28/10/2025";"0"
"CU 93010 25 B0090";"CU";"93010";"2025";"20/03/2025";"1"
"DP 93010 25 B0076";"DP";"93010";"2025";"19/05/2025";"1"
"CU 93010 25 B0091";"CU";"93010";"2025";"19/03/2025";"0"
"CU 93010 25 B0126";"CU";"93010";"2025";"14/04/2025";"1"
"CU 93010 25 B0120";"CU";"93010";"2025";"07/04/2025";"0"
"DP 93010 25 B0157";"DP";"93010";"2025";"08/09/2025";"1"
"PC 93010 24 B0059";"PC";"93010";"2024";"13/11/2024";"1"
"CU 93010 25 B0121";"CU";"93010";"2025";"11/04/2025";"1"
"DP 93010 24 B0138 M01";"DP";"93010";"2025";"21/03/2025";"1"
"PC 93010 24 B0064";"PC";"93010";"2024";"02/12/2024";"1"
"CU 93010 25 B0129";"CU";"93010";"2025";"15/04/2025";"1"
"DP 93010 25 B0054";"DP";"93010";"2025";"22/04/2025";"1"
"CU 93010 25 B0128";"CU";"93010";"2025";"15/04/2025";"1"
"CU 99999 23 00002";"CU";"99999";"2023";"24/04/2023";"1"
"DP 93010 25 B0041";"DP";"93010";"2025";"02/04/2025";"1"
"AT 93010 25 B0023";"AT";"93010";"2025";"12/05/2025";"0"
"CU 93010 25 B0166";"CU";"93010";"2025";"12/05/2025";"0"
"DP 93010 25 B0024";"DP";"93010";"2025";"26/02/2025";"1"
"DP 93010 25 B0114";"DP";"93010";"2025";"04/07/2025";"1"
"DP 93010 25 B0032";"DP";"93010";"2025";"18/03/2025";"1"
"DP 93010 24 B0100 M01";"DP";"93010";"2025";"21/02/2025";"0"
"PC 93010 15 B0025";"PC";"93010";"2023";"14/04/2015";"0"
"CU 93010 25 B0158";"CU";"93010";"2025";"12/05/2025";"1"
"DP 93010 25 B0055";"DP";"93010";"2025";"22/04/2025";"1"
"PC 93010 25 B0002";"PC";"93010";"2025";"15/01/2025";"1"
"CU 93010 25 B0086";"CU";"93010";"2025";"18/03/2025";"1"
"CU 93010 25 B0083";"CU";"93010";"2025";"17/03/2025";"1"
"CU 93010 25 B0088";"CU";"93010";"2025";"14/03/2025";"0"
"CU 93010 25 B0089";"CU";"93010";"2025";"19/03/2025";"1"
"AP 99999 24 0001";"AP";"99999";"2024";"12/04/2024";"0"
"CU 93010 25 B0110";"CU";"93010";"2025";"03/04/2025";"1"
"CU 93010 25 B0225";"CU";"93010";"2025";"16/06/2025";"0"
"CU 93010 25 B0271";"CU";"93010";"2025";"22/07/2025";"1"
"DP 93010 25 B0044";"DP";"93010";"2025";"05/04/2025";"1"
"PC 93010 15 B0059";"PC";"93010";"2015";"02/09/2015";"0"
"DP 93010 25 B0046";"DP";"93010";"2025";"07/04/2025";"0"
"CU 93010 25 B0159";"CU";"93010";"2025";"12/05/2025";"1"
"DP 93010 25 B0043";"DP";"93010";"2025";"04/04/2025";"1"
"AT 93010 25 B0024";"AT";"93010";"2025";"14/05/2025";"0"
"CU 93010 25 B0454";"CU";"93010";"2025";"15/12/2025";"0"
"PC 93010 25 B0020";"PC";"93010";"2025";"04/04/2025";"0"
"DP 93010 25 B0031";"DP";"93010";"2025";"18/03/2025";"0"
"DP 93010 25 B0048";"DP";"93010";"2025";"09/04/2025";"1"
"DP 93010 25 B0030";"DP";"93010";"2025";"14/03/2025";"1"
"CU 93010 25 B0111";"CU";"93010";"2025";"03/04/2025";"1"
"CU 93010 25 B0112";"CU";"93010";"2025";"31/03/2025";"0"
"CU 93010 25 B0113";"CU";"93010";"2025";"07/04/2025";"1"
"CU 93010 25 B0114";"CU";"93010";"2025";"08/04/2025";"1"
"PC 93010 15 B0059 M01";"PC";"93010";"2015";"04/04/2025";"0"
"PC 93010 24 B0064 T01";"PC";"93010";"2025";"03/04/2025";"0"
"CU 93010 25 B0115";"CU";"93010";"2025";"09/04/2025";"1"
"DP 93010 22 B0137";"DP";"93010";"2022";"21/09/2022";"0"
"PC 93010 25 B0005";"PC";"93010";"2025";"17/01/2025";"1"
"DP 93010 24 B0199";"DP";"93010";"2024";"13/12/2024";"1"
"PC 93010 25 B0010";"PC";"93010";"2025";"17/02/2025";"1"
"AT 93010 25 B0019";"AT";"93010";"2025";"09/04/2025";"0"
"CU 93010 26 B0017";"CU";"93010";"2026";"19/01/2026";"1"
"CU 93010 26 B0047";"CU";"93010";"2026";"11/02/2026";"1"
"DP 93010 25 B0085";"DP";"93010";"2025";"27/05/2025";"1"
"DP 93010 25 B0069";"DP";"93010";"2025";"09/05/2025";"1"
"CU 93010 25 B0161";"CU";"93010";"2025";"07/05/2025";"0"
"CU 93010 25 B0162";"CU";"93010";"2025";"14/05/2025";"1"
"CU 93010 25 B0172";"CU";"93010";"2025";"23/05/2025";"1"
"CU 93010 25 B0163";"CU";"93010";"2025";"30/04/2025";"0"
"CU 93010 25 B0173";"CU";"93010";"2025";"21/05/2025";"0"
"CU 93010 25 B0174";"CU";"93010";"2025";"16/05/2025";"0"
"CU 93010 25 B0175";"CU";"93010";"2025";"16/05/2025";"0"
"CU 93010 25 B0176";"CU";"93010";"2025";"16/05/2025";"0"
"CU 93010 25 B0177";"CU";"93010";"2025";"19/05/2025";"0"
"CU 93010 25 B0178";"CU";"93010";"2025";"26/05/2025";"1"
"CU 93010 25 B0179";"CU";"93010";"2025";"26/05/2025";"1"
"CU 93010 25 B0180";"CU";"93010";"2025";"27/05/2025";"1"
"CU 93010 25 B0181";"CU";"93010";"2025";"27/05/2025";"1"
"CU 93010 25 B0182";"CU";"93010";"2025";"30/05/2025";"1"
"DP 93010 25 B0082";"DP";"93010";"2025";"22/05/2025";"1"
"PC 93010 25 B0028";"PC";"93010";"2025";"27/05/2025";"1"
"DP 93010 25 B0127";"DP";"93010";"2025";"17/07/2025";"1"
"DP 93010 25 B0133";"DP";"93010";"2025";"29/07/2025";"1"
"CU 93010 25 B0141";"CU";"93010";"2025";"17/04/2025";"0"
"CU 93010 25 B0142";"CU";"93010";"2025";"17/04/2025";"0"
"CU 93010 25 B0143";"CU";"93010";"2025";"18/04/2025";"0"
"DP 93010 25 B0028";"DP";"93010";"2025";"13/03/2025";"1"
"CU 93010 25 B0157";"CU";"93010";"2025";"09/05/2025";"1"
"CU 93010 25 B0160";"CU";"93010";"2025";"13/05/2025";"1"
"PC 93010 25 B0004";"PC";"93010";"2025";"17/01/2025";"1"
"CU 93010 25 B0116";"CU";"93010";"2025";"14/04/2025";"0"
"CU 93010 25 B0122";"CU";"93010";"2025";"14/04/2025";"1"
"CU 93010 25 B0226";"CU";"93010";"2025";"16/06/2025";"0"
"CU 93010 25 B0217";"CU";"93010";"2025";"16/06/2025";"1"
"CU 93010 25 B0291";"CU";"93010";"2025";"08/08/2025";"1"
"DP 93010 25 B0067";"DP";"93010";"2025";"07/05/2025";"1"
"CU 93010 25 B0144";"CU";"93010";"2025";"23/04/2025";"1"
"DP 93010 25 B0078";"DP";"93010";"2025";"20/05/2025";"1"
"PD 93010 23 B0005";"PD";"93010";"2023";"21/06/2023";"1"
"CU 93010 25 B0324";"CU";"93010";"2025";"08/09/2025";"0"
"CU 93010 25 B0145";"CU";"93010";"2025";"23/04/2025";"1"
"DP 93010 25 B0116";"DP";"93010";"2025";"08/07/2025";"1"
"CU 93010 25 B0153";"CU";"93010";"2025";"28/04/2025";"0"
"PC 93010 25 B0021";"PC";"93010";"2025";"22/04/2025";"0"
"CU 93010 25 B0155";"CU";"93010";"2025";"02/05/2025";"0"
"CU 93010 25 B0165";"CU";"93010";"2025";"16/05/2025";"1"
"CU 93010 25 B0164";"CU";"93010";"2025";"15/05/2025";"0"
"DP 93010 25 B0062";"DP";"93010";"2025";"07/05/2025";"1"
"DP 93010 25 B0066";"DP";"93010";"2025";"07/05/2025";"1"
"CU 93010 25 B0156";"CU";"93010";"2025";"09/05/2025";"1"
"CU 93010 25 B0168";"CU";"93010";"2025";"22/05/2025";"1"
"PC 93010 22 B0069 T01";"PC";"93010";"2025";"22/04/2025";"0"
"DP 93010 25 B0059";"DP";"93010";"2025";"28/04/2025";"1"
"DP 93010 25 B0077";"DP";"93010";"2025";"20/05/2025";"1"
"CU 93010 25 B0169";"CU";"93010";"2025";"22/05/2025";"1"
"DP 93010 25 B0034";"DP";"93010";"2025";"27/03/2025";"1"
"CU 93010 25 B0170";"CU";"93010";"2025";"22/05/2025";"1"
"CU 93010 25 B0171";"CU";"93010";"2025";"22/05/2025";"1"
"DP 93010 25 B0068";"DP";"93010";"2025";"09/05/2025";"1"
"DP 93010 25 B0128";"DP";"93010";"2025";"17/07/2025";"1"
"CU 93010 25 B0152";"CU";"93010";"2025";"28/04/2025";"1"
"CU 93010 25 B0149";"CU";"93010";"2025";"24/04/2025";"1"
"CU 93010 25 B0151";"CU";"93010";"2025";"25/04/2025";"1"
"PC 93010 25 B0022";"PC";"93010";"2025";"25/04/2025";"1"
"CU 93010 26 B0048";"CU";"93010";"2026";"11/02/2026";"0"
"DP 93010 25 B0201";"DP";"93010";"2025";"04/12/2025";"1"
"CU 93010 25 B0216";"CU";"93010";"2025";"12/06/2025";"0"
"DP 93010 25 B0079";"DP";"93010";"2025";"20/05/2025";"1"
"CU 93010 25 B0228";"CU";"93010";"2025";"18/06/2025";"0"
"PC 93010 25 B0034";"PC";"93010";"2025";"13/06/2025";"1"
"DP 93010 25 B0088";"DP";"93010";"2025";"30/05/2025";"1"
"CU 93010 25 B0218";"CU";"93010";"2025";"17/06/2025";"1"
"DP 93010 25 B0084";"DP";"93010";"2025";"26/05/2025";"1"
"CU 93010 25 B0183";"CU";"93010";"2025";"30/05/2025";"1"
"CU 93010 25 B0219";"CU";"93010";"2025";"17/06/2025";"1"
"CU 93010 25 B0220";"CU";"93010";"2025";"17/06/2025";"1"
"CU 93010 25 B0272";"CU";"93010";"2025";"23/07/2025";"1"
"PD 93010 25 B0004";"PD";"93010";"2025";"18/06/2025";"1"
"PC 93010 25 B0032";"PC";"93010";"2025";"06/06/2025";"1"
"CU 93010 25 B0221";"CU";"93010";"2025";"18/06/2025";"1"
"CU 93010 25 B0223";"CU";"93010";"2025";"19/06/2025";"1"
"DP 93010 25 B0111";"DP";"93010";"2025";"01/07/2025";"1"
"PC 93010 25 B0037";"PC";"93010";"2025";"02/07/2025";"1"
"DP 93010 25 B0112";"DP";"93010";"2025";"01/07/2025";"1"
"DP 93010 25 B0113";"DP";"93010";"2025";"03/07/2025";"1"
"DP 93010 25 B0140";"DP";"93010";"2025";"09/08/2025";"1"
"CU 93010 25 B0229";"CU";"93010";"2025";"23/06/2025";"0"
"CU 93010 25 B0215";"CU";"93010";"2025";"12/06/2025";"0"
"CU 93010 25 B0230";"CU";"93010";"2025";"23/06/2025";"0"
"CU 93010 25 B0231";"CU";"93010";"2025";"20/06/2025";"0"
"CU 93010 25 B0234";"CU";"93010";"2025";"25/06/2025";"1"
"CU 93010 25 B0237";"CU";"93010";"2025";"27/06/2025";"1"
"CU 93010 25 B0227";"CU";"93010";"2025";"16/06/2025";"0"
"PD 93010 25 B0005";"PD";"93010";"2025";"18/06/2025";"1"
"CU 93010 25 B0238";"CU";"93010";"2025";"27/06/2025";"1"
"CU 93010 25 B0222";"CU";"93010";"2025";"19/06/2025";"1"
"CU 93010 25 B0239";"CU";"93010";"2025";"27/06/2025";"1"
"CU 93010 25 B0240";"CU";"93010";"2025";"01/07/2025";"1"
"CU 93010 25 B0241";"CU";"93010";"2025";"01/07/2025";"1"
"CU 93010 25 B0243";"CU";"93010";"2025";"01/07/2025";"1"
"CU 93010 25 B0214";"CU";"93010";"2025";"16/06/2025";"1"
"CU 93010 25 B0208";"CU";"93010";"2025";"13/06/2025";"1"
"PC 93010 18 B0072 M02";"PC";"93010";"2024";"18/12/2024";"0"
"DP 93010 25 B0095";"DP";"93010";"2025";"06/06/2025";"0"
"CU 93010 25 B0211";"CU";"93010";"2025";"10/06/2025";"0"
"CU 93010 25 B0205";"CU";"93010";"2025";"10/06/2025";"1"
"CU 93010 26 B0018";"CU";"93010";"2026";"19/01/2026";"1"
"CU 93010 25 B0206";"CU";"93010";"2025";"04/06/2025";"0"
"CU 93010 25 B0212";"CU";"93010";"2025";"10/06/2025";"0"
"CU 93010 25 B0207";"CU";"93010";"2025";"04/06/2025";"0"
"CU 93010 25 B0224";"CU";"93010";"2025";"20/06/2025";"1"
"DP 93010 25 B0094";"DP";"93010";"2025";"10/06/2025";"1"
"CU 93010 25 B0213";"CU";"93010";"2025";"13/06/2025";"1"
"CU 93010 26 B0036";"CU";"93010";"2026";"26/01/2026";"0"
"PC 93010 25 B0026";"PC";"93010";"2025";"22/05/2025";"1"
"CU 93010 25 B0232";"CU";"93010";"2025";"24/06/2025";"1"
"DP 93010 25 B0060";"DP";"93010";"2025";"30/04/2025";"1"
"PC 93010 25 B0033";"PC";"93010";"2025";"10/06/2025";"1"
"DP 93010 25 B0096";"DP";"93010";"2025";"13/06/2025";"1"
"AT 93010 25 B0027";"AT";"93010";"2025";"10/06/2025";"0"
"DP 93010 25 B0063";"DP";"93010";"2025";"05/05/2025";"1"
"CU 93010 25 B0246";"CU";"93010";"2025";"02/07/2025";"0"
"CU 93010 25 B0233";"CU";"93010";"2025";"25/06/2025";"1"
"AT 93010 25 B0012";"AT";"93010";"2025";"11/03/2025";"0"
"AT 93010 25 B0017";"AT";"93010";"2025";"03/04/2025";"0"
"PD 93010 25 B0003";"PD";"93010";"2025";"07/04/2025";"0"
"AT 93010 26 B0003";"AT";"93010";"2026";"11/02/2026";"0"
"CU 93010 25 B0235";"CU";"93010";"2025";"26/06/2025";"1"
"DP 93010 25 B0092";"DP";"93010";"2025";"03/06/2025";"1"
"DP 93010 25 B0129";"DP";"93010";"2025";"17/07/2025";"1"
"CU 93010 25 B0236";"CU";"93010";"2025";"26/06/2025";"1"
"PC 93010 24 B0026";"PC";"93010";"2024";"05/06/2024";"0"
"AT 93010 25 B0026";"AT";"93010";"2025";"10/06/2025";"0"
"CU 93010 25 B0184";"CU";"93010";"2025";"02/06/2025";"1"
"DP 93010 25 B0049";"DP";"93010";"2025";"09/04/2025";"0"
"DP 93010 25 B0087";"DP";"93010";"2025";"30/05/2025";"1"
"CU 93010 25 B0209";"CU";"93010";"2025";"13/06/2025";"1"
"DP 93010 25 B0099";"DP";"93010";"2025";"16/06/2025";"1"
"DP 93010 25 B0091";"DP";"93010";"2025";"03/06/2025";"1"
"DP 93010 26 B0009";"DP";"93010";"2026";"24/01/2026";"1"
"PC 93010 25 B0062";"PC";"93010";"2025";"15/12/2025";"0"
"PC 93010 25 B0029";"PC";"93010";"2025";"04/06/2025";"1"
"PC 93010 25 B0024";"PC";"93010";"2025";"10/05/2025";"1"
"DP 93010 25 B0071";"DP";"93010";"2025";"12/05/2025";"1"
"DP 93010 25 B0107";"DP";"93010";"2025";"24/06/2025";"1"
"CU 93010 26 B0042";"CU";"93010";"2026";"09/02/2026";"1"
"DP 93010 25 B0108";"DP";"93010";"2025";"24/06/2025";"1"
"DP 93010 25 B0098";"DP";"93010";"2025";"16/06/2025";"1"
"PC 93010 25 B0012";"PC";"93010";"2025";"27/02/2025";"1"
"CU 93010 26 B0019";"CU";"93010";"2026";"20/01/2026";"1"
"DP 93010 25 B0106";"DP";"93010";"2025";"23/06/2025";"1"
"CU 93010 25 B0187";"CU";"93010";"2025";"03/06/2025";"1"
"CU 93010 25 B0185";"CU";"93010";"2025";"02/06/2025";"1"
"CU 93010 25 B0190";"CU";"93010";"2025";"03/06/2025";"1"
"CU 93010 25 B0186";"CU";"93010";"2025";"02/06/2025";"1"
"CU 93010 25 B0188";"CU";"93010";"2025";"03/06/2025";"1"
"CU 93010 25 B0191";"CU";"93010";"2025";"03/06/2025";"1"
"CU 93010 25 B0189";"CU";"93010";"2025";"03/06/2025";"1"
"CU 93010 25 B0192";"CU";"93010";"2025";"04/06/2025";"1"
"CU 93010 25 B0193";"CU";"93010";"2025";"30/05/2025";"0"
"CU 93010 25 B0194";"CU";"93010";"2025";"02/06/2025";"0"
"CU 93010 25 B0195";"CU";"93010";"2025";"30/05/2025";"0"
"CU 93010 25 B0196";"CU";"93010";"2025";"26/05/2025";"0"
"CU 93010 25 B0197";"CU";"93010";"2025";"26/05/2025";"0"
"CU 93010 25 B0198";"CU";"93010";"2025";"05/06/2025";"1"
"CU 93010 25 B0199";"CU";"93010";"2025";"05/06/2025";"1"
"CU 93010 25 B0200";"CU";"93010";"2025";"05/06/2025";"1"
"CU 93010 25 B0201";"CU";"93010";"2025";"05/06/2025";"1"
"CU 93010 25 B0202";"CU";"93010";"2025";"06/06/2025";"1"
"CU 93010 25 B0203";"CU";"93010";"2025";"06/06/2025";"1"
"DP 93010 25 B0089";"DP";"93010";"2025";"02/06/2025";"1"
"CU 93010 26 B0049";"CU";"93010";"2026";"12/02/2026";"1"
"PC 93010 25 B0030";"PC";"93010";"2025";"05/06/2025";"1"
"CU 93010 25 B0247";"CU";"93010";"2025";"27/06/2025";"0"
"DP 93010 25 B0086";"DP";"93010";"2025";"28/05/2025";"1"
"CU 93010 25 B0242";"CU";"93010";"2025";"01/07/2025";"1"
"PC 93010 25 B0017";"PC";"93010";"2025";"14/03/2025";"1"
"DP 93010 25 B0093";"DP";"93010";"2025";"05/06/2025";"1"
"CU 93010 25 B0204";"CU";"93010";"2025";"06/06/2025";"1"
"CU 93010 25 B0352";"CU";"93010";"2025";"02/10/2025";"1"
"DP 93010 23 B0146 M01";"DP";"93010";"2025";"09/07/2025";"1"
"PC 93010 25 B0025";"PC";"93010";"2025";"21/05/2025";"1"
"PC 93010 25 B0031";"PC";"93010";"2025";"05/06/2025";"1"
"CU 93010 25 B0210";"CU";"93010";"2025";"10/06/2025";"0"
"DP 93010 23 B0093";"DP";"93010";"2023";"01/06/2023";"1"
"DP 93010 25 B0118";"DP";"93010";"2025";"10/07/2025";"1"
"CU 93010 25 B0292";"CU";"93010";"2025";"12/08/2025";"1"
"DP 93010 25 B0121";"DP";"93010";"2025";"11/07/2025";"1"
"CU 93010 25 B0249";"CU";"93010";"2025";"10/07/2025";"1"
"AT 93010 25 B0031";"AT";"93010";"2025";"07/07/2025";"0"
"DP 93010 25 B0156";"DP";"93010";"2025";"08/09/2025";"1"
"DP 93010 25 B0105";"DP";"93010";"2025";"23/06/2025";"1"
"CU 93010 25 B0244";"CU";"93010";"2025";"07/07/2025";"1"
"DP 93010 23 B0145 M01";"DP";"93010";"2025";"09/07/2025";"1"
"PC 93010 25 B0038";"PC";"93010";"2025";"07/07/2025";"1"
"DP 93010 25 B0122";"DP";"93010";"2025";"11/07/2025";"1"
"CU 93010 25 B0250";"CU";"93010";"2025";"30/06/2025";"0"
"CU 93010 25 B0248";"CU";"93010";"2025";"09/07/2025";"1"
"CU 93010 25 B0252";"CU";"93010";"2025";"30/06/2025";"0"
"CU 93010 25 B0251";"CU";"93010";"2025";"30/06/2025";"0"
"CU 93010 25 B0245";"CU";"93010";"2025";"02/07/2025";"0"
"CU 93010 25 B0253";"CU";"93010";"2025";"03/07/2025";"0"
"CU 93010 25 B0254";"CU";"93010";"2025";"03/07/2025";"0"
"CU 93010 25 B0255";"CU";"93010";"2025";"04/07/2025";"0"
"CU 93010 25 B0256";"CU";"93010";"2025";"04/07/2025";"0"
"CU 93010 25 B0257";"CU";"93010";"2025";"10/07/2025";"1"
"CU 93010 25 B0258";"CU";"93010";"2025";"11/07/2025";"1"
"CU 93010 25 B0273";"CU";"93010";"2025";"24/07/2025";"1"
"CU 93010 25 B0300";"CU";"93010";"2025";"25/08/2025";"1"
"CU 93010 25 B0259";"CU";"93010";"2025";"11/07/2025";"0"
"CU 93010 25 B0295";"CU";"93010";"2025";"01/09/2025";"0"
"DP 93010 25 B0080";"DP";"93010";"2025";"21/05/2025";"1"
"DP 93010 25 B0033";"DP";"93010";"2025";"18/03/2025";"1"
"DP 93010 25 B0101";"DP";"93010";"2025";"20/06/2025";"1"
"DP 93010 25 B0120";"DP";"93010";"2025";"11/07/2025";"1"
"CU 93010 25 B0293";"CU";"93010";"2025";"14/08/2025";"1"
"DP 93010 25 B0144";"DP";"93010";"2025";"20/08/2025";"0"
"CU 93010 25 B0326";"CU";"93010";"2025";"10/09/2025";"0"
"AT 93010 25 B0035";"AT";"93010";"2025";"30/07/2025";"0"
"DP 93010 25 B0124";"DP";"93010";"2025";"14/07/2025";"1"
"DP 93010 22 B0073";"DP";"93010";"2022";"16/05/2022";"1"
"CU 93010 25 B0294";"CU";"93010";"2025";"12/08/2025";"0"
"DP 93010 25 B0135";"DP";"93010";"2025";"01/08/2025";"1"
"AT 93010 25 B0036";"AT";"93010";"2025";"31/07/2025";"0"
"PC 93010 25 B0044";"PC";"93010";"2025";"11/08/2025";"1"
"DP 93010 25 B0143";"DP";"93010";"2025";"19/08/2025";"1"
"DP 93010 25 B0142";"DP";"93010";"2025";"18/08/2025";"1"
"AT 93010 25 B0037";"AT";"93010";"2025";"19/08/2025";"0"
"DP 93010 25 B0145";"DP";"93010";"2025";"21/08/2025";"1"
"PC 93010 25 B0023";"PC";"93010";"2025";"02/05/2025";"1"
"CU 93010 25 B0296";"CU";"93010";"2025";"12/08/2025";"0"
"CU 93010 25 B0297";"CU";"93010";"2025";"18/08/2025";"1"
"PC 93010 25 B0014";"PC";"93010";"2025";"12/03/2025";"1"
"CU 93010 25 B0298";"CU";"93010";"2025";"18/08/2025";"1"
"CU 93010 25 B0299";"CU";"93010";"2025";"20/08/2025";"1"
"PC 93010 24 B0066";"PC";"93010";"2024";"16/12/2024";"0"
"CU 93010 25 B0288";"CU";"93010";"2025";"07/08/2025";"0"
"CU 93010 25 B0289";"CU";"93010";"2025";"07/08/2025";"0"
"PC 93010 23 B0027";"PC";"93010";"2023";"26/05/2023";"1"
"CU 93010 25 B0276";"CU";"93010";"2025";"26/07/2025";"1"
"DP 93010 25 B0131";"DP";"93010";"2025";"21/07/2025";"1"
"CU 93010 25 B0274";"CU";"93010";"2025";"24/07/2025";"1"
"CU 93010 25 B0378";"CU";"93010";"2025";"20/10/2025";"1"
"DP 93010 25 B0074";"DP";"93010";"2025";"13/05/2025";"1"
"DP 93010 25 B0110";"DP";"93010";"2025";"01/07/2025";"1"
"CU 93010 25 B0275";"CU";"93010";"2025";"25/07/2025";"1"
"DP 93010 25 B0147";"DP";"93010";"2025";"24/08/2025";"1"
"CU 93010 26 B0058";"CU";"93010";"2026";"18/02/2026";"0"
"AT 93010 25 B0040";"AT";"93010";"2025";"24/09/2025";"0"
"DP 93010 25 B0134";"DP";"93010";"2025";"30/07/2025";"1"
"CU 93010 25 B0277";"CU";"93010";"2025";"28/07/2025";"1"
"CU 93010 25 B0265";"CU";"93010";"2025";"21/07/2025";"0"
"CU 93010 25 B0266";"CU";"93010";"2025";"25/06/2025";"0"
"CU 93010 25 B0281";"CU";"93010";"2025";"30/07/2025";"1"
"CU 93010 25 B0267";"CU";"93010";"2025";"24/07/2025";"0"
"CU 93010 25 B0268";"CU";"93010";"2025";"24/07/2025";"0"
"CU 93010 25 B0269";"CU";"93010";"2025";"28/07/2025";"0"
"CU 93010 25 B0260";"CU";"93010";"2025";"16/07/2025";"1"
"CU 93010 26 B0050";"CU";"93010";"2026";"13/02/2026";"1"
"DP 93010 25 B0100";"DP";"93010";"2025";"20/06/2025";"1"
"CU 93010 25 B0262";"CU";"93010";"2025";"18/07/2025";"1"
"CU 93010 26 B0032";"CU";"93010";"2026";"30/01/2026";"1"
"DP 93010 25 B0150";"DP";"93010";"2025";"29/08/2025";"1"
"CU 93010 25 B0278";"CU";"93010";"2025";"28/07/2025";"1"
"CU 93010 25 B0282";"CU";"93010";"2025";"30/07/2025";"1"
"CU 93010 25 B0329";"CU";"93010";"2025";"15/09/2025";"1"
"CU 93010 25 B0341";"CU";"93010";"2025";"26/09/2025";"1"
"CU 93010 25 B0279";"CU";"93010";"2025";"28/07/2025";"1"
"PC 93010 25 B0046";"PC";"93010";"2025";"01/09/2025";"0"
"AT 93010 25 B0030";"AT";"93010";"2025";"28/06/2025";"0"
"PC 93010 25 B0039";"PC";"93010";"2025";"21/07/2025";"1"
"DP 93010 25 B0138";"DP";"93010";"2025";"07/08/2025";"0"
"CU 93010 25 B0330";"CU";"93010";"2025";"15/09/2025";"0"
"DP 93010 25 B0151";"DP";"93010";"2025";"22/08/2025";"0"
"CU 93010 25 B0280";"CU";"93010";"2025";"28/07/2025";"1"
"DP 93010 25 B0137";"DP";"93010";"2025";"08/08/2025";"1"
"CU 93010 25 B0283";"CU";"93010";"2025";"31/07/2025";"1"
"CU 93010 25 B0284";"CU";"93010";"2025";"31/07/2025";"1"
"CU 93010 25 B0285";"CU";"93010";"2025";"04/08/2025";"1"
"CU 93010 25 B0286";"CU";"93010";"2025";"05/08/2025";"1"
"CU 93010 25 B0287";"CU";"93010";"2025";"05/08/2025";"1"
"CU 93010 23 B0293";"CU";"93010";"2023";"11/07/2023";"0"
"PC 93010 15 B0025 M03";"PC";"93010";"2025";"22/08/2025";"0"
"CU 93010 25 B0261";"CU";"93010";"2025";"16/07/2025";"1"
"DP 93010 25 B0035";"DP";"93010";"2025";"24/03/2025";"1"
"CU 93010 25 B0263";"CU";"93010";"2025";"18/07/2025";"1"
"DP 93010 25 B0117";"DP";"93010";"2025";"10/07/2025";"1"
"CU 93010 25 B0301";"CU";"93010";"2025";"25/08/2025";"1"
"DP 93010 25 B0153";"DP";"93010";"2025";"02/09/2025";"1"
"CU 93010 25 B0302";"CU";"93010";"2025";"25/08/2025";"1"
"CU 93010 25 B0306";"CU";"93010";"2025";"29/08/2025";"1"
"PC 93010 25 B0025 M01";"PC";"93010";"2025";"10/09/2025";"1"
"PC 93010 22 B0012";"PC";"93010";"2022";"01/04/2022";"0"
"CU 93010 25 B0307";"CU";"93010";"2025";"01/09/2025";"1"
"PC 93010 25 B0016";"PC";"93010";"2025";"14/03/2025";"1"
"CU 93010 25 B0308";"CU";"93010";"2025";"01/09/2025";"1"
"CU 93010 25 B0309";"CU";"93010";"2025";"01/09/2025";"1"
"CU 93010 25 B0311";"CU";"93010";"2025";"03/09/2025";"1"
"CU 93010 25 B0310";"CU";"93010";"2025";"01/09/2025";"1"
"CU 93010 25 B0312";"CU";"93010";"2025";"03/09/2025";"1"
"CU 93010 25 B0313";"CU";"93010";"2025";"03/09/2025";"1"
"CU 93010 25 B0314";"CU";"93010";"2025";"04/09/2025";"1"
"CU 93010 25 B0317";"CU";"93010";"2025";"05/09/2025";"1"
"CU 93010 25 B0318";"CU";"93010";"2025";"05/09/2025";"1"
"CU 93010 25 B0319";"CU";"93010";"2025";"05/09/2025";"1"
"CU 93010 25 B0321";"CU";"93010";"2025";"09/09/2025";"1"
"CU 93010 25 B0320";"CU";"93010";"2025";"08/09/2025";"1"
"CU 93010 25 B0322";"CU";"93010";"2025";"09/09/2025";"1"
"DP 93010 25 B0158";"DP";"93010";"2025";"11/09/2025";"1"
"CU 93010 25 B0323";"CU";"93010";"2025";"09/09/2025";"1"
"CU 93010 25 B0303";"CU";"93010";"2025";"28/08/2025";"1"
"CU 93010 25 B0304";"CU";"93010";"2025";"22/08/2025";"0"
"CU 93010 25 B0353";"CU";"93010";"2025";"02/10/2025";"1"
"DP 93010 25 B0159";"DP";"93010";"2025";"12/09/2025";"1"
"CU 93010 25 B0333";"CU";"93010";"2025";"19/09/2025";"1"
"CU 93010 25 B0379";"CU";"93010";"2025";"20/10/2025";"1"
"CU 93010 25 B0327";"CU";"93010";"2025";"11/09/2025";"1"
"PC 93010 23 B0023";"PC";"93010";"2023";"02/05/2023";"0"
"CU 93010 25 B0395";"CU";"93010";"2025";"30/10/2025";"1"
"DP 93010 23 B0053";"DP";"93010";"2023";"28/03/2023";"0"
"CU 93010 25 B0315";"CU";"93010";"2025";"04/09/2025";"1"
"CU 93010 25 B0270";"CU";"93010";"2025";"21/07/2025";"1"
"PC 93010 25 B0045";"PC";"93010";"2025";"11/08/2025";"1"
"CU 93010 25 B0325";"CU";"93010";"2025";"09/09/2025";"0"
"DP 93010 25 B0165";"DP";"93010";"2025";"25/09/2025";"1"
"CU 93010 25 B0331";"CU";"93010";"2025";"15/09/2025";"0"
"DP 93010 25 B0162";"DP";"93010";"2025";"18/09/2025";"1"
"CU 93010 25 B0316";"CU";"93010";"2025";"04/09/2025";"1"
"CU 93010 25 B0332";"CU";"93010";"2025";"18/09/2025";"1"
"CU 93010 25 B0334";"CU";"93010";"2025";"22/09/2025";"1"
"DP 93010 25 B0164";"DP";"93010";"2025";"22/09/2025";"1"
"CU 93010 25 B0335";"CU";"93010";"2025";"22/09/2025";"1"
"CU 93010 25 B0336";"CU";"93010";"2025";"23/09/2025";"1"
"DP 93010 25 B0161";"DP";"93010";"2025";"17/09/2025";"1"
"PC 93010 25 B0035";"PC";"93010";"2025";"20/06/2025";"1"
"CU 93010 25 B0328";"CU";"93010";"2025";"12/09/2025";"1"
"CU 93010 25 B0337";"CU";"93010";"2025";"23/09/2025";"1"
"CU 93010 25 B0338";"CU";"93010";"2025";"23/09/2025";"1"
"DP 93010 25 B0160";"DP";"93010";"2025";"17/09/2025";"1"
"CU 93010 26 B0030";"CU";"93010";"2026";"29/01/2026";"1"
"CU 93010 25 B0441";"CU";"93010";"2025";"15/12/2025";"1"
"DP 93010 25 B0115";"DP";"93010";"2025";"07/07/2025";"1"
"CU 93010 25 B0346";"CU";"93010";"2025";"22/09/2025";"0"
"CU 93010 25 B0354";"CU";"93010";"2025";"02/10/2025";"1"
"AT 93010 26 B0001";"AT";"93010";"2026";"19/01/2026";"0"
"CU 93010 25 B0348";"CU";"93010";"2025";"26/09/2025";"1"
"CU 93010 25 B0343";"CU";"93010";"2025";"19/09/2025";"0"
"CU 93010 25 B0396";"CU";"93010";"2025";"30/10/2025";"1"
"CU 93010 25 B0373";"CU";"93010";"2025";"08/10/2025";"0"
"DP 93010 25 B0171";"DP";"93010";"2025";"08/10/2025";"1"
"CU 93010 25 B0380";"CU";"93010";"2025";"20/10/2025";"1"
"AT 93010 25 B0041";"AT";"93010";"2025";"03/10/2025";"0"
"PC 93010 25 B0041";"PC";"93010";"2025";"30/07/2025";"1"
"DP 93010 25 B0209";"DP";"93010";"2025";"19/12/2025";"1"
"DP 93010 25 B0141";"DP";"93010";"2025";"17/08/2025";"1"
"DP 93010 25 B0169";"DP";"93010";"2025";"06/10/2025";"1"
"CU 93010 25 B0397";"CU";"93010";"2025";"30/10/2025";"1"
"DP 93010 25 B0186";"DP";"93010";"2025";"13/11/2025";"1"
"CU 93010 25 B0344";"CU";"93010";"2025";"22/09/2025";"0"
"CU 93010 25 B0345";"CU";"93010";"2025";"19/09/2025";"0"
"PC 93010 25 B0048";"PC";"93010";"2025";"24/09/2025";"1"
"CU 93010 25 B0347";"CU";"93010";"2025";"25/09/2025";"0"
"CU 93010 25 B0340";"CU";"93010";"2025";"24/09/2025";"1"
"DP 93010 25 B0173";"DP";"93010";"2025";"13/10/2025";"1"
"CU 93010 25 B0342";"CU";"93010";"2025";"19/09/2025";"0"
"PC 93010 23 B0021";"PC";"93010";"2023";"27/04/2023";"1"
"CU 93010 25 B0355";"CU";"93010";"2025";"02/10/2025";"1"
"CU 93010 26 B0051";"CU";"93010";"2026";"13/02/2026";"1"
"CU 93010 26 B0035";"CU";"93010";"2026";"02/02/2026";"1"
"AT 93010 25 B0043";"AT";"93010";"2025";"03/11/2025";"0"
"CU 93010 25 B0374";"CU";"93010";"2025";"08/10/2025";"0"
"DP 93010 25 B0170";"DP";"93010";"2025";"07/10/2025";"1"
"CU 93010 25 B0398";"CU";"93010";"2025";"30/10/2025";"1"
"CU 93010 25 B0382";"CU";"93010";"2025";"21/10/2025";"1"
"DP 93010 25 B0188";"DP";"93010";"2025";"14/11/2025";"1"
"DP 93010 25 B0187";"DP";"93010";"2025";"13/11/2025";"1"
"DP 93010 25 B0203";"DP";"93010";"2025";"08/12/2025";"1"
"CU 93010 25 B0399";"CU";"93010";"2025";"31/10/2025";"1"
"CU 93010 25 B0384";"CU";"93010";"2025";"23/10/2025";"1"
"DP 93010 25 B0182";"DP";"93010";"2025";"11/11/2025";"1"
"DP 93010 25 B0176";"DP";"93010";"2025";"22/10/2025";"1"
"DP 93010 25 B0139";"DP";"93010";"2025";"08/08/2025";"1"
"DP 93010 25 B0155";"DP";"93010";"2025";"08/09/2025";"1"
"DP 93010 25 B0175";"DP";"93010";"2025";"21/10/2025";"1"
"CU 93010 25 B0386";"CU";"93010";"2025";"23/10/2025";"1"
"CU 93010 25 B0387";"CU";"93010";"2025";"24/10/2025";"1"
"CU 93010 25 B0389";"CU";"93010";"2025";"22/10/2025";"0"
"CU 93010 25 B0375";"CU";"93010";"2025";"15/10/2025";"1"
"CU 93010 25 B0377";"CU";"93010";"2025";"20/10/2025";"1"
"CU 93010 25 B0350";"CU";"93010";"2025";"30/09/2025";"1"
"CU 93010 25 B0349";"CU";"93010";"2025";"26/09/2025";"1"
"CU 93010 25 B0351";"CU";"93010";"2025";"01/10/2025";"1"
"CU 93010 26 B0052";"CU";"93010";"2026";"16/02/2026";"1"
"DP 93010 25 B0166";"DP";"93010";"2025";"01/10/2025";"1"
"PC 93010 25 B0042";"PC";"93010";"2025";"30/07/2025";"1"
"CU 93010 25 B0416";"CU";"93010";"2025";"20/11/2025";"0"
"CU 93010 25 B0356";"CU";"93010";"2025";"03/10/2025";"1"
"DP 93010 25 B0123";"DP";"93010";"2025";"12/07/2025";"1"
"CU 93010 25 B0357";"CU";"93010";"2025";"06/10/2025";"1"
"CU 93010 25 B0381";"CU";"93010";"2025";"20/10/2025";"1"
"CU 93010 25 B0359";"CU";"93010";"2025";"07/10/2025";"1"
"PC 93010 17 B0042";"PC";"93010";"2017";"04/07/2017";"0"
"CU 93010 25 B0388";"CU";"93010";"2025";"28/10/2025";"1"
"CU 93010 25 B0371";"CU";"93010";"2025";"17/10/2025";"0"
"CU 93010 25 B0455";"CU";"93010";"2025";"17/12/2025";"0"
"PC 93010 22 B0069";"PC";"93010";"2022";"29/12/2022";"0"
"DP 93010 23 B0155";"DP";"93010";"2023";"28/09/2023";"0"
"PC 93010 25 B0043";"PC";"93010";"2025";"31/07/2025";"1"
"CU 93010 25 B0358";"CU";"93010";"2025";"07/10/2025";"1"
"AT 93010 23 B0003";"AT";"93010";"2023";"10/01/2023";"0"
"PC 93010 24 B0018 M01";"PC";"93010";"2025";"08/09/2025";"1"
"PC 93010 25 B0052";"PC";"93010";"2025";"12/10/2025";"1"
"CU 93010 25 B0360";"CU";"93010";"2025";"07/10/2025";"1"
"AT 93010 25 B0042";"AT";"93010";"2025";"09/10/2025";"0"
"CU 93010 25 B0361";"CU";"93010";"2025";"08/10/2025";"1"
"CU 93010 25 B0362";"CU";"93010";"2025";"08/10/2025";"1"
"CU 93010 25 B0363";"CU";"93010";"2025";"08/10/2025";"1"
"CU 93010 25 B0364";"CU";"93010";"2025";"02/10/2025";"0"
"CU 93010 25 B0365";"CU";"93010";"2025";"06/10/2025";"0"
"CU 93010 25 B0366";"CU";"93010";"2025";"09/10/2025";"1"
"CU 93010 25 B0367";"CU";"93010";"2025";"10/10/2025";"1"
"CU 93010 25 B0368";"CU";"93010";"2025";"10/10/2025";"1"
"CU 93010 25 B0369";"CU";"93010";"2025";"13/10/2025";"1"
"CU 93010 25 B0370";"CU";"93010";"2025";"13/10/2025";"1"
"PC 93010 25 B0055";"PC";"93010";"2025";"06/11/2025";"1"
"PC 93010 25 B0019";"PC";"93010";"2025";"01/04/2025";"1"
"DP 93010 23 B0183 M01";"DP";"93010";"2025";"09/10/2025";"0"
"CU 93010 26 B0033";"CU";"93010";"2026";"30/01/2026";"1"
"DP 93010 25 B0191";"DP";"93010";"2025";"19/11/2025";"1"
"PC 93010 23 B0020";"PC";"93010";"2023";"27/04/2023";"1"
"CU 93010 25 B0383";"CU";"93010";"2025";"21/10/2025";"1"
"CU 93010 25 B0440";"CU";"93010";"2025";"15/12/2025";"1"
"DP 93010 25 B0189";"DP";"93010";"2025";"17/11/2025";"1"
"CU 93010 25 B0372";"CU";"93010";"2025";"08/10/2025";"0"
"AT 93010 25 B0047";"AT";"93010";"2025";"19/11/2025";"0"
"CU 93010 26 B0041";"CU";"93010";"2026";"06/02/2026";"1"
"CU 93010 25 B0385";"CU";"93010";"2025";"23/10/2025";"1"
"CU 93010 26 B0061";"CU";"93010";"2026";"23/02/2026";"1"
"AT 93010 25 B0034";"AT";"93010";"2025";"07/08/2025";"0"
"PC 93010 25 B0027 M01";"PC";"93010";"2025";"03/10/2025";"1"
"AT 93010 25 B0044";"AT";"93010";"2025";"06/11/2025";"0"
"DP 93010 25 B0163";"DP";"93010";"2025";"20/09/2025";"1"
"DP 93010 25 B0184";"DP";"93010";"2025";"12/11/2025";"1"
"DP 93010 25 B0185";"DP";"93010";"2025";"12/11/2025";"1"
"AT 93010 25 B0046";"AT";"93010";"2025";"10/11/2025";"0"
"AT 93010 25 B0045";"AT";"93010";"2025";"13/11/2025";"0"
"CU 93010 25 B0339";"CU";"93010";"2025";"22/09/2025";"1"
"CU 93010 25 B0394";"CU";"93010";"2025";"29/10/2025";"1"
"CU 93010 26 B0039";"CU";"93010";"2026";"06/02/2026";"1"
"DP 93010 25 B0167";"DP";"93010";"2025";"03/10/2025";"1"
"DP 93010 25 B0138 M01";"DP";"93010";"2025";"02/10/2025";"0"
"PC 93010 21 B0081";"PC";"93010";"2021";"02/11/2021";"0"
"CU 93010 26 B0059";"CU";"93010";"2026";"20/02/2026";"1"
"DP 93010 25 B0197";"DP";"93010";"2025";"26/11/2025";"1"
"DP 93010 25 B0196";"DP";"93010";"2025";"26/11/2025";"0"
"DP 93010 25 B0178";"DP";"93010";"2025";"28/10/2025";"1"
"AT 93010 25 B0048";"AT";"93010";"2025";"25/11/2025";"0"
"PC 93010 21 B0081 M01";"PC";"93010";"2026";"02/01/2026";"0"
"CU 93010 25 B0402";"CU";"93010";"2025";"05/11/2025";"1"
"CU 93010 25 B0403";"CU";"93010";"2025";"06/11/2025";"1"
"CU 93010 25 B0404";"CU";"93010";"2025";"07/11/2025";"1"
"CU 93010 25 B0405";"CU";"93010";"2025";"12/11/2025";"1"
"CU 93010 25 B0406";"CU";"93010";"2025";"13/11/2025";"1"
"CU 93010 25 B0407";"CU";"93010";"2025";"14/11/2025";"1"
"CU 93010 25 B0409";"CU";"93010";"2025";"17/11/2025";"1"
"CU 93010 25 B0408";"CU";"93010";"2025";"14/11/2025";"1"
"CU 93010 25 B0411";"CU";"93010";"2025";"19/11/2025";"1"
"CU 93010 25 B0410";"CU";"93010";"2025";"18/11/2025";"1"
"AT 93010 25 B0016";"AT";"93010";"2025";"03/04/2025";"0"
"DP 93010 25 B0045";"DP";"93010";"2025";"07/04/2025";"1"
"DP 93010 25 B0126";"DP";"93010";"2025";"16/07/2025";"1"
"PC 93010 25 B0027 M02";"PC";"93010";"2025";"04/12/2025";"1"
"CU 93010 26 B0040";"CU";"93010";"2026";"06/02/2026";"1"
"DP 93010 26 B0004";"DP";"93010";"2026";"14/01/2026";"1"
"CU 93010 25 B0417";"CU";"93010";"2025";"25/11/2025";"1"
"CU 93010 25 B0444";"CU";"93010";"2025";"16/12/2025";"1"
"CU 93010 25 B0456";"CU";"93010";"2025";"23/12/2025";"1"
"CU 93010 25 B0418";"CU";"93010";"2025";"24/11/2025";"0"
"CU 93010 25 B0458";"CU";"93010";"2025";"30/12/2025";"1"
"AT 93010 25 B0022";"AT";"93010";"2025";"24/04/2025";"0"
"DP 93010 22 B0172";"DP";"93010";"2022";"21/11/2022";"0"
"CU 93010 25 B0457";"CU";"93010";"2025";"26/12/2025";"1"
"AT 93010 22 B0033";"AT";"93010";"2022";"14/11/2022";"0"
"DP 93010 25 B0104";"DP";"93010";"2025";"23/06/2025";"1"
"CU 93010 26 B0002";"CU";"93010";"2026";"02/01/2026";"1"
"DP 93010 25 B0130";"DP";"93010";"2025";"19/07/2025";"1"
"CU 93010 25 B0459";"CU";"93010";"2025";"26/12/2025";"0"
"CU 93010 26 B0003";"CU";"93010";"2026";"06/01/2026";"1"
"PC 93010 22 B0033";"PC";"93010";"2022";"23/05/2022";"1"
"DP 93010 25 B0136";"DP";"93010";"2025";"04/08/2025";"1"
"PC 93010 22 B0034";"PC";"93010";"2022";"18/05/2022";"1"
"PC 93010 22 B0077";"PC";"93010";"2022";"18/05/2022";"1"
"AT 93010 25 B0038";"AT";"93010";"2025";"29/08/2025";"0"
"PC 93010 22 B0018";"PC";"93010";"2022";"15/04/2022";"1"
"PC 93010 22 B0017";"PC";"93010";"2022";"15/04/2022";"1"
"PC 93010 22 B0016";"PC";"93010";"2022";"15/04/2022";"1"
"CU 93010 22 B0046";"CU";"93010";"2022";"16/03/2022";"1"
"DP 93010 22 B0025";"DP";"93010";"2022";"24/02/2022";"1"
"DP 93010 22 B0023";"DP";"93010";"2022";"18/02/2022";"0"
"PC 93010 25 B0061";"PC";"93010";"2025";"04/12/2025";"1"
"DP 93010 25 B0208";"DP";"93010";"2025";"15/12/2025";"1"
"DP 93010 25 B0198";"DP";"93010";"2025";"28/11/2025";"1"
"CU 93010 26 B0060";"CU";"93010";"2026";"20/02/2026";"0"
"CU 93010 26 B0037";"CU";"93010";"2026";"03/02/2026";"1"
"AT 93010 26 B0006";"AT";"93010";"2026";"17/02/2026";"0"
"CU 93010 25 B0419";"CU";"93010";"2025";"01/12/2025";"0"
"DP 93010 25 B0200";"DP";"93010";"2025";"04/12/2025";"1"
"DP 93010 25 B0204";"DP";"93010";"2025";"09/12/2025";"1"
"DP 93010 25 B0202";"DP";"93010";"2025";"08/12/2025";"1"
"DP 93010 25 B0205";"DP";"93010";"2025";"11/12/2025";"1"
"CU 93010 25 B0449";"CU";"93010";"2025";"17/12/2025";"1"
"CU 93010 25 B0451";"CU";"93010";"2025";"18/12/2025";"1"
"CU 93010 25 B0452";"CU";"93010";"2025";"19/12/2025";"1"
"CU 93010 25 B0420";"CU";"93010";"2025";"25/11/2025";"1"
"CU 93010 25 B0421";"CU";"93010";"2025";"27/11/2025";"1"
"CU 93010 25 B0422";"CU";"93010";"2025";"28/11/2025";"1"
"CU 93010 25 B0423";"CU";"93010";"2025";"28/11/2025";"1"
"CU 93010 25 B0425";"CU";"93010";"2025";"28/11/2025";"1"
"CU 93010 25 B0426";"CU";"93010";"2025";"03/12/2025";"1"
"CU 93010 25 B0427";"CU";"93010";"2025";"03/12/2025";"1"
"CU 93010 25 B0400";"CU";"93010";"2025";"31/10/2025";"1"
"CU 93010 25 B0401";"CU";"93010";"2025";"04/11/2025";"1"
"CU 93010 25 B0428";"CU";"93010";"2025";"05/12/2025";"1"
"PC 93010 25 B0060";"PC";"93010";"2025";"02/12/2025";"1"
"CU 93010 25 B0412";"CU";"93010";"2025";"04/11/2025";"0"
"PC 93010 22 B0004 M01";"PC";"93010";"2023";"24/04/2023";"0"
"DP 93010 23 B0065";"DP";"93010";"2023";"17/04/2023";"0"
"CU 93010 25 B0446";"CU";"93010";"2025";"17/12/2025";"1"
"DP 93010 25 B0194";"DP";"93010";"2025";"24/11/2025";"1"
"CU 93010 25 B0414";"CU";"93010";"2025";"13/11/2025";"0"
"CU 93010 25 B0448";"CU";"93010";"2025";"17/12/2025";"1"
"CU 93010 25 B0429";"CU";"93010";"2025";"05/12/2025";"1"
"PC 93010 22 B0030";"PC";"93010";"2022";"16/05/2022";"1"
"DP 93010 25 B0190";"DP";"93010";"2025";"18/11/2025";"1"
"CU 93010 25 B0430";"CU";"93010";"2025";"05/12/2025";"1"
"CU 93010 26 B0038";"CU";"93010";"2026";"04/02/2026";"1"
"CU 93010 25 B0445";"CU";"93010";"2025";"16/12/2025";"1"
"AT 93010 25 B0049";"AT";"93010";"2025";"04/12/2025";"0"
"CU 93010 26 B0063";"CU";"93010";"2026";"23/02/2026";"1"
"PC 93010 22 B0037";"PC";"93010";"2022";"11/06/2022";"1"
"DP 93010 25 B0058";"DP";"93010";"2025";"28/04/2025";"1"
"CU 93010 25 B0447";"CU";"93010";"2025";"17/12/2025";"1"
"PC 93010 22 00033";"PC";"93010";"2022";"01/06/2022";"1"
"AT 93010 25 B0025";"AT";"93010";"2025";"19/05/2025";"0"
"DP 93010 25 B0081";"DP";"93010";"2025";"22/05/2025";"1"
"PC 93010 23 B0044 M02";"PC";"93010";"2026";"05/02/2026";"0"
"PC 93010 22 B0036";"PC";"93010";"2022";"31/05/2022";"1"
"CU 93010 25 B0450";"CU";"93010";"2025";"18/12/2025";"1"
"DP 93010 25 B0193";"DP";"93010";"2025";"20/11/2025";"1"
"PC 93010 21 B0101";"PC";"93010";"2021";"20/12/2021";"0"
"PC 93010 21 B0052 M03";"PC";"93010";"2021";"21/12/2021";"0"
"DP 93010 21 B0213";"DP";"93010";"2021";"17/12/2021";"0"
"PC 93010 21 B0025 M02";"PC";"93010";"2021";"22/12/2021";"0"
"DP 93010 25 B0177";"DP";"93010";"2025";"27/10/2025";"1"
"DP 93010 25 B0211";"DP";"93010";"2025";"29/12/2025";"1"
"CU 93010 25 B0424";"CU";"93010";"2025";"28/12/2025";"1"
"CU 93010 25 B0413";"CU";"93010";"2025";"10/11/2025";"0"
"PD 93010 26 B0002";"PD";"93010";"2026";"04/02/2026";"1"
"PC 93010 25 B0025 M02";"PC";"93010";"2025";"02/11/2025";"1"
"CU 93010 25 B0415";"CU";"93010";"2025";"17/11/2025";"0"
"DP 93010 25 B0206";"DP";"93010";"2025";"11/12/2025";"1"
"CU 93010 25 B0431";"CU";"93010";"2025";"05/12/2025";"1"
"CU 93010 26 B0020";"CU";"93010";"2026";"12/01/2026";"0"
"CU 93010 26 B0021";"CU";"93010";"2026";"12/01/2026";"0"
"CU 93010 25 B0432";"CU";"93010";"2025";"05/12/2025";"0"
"DP 93010 25 B0195";"DP";"93010";"2025";"24/11/2025";"1"
"CU 93010 25 B0433";"CU";"93010";"2025";"08/12/2025";"1"
"CU 93010 25 B0434";"CU";"93010";"2025";"08/12/2025";"1"
"CU 93010 25 B0435";"CU";"93010";"2025";"09/12/2025";"1"
"CU 93010 25 B0436";"CU";"93010";"2025";"10/12/2025";"1"
"DP 93010 25 B0001";"DP";"93010";"2025";"06/01/2025";"1"
"DP 93010 25 B0002";"DP";"93010";"2025";"13/01/2025";"1"
"CU 93010 25 B0437";"CU";"93010";"2025";"10/12/2025";"1"
"CU 93010 25 B0438";"CU";"93010";"2025";"12/12/2025";"1"
"DP 93010 25 B0003";"DP";"93010";"2025";"17/01/2025";"1"
"CU 93010 25 B0439";"CU";"93010";"2025";"12/12/2025";"1"
"DP 93010 25 B0010";"DP";"93010";"2025";"24/01/2025";"0"
"PC 93010 25 B0006";"PC";"93010";"2025";"27/01/2025";"0"
"PC 93010 25 B0008";"PC";"93010";"2025";"31/01/2025";"0"
"PD 93010 25 B0001";"PD";"93010";"2025";"06/02/2025";"0"
"AT 93010 25 B0006";"AT";"93010";"2025";"13/02/2025";"0"
"AT 93010 25 B0007";"AT";"93010";"2025";"18/02/2025";"0"
"DP 93010 25 B0026";"DP";"93010";"2025";"06/03/2025";"1"
"CU 93010 25 B0442";"CU";"93010";"2025";"16/12/2025";"1"
"PC 93010 25 B0049";"PC";"93010";"2025";"03/10/2025";"1"
"DP 99999 26 00001";"DP";"99999";"2026";"12/01/2026";"1"
"PA 93010 25 B0001";"PA";"93010";"2025";"14/01/2025";"1"
"DP 93010 26 B0001";"DP";"93010";"2026";"04/01/2026";"1"
"CU 93010 25 B0443";"CU";"93010";"2025";"16/12/2025";"1"
"AT 93010 26 B0002";"AT";"93010";"2026";"06/02/2026";"0"
"DP 93010 25 B0199";"DP";"93010";"2025";"03/12/2025";"1"
"DP 93010 25 B0073";"DP";"93010";"2025";"12/05/2025";"1"
"PC 93010 25 B0058";"PC";"93010";"2025";"17/11/2025";"1"
"DP 93010 26 B0005";"DP";"93010";"2026";"20/01/2026";"1"
"DP 93010 25 B0050";"DP";"93010";"2025";"17/04/2025";"1"
"DP 93010 25 B0056";"DP";"93010";"2025";"25/04/2025";"1"
"AT 93010 23 B0002";"AT";"93010";"2023";"01/02/2023";"0"
"PC 93010 21 B0073 M01";"PC";"93010";"2023";"31/01/2023";"0"
"DP 93010 26 B0015";"DP";"93010";"2026";"05/02/2026";"0"
"DP 93010 25 B0061";"DP";"93010";"2025";"05/05/2025";"1"
"DP 93010 25 B001";"DP";"93010";"2025";"19/12/2025";"0"
"DP 93010 25 B0064";"DP";"93010";"2025";"06/05/2025";"1"
"CU 93010 26 B0062";"CU";"93010";"2026";"23/02/2026";"1"
"DP 93010 25 B0070";"DP";"93010";"2025";"09/05/2025";"1"
"DP 93010 25 B0192";"DP";"93010";"2025";"19/11/2025";"1"
"DP 93010 25 B0072";"DP";"93010";"2025";"09/05/2025";"0"
"DP 93010 25 B0207";"DP";"93010";"2025";"13/12/2025";"1"
"DP 93010 25 B0083";"DP";"93010";"2025";"22/05/2025";"1"
"AT 93010 26 B0004";"AT";"93010";"2026";"09/02/2026";"0"
"DP 93010 25 B0172";"DP";"93010";"2025";"08/10/2025";"1"
"PC 93010 22 B0030 T02";"PC";"93010";"2025";"04/12/2025";"0"
"AT 93010 25 B0029";"AT";"93010";"2025";"25/06/2025";"0"
"PC 93010 25 B0059";"PC";"93010";"2025";"04/12/2025";"1"
"DP 93010 25 B0119";"DP";"93010";"2025";"11/07/2025";"1"
"DP 93010 25 B0132";"DP";"93010";"2025";"25/07/2025";"0"
"AT 93010 25 B0033";"AT";"93010";"2025";"25/07/2025";"0"
"DP 93010 26 B0008";"DP";"93010";"2026";"23/01/2026";"1"
"DP 93010 26 B0006";"DP";"93010";"2026";"23/01/2026";"1"
"DP 93010 26 B0021";"DP";"93010";"2026";"12/02/2026";"1"
"DP 93010 26 B0016";"DP";"93010";"2026";"08/02/2026";"1"
"DP 93010 26 B0007";"DP";"93010";"2026";"23/01/2026";"1"
"DP 93010 26 B0020";"DP";"93010";"2026";"12/02/2026";"1"
"DP 93010 26 B0013";"DP";"93010";"2026";"30/01/2026";"1"
"DP 93010 26 B0019";"DP";"93010";"2026";"12/02/2026";"0"
"DP 93010 26 B0014";"DP";"93010";"2026";"02/02/2026";"0"
"CU 93010 26 B0064";"CU";"93010";"2026";"23/02/2026";"1"
"CU 93010 26 B0065";"CU";"93010";"2026";"23/02/2026";"0"
"CU 93010 26 B0046";"CU";"93010";"2026";"11/02/2026";"1"
"DP 93010 26 B0022";"DP";"93010";"2026";"13/02/2026";"1"
"CU 93010 26 B0066";"CU";"93010";"2026";"24/02/2026";"1"
"CU 93010 26 B0013";"CU";"93010";"2026";"15/01/2026";"1"
"CU 93010 26 B0015";"CU";"93010";"2026";"16/01/2026";"1"
"CU 93010 26 B0014";"CU";"93010";"2026";"16/01/2026";"1"
"AT 93010 26 B0005";"AT";"93010";"2026";"09/02/2026";"0"
"CU 93010 26 B0067";"CU";"93010";"2026";"27/02/2026";"1"
"CU 93010 26 B0022";"CU";"93010";"2026";"23/01/2026";"1"
"CU 93010 26 B0023";"CU";"93010";"2026";"23/01/2026";"0"
"DP 93010 25 B0174";"DP";"93010";"2025";"15/10/2025";"1"
"PC 93010 26 B0003";"PC";"93010";"2026";"30/01/2026";"1"
"DP 93010 25 B0065";"DP";"93010";"2025";"07/05/2025";"1"
"DP 93010 25 B0146";"DP";"93010";"2025";"22/08/2025";"1"
"DP 93010 25 B0148";"DP";"93010";"2025";"28/08/2025";"1"
"DP 93010 25 B0149";"DP";"93010";"2025";"29/08/2025";"1"
"PC 93010 26 B0004";"PC";"93010";"2026";"09/02/2026";"1"
"PC 93010 25 B0025 M03";"PC";"93010";"2026";"17/02/2026";"1"
"DP 93010 26 B0023";"DP";"93010";"2026";"16/02/2026";"0"
"PC 93010 25 B0054";"PC";"93010";"2025";"01/11/2025";"1"
"DP 93010 25 B0180";"DP";"93010";"2025";"06/11/2025";"1"
"DP 93010 26 B0024";"DP";"93010";"2026";"16/02/2026";"0"
"DP 93010 26 B0025";"DP";"93010";"2026";"17/02/2026";"0"
"CU 93010 26 B0044";"CU";"93010";"2026";"05/02/2026";"0"
"CU 93010 26 B0055";"CU";"93010";"2026";"18/02/2026";"1"
"DP 93010 26 B0017";"DP";"93010";"2026";"09/02/2026";"1"
"CU 93010 26 B0053";"CU";"93010";"2026";"11/02/2026";"0"
"CU 93010 26 B0054";"CU";"93010";"2026";"18/02/2026";"1"
"DP 93010 26 B0010";"DP";"93010";"2026";"26/01/2026";"1"
"PC 93010 25 B0057";"PC";"93010";"2025";"13/11/2025";"1"
"DP 93010 25 B0181";"DP";"93010";"2025";"07/11/2025";"1"
"CU 93010 26 B0025";"CU";"93010";"2026";"27/01/2026";"1"
"DP 93010 22 B0003";"DP";"93010";"2022";"11/01/2022";"0"
"PC 93010 19 B0065 M03";"PC";"93010";"2025";"23/05/2025";"0"
"PC 93010 25 B0027";"PC";"93010";"2025";"23/05/2025";"1"
"PC 93010 25 B0053";"PC";"93010";"2025";"17/10/2025";"1"
"PC 93010 25 B0051";"PC";"93010";"2025";"03/10/2025";"1"
"PC 93010 25 B0040";"PC";"93010";"2025";"24/07/2025";"1"
"PC 93010 26 B0001";"PC";"93010";"2026";"13/01/2026";"1"
"DP 93010 25 B0090";"DP";"93010";"2025";"02/06/2025";"1"
"PC 93010 25 B0047";"PC";"93010";"2025";"09/09/2025";"1"
"PC 93010 25 B0036";"PC";"93010";"2025";"28/06/2025";"1"
"CU 99999 26 00001";"CU";"99999";"2026";"12/01/2026";"1"
"DP 93010 25 B0097";"DP";"93010";"2025";"16/06/2025";"1"
"PC 93010 23 B0037 M01";"PC";"93010";"2025";"16/12/2025";"1"
"DP 93010 25 B0125";"DP";"93010";"2025";"14/07/2025";"1"
"PC 93010 25 B0050";"PC";"93010";"2025";"03/10/2025";"1"
"DP 93010 25 B0042";"DP";"93010";"2025";"03/04/2025";"1"
"DP 93010 24 B0206";"DP";"93010";"2024";"27/12/2024";"1"
"DP 93010 24 B0192";"DP";"93010";"2024";"06/12/2024";"1"
"DP 93010 23 B0119";"DP";"93010";"2023";"20/07/2023";"1"
"DP 93010 24 B0118";"DP";"93010";"2024";"19/07/2024";"1"
"DP 93010 24 B0177";"DP";"93010";"2024";"12/11/2024";"1"
"DP 93010 24 B0090";"DP";"93010";"2024";"30/05/2024";"1"
"DP 93010 24 B0101";"DP";"93010";"2024";"24/06/2024";"1"
"DP 93010 24 B0120";"DP";"93010";"2024";"25/07/2024";"1"
"DP 93010 24 B0053";"DP";"93010";"2024";"15/04/2024";"1"
"DP 93010 24 B0049";"DP";"93010";"2024";"08/04/2024";"1"
"CU 93010 22 B0586";"CU";"93010";"2022";"30/12/2022";"0"
"PD 93010 26 B0001";"PD";"93010";"2026";"08/01/2026";"1"
"DP 93010 24 B0151";"DP";"93010";"2024";"24/09/2024";"1"
"CU 93010 26 B0026";"CU";"93010";"2026";"19/01/2026";"0"
"DP 93010 24 B0035";"DP";"93010";"2024";"19/03/2024";"1"
"DP 93010 24 B0079";"DP";"93010";"2024";"20/05/2024";"1"
"CU 93010 26 B0027";"CU";"93010";"2026";"19/01/2026";"0"
"CU 93010 26 B0028";"CU";"93010";"2026";"20/01/2026";"0"
"CU 93010 26 B0056";"CU";"93010";"2026";"19/02/2026";"1"
"DP 93010 26 B0018";"DP";"93010";"2026";"10/02/2026";"1"
"AT 93010 26 B0007";"AT";"93010";"2026";"20/02/2026";"0"
"PC 93010 22 B0008 M02";"PC";"93010";"2026";"20/02/2026";"0"
"PC 93010 26 B0002";"PC";"93010";"2026";"28/01/2026";"1"
"DP 93010 26 B0012";"DP";"93010";"2026";"29/01/2026";"1"
"DP 93010 24 B0174";"DP";"93010";"2024";"30/10/2024";"1"
"DP 93010 23 B0058";"DP";"93010";"2023";"07/04/2023";"1"
"CU 93010 26 B0024";"CU";"93010";"2026";"19/01/2026";"0"
"DP 93010 26 B0011";"DP";"93010";"2026";"27/01/2026";"1"
"PC 93010 24 B0011";"PC";"93010";"2024";"29/03/2024";"1"
"CU 93010 26 B0029";"CU";"93010";"2026";"28/01/2026";"1"
"PC 93010 25 B0063";"PC";"93010";"2025";"18/12/2025";"1"
"DP 93010 26 B0002";"DP";"93010";"2026";"09/01/2026";"1"
"DP 93010 24 B0157";"DP";"93010";"2024";"27/09/2024";"1"
"CU 93010 26 B0004";"CU";"93010";"2026";"07/01/2026";"1"
"CU 93010 26 B0007";"CU";"93010";"2026";"09/01/2026";"1"
"DP 93010 26 B0003";"DP";"93010";"2026";"09/01/2026";"1"
"CU 93010 25 B0460";"CU";"93010";"2025";"31/12/2025";"0"
"CU 93010 26 B0005";"CU";"93010";"2026";"08/01/2026";"1"
"CU 93010 26 B0006";"CU";"93010";"2026";"08/01/2026";"1"
